Title,Authors,Journal,Year,Volume,Issue,Pages,DOI,Abstract,Keywords,Prediction,Probability,primary_domains,hierarchical_mapping,methodological_approaches,application_contexts,industry_mapping,interdisciplinary_assessment,emerging_field_indicators,quality_metrics,result
HUMAN FACTORS IN COMMAND AND CONTROL,"Richardson, W. T.",Ieee Transactions on Vehicular Technology,1969.0,VT18,1,38-+,10.1109/t-vt.1969.23396,"Several human factors considerations in the design of command and control systems are viewed from the aspect of three common classes of human system participants: the sensors, the filters, and the decision makers. An attempt is made to demonstrate the effects of particular perceptual variables upon the performance of each of these classes of participants. Several suggestions are made, based on recent research findings, concerning techniques the system designer may incorporate to enhance the role performance of each of these participants. A plea is made for early analysis to define system goals and alternatives and to study in detail the interrelationships of critical elements, including the human components, before the design of the system is completed.",Engineering; Telecommunications; Transportation,ok,0.9997,"[{'domain': 'Human Factors Engineering', 'category': 'Core', 'confidence': 'High', 'evidence_basis': 'Focus on human factors considerations in system design, human system participants, and perceptual variables affecting performance', 'standard_classification': 'ACM CCS: H.1.2 User/Machine Systems; UNESCO: 3314.07 Ergonomía'}, {'domain': 'Systems Engineering', 'category': 'Core', 'confidence': 'High', 'evidence_basis': 'Emphasis on system design, interrelationships of critical elements, and early analysis of system goals and alternatives', 'standard_classification': 'ACM CCS: D.2.10 Design; UNESCO: 3306.02 Ingeniería de Sistemas'}, {'domain': 'Cognitive Psychology', 'category': 'Secondary', 'confidence': 'Medium', 'evidence_basis': 'Focus on perceptual variables, decision making, and human performance enhancement techniques', 'standard_classification': 'ACM CCS: H.5.2 User Interfaces; UNESCO: 6106.04 Procesos Cognitivos'}]","{'macro_level': 'Engineering & Technology', 'meso_level': 'Systems Engineering & Human Factors', 'micro_level': 'Command and Control Systems Design'}","[{'method_domain': 'Human-System Integration', 'techniques': ['System analysis', 'Performance evaluation', 'Design optimization'], 'contribution': 'Integrated approach to studying human components within complex systems'}, {'method_domain': 'Applied Research', 'techniques': ['Research findings application', 'Design recommendations', 'System validation'], 'contribution': 'Translation of research findings into practical design techniques'}]","[{'sector': 'Command and Control Systems', 'potential_impact': 'Enhanced system performance through improved human-machine interaction', 'implementation_scale': 'Organizational'}, {'sector': 'Decision Support Systems', 'potential_impact': 'Improved decision-making processes through human factors optimization', 'implementation_scale': 'Organizational'}, {'sector': 'Human-Machine Systems', 'potential_impact': 'Better integration of human capabilities with technological systems', 'implementation_scale': 'Cross-sector'}]","[{'industry_sector': 'Military/Defense', 'relation_type': 'Direct', 'confidence': 'High', 'evidence_basis': 'Command and control systems are primarily military/defense applications'}, {'industry_sector': 'Aviation', 'relation_type': 'Indirect', 'confidence': 'Medium', 'evidence_basis': 'Command and control principles applicable to air traffic control and aviation systems'}, {'industry_sector': 'Transportation', 'relation_type': 'Direct', 'confidence': 'High', 'evidence_basis': 'Explicitly mentioned in keywords, includes traffic management and control systems'}, {'industry_sector': 'Telecommunications', 'relation_type': 'Direct', 'confidence': 'High', 'evidence_basis': 'Explicitly mentioned in keywords, relevant for communication infrastructure control'}, {'industry_sector': 'Emergency Services', 'relation_type': 'Indirect', 'confidence': 'Medium', 'evidence_basis': 'Command and control principles applicable to emergency response coordination'}]","{'cross_disciplinary_score': 'High', 'bridging_domains': ['Engineering', 'Psychology', 'Computer Science', 'Management'], 'integration_level': 'Methodological and Applied'}","{'novelty_rating': 'Medium', 'trend_association': 'Human-centered design, human-AI collaboration, complex systems integration', 'future_trajectory': 'Evolution toward AI-enhanced command systems with human oversight and adaptive interfaces'}","{'analysis_confidence': 'High', 'ambiguity_level': 'Low', 'validation_suggestions': 'Additional context about specific application domains would help refine industry mapping; full text would provide more methodological details'}","```json
{
  ""primary_domains"": [
    {
      ""domain"": ""Human Factors Engineering"",
      ""category"": ""Core"",
      ""confidence"": ""High"",
      ""evidence_basis"": ""Focus on human factors considerations in system design, human system participants, and perceptual variables affecting performance"",
      ""standard_classification"": ""ACM CCS: H.1.2 User/Machine Systems; UNESCO: 3314.07 Ergonomía""
    },
    {
      ""domain"": ""Systems Engineering"",
      ""category"": ""Core"",
      ""confidence"": ""High"",
      ""evidence_basis"": ""Emphasis on system design, interrelationships of critical elements, and early analysis of system goals and alternatives"",
      ""standard_classification"": ""ACM CCS: D.2.10 Design; UNESCO: 3306.02 Ingeniería de Sistemas""
    },
    {
      ""domain"": ""Cognitive Psychology"",
      ""category"": ""Secondary"",
      ""confidence"": ""Medium"",
      ""evidence_basis"": ""Focus on perceptual variables, decision making, and human performance enhancement techniques"",
      ""standard_classification"": ""ACM CCS: H.5.2 User Interfaces; UNESCO: 6106.04 Procesos Cognitivos""
    }
  ],
  ""hierarchical_mapping"": {
    ""macro_level"": ""Engineering & Technology"",
    ""meso_level"": ""Systems Engineering & Human Factors"",
    ""micro_level"": ""Command and Control Systems Design""
  },
  ""methodological_approaches"": [
    {
      ""method_domain"": ""Human-System Integration"",
      ""techniques"": [""System analysis"", ""Performance evaluation"", ""Design optimization""],
      ""contribution"": ""Integrated approach to studying human components within complex systems""
    },
    {
      ""method_domain"": ""Applied Research"",
      ""techniques"": [""Research findings application"", ""Design recommendations"", ""System validation""],
      ""contribution"": ""Translation of research findings into practical design techniques""
    }
  ],
  ""application_contexts"": [
    {
      ""sector"": ""Command and Control Systems"",
      ""potential_impact"": ""Enhanced system performance through improved human-machine interaction"",
      ""implementation_scale"": ""Organizational""
    },
    {
      ""sector"": ""Decision Support Systems"",
      ""potential_impact"": ""Improved decision-making processes through human factors optimization"",
      ""implementation_scale"": ""Organizational""
    },
    {
      ""sector"": ""Human-Machine Systems"",
      ""potential_impact"": ""Better integration of human capabilities with technological systems"",
      ""implementation_scale"": ""Cross-sector""
    }
  ],
  ""industry_mapping"": [
    {
      ""industry_sector"": ""Military/Defense"",
      ""relation_type"": ""Direct"",
      ""confidence"": ""High"",
      ""evidence_basis"": ""Command and control systems are primarily military/defense applications""
    },
    {
      ""industry_sector"": ""Aviation"",
      ""relation_type"": ""Indirect"",
      ""confidence"": ""Medium"",
      ""evidence_basis"": ""Command and control principles applicable to air traffic control and aviation systems""
    },
    {
      ""industry_sector"": ""Transportation"",
      ""relation_type"": ""Direct"",
      ""confidence"": ""High"",
      ""evidence_basis"": ""Explicitly mentioned in keywords, includes traffic management and control systems""
    },
    {
      ""industry_sector"": ""Telecommunications"",
      ""relation_type"": ""Direct"",
      ""confidence"": ""High"",
      ""evidence_basis"": ""Explicitly mentioned in keywords, relevant for communication infrastructure control""
    },
    {
      ""industry_sector"": ""Emergency Services"",
      ""relation_type"": ""Indirect"",
      ""confidence"": ""Medium"",
      ""evidence_basis"": ""Command and control principles applicable to emergency response coordination""
    }
  ],
  ""interdisciplinary_assessment"": {
    ""cross_disciplinary_score"": ""High"",
    ""bridging_domains"": [""Engineering"", ""Psychology"", ""Computer Science"", ""Management""],
    ""integration_level"": ""Methodological and Applied""
  },
  ""emerging_field_indicators"": {
    ""novelty_rating"": ""Medium"",
    ""trend_association"": ""Human-centered design, human-AI collaboration, complex systems integration"",
    ""future_trajectory"": ""Evolution toward AI-enhanced command systems with human oversight and adaptive interfaces""
  },
  ""quality_metrics"": {
    ""analysis_confidence"": ""High"",
    ""ambiguity_level"": ""Low"",
    ""validation_suggestions"": ""Additional context about specific application domains would help refine industry mapping; full text would provide more methodological details""
  }
}
```"
AIDING DECISION MAKER - A DECISION PROCESS MODEL,"Schrenk, L. P.",Ergonomics,1969.0,12,4,543-&,10.1080/00140136908931079,"Despite an increasing capability for automating various tasks there continues to be a requirement for man to serve as the decision element in many complex systems. The complexity and far-reaching consequences of many decisions impels a concern for improving decision-making performance in man-machine systems. In this paper current knowledge regarding human decision behaviour and methods for aiding this behaviour are briefly reviewed. A tentative, conceptual model of an idealized process of decision making is presented. This model, which is based on both empirical and theoretical research, contains throe phases. These are (1) problem recognition, (2) problem diagnosis, and (3) action selection. The model is intended primarily to provide a guide to system designers in structuring decision tasks and a framework for organizing knowledge about decision-making behaviour. © 1969 Walter de Gruyter. All rights reserved.",Engineering; Psychology,ok,0.9998,"[{'domain': 'Human Factors Engineering', 'category': 'Core', 'confidence': 'High', 'evidence_basis': 'Focus on improving decision-making performance in man-machine systems and structuring decision tasks for system designers', 'standard_classification': 'ACM CCS: H.1.2 User/Machine Systems; UNESCO: 3307 Tecnología de la automatización'}, {'domain': 'Cognitive Psychology', 'category': 'Core', 'confidence': 'High', 'evidence_basis': 'Based on current knowledge regarding human decision behaviour and organizing knowledge about decision-making behaviour', 'standard_classification': 'ACM CCS: J.4 Social and Behavioral Sciences; UNESCO: 6106 Psicología experimental'}, {'domain': 'Operations Research', 'category': 'Secondary', 'confidence': 'Medium', 'evidence_basis': 'Conceptual model of decision process with problem recognition, diagnosis, and action selection phases', 'standard_classification': 'ACM CCS: G.3 Probability and Statistics; UNESCO: 5309 Organización y dirección de empresas'}]","{'macro_level': 'Engineering & Technology', 'meso_level': 'Human-Computer Interaction', 'micro_level': 'Decision Support Systems'}","[{'method_domain': 'Conceptual Modeling', 'techniques': ['Process modeling', 'Theoretical framework development', 'Literature synthesis'], 'contribution': 'Proposes a three-phase idealized decision process model integrating empirical and theoretical research'}, {'method_domain': 'Human Factors Research', 'techniques': ['Behavioral analysis', 'System design principles', 'Human performance evaluation'], 'contribution': 'Bridges psychological understanding of decision behavior with engineering system design'}]","[{'sector': 'Complex System Design', 'potential_impact': 'Improving decision-making performance in critical man-machine systems', 'implementation_scale': 'Organizational'}, {'sector': 'Decision Support Systems', 'potential_impact': 'Providing framework for structuring decision tasks and aiding decision makers', 'implementation_scale': 'Individual'}, {'sector': 'System Safety and Reliability', 'potential_impact': 'Enhancing complex system performance through improved human decision processes', 'implementation_scale': 'Societal'}]","[{'industry_sector': 'Aviation', 'relation_type': 'Indirect', 'confidence': 'Medium', 'evidence_basis': 'Complex systems with human decision elements and safety-critical applications'}, {'industry_sector': 'Military/Defense', 'relation_type': 'Indirect', 'confidence': 'Medium', 'evidence_basis': 'Complex decision-making systems with far-reaching consequences'}, {'industry_sector': 'Nuclear Power', 'relation_type': 'Indirect', 'confidence': 'Medium', 'evidence_basis': 'Safety-critical systems requiring human decision making'}, {'industry_sector': 'Manufacturing', 'relation_type': 'Indirect', 'confidence': 'Low', 'evidence_basis': 'Complex industrial systems with automation and human oversight'}]","{'cross_disciplinary_score': 'High', 'bridging_domains': ['Psychology', 'Engineering', 'Computer Science'], 'integration_level': 'Theoretical and Applied'}","{'novelty_rating': 'Medium', 'trend_association': 'Early human factors engineering, cognitive systems engineering, human-computer interaction', 'future_trajectory': 'Foundation for decision support systems, human-centered AI, and cognitive engineering applications'}","{'analysis_confidence': 'High', 'ambiguity_level': 'Low', 'validation_suggestions': 'Full text review for specific application examples and methodological details would enhance industry mapping precision'}","```json
{
  ""primary_domains"": [
    {
      ""domain"": ""Human Factors Engineering"",
      ""category"": ""Core"",
      ""confidence"": ""High"",
      ""evidence_basis"": ""Focus on improving decision-making performance in man-machine systems and structuring decision tasks for system designers"",
      ""standard_classification"": ""ACM CCS: H.1.2 User/Machine Systems; UNESCO: 3307 Tecnología de la automatización""
    },
    {
      ""domain"": ""Cognitive Psychology"",
      ""category"": ""Core"",
      ""confidence"": ""High"",
      ""evidence_basis"": ""Based on current knowledge regarding human decision behaviour and organizing knowledge about decision-making behaviour"",
      ""standard_classification"": ""ACM CCS: J.4 Social and Behavioral Sciences; UNESCO: 6106 Psicología experimental""
    },
    {
      ""domain"": ""Operations Research"",
      ""category"": ""Secondary"",
      ""confidence"": ""Medium"",
      ""evidence_basis"": ""Conceptual model of decision process with problem recognition, diagnosis, and action selection phases"",
      ""standard_classification"": ""ACM CCS: G.3 Probability and Statistics; UNESCO: 5309 Organización y dirección de empresas""
    }
  ],
  ""hierarchical_mapping"": {
    ""macro_level"": ""Engineering & Technology"",
    ""meso_level"": ""Human-Computer Interaction"",
    ""micro_level"": ""Decision Support Systems""
  },
  ""methodological_approaches"": [
    {
      ""method_domain"": ""Conceptual Modeling"",
      ""techniques"": [""Process modeling"", ""Theoretical framework development"", ""Literature synthesis""],
      ""contribution"": ""Proposes a three-phase idealized decision process model integrating empirical and theoretical research""
    },
    {
      ""method_domain"": ""Human Factors Research"",
      ""techniques"": [""Behavioral analysis"", ""System design principles"", ""Human performance evaluation""],
      ""contribution"": ""Bridges psychological understanding of decision behavior with engineering system design""
    }
  ],
  ""application_contexts"": [
    {
      ""sector"": ""Complex System Design"",
      ""potential_impact"": ""Improving decision-making performance in critical man-machine systems"",
      ""implementation_scale"": ""Organizational""
    },
    {
      ""sector"": ""Decision Support Systems"",
      ""potential_impact"": ""Providing framework for structuring decision tasks and aiding decision makers"",
      ""implementation_scale"": ""Individual""
    },
    {
      ""sector"": ""System Safety and Reliability"",
      ""potential_impact"": ""Enhancing complex system performance through improved human decision processes"",
      ""implementation_scale"": ""Societal""
    }
  ],
  ""industry_mapping"": [
    {
      ""industry_sector"": ""Aviation"",
      ""relation_type"": ""Indirect"",
      ""confidence"": ""Medium"",
      ""evidence_basis"": ""Complex systems with human decision elements and safety-critical applications""
    },
    {
      ""industry_sector"": ""Military/Defense"",
      ""relation_type"": ""Indirect"",
      ""confidence"": ""Medium"",
      ""evidence_basis"": ""Complex decision-making systems with far-reaching consequences""
    },
    {
      ""industry_sector"": ""Nuclear Power"",
      ""relation_type"": ""Indirect"",
      ""confidence"": ""Medium"",
      ""evidence_basis"": ""Safety-critical systems requiring human decision making""
    },
    {
      ""industry_sector"": ""Manufacturing"",
      ""relation_type"": ""Indirect"",
      ""confidence"": ""Low"",
      ""evidence_basis"": ""Complex industrial systems with automation and human oversight""
    }
  ],
  ""interdisciplinary_assessment"": {
    ""cross_disciplinary_score"": ""High"",
    ""bridging_domains"": [""Psychology"", ""Engineering"", ""Computer Science""],
    ""integration_level"": ""Theoretical and Applied""
  },
  ""emerging_field_indicators"": {
    ""novelty_rating"": ""Medium"",
    ""trend_association"": ""Early human factors engineering, cognitive systems engineering, human-computer interaction"",
    ""future_trajectory"": ""Foundation for decision support systems, human-centered AI, and cognitive engineering applications""
  },
  ""quality_metrics"": {
    ""analysis_confidence"": ""High"",
    ""ambiguity_level"": ""Low"",
    ""validation_suggestions"": ""Full text review for specific application examples and methodological details would enhance industry mapping precision""
  }
}
```"
A man-machine synergistic approach to planning and creative problem solving: Part II,"HorMann, A. M.",International Journal of Man-Machine Studies,1971.0,3,3,241-267,10.1016/S0020-7373(71)80004-4,"This paper describes a proposed system, Gaku, as a step toward man-machine synergism. Characteristics of planning processes are described in terms of the levels of planning (conceptual, definitional, developmental, and operational) and the stages of problem solving (goal setting, alternative generation, consequence estimation, and evaluation and alternative selection). Structural attributes extracted from these characteristics constitute the basic framework and guiding mechanism for man's interaction with Gaku. An example of man-machine interaction is presented, suggesting desirable capabilities of Gaku. Features of Gaku are then described in terms of both built-in caPabilities that are relatively problem independent, and man-machine actions for dynamic extension of these capabilities that are problem dependent and user oriented. The latter can be seen to make the system increasingly useful and powerful as a “co-evolving” man-machine team. © 1971, Academic Press Inc. (London) Limited. All rights reserved.","Human engineering; COGNITIVE SYSTEMS; MAN-MACHINE SYSTEMS; COMPUTERS, DIGITAL--Programming",ok,0.9998,"[{'domain': 'Human-Computer Interaction', 'category': 'Core', 'confidence': 'High', 'evidence_basis': 'Focus on man-machine synergism, interaction frameworks, and co-evolving systems', 'standard_classification': 'ACM CCS: H.5.2 User Interfaces; UNESCO: 1203.04 Interacción Persona-Ordenador'}, {'domain': 'Artificial Intelligence', 'category': 'Core', 'confidence': 'High', 'evidence_basis': 'Planning systems, problem solving stages, and machine capabilities for creative problem solving', 'standard_classification': 'ACM CCS: I.2.1 Applications and Expert Systems; UNESCO: 1203.04 Inteligencia Artificial'}, {'domain': 'Cognitive Science', 'category': 'Secondary', 'confidence': 'Medium', 'evidence_basis': 'References to cognitive systems and human planning processes', 'standard_classification': 'ACM CCS: J.4 Social and Behavioral Sciences; UNESCO: 6106.04 Psicología Cognitiva'}]","{'macro_level': 'Engineering & Technology', 'meso_level': 'Computer Science', 'micro_level': 'Human-Computer Interaction and Intelligent Systems'}","[{'method_domain': 'Systems Engineering', 'techniques': ['Planning process modeling', 'Hierarchical decomposition', 'Man-machine interaction design'], 'contribution': 'Novel framework for synergistic human-machine problem solving with dynamic capability extension'}, {'method_domain': 'Cognitive Task Analysis', 'techniques': ['Goal setting analysis', 'Alternative generation methods', 'Evaluation frameworks'], 'contribution': 'Structured approach to understanding and supporting human planning processes'}]","[{'sector': 'Decision Support Systems', 'potential_impact': 'Enhanced complex problem solving through human-machine collaboration', 'implementation_scale': 'Organizational'}, {'sector': 'Creative Problem Solving', 'potential_impact': 'Amplification of human creativity through machine assistance', 'implementation_scale': 'Individual'}]","[{'industry_sector': 'Information Systems', 'relation_type': 'Direct', 'confidence': 'High', 'evidence_basis': ""Keywords include 'COMPUTERS, DIGITAL--Programming' and focus on man-machine systems""}, {'industry_sector': 'Research & Development', 'relation_type': 'Direct', 'confidence': 'High', 'evidence_basis': 'Academic research focus on planning and problem solving systems'}, {'industry_sector': 'Defense & Military', 'relation_type': 'Indirect', 'confidence': 'Medium', 'evidence_basis': 'Planning systems have potential applications in military decision support'}]","{'cross_disciplinary_score': 'High', 'bridging_domains': ['Computer Science', 'Psychology', 'Engineering'], 'integration_level': 'Methodological and Applied'}","{'novelty_rating': 'High', 'trend_association': 'Early precursor to human-AI collaboration and augmented intelligence', 'future_trajectory': 'Foundation for modern human-in-the-loop AI systems and collaborative intelligence platforms'}","{'analysis_confidence': 'High', 'ambiguity_level': 'Low', 'validation_suggestions': 'Additional context about specific application domains would strengthen industry mapping'}","```json
{
  ""primary_domains"": [
    {
      ""domain"": ""Human-Computer Interaction"",
      ""category"": ""Core"",
      ""confidence"": ""High"",
      ""evidence_basis"": ""Focus on man-machine synergism, interaction frameworks, and co-evolving systems"",
      ""standard_classification"": ""ACM CCS: H.5.2 User Interfaces; UNESCO: 1203.04 Interacción Persona-Ordenador""
    },
    {
      ""domain"": ""Artificial Intelligence"",
      ""category"": ""Core"",
      ""confidence"": ""High"",
      ""evidence_basis"": ""Planning systems, problem solving stages, and machine capabilities for creative problem solving"",
      ""standard_classification"": ""ACM CCS: I.2.1 Applications and Expert Systems; UNESCO: 1203.04 Inteligencia Artificial""
    },
    {
      ""domain"": ""Cognitive Science"",
      ""category"": ""Secondary"",
      ""confidence"": ""Medium"",
      ""evidence_basis"": ""References to cognitive systems and human planning processes"",
      ""standard_classification"": ""ACM CCS: J.4 Social and Behavioral Sciences; UNESCO: 6106.04 Psicología Cognitiva""
    }
  ],
  ""hierarchical_mapping"": {
    ""macro_level"": ""Engineering & Technology"",
    ""meso_level"": ""Computer Science"",
    ""micro_level"": ""Human-Computer Interaction and Intelligent Systems""
  },
  ""methodological_approaches"": [
    {
      ""method_domain"": ""Systems Engineering"",
      ""techniques"": [""Planning process modeling"", ""Hierarchical decomposition"", ""Man-machine interaction design""],
      ""contribution"": ""Novel framework for synergistic human-machine problem solving with dynamic capability extension""
    },
    {
      ""method_domain"": ""Cognitive Task Analysis"",
      ""techniques"": [""Goal setting analysis"", ""Alternative generation methods"", ""Evaluation frameworks""],
      ""contribution"": ""Structured approach to understanding and supporting human planning processes""
    }
  ],
  ""application_contexts"": [
    {
      ""sector"": ""Decision Support Systems"",
      ""potential_impact"": ""Enhanced complex problem solving through human-machine collaboration"",
      ""implementation_scale"": ""Organizational""
    },
    {
      ""sector"": ""Creative Problem Solving"",
      ""potential_impact"": ""Amplification of human creativity through machine assistance"",
      ""implementation_scale"": ""Individual""
    }
  ],
  ""industry_mapping"": [
    {
      ""industry_sector"": ""Information Systems"",
      ""relation_type"": ""Direct"",
      ""confidence"": ""High"",
      ""evidence_basis"": ""Keywords include 'COMPUTERS, DIGITAL--Programming' and focus on man-machine systems""
    },
    {
      ""industry_sector"": ""Research & Development"",
      ""relation_type"": ""Direct"",
      ""confidence"": ""High"",
      ""evidence_basis"": ""Academic research focus on planning and problem solving systems""
    },
    {
      ""industry_sector"": ""Defense & Military"",
      ""relation_type"": ""Indirect"",
      ""confidence"": ""Medium"",
      ""evidence_basis"": ""Planning systems have potential applications in military decision support""
    }
  ],
  ""interdisciplinary_assessment"": {
    ""cross_disciplinary_score"": ""High"",
    ""bridging_domains"": [""Computer Science"", ""Psychology"", ""Engineering""],
    ""integration_level"": ""Methodological and Applied""
  },
  ""emerging_field_indicators"": {
    ""novelty_rating"": ""High"",
    ""trend_association"": ""Early precursor to human-AI collaboration and augmented intelligence"",
    ""future_trajectory"": ""Foundation for modern human-in-the-loop AI systems and collaborative intelligence platforms""
  },
  ""quality_metrics"": {
    ""analysis_confidence"": ""High"",
    ""ambiguity_level"": ""Low"",
    ""validation_suggestions"": ""Additional context about specific application domains would strengthen industry mapping""
  }
}
```"
The Evaluation of User Interaction With Computer-Based Management Information Systems,"Peace, D. M. S.; Easterby, R. S.",Human Factors: The Journal of Human Factors and Ergonomics Society,1973.0,15,2,163-177,10.1177/001872087301500208,"The paucity of human factors work in computer system design is noted, and reasons for this are elaborated with particular reference to computer-based management information systems. The main obstacle to such human factors endeavor would appear to be the lack of appropriate investigatory techniques. To remedy this deficiency a method is proposed which derived from the field of psychotherapy. Pilot studies are reported which demonstrate the technique and indicate how the data obtained may be interpreted. An appraisal of the potential of this technique in the management information system field is presented. © 1973, Human Factors and Ergonomics Society. All rights reserved.",COMPUTER SYSTEMS PROGRAMMING; DATA PROCESSING; HUMAN ENGINEERING; computer; computer analysis; ergonomics; information processing; normal human; theoretical study; INFORMATION RETRIEVAL SYSTEMS,ok,0.9997,"[{'domain': 'Human-Computer Interaction', 'category': 'Core', 'confidence': 'High', 'evidence_basis': 'Focus on human factors in computer system design and user interaction evaluation', 'standard_classification': 'H.5.2 (ACM CCS); 5312.04 (UNESCO)'}, {'domain': 'Information Systems', 'category': 'Core', 'confidence': 'High', 'evidence_basis': 'Specific focus on management information systems and information retrieval systems', 'standard_classification': 'H.4.0 (ACM CCS); 5311.06 (UNESCO)'}, {'domain': 'Ergonomics/Human Factors', 'category': 'Secondary', 'confidence': 'Medium', 'evidence_basis': 'Keywords include human engineering and ergonomics, addressing human-system interaction', 'standard_classification': 'J.4 (ACM CCS); 3314.12 (UNESCO)'}]","{'macro_level': 'Engineering & Technology', 'meso_level': 'Computer Science and Information Systems', 'micro_level': 'Human-Computer Interaction in Management Information Systems'}","[{'method_domain': 'Qualitative Research Methods', 'techniques': ['Psychotherapy-derived techniques', 'Pilot studies', 'Interpretive data analysis'], 'contribution': 'Novel application of psychotherapy methods to human-computer interaction research'}, {'method_domain': 'Human Factors Evaluation', 'techniques': ['User interaction assessment', 'System evaluation techniques'], 'contribution': 'Addressing the lack of appropriate investigatory techniques in computer system design'}]","[{'sector': 'Management Information Systems', 'potential_impact': 'Improved system design and user experience in organizational computing', 'implementation_scale': 'Organizational'}, {'sector': 'Decision Support Systems', 'potential_impact': 'Enhanced human-computer interaction for better decision-making processes', 'implementation_scale': 'Organizational'}]","[{'industry_sector': 'Information Systems', 'relation_type': 'Direct', 'confidence': 'High', 'evidence_basis': 'Explicit focus on management information systems and information retrieval systems'}, {'industry_sector': 'Business Management', 'relation_type': 'Indirect', 'confidence': 'Medium', 'evidence_basis': 'Management information systems primarily serve business and organizational contexts'}]","{'cross_disciplinary_score': 'High', 'bridging_domains': ['Computer Science', 'Psychology', 'Management Science'], 'integration_level': 'Methodological'}","{'novelty_rating': 'High', 'trend_association': 'Early human-computer interaction research, foundational work in user-centered design', 'future_trajectory': 'Pioneering work that would evolve into modern HCI and user experience research fields'}","{'analysis_confidence': 'High', 'ambiguity_level': 'Low', 'validation_suggestions': 'Full text review would provide additional methodological details and specific industry applications'}","```json
{
  ""primary_domains"": [
    {
      ""domain"": ""Human-Computer Interaction"",
      ""category"": ""Core"",
      ""confidence"": ""High"",
      ""evidence_basis"": ""Focus on human factors in computer system design and user interaction evaluation"",
      ""standard_classification"": ""H.5.2 (ACM CCS); 5312.04 (UNESCO)""
    },
    {
      ""domain"": ""Information Systems"",
      ""category"": ""Core"",
      ""confidence"": ""High"",
      ""evidence_basis"": ""Specific focus on management information systems and information retrieval systems"",
      ""standard_classification"": ""H.4.0 (ACM CCS); 5311.06 (UNESCO)""
    },
    {
      ""domain"": ""Ergonomics/Human Factors"",
      ""category"": ""Secondary"",
      ""confidence"": ""Medium"",
      ""evidence_basis"": ""Keywords include human engineering and ergonomics, addressing human-system interaction"",
      ""standard_classification"": ""J.4 (ACM CCS); 3314.12 (UNESCO)""
    }
  ],
  ""hierarchical_mapping"": {
    ""macro_level"": ""Engineering & Technology"",
    ""meso_level"": ""Computer Science and Information Systems"",
    ""micro_level"": ""Human-Computer Interaction in Management Information Systems""
  },
  ""methodological_approaches"": [
    {
      ""method_domain"": ""Qualitative Research Methods"",
      ""techniques"": [""Psychotherapy-derived techniques"", ""Pilot studies"", ""Interpretive data analysis""],
      ""contribution"": ""Novel application of psychotherapy methods to human-computer interaction research""
    },
    {
      ""method_domain"": ""Human Factors Evaluation"",
      ""techniques"": [""User interaction assessment"", ""System evaluation techniques""],
      ""contribution"": ""Addressing the lack of appropriate investigatory techniques in computer system design""
    }
  ],
  ""application_contexts"": [
    {
      ""sector"": ""Management Information Systems"",
      ""potential_impact"": ""Improved system design and user experience in organizational computing"",
      ""implementation_scale"": ""Organizational""
    },
    {
      ""sector"": ""Decision Support Systems"",
      ""potential_impact"": ""Enhanced human-computer interaction for better decision-making processes"",
      ""implementation_scale"": ""Organizational""
    }
  ],
  ""industry_mapping"": [
    {
      ""industry_sector"": ""Information Systems"",
      ""relation_type"": ""Direct"",
      ""confidence"": ""High"",
      ""evidence_basis"": ""Explicit focus on management information systems and information retrieval systems""
    },
    {
      ""industry_sector"": ""Business Management"",
      ""relation_type"": ""Indirect"",
      ""confidence"": ""Medium"",
      ""evidence_basis"": ""Management information systems primarily serve business and organizational contexts""
    }
  ],
  ""interdisciplinary_assessment"": {
    ""cross_disciplinary_score"": ""High"",
    ""bridging_domains"": [""Computer Science"", ""Psychology"", ""Management Science""],
    ""integration_level"": ""Methodological""
  },
  ""emerging_field_indicators"": {
    ""novelty_rating"": ""High"",
    ""trend_association"": ""Early human-computer interaction research, foundational work in user-centered design"",
    ""future_trajectory"": ""Pioneering work that would evolve into modern HCI and user experience research fields""
  },
  ""quality_metrics"": {
    ""analysis_confidence"": ""High"",
    ""ambiguity_level"": ""Low"",
    ""validation_suggestions"": ""Full text review would provide additional methodological details and specific industry applications""
  }
}
```"
Experiments in the representation and manipulation of labels of fuzzy sets,"Pipino, L. L.; van Gigch, J. P.; Tom, G.",Behavioral Science,1981.0,26,3,216-228,10.1002/bs.3830260305,"This paper is concerned with the demands which ambiguity, a form of complexity, places upon the decider, an executive subsystem of living systems. Experiments involving the ability of individuals to manipulate fuzzy labels are described. The results confirm the need to differentiate individuals according to the mental processes which they summon in response to communication containing fuzzy labels. When designing work and decision tasks, attention should be paid to the added complexity brought about by the introduction of ambiguity of task structure and ambiguity of information. Implications for systems design and management are drawn. Copyright © 1981 John Wiley & Sons, Ltd.",ambiguity in information; ambiguity in task structure; decision making; fuzzy labels; individuality theory; management information systems (mis); systems design,ok,0.9997,"[{'domain': 'Management Information Systems', 'category': 'Core', 'confidence': 'High', 'evidence_basis': ""Keywords explicitly include 'management information systems (mis)' and abstract discusses implications for systems design and management"", 'standard_classification': 'UNESCO 5311.04 - Management Information Systems'}, {'domain': 'Cognitive Psychology', 'category': 'Core', 'confidence': 'High', 'evidence_basis': 'Experiments on individual mental processes in response to fuzzy labels, differentiation of individuals based on cognitive processes', 'standard_classification': 'UNESCO 6106.03 - Cognitive Psychology'}, {'domain': 'Decision Science', 'category': 'Secondary', 'confidence': 'Medium', 'evidence_basis': 'Focus on decision making under ambiguity and complexity, references to decision tasks and executive subsystems', 'standard_classification': 'UNESCO 5309.09 - Decision Theory'}]","{'macro_level': 'Social Sciences', 'meso_level': 'Management & Business Studies', 'micro_level': 'Management Information Systems & Human Decision Making'}","[{'method_domain': 'Experimental Psychology', 'techniques': ['Human subject experiments', 'Cognitive process assessment', 'Fuzzy label manipulation tasks'], 'contribution': 'Experimental approach to studying fuzzy label processing in decision-making contexts'}, {'method_domain': 'Systems Theory', 'techniques': ['Living systems analysis', 'Executive subsystem modeling', 'Complexity assessment'], 'contribution': 'Application of living systems theory to organizational decision contexts'}]","[{'sector': 'Organizational Decision Support', 'potential_impact': 'Improved systems design accounting for individual differences in ambiguity processing', 'implementation_scale': 'Organizational'}, {'sector': 'Human-Computer Interaction', 'potential_impact': 'Better interface design for ambiguous information presentation', 'implementation_scale': 'Individual'}, {'sector': 'Management Systems', 'potential_impact': 'Enhanced organizational structures for complex decision environments', 'implementation_scale': 'Organizational'}]","[{'industry_sector': 'Information Systems', 'relation_type': 'Direct', 'confidence': 'High', 'evidence_basis': ""Explicit mention in keywords: 'management information systems (mis)'""}, {'industry_sector': 'Management Consulting', 'relation_type': 'Indirect', 'confidence': 'Medium', 'evidence_basis': 'Implications for systems design and management drawn in abstract'}, {'industry_sector': 'Software Development', 'relation_type': 'Indirect', 'confidence': 'Medium', 'evidence_basis': 'Systems design implications suggest relevance to software and interface design'}]","{'cross_disciplinary_score': 'High', 'bridging_domains': ['Psychology', 'Computer Science', 'Management Science', 'Systems Engineering'], 'integration_level': 'Methodological and Applied'}","{'novelty_rating': 'High', 'trend_association': 'Early work in fuzzy systems, human factors in computing, cognitive aspects of information processing', 'future_trajectory': 'Pioneering research that anticipated later developments in human-computer interaction, decision support systems, and cognitive informatics'}","{'analysis_confidence': 'High', 'ambiguity_level': 'Low', 'validation_suggestions': 'Full text review would provide additional methodological details and specific experimental results for more precise classification'}","```json
{
  ""primary_domains"": [
    {
      ""domain"": ""Management Information Systems"",
      ""category"": ""Core"",
      ""confidence"": ""High"",
      ""evidence_basis"": ""Keywords explicitly include 'management information systems (mis)' and abstract discusses implications for systems design and management"",
      ""standard_classification"": ""UNESCO 5311.04 - Management Information Systems""
    },
    {
      ""domain"": ""Cognitive Psychology"",
      ""category"": ""Core"",
      ""confidence"": ""High"",
      ""evidence_basis"": ""Experiments on individual mental processes in response to fuzzy labels, differentiation of individuals based on cognitive processes"",
      ""standard_classification"": ""UNESCO 6106.03 - Cognitive Psychology""
    },
    {
      ""domain"": ""Decision Science"",
      ""category"": ""Secondary"",
      ""confidence"": ""Medium"",
      ""evidence_basis"": ""Focus on decision making under ambiguity and complexity, references to decision tasks and executive subsystems"",
      ""standard_classification"": ""UNESCO 5309.09 - Decision Theory""
    }
  ],
  ""hierarchical_mapping"": {
    ""macro_level"": ""Social Sciences"",
    ""meso_level"": ""Management & Business Studies"",
    ""micro_level"": ""Management Information Systems & Human Decision Making""
  },
  ""methodological_approaches"": [
    {
      ""method_domain"": ""Experimental Psychology"",
      ""techniques"": [""Human subject experiments"", ""Cognitive process assessment"", ""Fuzzy label manipulation tasks""],
      ""contribution"": ""Experimental approach to studying fuzzy label processing in decision-making contexts""
    },
    {
      ""method_domain"": ""Systems Theory"",
      ""techniques"": [""Living systems analysis"", ""Executive subsystem modeling"", ""Complexity assessment""],
      ""contribution"": ""Application of living systems theory to organizational decision contexts""
    }
  ],
  ""application_contexts"": [
    {
      ""sector"": ""Organizational Decision Support"",
      ""potential_impact"": ""Improved systems design accounting for individual differences in ambiguity processing"",
      ""implementation_scale"": ""Organizational""
    },
    {
      ""sector"": ""Human-Computer Interaction"",
      ""potential_impact"": ""Better interface design for ambiguous information presentation"",
      ""implementation_scale"": ""Individual""
    },
    {
      ""sector"": ""Management Systems"",
      ""potential_impact"": ""Enhanced organizational structures for complex decision environments"",
      ""implementation_scale"": ""Organizational""
    }
  ],
  ""industry_mapping"": [
    {
      ""industry_sector"": ""Information Systems"",
      ""relation_type"": ""Direct"",
      ""confidence"": ""High"",
      ""evidence_basis"": ""Explicit mention in keywords: 'management information systems (mis)'""
    },
    {
      ""industry_sector"": ""Management Consulting"",
      ""relation_type"": ""Indirect"",
      ""confidence"": ""Medium"",
      ""evidence_basis"": ""Implications for systems design and management drawn in abstract""
    },
    {
      ""industry_sector"": ""Software Development"",
      ""relation_type"": ""Indirect"",
      ""confidence"": ""Medium"",
      ""evidence_basis"": ""Systems design implications suggest relevance to software and interface design""
    }
  ],
  ""interdisciplinary_assessment"": {
    ""cross_disciplinary_score"": ""High"",
    ""bridging_domains"": [""Psychology"", ""Computer Science"", ""Management Science"", ""Systems Engineering""],
    ""integration_level"": ""Methodological and Applied""
  },
  ""emerging_field_indicators"": {
    ""novelty_rating"": ""High"",
    ""trend_association"": ""Early work in fuzzy systems, human factors in computing, cognitive aspects of information processing"",
    ""future_trajectory"": ""Pioneering research that anticipated later developments in human-computer interaction, decision support systems, and cognitive informatics""
  },
  ""quality_metrics"": {
    ""analysis_confidence"": ""High"",
    ""ambiguity_level"": ""Low"",
    ""validation_suggestions"": ""Full text review would provide additional methodological details and specific experimental results for more precise classification""
  }
}
```"
Behavioral Aspects of Information Processing for the Design of Management Information Systems,"Benbasat, I.; Taylor, R. N.","IEEE Transactions on Systems, Man and Cybernetics",1982.0,12,4,439-450,10.1109/TSMC.1982.4308848,"A computer-based management information system consists of two major components: the machine and the human user. The designers of these systems often do not consider the capabilities and inadequacies of the human component. As a consequence, the computer with its vast information processing abilities tends to overload the human user. This leads to a waste of computing resources and interferes with the proper functioning of the human element. Various models of human information processing behavior are discussed to provide some suggestions for information system design. The topics covered include human abilities to integrate information and judge probabilistic information accurately, the factors which cause information overload, and individual differences in information handling abilities. Copyright © 1982 by The Institute of Electrical and Electronics Engineers, Inc.",SYSTEMS SCIENCE AND CYBERNETICS - Man Machine Systems; DATA PROCESSING,ok,0.9997,"[{'domain': 'Human-Computer Interaction', 'category': 'Core', 'confidence': 'High', 'evidence_basis': 'Focus on human-machine systems and information processing capabilities of human users', 'standard_classification': 'ACM CCS: H.5.2 User Interfaces; UNESCO: 5312.04 Ergonomía'}, {'domain': 'Management Information Systems', 'category': 'Core', 'confidence': 'High', 'evidence_basis': 'Direct reference to design of management information systems in title and abstract', 'standard_classification': 'ACM CCS: H.4 Information Systems Applications; UNESCO: 5311.03 Gestión de la Información'}, {'domain': 'Cognitive Psychology', 'category': 'Secondary', 'confidence': 'Medium', 'evidence_basis': 'Discussion of human information processing behavior, integration abilities, and individual differences', 'standard_classification': 'ACM CCS: J.4 Social and Behavioral Sciences; UNESCO: 6106.04 Procesos Cognitivos'}]","{'macro_level': 'Engineering & Technology', 'meso_level': 'Information Systems & Computer Science', 'micro_level': 'Human-Computer Interaction in Management Systems'}","[{'method_domain': 'Behavioral Science Research', 'techniques': ['Human Information Processing Models', 'Cognitive Analysis', 'Behavioral Modeling'], 'contribution': 'Integration of psychological models into information system design methodology'}, {'method_domain': 'Systems Design', 'techniques': ['Human-Centered Design', 'Ergonomics Analysis', 'User Capability Assessment'], 'contribution': 'Methodological framework for considering human limitations in system design'}]","[{'sector': 'Organizational Decision Support', 'potential_impact': 'Improved management information system effectiveness through human-centered design', 'implementation_scale': 'Organizational'}, {'sector': 'Human-Computer Interaction', 'potential_impact': 'Reduced information overload and improved user performance in computer systems', 'implementation_scale': 'Individual'}]","[{'industry_sector': 'Information Systems', 'relation_type': 'Direct', 'confidence': 'High', 'evidence_basis': 'Direct focus on management information systems design and implementation'}, {'industry_sector': 'Management Consulting', 'relation_type': 'Indirect', 'confidence': 'Medium', 'evidence_basis': 'Implications for organizational decision support systems and management practices'}, {'industry_sector': 'Software Development', 'relation_type': 'Indirect', 'confidence': 'Medium', 'evidence_basis': 'Design principles applicable to business software and enterprise systems'}]","{'cross_disciplinary_score': 'High', 'bridging_domains': ['Computer Science', 'Psychology', 'Management Science'], 'integration_level': 'Theoretical and Applied'}","{'novelty_rating': 'Medium', 'trend_association': 'Early human-computer interaction research, cognitive systems engineering', 'future_trajectory': 'Foundation for user-centered design, human factors engineering, and cognitive ergonomics in information systems'}","{'analysis_confidence': 'High', 'ambiguity_level': 'Low', 'validation_suggestions': 'Full text review would provide additional methodological details and specific application contexts'}","```json
{
  ""primary_domains"": [
    {
      ""domain"": ""Human-Computer Interaction"",
      ""category"": ""Core"",
      ""confidence"": ""High"",
      ""evidence_basis"": ""Focus on human-machine systems and information processing capabilities of human users"",
      ""standard_classification"": ""ACM CCS: H.5.2 User Interfaces; UNESCO: 5312.04 Ergonomía""
    },
    {
      ""domain"": ""Management Information Systems"",
      ""category"": ""Core"",
      ""confidence"": ""High"",
      ""evidence_basis"": ""Direct reference to design of management information systems in title and abstract"",
      ""standard_classification"": ""ACM CCS: H.4 Information Systems Applications; UNESCO: 5311.03 Gestión de la Información""
    },
    {
      ""domain"": ""Cognitive Psychology"",
      ""category"": ""Secondary"",
      ""confidence"": ""Medium"",
      ""evidence_basis"": ""Discussion of human information processing behavior, integration abilities, and individual differences"",
      ""standard_classification"": ""ACM CCS: J.4 Social and Behavioral Sciences; UNESCO: 6106.04 Procesos Cognitivos""
    }
  ],
  ""hierarchical_mapping"": {
    ""macro_level"": ""Engineering & Technology"",
    ""meso_level"": ""Information Systems & Computer Science"",
    ""micro_level"": ""Human-Computer Interaction in Management Systems""
  },
  ""methodological_approaches"": [
    {
      ""method_domain"": ""Behavioral Science Research"",
      ""techniques"": [""Human Information Processing Models"", ""Cognitive Analysis"", ""Behavioral Modeling""],
      ""contribution"": ""Integration of psychological models into information system design methodology""
    },
    {
      ""method_domain"": ""Systems Design"",
      ""techniques"": [""Human-Centered Design"", ""Ergonomics Analysis"", ""User Capability Assessment""],
      ""contribution"": ""Methodological framework for considering human limitations in system design""
    }
  ],
  ""application_contexts"": [
    {
      ""sector"": ""Organizational Decision Support"",
      ""potential_impact"": ""Improved management information system effectiveness through human-centered design"",
      ""implementation_scale"": ""Organizational""
    },
    {
      ""sector"": ""Human-Computer Interaction"",
      ""potential_impact"": ""Reduced information overload and improved user performance in computer systems"",
      ""implementation_scale"": ""Individual""
    }
  ],
  ""industry_mapping"": [
    {
      ""industry_sector"": ""Information Systems"",
      ""relation_type"": ""Direct"",
      ""confidence"": ""High"",
      ""evidence_basis"": ""Direct focus on management information systems design and implementation""
    },
    {
      ""industry_sector"": ""Management Consulting"",
      ""relation_type"": ""Indirect"",
      ""confidence"": ""Medium"",
      ""evidence_basis"": ""Implications for organizational decision support systems and management practices""
    },
    {
      ""industry_sector"": ""Software Development"",
      ""relation_type"": ""Indirect"",
      ""confidence"": ""Medium"",
      ""evidence_basis"": ""Design principles applicable to business software and enterprise systems""
    }
  ],
  ""interdisciplinary_assessment"": {
    ""cross_disciplinary_score"": ""High"",
    ""bridging_domains"": [""Computer Science"", ""Psychology"", ""Management Science""],
    ""integration_level"": ""Theoretical and Applied""
  },
  ""emerging_field_indicators"": {
    ""novelty_rating"": ""Medium"",
    ""trend_association"": ""Early human-computer interaction research, cognitive systems engineering"",
    ""future_trajectory"": ""Foundation for user-centered design, human factors engineering, and cognitive ergonomics in information systems""
  },
  ""quality_metrics"": {
    ""analysis_confidence"": ""High"",
    ""ambiguity_level"": ""Low"",
    ""validation_suggestions"": ""Full text review would provide additional methodological details and specific application contexts""
  }
}
```"
Human information processing in information and decision support systems,"Robey, D.; Taggart, W.",MIS Quarterly: Management Information Systems,1982.0,6,2,61-73,10.2307/249283,"This article explores the relevance of human information processing to the development and use of computer based information and decision support systems. Human information processing is related to the biological specializations of the human brain. Basically, the left cerebral hemisphere performs rational, sequential, analytical functions, while the right hemisphere operates intuitively, simultaneously, and holistically. In contrast, the electronic computer performs only logical, sequential operations. The electronic computer is in this sense a model of the left brain and not the right. Three implications emerge from this understanding. First, research using cognitive style to predict decision behavior should include intuitive styles as well as heuristic and analytical styles, even though intuition cannot be modeled in the traditional sense. Second, this article sheds light on the appropriate division of labor between the electronic computer and the human ""bio-computer"" for various types of organizational decision making. Third, information systems should be designed to support the type of processing required by the task, including both right and left hemisphere processes. Information systems which engage both hemispheres of the decision maker are likely to be more useful in complex tasks than those which support only the activities of the logical, left hemisphere.",Cognitive style; Human information processing; Information systems,ok,0.9999,"[{'domain': 'Information Systems', 'category': 'Core', 'confidence': 'High', 'evidence_basis': 'Explicit focus on information and decision support systems design and implementation', 'standard_classification': 'ACM CCS: H.4 Information Systems Applications; UNESCO: 5312.04 Sistemas de Información'}, {'domain': 'Cognitive Psychology', 'category': 'Core', 'confidence': 'High', 'evidence_basis': 'Central focus on human information processing, cerebral hemisphere specialization, and cognitive styles', 'standard_classification': 'APA: 2340 Cognitive Processes; UNESCO: 6106.03 Procesos de Aprendizaje y Pensamiento'}, {'domain': 'Human-Computer Interaction', 'category': 'Secondary', 'confidence': 'Medium', 'evidence_basis': 'Implicit focus on human-computer division of labor and system design for human cognitive support', 'standard_classification': 'ACM CCS: H.5.2 User Interfaces; UNESCO: 1203.04 Interacción Persona-Ordenador'}]","{'macro_level': 'Social Sciences & Engineering', 'meso_level': 'Information Systems & Cognitive Science', 'micro_level': 'Decision Support Systems and Human Information Processing'}","[{'method_domain': 'Conceptual/Theoretical Analysis', 'techniques': ['Literature synthesis', 'Theoretical framework development', 'Conceptual modeling'], 'contribution': 'Integrates neuropsychological models of brain hemisphere specialization with information systems design principles'}, {'method_domain': 'Cognitive Style Assessment', 'techniques': ['Cognitive style measurement', 'Behavioral prediction modeling'], 'contribution': 'Proposes expanded cognitive style frameworks including intuitive processing for decision behavior prediction'}]","[{'sector': 'Organizational Decision Support', 'potential_impact': 'Improved decision-making effectiveness through better human-computer task allocation', 'implementation_scale': 'Organizational'}, {'sector': 'Information Systems Design', 'potential_impact': 'More effective system design supporting both analytical and intuitive cognitive processes', 'implementation_scale': 'Organizational'}, {'sector': 'Management Science', 'potential_impact': 'Enhanced understanding of cognitive factors in managerial decision-making', 'implementation_scale': 'Organizational'}]","[{'industry_sector': 'Information Systems', 'relation_type': 'Direct', 'confidence': 'High', 'evidence_basis': 'Explicit focus on information and decision support systems throughout abstract'}, {'industry_sector': 'Management Consulting', 'relation_type': 'Indirect', 'confidence': 'Medium', 'evidence_basis': 'Organizational decision making implications and cognitive style applications'}, {'industry_sector': 'Healthcare Decision Support', 'relation_type': 'Indirect', 'confidence': 'Low', 'evidence_basis': 'General decision support principles potentially applicable to clinical settings'}]","{'cross_disciplinary_score': 'High', 'bridging_domains': ['Cognitive Psychology', 'Computer Science', 'Management Science'], 'integration_level': 'Theoretical and Applied'}","{'novelty_rating': 'Medium', 'trend_association': 'Early work in neuro-information systems, precursor to modern neuroIS and cognitive computing', 'future_trajectory': 'Foundation for contemporary research in neuro-information systems, brain-computer interfaces, and adaptive decision support'}","{'analysis_confidence': 'High', 'ambiguity_level': 'Low', 'validation_suggestions': 'Full text review would provide additional methodological details and specific application examples'}","```json
{
  ""primary_domains"": [
    {
      ""domain"": ""Information Systems"",
      ""category"": ""Core"",
      ""confidence"": ""High"",
      ""evidence_basis"": ""Explicit focus on information and decision support systems design and implementation"",
      ""standard_classification"": ""ACM CCS: H.4 Information Systems Applications; UNESCO: 5312.04 Sistemas de Información""
    },
    {
      ""domain"": ""Cognitive Psychology"",
      ""category"": ""Core"",
      ""confidence"": ""High"",
      ""evidence_basis"": ""Central focus on human information processing, cerebral hemisphere specialization, and cognitive styles"",
      ""standard_classification"": ""APA: 2340 Cognitive Processes; UNESCO: 6106.03 Procesos de Aprendizaje y Pensamiento""
    },
    {
      ""domain"": ""Human-Computer Interaction"",
      ""category"": ""Secondary"",
      ""confidence"": ""Medium"",
      ""evidence_basis"": ""Implicit focus on human-computer division of labor and system design for human cognitive support"",
      ""standard_classification"": ""ACM CCS: H.5.2 User Interfaces; UNESCO: 1203.04 Interacción Persona-Ordenador""
    }
  ],
  ""hierarchical_mapping"": {
    ""macro_level"": ""Social Sciences & Engineering"",
    ""meso_level"": ""Information Systems & Cognitive Science"",
    ""micro_level"": ""Decision Support Systems and Human Information Processing""
  },
  ""methodological_approaches"": [
    {
      ""method_domain"": ""Conceptual/Theoretical Analysis"",
      ""techniques"": [""Literature synthesis"", ""Theoretical framework development"", ""Conceptual modeling""],
      ""contribution"": ""Integrates neuropsychological models of brain hemisphere specialization with information systems design principles""
    },
    {
      ""method_domain"": ""Cognitive Style Assessment"",
      ""techniques"": [""Cognitive style measurement"", ""Behavioral prediction modeling""],
      ""contribution"": ""Proposes expanded cognitive style frameworks including intuitive processing for decision behavior prediction""
    }
  ],
  ""application_contexts"": [
    {
      ""sector"": ""Organizational Decision Support"",
      ""potential_impact"": ""Improved decision-making effectiveness through better human-computer task allocation"",
      ""implementation_scale"": ""Organizational""
    },
    {
      ""sector"": ""Information Systems Design"",
      ""potential_impact"": ""More effective system design supporting both analytical and intuitive cognitive processes"",
      ""implementation_scale"": ""Organizational""
    },
    {
      ""sector"": ""Management Science"",
      ""potential_impact"": ""Enhanced understanding of cognitive factors in managerial decision-making"",
      ""implementation_scale"": ""Organizational""
    }
  ],
  ""industry_mapping"": [
    {
      ""industry_sector"": ""Information Systems"",
      ""relation_type"": ""Direct"",
      ""confidence"": ""High"",
      ""evidence_basis"": ""Explicit focus on information and decision support systems throughout abstract""
    },
    {
      ""industry_sector"": ""Management Consulting"",
      ""relation_type"": ""Indirect"",
      ""confidence"": ""Medium"",
      ""evidence_basis"": ""Organizational decision making implications and cognitive style applications""
    },
    {
      ""industry_sector"": ""Healthcare Decision Support"",
      ""relation_type"": ""Indirect"",
      ""confidence"": ""Low"",
      ""evidence_basis"": ""General decision support principles potentially applicable to clinical settings""
    }
  ],
  ""interdisciplinary_assessment"": {
    ""cross_disciplinary_score"": ""High"",
    ""bridging_domains"": [""Cognitive Psychology"", ""Computer Science"", ""Management Science""],
    ""integration_level"": ""Theoretical and Applied""
  },
  ""emerging_field_indicators"": {
    ""novelty_rating"": ""Medium"",
    ""trend_association"": ""Early work in neuro-information systems, precursor to modern neuroIS and cognitive computing"",
    ""future_trajectory"": ""Foundation for contemporary research in neuro-information systems, brain-computer interfaces, and adaptive decision support""
  },
  ""quality_metrics"": {
    ""analysis_confidence"": ""High"",
    ""ambiguity_level"": ""Low"",
    ""validation_suggestions"": ""Full text review would provide additional methodological details and specific application examples""
  }
}
```"
Human information-processing strategies and style,"Robertson, I. T.",Behaviour and Information Technology,1985.0,4,1,19-29,10.1080/01449298508901784,"The interactions that take place between the human and artificial aspects of information-technology systems are basically cognitive. Research in cognitive psychology conducted over the past 30 years or so has demonstrated that people exhibit significant individual differences in the information-processing strategies that they adopt during problem solving and other decision making activities. The different strategies that have been observed are outlined and some ideas concerning the theoretical bases of these strategies are discussed together with the implications that such human characteristics have for the operation and design of man-machine systems. © 1985 Taylor & Francis Group, LLC.",,ok,0.9998,"[{'domain': 'Cognitive Psychology', 'category': 'Core', 'confidence': 'High', 'evidence_basis': 'Explicit reference to research in cognitive psychology and individual differences in information-processing strategies', 'standard_classification': 'UNESCO 6106.04 Psicología Cognitiva / ACM H.1.2 User/Machine Systems'}, {'domain': 'Human-Computer Interaction', 'category': 'Core', 'confidence': 'High', 'evidence_basis': 'Focus on man-machine systems design and implications for information-technology systems', 'standard_classification': 'UNESCO 3304.06 Interacción Persona-Ordenador / ACM H.5.2 User Interfaces'}, {'domain': 'Decision Science', 'category': 'Secondary', 'confidence': 'Medium', 'evidence_basis': 'Mentions problem solving and decision making activities as context for information-processing strategies', 'standard_classification': 'UNESCO 6106.04 Processos de Decisión / ACM J.4 Social and Behavioral Sciences'}]","{'macro_level': 'Social Sciences & Engineering', 'meso_level': 'Psychology & Computer Science', 'micro_level': 'Cognitive Ergonomics and Human Factors'}","[{'method_domain': 'Cognitive Psychology Research', 'techniques': ['Experimental studies', 'Individual differences analysis', 'Strategy observation'], 'contribution': 'Bridging cognitive psychology findings to engineering design principles'}, {'method_domain': 'Human Factors Engineering', 'techniques': ['System design evaluation', 'Human performance assessment'], 'contribution': 'Application of cognitive psychology to man-machine system optimization'}]","[{'sector': 'Information Technology Systems', 'potential_impact': 'Improved system design based on human cognitive characteristics', 'implementation_scale': 'Organizational'}, {'sector': 'Human-Machine Interaction', 'potential_impact': 'Enhanced interface design accommodating individual differences', 'implementation_scale': 'Individual'}, {'sector': 'Decision Support Systems', 'potential_impact': 'More effective problem-solving tools tailored to user cognitive styles', 'implementation_scale': 'Organizational'}]","[{'industry_sector': 'Information Systems', 'relation_type': 'Direct', 'confidence': 'High', 'evidence_basis': 'Explicit mention of information-technology systems and man-machine systems'}, {'industry_sector': 'Software Development', 'relation_type': 'Indirect', 'confidence': 'Medium', 'evidence_basis': 'Implications for system design and operation suggest software industry relevance'}, {'industry_sector': 'Defense Systems', 'relation_type': 'Indirect', 'confidence': 'Low', 'evidence_basis': 'Historical context of 1985 publication suggests potential military applications of human-machine systems'}]","{'cross_disciplinary_score': 'High', 'bridging_domains': ['Psychology', 'Computer Science', 'Engineering'], 'integration_level': 'Theoretical and Applied'}","{'novelty_rating': 'Medium', 'trend_association': 'Early foundation for user-centered design and cognitive engineering', 'future_trajectory': 'Evolution into personalized interfaces and adaptive systems based on cognitive styles'}","{'analysis_confidence': 'High', 'ambiguity_level': 'Low', 'validation_suggestions': 'Additional keywords or full text would help identify specific methodological approaches and application domains'}","```json
{
  ""primary_domains"": [
    {
      ""domain"": ""Cognitive Psychology"",
      ""category"": ""Core"",
      ""confidence"": ""High"",
      ""evidence_basis"": ""Explicit reference to research in cognitive psychology and individual differences in information-processing strategies"",
      ""standard_classification"": ""UNESCO 6106.04 Psicología Cognitiva / ACM H.1.2 User/Machine Systems""
    },
    {
      ""domain"": ""Human-Computer Interaction"",
      ""category"": ""Core"",
      ""confidence"": ""High"",
      ""evidence_basis"": ""Focus on man-machine systems design and implications for information-technology systems"",
      ""standard_classification"": ""UNESCO 3304.06 Interacción Persona-Ordenador / ACM H.5.2 User Interfaces""
    },
    {
      ""domain"": ""Decision Science"",
      ""category"": ""Secondary"",
      ""confidence"": ""Medium"",
      ""evidence_basis"": ""Mentions problem solving and decision making activities as context for information-processing strategies"",
      ""standard_classification"": ""UNESCO 6106.04 Processos de Decisión / ACM J.4 Social and Behavioral Sciences""
    }
  ],
  ""hierarchical_mapping"": {
    ""macro_level"": ""Social Sciences & Engineering"",
    ""meso_level"": ""Psychology & Computer Science"",
    ""micro_level"": ""Cognitive Ergonomics and Human Factors""
  },
  ""methodological_approaches"": [
    {
      ""method_domain"": ""Cognitive Psychology Research"",
      ""techniques"": [""Experimental studies"", ""Individual differences analysis"", ""Strategy observation""],
      ""contribution"": ""Bridging cognitive psychology findings to engineering design principles""
    },
    {
      ""method_domain"": ""Human Factors Engineering"",
      ""techniques"": [""System design evaluation"", ""Human performance assessment""],
      ""contribution"": ""Application of cognitive psychology to man-machine system optimization""
    }
  ],
  ""application_contexts"": [
    {
      ""sector"": ""Information Technology Systems"",
      ""potential_impact"": ""Improved system design based on human cognitive characteristics"",
      ""implementation_scale"": ""Organizational""
    },
    {
      ""sector"": ""Human-Machine Interaction"",
      ""potential_impact"": ""Enhanced interface design accommodating individual differences"",
      ""implementation_scale"": ""Individual""
    },
    {
      ""sector"": ""Decision Support Systems"",
      ""potential_impact"": ""More effective problem-solving tools tailored to user cognitive styles"",
      ""implementation_scale"": ""Organizational""
    }
  ],
  ""industry_mapping"": [
    {
      ""industry_sector"": ""Information Systems"",
      ""relation_type"": ""Direct"",
      ""confidence"": ""High"",
      ""evidence_basis"": ""Explicit mention of information-technology systems and man-machine systems""
    },
    {
      ""industry_sector"": ""Software Development"",
      ""relation_type"": ""Indirect"",
      ""confidence"": ""Medium"",
      ""evidence_basis"": ""Implications for system design and operation suggest software industry relevance""
    },
    {
      ""industry_sector"": ""Defense Systems"",
      ""relation_type"": ""Indirect"",
      ""confidence"": ""Low"",
      ""evidence_basis"": ""Historical context of 1985 publication suggests potential military applications of human-machine systems""
    }
  ],
  ""interdisciplinary_assessment"": {
    ""cross_disciplinary_score"": ""High"",
    ""bridging_domains"": [""Psychology"", ""Computer Science"", ""Engineering""],
    ""integration_level"": ""Theoretical and Applied""
  },
  ""emerging_field_indicators"": {
    ""novelty_rating"": ""Medium"",
    ""trend_association"": ""Early foundation for user-centered design and cognitive engineering"",
    ""future_trajectory"": ""Evolution into personalized interfaces and adaptive systems based on cognitive styles""
  },
  ""quality_metrics"": {
    ""analysis_confidence"": ""High"",
    ""ambiguity_level"": ""Low"",
    ""validation_suggestions"": ""Additional keywords or full text would help identify specific methodological approaches and application domains""
  }
}
```"
The contribution of cognitive engineering to the effective design and use of information systems,"Garg-Janardan, C.; Salvendy, G.",Information Services and Use,1986.0,6,5,235-252,10.3233/ISU-1986-65-605,"Computerized information systems are used by a large number of individuals to perform a wide variety of tasks. This paper examines the importance of designing effective human-computer information interfaces. The critical rôle played by the human information-processing and decisionmaking capabilities and limitations in interface design is reviewed. Several cognitive engineering principles that should guide the design process are outlined. Cognitive engineering solutions are offered which should be utilized to design effective human-computer information interfaces. © 1986, DGD.",INFORMATION RETRIEVAL SYSTEMS - Design; SYSTEMS SCIENCE AND CYBERNETICS - Cognitive Systems; COGNITIVE ENGINEERING; COMPUTERIZED INFORMATION SYSTEMS; DECISION-MAKING CAPABILITIES; HUMAN INFORMATION-PROCESSING; HUMAN-COMPUTER INFORMATION INTERFACES; HUMAN ENGINEERING,ok,0.9999,"[{'domain': 'Human-Computer Interaction', 'category': 'Core', 'confidence': 'High', 'evidence_basis': 'Focus on human-computer information interfaces design and effectiveness', 'standard_classification': 'ACM CCS: H.5.2 User Interfaces; UNESCO: 3304.06 Interacción Persona-Ordenador'}, {'domain': 'Cognitive Science', 'category': 'Core', 'confidence': 'High', 'evidence_basis': 'Explicit mention of human information-processing, decision-making capabilities, and cognitive engineering principles', 'standard_classification': 'ACM CCS: J.4 Social and Behavioral Sciences; UNESCO: 6106.04 Psicología Cognitiva'}, {'domain': 'Information Systems', 'category': 'Secondary', 'confidence': 'Medium', 'evidence_basis': 'Focus on computerized information systems and information retrieval systems design', 'standard_classification': 'ACM CCS: H.1.2 User/Machine Systems; UNESCO: 3309.05 Sistemas de Información'}]","{'macro_level': 'Engineering & Technology', 'meso_level': 'Computer Science', 'micro_level': 'Human-Computer Interaction & Cognitive Engineering'}","[{'method_domain': 'Cognitive Engineering', 'techniques': ['Human information processing analysis', 'Decision-making capability assessment', 'Interface design principles'], 'contribution': 'Application of cognitive science principles to engineering design processes'}, {'method_domain': 'Human Factors Engineering', 'techniques': ['Human capabilities and limitations analysis', 'User-centered design', 'Ergonomics evaluation'], 'contribution': 'Integration of human psychological and physiological factors into system design'}]","[{'sector': 'Information Systems Design', 'potential_impact': 'Improved usability and effectiveness of computerized information systems across multiple domains', 'implementation_scale': 'Organizational'}, {'sector': 'Decision Support Systems', 'potential_impact': 'Enhanced decision-making capabilities through better human-computer interfaces', 'implementation_scale': 'Individual'}, {'sector': 'Human-Computer Interaction', 'potential_impact': 'Broader application of cognitive engineering principles to various computing domains', 'implementation_scale': 'Cross-sector'}]","[{'industry_sector': 'Information Systems', 'relation_type': 'Direct', 'confidence': 'High', 'evidence_basis': 'Explicit mention of computerized information systems and information retrieval systems'}, {'industry_sector': 'Software Development', 'relation_type': 'Indirect', 'confidence': 'Medium', 'evidence_basis': 'Interface design principles applicable to software development industry'}, {'industry_sector': 'Education', 'relation_type': 'Indirect', 'confidence': 'Medium', 'evidence_basis': 'Potential applications in educational technology and learning systems'}, {'industry_sector': 'Healthcare', 'relation_type': 'Indirect', 'confidence': 'Low', 'evidence_basis': 'Potential applications in medical information systems and decision support'}]","{'cross_disciplinary_score': 'High', 'bridging_domains': ['Psychology', 'Computer Science', 'Information Systems'], 'integration_level': 'Methodological'}","{'novelty_rating': 'Medium', 'trend_association': 'Early foundation work in human-computer interaction and cognitive engineering', 'future_trajectory': 'Evolution into user experience design, human-centered AI, and adaptive interfaces'}","{'analysis_confidence': 'High', 'ambiguity_level': 'Low', 'validation_suggestions': 'Full text review would provide additional methodological details and specific application examples'}","```json
{
  ""primary_domains"": [
    {
      ""domain"": ""Human-Computer Interaction"",
      ""category"": ""Core"",
      ""confidence"": ""High"",
      ""evidence_basis"": ""Focus on human-computer information interfaces design and effectiveness"",
      ""standard_classification"": ""ACM CCS: H.5.2 User Interfaces; UNESCO: 3304.06 Interacción Persona-Ordenador""
    },
    {
      ""domain"": ""Cognitive Science"",
      ""category"": ""Core"",
      ""confidence"": ""High"",
      ""evidence_basis"": ""Explicit mention of human information-processing, decision-making capabilities, and cognitive engineering principles"",
      ""standard_classification"": ""ACM CCS: J.4 Social and Behavioral Sciences; UNESCO: 6106.04 Psicología Cognitiva""
    },
    {
      ""domain"": ""Information Systems"",
      ""category"": ""Secondary"",
      ""confidence"": ""Medium"",
      ""evidence_basis"": ""Focus on computerized information systems and information retrieval systems design"",
      ""standard_classification"": ""ACM CCS: H.1.2 User/Machine Systems; UNESCO: 3309.05 Sistemas de Información""
    }
  ],
  ""hierarchical_mapping"": {
    ""macro_level"": ""Engineering & Technology"",
    ""meso_level"": ""Computer Science"",
    ""micro_level"": ""Human-Computer Interaction & Cognitive Engineering""
  },
  ""methodological_approaches"": [
    {
      ""method_domain"": ""Cognitive Engineering"",
      ""techniques"": [""Human information processing analysis"", ""Decision-making capability assessment"", ""Interface design principles""],
      ""contribution"": ""Application of cognitive science principles to engineering design processes""
    },
    {
      ""method_domain"": ""Human Factors Engineering"",
      ""techniques"": [""Human capabilities and limitations analysis"", ""User-centered design"", ""Ergonomics evaluation""],
      ""contribution"": ""Integration of human psychological and physiological factors into system design""
    }
  ],
  ""application_contexts"": [
    {
      ""sector"": ""Information Systems Design"",
      ""potential_impact"": ""Improved usability and effectiveness of computerized information systems across multiple domains"",
      ""implementation_scale"": ""Organizational""
    },
    {
      ""sector"": ""Decision Support Systems"",
      ""potential_impact"": ""Enhanced decision-making capabilities through better human-computer interfaces"",
      ""implementation_scale"": ""Individual""
    },
    {
      ""sector"": ""Human-Computer Interaction"",
      ""potential_impact"": ""Broader application of cognitive engineering principles to various computing domains"",
      ""implementation_scale"": ""Cross-sector""
    }
  ],
  ""industry_mapping"": [
    {
      ""industry_sector"": ""Information Systems"",
      ""relation_type"": ""Direct"",
      ""confidence"": ""High"",
      ""evidence_basis"": ""Explicit mention of computerized information systems and information retrieval systems""
    },
    {
      ""industry_sector"": ""Software Development"",
      ""relation_type"": ""Indirect"",
      ""confidence"": ""Medium"",
      ""evidence_basis"": ""Interface design principles applicable to software development industry""
    },
    {
      ""industry_sector"": ""Education"",
      ""relation_type"": ""Indirect"",
      ""confidence"": ""Medium"",
      ""evidence_basis"": ""Potential applications in educational technology and learning systems""
    },
    {
      ""industry_sector"": ""Healthcare"",
      ""relation_type"": ""Indirect"",
      ""confidence"": ""Low"",
      ""evidence_basis"": ""Potential applications in medical information systems and decision support""
    }
  ],
  ""interdisciplinary_assessment"": {
    ""cross_disciplinary_score"": ""High"",
    ""bridging_domains"": [""Psychology"", ""Computer Science"", ""Information Systems""],
    ""integration_level"": ""Methodological""
  },
  ""emerging_field_indicators"": {
    ""novelty_rating"": ""Medium"",
    ""trend_association"": ""Early foundation work in human-computer interaction and cognitive engineering"",
    ""future_trajectory"": ""Evolution into user experience design, human-centered AI, and adaptive interfaces""
  },
  ""quality_metrics"": {
    ""analysis_confidence"": ""High"",
    ""ambiguity_level"": ""Low"",
    ""validation_suggestions"": ""Full text review would provide additional methodological details and specific application examples""
  }
}
```"
Cognitive attributes: implications for display design in supervisory control systems,"Mitchell, C. M.",International Journal of Man-Machine Studies,1986.0,25,4,411-438,10.1016/S0020-7373(86)80069-4,"Based on a review of the literature, a cognitive model of human information processing is presented. The model synthesizes several perspectives with the intent of suggesting guidelines for human-computer interface designers of supervisory control systems. Given this model, the paper identifies 18 attributes of cognition that are particularly relevant to information display design and real-time decision-making. The discussion of each attribute of cognition has four components. First, each cognitive attribute is defined based on current interpretations in the cognitive-psychology literature. Next, given traditional design approaches, likely negative outcomes of automation as they affect the cognitive attribute are identified. Third, given the hypothesized effects, improvements in conventional design are suggested. Finally, the discussion of each cognitive attribute concludes with an example drawn from existing command and control environments. The paper is intended to provide a well-defined and coherent background for empirical research exploring alternative strategies of human-computer interface design for decision-makers in supervisory control systems. © 1986, Academic Press Inc. (London) Limited. All rights reserved.",Human engineering; Information science; INSTRUMENTS - Display Systems; COGNITIVE ATTRIBUTES; DISPLAY DESIGN; SUPERVISORY CONTROL SYSTEMS; automation; biological model; cognition; computer analysis; computer terminal; display system; ergonomics; human; information processing; man machine interaction; model; nonbiological model; normal human; prevention; psychological aspect; Control equipment,ok,0.9999,"[{'domain': 'Human-Computer Interaction', 'category': 'Core', 'confidence': 'High', 'evidence_basis': 'Explicit focus on human-computer interface design, display systems, and man-machine interaction', 'standard_classification': 'ACM CCS: H.5.2 User Interfaces; UNESCO: 3314.07 Ergonomía'}, {'domain': 'Cognitive Psychology', 'category': 'Core', 'confidence': 'High', 'evidence_basis': 'Based on cognitive model of human information processing, 18 cognitive attributes defined from cognitive-psychology literature', 'standard_classification': 'ACM CCS: J.4 Social and Behavioral Sciences; UNESCO: 6106.04 Psicología del Trabajo'}, {'domain': 'Industrial Engineering/Ergonomics', 'category': 'Secondary', 'confidence': 'Medium', 'evidence_basis': 'Human engineering focus, supervisory control systems, practical design guidelines for industrial applications', 'standard_classification': 'UNESCO: 3311.11 Ingeniería de Control; 3314.07 Ergonomía'}]","{'macro_level': 'Engineering & Technology', 'meso_level': 'Human-Computer Interaction', 'micro_level': 'Supervisory Control Systems Interface Design'}","[{'method_domain': 'Theoretical Modeling', 'techniques': ['Literature Synthesis', 'Cognitive Model Development', 'Attribute Identification'], 'contribution': 'Synthesizes multiple cognitive perspectives into a unified model for interface design'}, {'method_domain': 'Applied Design Research', 'techniques': ['Design Guideline Formulation', 'Case Study Analysis', 'Problem-Solution Framework'], 'contribution': 'Four-component discussion structure for each cognitive attribute (definition, problem identification, design improvement, real-world example)'}]","[{'sector': 'Industrial Control Systems', 'potential_impact': 'Improved human performance in supervisory control environments through better interface design', 'implementation_scale': 'Organizational'}, {'sector': 'Decision Support Systems', 'potential_impact': 'Enhanced real-time decision-making capabilities in complex operational environments', 'implementation_scale': 'Individual/Organizational'}, {'sector': 'Human-Automation Interaction', 'potential_impact': 'Mitigation of negative outcomes of automation through cognitive-aware design', 'implementation_scale': 'Cross-sector'}]","[{'industry_sector': 'Military/Defense', 'relation_type': 'Direct', 'confidence': 'High', 'evidence_basis': ""Explicit mention of 'command and control environments' in abstract""}, {'industry_sector': 'Industrial Manufacturing', 'relation_type': 'Indirect', 'confidence': 'Medium', 'evidence_basis': 'Supervisory control systems commonly used in manufacturing and process industries'}, {'industry_sector': 'Energy', 'relation_type': 'Indirect', 'confidence': 'Medium', 'evidence_basis': 'Power plant control systems and energy grid management involve supervisory control'}, {'industry_sector': 'Aviation', 'relation_type': 'Indirect', 'confidence': 'Medium', 'evidence_basis': 'Cockpit systems and air traffic control represent supervisory control environments'}]","{'cross_disciplinary_score': 'High', 'bridging_domains': ['Psychology', 'Computer Science', 'Industrial Engineering'], 'integration_level': 'Theoretical and Applied'}","{'novelty_rating': 'Medium', 'trend_association': 'Early human factors in computing, cognitive engineering foundations', 'future_trajectory': 'Pioneering work that would evolve into cognitive systems engineering and human-centered automation design'}","{'analysis_confidence': 'High', 'ambiguity_level': 'Low', 'validation_suggestions': 'Full text review would provide additional context on specific command and control applications and empirical research directions'}","```json
{
  ""primary_domains"": [
    {
      ""domain"": ""Human-Computer Interaction"",
      ""category"": ""Core"",
      ""confidence"": ""High"",
      ""evidence_basis"": ""Explicit focus on human-computer interface design, display systems, and man-machine interaction"",
      ""standard_classification"": ""ACM CCS: H.5.2 User Interfaces; UNESCO: 3314.07 Ergonomía""
    },
    {
      ""domain"": ""Cognitive Psychology"",
      ""category"": ""Core"",
      ""confidence"": ""High"",
      ""evidence_basis"": ""Based on cognitive model of human information processing, 18 cognitive attributes defined from cognitive-psychology literature"",
      ""standard_classification"": ""ACM CCS: J.4 Social and Behavioral Sciences; UNESCO: 6106.04 Psicología del Trabajo""
    },
    {
      ""domain"": ""Industrial Engineering/Ergonomics"",
      ""category"": ""Secondary"",
      ""confidence"": ""Medium"",
      ""evidence_basis"": ""Human engineering focus, supervisory control systems, practical design guidelines for industrial applications"",
      ""standard_classification"": ""UNESCO: 3311.11 Ingeniería de Control; 3314.07 Ergonomía""
    }
  ],
  ""hierarchical_mapping"": {
    ""macro_level"": ""Engineering & Technology"",
    ""meso_level"": ""Human-Computer Interaction"",
    ""micro_level"": ""Supervisory Control Systems Interface Design""
  },
  ""methodological_approaches"": [
    {
      ""method_domain"": ""Theoretical Modeling"",
      ""techniques"": [""Literature Synthesis"", ""Cognitive Model Development"", ""Attribute Identification""],
      ""contribution"": ""Synthesizes multiple cognitive perspectives into a unified model for interface design""
    },
    {
      ""method_domain"": ""Applied Design Research"",
      ""techniques"": [""Design Guideline Formulation"", ""Case Study Analysis"", ""Problem-Solution Framework""],
      ""contribution"": ""Four-component discussion structure for each cognitive attribute (definition, problem identification, design improvement, real-world example)""
    }
  ],
  ""application_contexts"": [
    {
      ""sector"": ""Industrial Control Systems"",
      ""potential_impact"": ""Improved human performance in supervisory control environments through better interface design"",
      ""implementation_scale"": ""Organizational""
    },
    {
      ""sector"": ""Decision Support Systems"",
      ""potential_impact"": ""Enhanced real-time decision-making capabilities in complex operational environments"",
      ""implementation_scale"": ""Individual/Organizational""
    },
    {
      ""sector"": ""Human-Automation Interaction"",
      ""potential_impact"": ""Mitigation of negative outcomes of automation through cognitive-aware design"",
      ""implementation_scale"": ""Cross-sector""
    }
  ],
  ""industry_mapping"": [
    {
      ""industry_sector"": ""Military/Defense"",
      ""relation_type"": ""Direct"",
      ""confidence"": ""High"",
      ""evidence_basis"": ""Explicit mention of 'command and control environments' in abstract""
    },
    {
      ""industry_sector"": ""Industrial Manufacturing"",
      ""relation_type"": ""Indirect"",
      ""confidence"": ""Medium"",
      ""evidence_basis"": ""Supervisory control systems commonly used in manufacturing and process industries""
    },
    {
      ""industry_sector"": ""Energy"",
      ""relation_type"": ""Indirect"",
      ""confidence"": ""Medium"",
      ""evidence_basis"": ""Power plant control systems and energy grid management involve supervisory control""
    },
    {
      ""industry_sector"": ""Aviation"",
      ""relation_type"": ""Indirect"",
      ""confidence"": ""Medium"",
      ""evidence_basis"": ""Cockpit systems and air traffic control represent supervisory control environments""
    }
  ],
  ""interdisciplinary_assessment"": {
    ""cross_disciplinary_score"": ""High"",
    ""bridging_domains"": [""Psychology"", ""Computer Science"", ""Industrial Engineering""],
    ""integration_level"": ""Theoretical and Applied""
  },
  ""emerging_field_indicators"": {
    ""novelty_rating"": ""Medium"",
    ""trend_association"": ""Early human factors in computing, cognitive engineering foundations"",
    ""future_trajectory"": ""Pioneering work that would evolve into cognitive systems engineering and human-centered automation design""
  },
  ""quality_metrics"": {
    ""analysis_confidence"": ""High"",
    ""ambiguity_level"": ""Low"",
    ""validation_suggestions"": ""Full text review would provide additional context on specific command and control applications and empirical research directions""
  }
}
```"
Social Dimensions of Office Automation,"Mowshowitz, A.",Advances in Computers,1986.0,25,C,335-404,10.1016/S0065-2458(08)60477-5,"This chapter focuses on the social implications of office automation, and describes the effects of office automation on people and organization. Office automation is a controversial subject which amplifies residual biases present in all studies of social impacts of technology. Study of office automation begins with an examination of productivity in the office. The chapter discusses different approaches to automation, the impact of office automation on employment (based on employment levels, skill requirements, and career paths), some key policy issues concerning the effects of automation on employment, changing skill levels in clerical and professional work, the policies of organized labor and union responses to the challenges posed by office automation, and the organizational and managerial implications of office automation. The literature on computers and organizations is being reviewed that focuses on the computer's role in decision making and problem solving. The chapter concludes by discussing the future of work. Since work is a central concern in office automation, it is natural to consider its future at the end of the study. © 1986, Academic Press Inc. All rights reserved.",PRODUCTIVITY; TECHNOLOGY - Economic and Sociological Effects; MANAGEMENT CONTROL; ORGANIZATION CONTROL; WORK ENVIRONMENT; OFFICE AUTOMATION,ok,0.9998,"[{'domain': 'Sociology of Technology', 'category': 'Core', 'confidence': 'High', 'evidence_basis': 'Explicit focus on social implications and effects on people and organization', 'standard_classification': 'UNESCO 63.01 Sociología'}, {'domain': 'Management Studies', 'category': 'Core', 'confidence': 'High', 'evidence_basis': 'Discussion of organizational and managerial implications, management control, and productivity', 'standard_classification': 'UNESCO 53.11 Gestión de Empresas'}, {'domain': 'Labor Economics', 'category': 'Secondary', 'confidence': 'Medium', 'evidence_basis': 'Analysis of employment levels, skill requirements, career paths, and union responses', 'standard_classification': 'UNESCO 53.07 Economía del Trabajo'}]","{'macro_level': 'Social Sciences', 'meso_level': 'Sociology & Management', 'micro_level': 'Technology Impact Assessment & Organizational Studies'}","[{'method_domain': 'Literature Review', 'techniques': ['Systematic review', 'Critical analysis', 'Synthesis of existing research'], 'contribution': 'Comprehensive integration of diverse perspectives on office automation impacts'}, {'method_domain': 'Policy Analysis', 'techniques': ['Policy evaluation', 'Stakeholder analysis', 'Impact assessment'], 'contribution': 'Framework for analyzing organizational and societal policy implications'}]","[{'sector': 'Office Management & Administration', 'potential_impact': 'Transformation of clerical work, skill requirements, and organizational structures', 'implementation_scale': 'Organizational'}, {'sector': 'Labor Policy & Workforce Development', 'potential_impact': 'Informing employment policies, training programs, and union strategies', 'implementation_scale': 'Societal'}, {'sector': 'Organizational Decision Support', 'potential_impact': 'Enhancing managerial decision-making and problem-solving capabilities', 'implementation_scale': 'Organizational'}]","[{'industry_sector': 'Information Systems', 'relation_type': 'Direct', 'confidence': 'High', 'evidence_basis': 'Focus on office automation technologies and computer systems'}, {'industry_sector': 'Public Administration', 'relation_type': 'Indirect', 'confidence': 'Medium', 'evidence_basis': 'Policy implications and organizational management applications'}, {'industry_sector': 'Professional Services', 'relation_type': 'Indirect', 'confidence': 'Medium', 'evidence_basis': 'Impact on clerical and professional work environments'}]","{'cross_disciplinary_score': 'High', 'bridging_domains': ['Sociology', 'Management Science', 'Labor Economics', 'Computer Science'], 'integration_level': 'Theoretical and Applied'}","{'novelty_rating': 'Medium', 'trend_association': 'Early technology impact assessment, precursor to digital transformation studies', 'future_trajectory': 'Foundation for contemporary studies on AI workplace impacts and digital labor studies'}","{'analysis_confidence': 'High', 'ambiguity_level': 'Low', 'validation_suggestions': 'Additional context on specific automation technologies studied would enhance precision'}","```json
{
  ""primary_domains"": [
    {
      ""domain"": ""Sociology of Technology"",
      ""category"": ""Core"",
      ""confidence"": ""High"",
      ""evidence_basis"": ""Explicit focus on social implications and effects on people and organization"",
      ""standard_classification"": ""UNESCO 63.01 Sociología""
    },
    {
      ""domain"": ""Management Studies"",
      ""category"": ""Core"",
      ""confidence"": ""High"",
      ""evidence_basis"": ""Discussion of organizational and managerial implications, management control, and productivity"",
      ""standard_classification"": ""UNESCO 53.11 Gestión de Empresas""
    },
    {
      ""domain"": ""Labor Economics"",
      ""category"": ""Secondary"",
      ""confidence"": ""Medium"",
      ""evidence_basis"": ""Analysis of employment levels, skill requirements, career paths, and union responses"",
      ""standard_classification"": ""UNESCO 53.07 Economía del Trabajo""
    }
  ],
  ""hierarchical_mapping"": {
    ""macro_level"": ""Social Sciences"",
    ""meso_level"": ""Sociology & Management"",
    ""micro_level"": ""Technology Impact Assessment & Organizational Studies""
  },
  ""methodological_approaches"": [
    {
      ""method_domain"": ""Literature Review"",
      ""techniques"": [""Systematic review"", ""Critical analysis"", ""Synthesis of existing research""],
      ""contribution"": ""Comprehensive integration of diverse perspectives on office automation impacts""
    },
    {
      ""method_domain"": ""Policy Analysis"",
      ""techniques"": [""Policy evaluation"", ""Stakeholder analysis"", ""Impact assessment""],
      ""contribution"": ""Framework for analyzing organizational and societal policy implications""
    }
  ],
  ""application_contexts"": [
    {
      ""sector"": ""Office Management & Administration"",
      ""potential_impact"": ""Transformation of clerical work, skill requirements, and organizational structures"",
      ""implementation_scale"": ""Organizational""
    },
    {
      ""sector"": ""Labor Policy & Workforce Development"",
      ""potential_impact"": ""Informing employment policies, training programs, and union strategies"",
      ""implementation_scale"": ""Societal""
    },
    {
      ""sector"": ""Organizational Decision Support"",
      ""potential_impact"": ""Enhancing managerial decision-making and problem-solving capabilities"",
      ""implementation_scale"": ""Organizational""
    }
  ],
  ""industry_mapping"": [
    {
      ""industry_sector"": ""Information Systems"",
      ""relation_type"": ""Direct"",
      ""confidence"": ""High"",
      ""evidence_basis"": ""Focus on office automation technologies and computer systems""
    },
    {
      ""industry_sector"": ""Public Administration"",
      ""relation_type"": ""Indirect"",
      ""confidence"": ""Medium"",
      ""evidence_basis"": ""Policy implications and organizational management applications""
    },
    {
      ""industry_sector"": ""Professional Services"",
      ""relation_type"": ""Indirect"",
      ""confidence"": ""Medium"",
      ""evidence_basis"": ""Impact on clerical and professional work environments""
    }
  ],
  ""interdisciplinary_assessment"": {
    ""cross_disciplinary_score"": ""High"",
    ""bridging_domains"": [""Sociology"", ""Management Science"", ""Labor Economics"", ""Computer Science""],
    ""integration_level"": ""Theoretical and Applied""
  },
  ""emerging_field_indicators"": {
    ""novelty_rating"": ""Medium"",
    ""trend_association"": ""Early technology impact assessment, precursor to digital transformation studies"",
    ""future_trajectory"": ""Foundation for contemporary studies on AI workplace impacts and digital labor studies""
  },
  ""quality_metrics"": {
    ""analysis_confidence"": ""High"",
    ""ambiguity_level"": ""Low"",
    ""validation_suggestions"": ""Additional context on specific automation technologies studied would enhance precision""
  }
}
```"
A control system model of organizational motivation: Theoretical development and applied implications,"Lord, R. G.; Hanges, P. J.",Behavioral Science,1987.0,32,3,161-178,10.1002/bs.3830320302,"In this paper, a control theory model of human motivation is described. The basic units of this model (goals, sensor, comparator, decision mechanism, and effector mechanism) are explained, system states and boundary conditions are specified, and propositions based on the model are developed. The consequences of controlling different parameters are discussed and extensions of the model to interpersonal tasks are suggested. The practical advantages of this model for understanding the operation of management systems are discussed and areas needing further research are identified. Copyright © 1987 John Wiley & Sons, Ltd.",applied implications; control systems; decision making; group; managerial theory; motivation; organism,ok,0.9998,"[{'domain': 'Organizational Psychology', 'category': 'Core', 'confidence': 'High', 'evidence_basis': 'Focus on motivation models within organizational contexts and management systems', 'standard_classification': 'UNESCO 6109.05 Psicología del Trabajo y de las Organizaciones'}, {'domain': 'Management Science', 'category': 'Core', 'confidence': 'High', 'evidence_basis': 'Explicit discussion of management systems and practical applications for understanding organizational operations', 'standard_classification': 'UNESCO 5311.01 Organización y Dirección de Empresas'}, {'domain': 'Systems Theory', 'category': 'Secondary', 'confidence': 'Medium', 'evidence_basis': 'Application of control theory model with system components (goals, sensor, comparator, decision mechanism)', 'standard_classification': 'UNESCO 1209.03 Teoría de Sistemas'}]","{'macro_level': 'Social Sciences', 'meso_level': 'Psychology & Management', 'micro_level': 'Organizational Motivation and Control Systems'}","[{'method_domain': 'Theoretical Modeling', 'techniques': ['Control Theory Application', 'System State Specification', 'Proposition Development'], 'contribution': 'Adaptation of engineering control theory to human motivation and organizational contexts'}, {'method_domain': 'Conceptual Analysis', 'techniques': ['Boundary Condition Specification', 'Parameter Control Analysis', 'Model Extension to Interpersonal Tasks'], 'contribution': 'Development of a comprehensive theoretical framework for organizational motivation'}]","[{'sector': 'Organizational Management', 'potential_impact': 'Improved understanding and design of management control systems and motivational structures', 'implementation_scale': 'Organizational'}, {'sector': 'Human Resources', 'potential_impact': 'Enhanced employee motivation frameworks and performance management systems', 'implementation_scale': 'Organizational'}, {'sector': 'Leadership Development', 'potential_impact': 'Theoretical foundation for leadership practices and organizational behavior interventions', 'implementation_scale': 'Individual/Organizational'}]","[{'industry_sector': 'Management Consulting', 'relation_type': 'Direct', 'confidence': 'High', 'evidence_basis': 'Explicit discussion of practical advantages for understanding management systems'}, {'industry_sector': 'Corporate Management', 'relation_type': 'Direct', 'confidence': 'High', 'evidence_basis': 'Focus on organizational motivation and management theory applications'}, {'industry_sector': 'Human Resources', 'relation_type': 'Indirect', 'confidence': 'Medium', 'evidence_basis': 'Motivation models inherently applicable to HR practices and employee management'}]","{'cross_disciplinary_score': 'High', 'bridging_domains': ['Psychology', 'Engineering Systems Theory', 'Management Science'], 'integration_level': 'Theoretical and Applied'}","{'novelty_rating': 'Medium', 'trend_association': 'Early systems thinking in organizational behavior, precursor to modern organizational cybernetics', 'future_trajectory': 'Foundation for computational organizational modeling and advanced management control systems'}","{'analysis_confidence': 'High', 'ambiguity_level': 'Low', 'validation_suggestions': 'Full text review would provide additional methodological details and specific industry applications mentioned'}","```json
{
  ""primary_domains"": [
    {
      ""domain"": ""Organizational Psychology"",
      ""category"": ""Core"",
      ""confidence"": ""High"",
      ""evidence_basis"": ""Focus on motivation models within organizational contexts and management systems"",
      ""standard_classification"": ""UNESCO 6109.05 Psicología del Trabajo y de las Organizaciones""
    },
    {
      ""domain"": ""Management Science"",
      ""category"": ""Core"",
      ""confidence"": ""High"",
      ""evidence_basis"": ""Explicit discussion of management systems and practical applications for understanding organizational operations"",
      ""standard_classification"": ""UNESCO 5311.01 Organización y Dirección de Empresas""
    },
    {
      ""domain"": ""Systems Theory"",
      ""category"": ""Secondary"",
      ""confidence"": ""Medium"",
      ""evidence_basis"": ""Application of control theory model with system components (goals, sensor, comparator, decision mechanism)"",
      ""standard_classification"": ""UNESCO 1209.03 Teoría de Sistemas""
    }
  ],
  ""hierarchical_mapping"": {
    ""macro_level"": ""Social Sciences"",
    ""meso_level"": ""Psychology & Management"",
    ""micro_level"": ""Organizational Motivation and Control Systems""
  },
  ""methodological_approaches"": [
    {
      ""method_domain"": ""Theoretical Modeling"",
      ""techniques"": [""Control Theory Application"", ""System State Specification"", ""Proposition Development""],
      ""contribution"": ""Adaptation of engineering control theory to human motivation and organizational contexts""
    },
    {
      ""method_domain"": ""Conceptual Analysis"",
      ""techniques"": [""Boundary Condition Specification"", ""Parameter Control Analysis"", ""Model Extension to Interpersonal Tasks""],
      ""contribution"": ""Development of a comprehensive theoretical framework for organizational motivation""
    }
  ],
  ""application_contexts"": [
    {
      ""sector"": ""Organizational Management"",
      ""potential_impact"": ""Improved understanding and design of management control systems and motivational structures"",
      ""implementation_scale"": ""Organizational""
    },
    {
      ""sector"": ""Human Resources"",
      ""potential_impact"": ""Enhanced employee motivation frameworks and performance management systems"",
      ""implementation_scale"": ""Organizational""
    },
    {
      ""sector"": ""Leadership Development"",
      ""potential_impact"": ""Theoretical foundation for leadership practices and organizational behavior interventions"",
      ""implementation_scale"": ""Individual/Organizational""
    }
  ],
  ""industry_mapping"": [
    {
      ""industry_sector"": ""Management Consulting"",
      ""relation_type"": ""Direct"",
      ""confidence"": ""High"",
      ""evidence_basis"": ""Explicit discussion of practical advantages for understanding management systems""
    },
    {
      ""industry_sector"": ""Corporate Management"",
      ""relation_type"": ""Direct"",
      ""confidence"": ""High"",
      ""evidence_basis"": ""Focus on organizational motivation and management theory applications""
    },
    {
      ""industry_sector"": ""Human Resources"",
      ""relation_type"": ""Indirect"",
      ""confidence"": ""Medium"",
      ""evidence_basis"": ""Motivation models inherently applicable to HR practices and employee management""
    }
  ],
  ""interdisciplinary_assessment"": {
    ""cross_disciplinary_score"": ""High"",
    ""bridging_domains"": [""Psychology"", ""Engineering Systems Theory"", ""Management Science""],
    ""integration_level"": ""Theoretical and Applied""
  },
  ""emerging_field_indicators"": {
    ""novelty_rating"": ""Medium"",
    ""trend_association"": ""Early systems thinking in organizational behavior, precursor to modern organizational cybernetics"",
    ""future_trajectory"": ""Foundation for computational organizational modeling and advanced management control systems""
  },
  ""quality_metrics"": {
    ""analysis_confidence"": ""High"",
    ""ambiguity_level"": ""Low"",
    ""validation_suggestions"": ""Full text review would provide additional methodological details and specific industry applications mentioned""
  }
}
```"
"Internal representation, internal model, human performance model and mental workload","Stassen, H. G.; Johannsen, G.; Moray, N.",Automatica,1990.0,26,4,811-820,10.1016/0005-1098(90)90057-O,"In supervising complex industrial processes, the human supervisor has to reach a certain performance while not exceeding the mental capacity he is willing to spend. A well-designed Human-Machine Interface, HUMIF, will help the supervisor to achieve these goals. A well-proven method of designing systems, particularly HUMIF, is to model system behavior, thus modeling human performance and mental load. This paper reviews the literature in the field of human-machine systems, with special emphases on human operator models and mental load measures. The review is presented in terms of Rasmussen's three level model and integrates the various articles in some well-defined concepts. An attempt is made to elucidate what can be expected of modeling techniques with reference to HUMIF design. © 1990.","human performance; Man-machine systems; mental load; supervisory control; Control Systems; Human Engineering - Performance; Human-Machine Interface, HUMIF; Mental Workload; Systems Science and Cybernetics",ok,0.9998,"[{'domain': 'Human Factors Engineering', 'category': 'Core', 'confidence': 'High', 'evidence_basis': 'Focus on human performance modeling, mental workload, and human-machine interface design in complex systems', 'standard_classification': 'ACM CCS: H.5.2 User Interfaces; UNESCO: 3314.07 Ergonomía'}, {'domain': 'Cognitive Psychology', 'category': 'Core', 'confidence': 'High', 'evidence_basis': 'Emphasis on internal representation, mental models, and cognitive load measurement', 'standard_classification': 'ACM CCS: J.4 Social and Behavioral Sciences; UNESCO: 6106.04 Psicología del Trabajo'}, {'domain': 'Systems Engineering', 'category': 'Secondary', 'confidence': 'Medium', 'evidence_basis': 'Application of modeling techniques to complex industrial processes and supervisory control systems', 'standard_classification': 'ACM CCS: D.2.2 Design Tools and Techniques; UNESCO: 3305.14 Sistemas de Control'}]","{'macro_level': 'Engineering & Technology', 'meso_level': 'Human Factors Engineering / Ergonomics', 'micro_level': 'Human Performance Modeling and Mental Workload Assessment'}","[{'method_domain': 'Cognitive Modeling', 'techniques': [""Rasmussen's three-level model"", 'Mental load measurement', 'Human performance modeling'], 'contribution': 'Integration of various modeling approaches within a unified theoretical framework for HUMIF design'}, {'method_domain': 'Literature Review Synthesis', 'techniques': ['Systematic literature review', 'Conceptual integration', 'Theoretical framework development'], 'contribution': 'Comprehensive review and synthesis of human-machine systems literature with emphasis on operator models'}]","[{'sector': 'Industrial Process Control', 'potential_impact': 'Improved human-machine interface design for complex supervisory control systems', 'implementation_scale': 'Organizational'}, {'sector': 'Human-Computer Interaction', 'potential_impact': 'Enhanced system design methodologies considering human cognitive limitations and performance', 'implementation_scale': 'Cross-sector'}, {'sector': 'Safety-Critical Systems', 'potential_impact': 'Reduced human error and improved system reliability through better interface design', 'implementation_scale': 'Societal'}]","[{'industry_sector': 'Manufacturing', 'relation_type': 'Direct', 'confidence': 'High', 'evidence_basis': ""Explicit mention of 'complex industrial processes' and 'supervisory control'""}, {'industry_sector': 'Energy', 'relation_type': 'Indirect', 'confidence': 'Medium', 'evidence_basis': 'Complex process control applications relevant to power plants and energy systems'}, {'industry_sector': 'Aviation', 'relation_type': 'Indirect', 'confidence': 'Medium', 'evidence_basis': 'Supervisory control applications in aircraft systems and air traffic control'}, {'industry_sector': 'Military/Defense', 'relation_type': 'Indirect', 'confidence': 'Medium', 'evidence_basis': 'Command and control systems requiring complex human supervision'}]","{'cross_disciplinary_score': 'High', 'bridging_domains': ['Psychology', 'Engineering', 'Computer Science'], 'integration_level': 'Theoretical and Applied'}","{'novelty_rating': 'Medium', 'trend_association': 'Early human factors and cognitive engineering research (1990 context), foundational for modern HCI and human-centered AI', 'future_trajectory': 'Evolution into cognitive systems engineering, human-AI collaboration, and adaptive interface design'}","{'analysis_confidence': 'High', 'ambiguity_level': 'Low', 'validation_suggestions': 'Full text review would provide additional methodological details and specific application examples'}","```json
{
  ""primary_domains"": [
    {
      ""domain"": ""Human Factors Engineering"",
      ""category"": ""Core"",
      ""confidence"": ""High"",
      ""evidence_basis"": ""Focus on human performance modeling, mental workload, and human-machine interface design in complex systems"",
      ""standard_classification"": ""ACM CCS: H.5.2 User Interfaces; UNESCO: 3314.07 Ergonomía""
    },
    {
      ""domain"": ""Cognitive Psychology"",
      ""category"": ""Core"",
      ""confidence"": ""High"",
      ""evidence_basis"": ""Emphasis on internal representation, mental models, and cognitive load measurement"",
      ""standard_classification"": ""ACM CCS: J.4 Social and Behavioral Sciences; UNESCO: 6106.04 Psicología del Trabajo""
    },
    {
      ""domain"": ""Systems Engineering"",
      ""category"": ""Secondary"",
      ""confidence"": ""Medium"",
      ""evidence_basis"": ""Application of modeling techniques to complex industrial processes and supervisory control systems"",
      ""standard_classification"": ""ACM CCS: D.2.2 Design Tools and Techniques; UNESCO: 3305.14 Sistemas de Control""
    }
  ],
  ""hierarchical_mapping"": {
    ""macro_level"": ""Engineering & Technology"",
    ""meso_level"": ""Human Factors Engineering / Ergonomics"",
    ""micro_level"": ""Human Performance Modeling and Mental Workload Assessment""
  },
  ""methodological_approaches"": [
    {
      ""method_domain"": ""Cognitive Modeling"",
      ""techniques"": [""Rasmussen's three-level model"", ""Mental load measurement"", ""Human performance modeling""],
      ""contribution"": ""Integration of various modeling approaches within a unified theoretical framework for HUMIF design""
    },
    {
      ""method_domain"": ""Literature Review Synthesis"",
      ""techniques"": [""Systematic literature review"", ""Conceptual integration"", ""Theoretical framework development""],
      ""contribution"": ""Comprehensive review and synthesis of human-machine systems literature with emphasis on operator models""
    }
  ],
  ""application_contexts"": [
    {
      ""sector"": ""Industrial Process Control"",
      ""potential_impact"": ""Improved human-machine interface design for complex supervisory control systems"",
      ""implementation_scale"": ""Organizational""
    },
    {
      ""sector"": ""Human-Computer Interaction"",
      ""potential_impact"": ""Enhanced system design methodologies considering human cognitive limitations and performance"",
      ""implementation_scale"": ""Cross-sector""
    },
    {
      ""sector"": ""Safety-Critical Systems"",
      ""potential_impact"": ""Reduced human error and improved system reliability through better interface design"",
      ""implementation_scale"": ""Societal""
    }
  ],
  ""industry_mapping"": [
    {
      ""industry_sector"": ""Manufacturing"",
      ""relation_type"": ""Direct"",
      ""confidence"": ""High"",
      ""evidence_basis"": ""Explicit mention of 'complex industrial processes' and 'supervisory control'""
    },
    {
      ""industry_sector"": ""Energy"",
      ""relation_type"": ""Indirect"",
      ""confidence"": ""Medium"",
      ""evidence_basis"": ""Complex process control applications relevant to power plants and energy systems""
    },
    {
      ""industry_sector"": ""Aviation"",
      ""relation_type"": ""Indirect"",
      ""confidence"": ""Medium"",
      ""evidence_basis"": ""Supervisory control applications in aircraft systems and air traffic control""
    },
    {
      ""industry_sector"": ""Military/Defense"",
      ""relation_type"": ""Indirect"",
      ""confidence"": ""Medium"",
      ""evidence_basis"": ""Command and control systems requiring complex human supervision""
    }
  ],
  ""interdisciplinary_assessment"": {
    ""cross_disciplinary_score"": ""High"",
    ""bridging_domains"": [""Psychology"", ""Engineering"", ""Computer Science""],
    ""integration_level"": ""Theoretical and Applied""
  },
  ""emerging_field_indicators"": {
    ""novelty_rating"": ""Medium"",
    ""trend_association"": ""Early human factors and cognitive engineering research (1990 context), foundational for modern HCI and human-centered AI"",
    ""future_trajectory"": ""Evolution into cognitive systems engineering, human-AI collaboration, and adaptive interface design""
  },
  ""quality_metrics"": {
    ""analysis_confidence"": ""High"",
    ""ambiguity_level"": ""Low"",
    ""validation_suggestions"": ""Full text review would provide additional methodological details and specific application examples""
  }
}
```"
Predicting user intentions: Comparing the technology acceptance model with the theory of planned behavior,"Mathieson, K.",Information Systems Research,1991.0,2,3,173-191,10.1287/isre.2.3.173,"Information systems (IS) cannot be effective unless they are used. However, people sometimes do not use systems that could potentially increase their performance. This study compares two models that predict an individual's intention to use an IS: the technology acceptance model (TAM) and the theory of planned behavior (TPB). The comparison was designed to be as fair as possible, not favoring one model over the other. Both TAM and TPB predicted intention to use an IS quite well, with TAM having a slight empirical advantage. TAM is easier to apply, but only supplies very general information on users' opinions about a system. TPB provides more specific information that can better guide development. Copyright © 1991, The Institute of Management Sciences.",Laboratory experiment; User acceptance; User attitudes; User behavior; Hardware; Information systems; General information; Laboratory experiments; Specific information; Technology acceptance model; Theory of Planned Behavior; User behaviors; Behavioral research,ok,0.9997,"[{'domain': 'Information Systems', 'category': 'Core', 'confidence': 'High', 'evidence_basis': 'Explicit focus on information systems effectiveness and user acceptance', 'standard_classification': 'ACM CCS: H.4 Information Systems Applications; UNESCO: 5312.04 Sistemas de Información'}, {'domain': 'Behavioral Psychology', 'category': 'Core', 'confidence': 'High', 'evidence_basis': 'Comparison of psychological models (TAM and TPB) predicting user intentions and behavior', 'standard_classification': 'APA: 3020 Social Processes and Social Issues; UNESCO: 6110 Psicología'}, {'domain': 'Human-Computer Interaction', 'category': 'Secondary', 'confidence': 'Medium', 'evidence_basis': 'Focus on user attitudes and acceptance of technology systems', 'standard_classification': 'ACM CCS: H.5.2 User Interfaces; UNESCO: 3304.06 Interacción Persona-Ordenador'}]","{'macro_level': 'Social Sciences & Technology', 'meso_level': 'Information Systems & Behavioral Science', 'micro_level': 'Technology Acceptance and User Behavior Modeling'}","[{'method_domain': 'Experimental Psychology', 'techniques': ['Laboratory Experiment', 'Model Comparison', 'Behavioral Measurement'], 'contribution': 'Comparative evaluation framework for behavioral prediction models'}, {'method_domain': 'Quantitative Social Science', 'techniques': ['Statistical Modeling', 'Intention Prediction', 'Attitude Measurement'], 'contribution': 'Empirical comparison of theoretical models in technology adoption context'}]","[{'sector': 'Information Systems Development', 'potential_impact': 'Improved system design and implementation through better understanding of user acceptance factors', 'implementation_scale': 'Organizational'}, {'sector': 'Technology Adoption', 'potential_impact': 'Enhanced prediction of technology adoption patterns and user behavior', 'implementation_scale': 'Individual/Organizational'}, {'sector': 'System Evaluation', 'potential_impact': 'Better guidance for system development and improvement based on user feedback', 'implementation_scale': 'Organizational'}]","[{'industry_sector': 'Information Systems', 'relation_type': 'Direct', 'confidence': 'High', 'evidence_basis': 'Explicit focus on information systems effectiveness and implementation'}, {'industry_sector': 'Technology Services', 'relation_type': 'Indirect', 'confidence': 'Medium', 'evidence_basis': 'General applicability to technology adoption across service industries'}, {'industry_sector': 'Software Development', 'relation_type': 'Indirect', 'confidence': 'Medium', 'evidence_basis': 'Implications for system design and user acceptance testing'}]","{'cross_disciplinary_score': 'High', 'bridging_domains': ['Psychology', 'Computer Science', 'Management Science'], 'integration_level': 'Theoretical/Methodological'}","{'novelty_rating': 'Medium', 'trend_association': 'Early foundation for technology acceptance research, precursor to UX research', 'future_trajectory': 'Evolution into user experience research, behavioral economics in technology, and predictive analytics for adoption'}","{'analysis_confidence': 'High', 'ambiguity_level': 'Low', 'validation_suggestions': 'Additional context about specific industry applications would enhance industry mapping precision'}","```json
{
  ""primary_domains"": [
    {
      ""domain"": ""Information Systems"",
      ""category"": ""Core"",
      ""confidence"": ""High"",
      ""evidence_basis"": ""Explicit focus on information systems effectiveness and user acceptance"",
      ""standard_classification"": ""ACM CCS: H.4 Information Systems Applications; UNESCO: 5312.04 Sistemas de Información""
    },
    {
      ""domain"": ""Behavioral Psychology"",
      ""category"": ""Core"",
      ""confidence"": ""High"",
      ""evidence_basis"": ""Comparison of psychological models (TAM and TPB) predicting user intentions and behavior"",
      ""standard_classification"": ""APA: 3020 Social Processes and Social Issues; UNESCO: 6110 Psicología""
    },
    {
      ""domain"": ""Human-Computer Interaction"",
      ""category"": ""Secondary"",
      ""confidence"": ""Medium"",
      ""evidence_basis"": ""Focus on user attitudes and acceptance of technology systems"",
      ""standard_classification"": ""ACM CCS: H.5.2 User Interfaces; UNESCO: 3304.06 Interacción Persona-Ordenador""
    }
  ],
  ""hierarchical_mapping"": {
    ""macro_level"": ""Social Sciences & Technology"",
    ""meso_level"": ""Information Systems & Behavioral Science"",
    ""micro_level"": ""Technology Acceptance and User Behavior Modeling""
  },
  ""methodological_approaches"": [
    {
      ""method_domain"": ""Experimental Psychology"",
      ""techniques"": [""Laboratory Experiment"", ""Model Comparison"", ""Behavioral Measurement""],
      ""contribution"": ""Comparative evaluation framework for behavioral prediction models""
    },
    {
      ""method_domain"": ""Quantitative Social Science"",
      ""techniques"": [""Statistical Modeling"", ""Intention Prediction"", ""Attitude Measurement""],
      ""contribution"": ""Empirical comparison of theoretical models in technology adoption context""
    }
  ],
  ""application_contexts"": [
    {
      ""sector"": ""Information Systems Development"",
      ""potential_impact"": ""Improved system design and implementation through better understanding of user acceptance factors"",
      ""implementation_scale"": ""Organizational""
    },
    {
      ""sector"": ""Technology Adoption"",
      ""potential_impact"": ""Enhanced prediction of technology adoption patterns and user behavior"",
      ""implementation_scale"": ""Individual/Organizational""
    },
    {
      ""sector"": ""System Evaluation"",
      ""potential_impact"": ""Better guidance for system development and improvement based on user feedback"",
      ""implementation_scale"": ""Organizational""
    }
  ],
  ""industry_mapping"": [
    {
      ""industry_sector"": ""Information Systems"",
      ""relation_type"": ""Direct"",
      ""confidence"": ""High"",
      ""evidence_basis"": ""Explicit focus on information systems effectiveness and implementation""
    },
    {
      ""industry_sector"": ""Technology Services"",
      ""relation_type"": ""Indirect"",
      ""confidence"": ""Medium"",
      ""evidence_basis"": ""General applicability to technology adoption across service industries""
    },
    {
      ""industry_sector"": ""Software Development"",
      ""relation_type"": ""Indirect"",
      ""confidence"": ""Medium"",
      ""evidence_basis"": ""Implications for system design and user acceptance testing""
    }
  ],
  ""interdisciplinary_assessment"": {
    ""cross_disciplinary_score"": ""High"",
    ""bridging_domains"": [""Psychology"", ""Computer Science"", ""Management Science""],
    ""integration_level"": ""Theoretical/Methodological""
  },
  ""emerging_field_indicators"": {
    ""novelty_rating"": ""Medium"",
    ""trend_association"": ""Early foundation for technology acceptance research, precursor to UX research"",
    ""future_trajectory"": ""Evolution into user experience research, behavioral economics in technology, and predictive analytics for adoption""
  },
  ""quality_metrics"": {
    ""analysis_confidence"": ""High"",
    ""ambiguity_level"": ""Low"",
    ""validation_suggestions"": ""Additional context about specific industry applications would enhance industry mapping precision""
  }
}
```"
Price of flexibility in intelligent interfaces,"Woods, D. D.",Knowledge-Based Systems,1993.0,6,4,189-195,10.1016/0950-7051(93)90011-H,"Flexibility and customizability are central to the perceived advantages of the growth in technological powers. However, these and other vectors of technological change, when used clumsily, create new burdens and complexities for beleaguered human practitioners responsible for achieving goals within some field of activity. 'Intelligent interfaces' are sometimes seen as solutions to the growing demands of highly technological and highly automated fields of activity. However, data from a variety of sources indicates that an exclusively technology-driven approach to the development of intelligent interfaces is likely to provide the illusion of assistance while creating a new layer of burdens and complexities. It is necessary to understand the difference between two types of flexibility in cognitive artifacts: (a) flexibilities that increase practitioners' ranges of adaptive responses to the variability in the field of activity, and (b) flexibilities that simply create new burdens on practitioners, especially at high tempos or high criticality periods. © 1993.",adaptive interfaces; human-computer interaction; intelligent systems,ok,0.9998,"[{'domain': 'Human-Computer Interaction', 'category': 'Core', 'confidence': 'High', 'evidence_basis': ""Explicit mention of 'intelligent interfaces' and focus on human practitioners' interaction with technology"", 'standard_classification': 'ACM CCS: H.5.2 User Interfaces; UNESCO: 120304'}, {'domain': 'Cognitive Systems', 'category': 'Core', 'confidence': 'High', 'evidence_basis': 'Focus on cognitive artifacts, adaptive responses, and human cognition in technological contexts', 'standard_classification': 'ACM CCS: H.1.2 User/Machine Systems; UNESCO: 120317'}, {'domain': 'Human Factors Engineering', 'category': 'Secondary', 'confidence': 'Medium', 'evidence_basis': 'Analysis of human burdens and complexities in high-tempo, high-criticality environments', 'standard_classification': 'ACM CCS: H.5.m Miscellaneous; UNESCO: 330806'}]","{'macro_level': 'Engineering & Technology', 'meso_level': 'Computer Science', 'micro_level': 'Human-Computer Interaction & Adaptive Interfaces'}","[{'method_domain': 'Human-Centered Design Research', 'techniques': ['Empirical data analysis', 'Field observation', 'Cognitive task analysis'], 'contribution': 'Conceptual framework for differentiating beneficial vs. burdensome flexibility in interfaces'}, {'method_domain': 'Systems Analysis', 'techniques': ['Complexity analysis', 'Workload assessment', 'Adaptive response measurement'], 'contribution': 'Taxonomy of flexibility types in cognitive artifacts'}]","[{'sector': 'Decision Support Systems', 'potential_impact': 'Improved design of intelligent interfaces for high-stakes environments', 'implementation_scale': 'Organizational'}, {'sector': 'Human-Machine Systems', 'potential_impact': 'Reduction of cognitive burdens in complex technological environments', 'implementation_scale': 'Individual'}, {'sector': 'Safety-Critical Systems', 'potential_impact': 'Enhanced reliability and reduced error rates in high-criticality operations', 'implementation_scale': 'Societal'}]","[{'industry_sector': 'Aviation', 'relation_type': 'Indirect', 'confidence': 'Medium', 'evidence_basis': 'Mentions high tempos and high criticality periods typical of aviation operations'}, {'industry_sector': 'Military/Defense', 'relation_type': 'Indirect', 'confidence': 'Medium', 'evidence_basis': 'References to high-criticality periods and adaptive response requirements'}, {'industry_sector': 'Healthcare', 'relation_type': 'Indirect', 'confidence': 'Medium', 'evidence_basis': 'Mentions beleaguered human practitioners in critical decision-making contexts'}, {'industry_sector': 'Information Systems', 'relation_type': 'Direct', 'confidence': 'High', 'evidence_basis': 'Direct focus on intelligent interfaces and human-computer interaction'}]","{'cross_disciplinary_score': 'High', 'bridging_domains': ['Computer Science', 'Cognitive Psychology', 'Human Factors Engineering'], 'integration_level': 'Theoretical and Applied'}","{'novelty_rating': 'High', 'trend_association': 'Early work in adaptive interfaces and intelligent systems (1993 context)', 'future_trajectory': 'Pioneering research that anticipated current challenges in AI-human interaction and adaptive systems'}","{'analysis_confidence': 'High', 'ambiguity_level': 'Low', 'validation_suggestions': 'Full text review would provide additional methodological details and specific application contexts'}","```json
{
  ""primary_domains"": [
    {
      ""domain"": ""Human-Computer Interaction"",
      ""category"": ""Core"",
      ""confidence"": ""High"",
      ""evidence_basis"": ""Explicit mention of 'intelligent interfaces' and focus on human practitioners' interaction with technology"",
      ""standard_classification"": ""ACM CCS: H.5.2 User Interfaces; UNESCO: 120304""
    },
    {
      ""domain"": ""Cognitive Systems"",
      ""category"": ""Core"",
      ""confidence"": ""High"",
      ""evidence_basis"": ""Focus on cognitive artifacts, adaptive responses, and human cognition in technological contexts"",
      ""standard_classification"": ""ACM CCS: H.1.2 User/Machine Systems; UNESCO: 120317""
    },
    {
      ""domain"": ""Human Factors Engineering"",
      ""category"": ""Secondary"",
      ""confidence"": ""Medium"",
      ""evidence_basis"": ""Analysis of human burdens and complexities in high-tempo, high-criticality environments"",
      ""standard_classification"": ""ACM CCS: H.5.m Miscellaneous; UNESCO: 330806""
    }
  ],
  ""hierarchical_mapping"": {
    ""macro_level"": ""Engineering & Technology"",
    ""meso_level"": ""Computer Science"",
    ""micro_level"": ""Human-Computer Interaction & Adaptive Interfaces""
  },
  ""methodological_approaches"": [
    {
      ""method_domain"": ""Human-Centered Design Research"",
      ""techniques"": [""Empirical data analysis"", ""Field observation"", ""Cognitive task analysis""],
      ""contribution"": ""Conceptual framework for differentiating beneficial vs. burdensome flexibility in interfaces""
    },
    {
      ""method_domain"": ""Systems Analysis"",
      ""techniques"": [""Complexity analysis"", ""Workload assessment"", ""Adaptive response measurement""],
      ""contribution"": ""Taxonomy of flexibility types in cognitive artifacts""
    }
  ],
  ""application_contexts"": [
    {
      ""sector"": ""Decision Support Systems"",
      ""potential_impact"": ""Improved design of intelligent interfaces for high-stakes environments"",
      ""implementation_scale"": ""Organizational""
    },
    {
      ""sector"": ""Human-Machine Systems"",
      ""potential_impact"": ""Reduction of cognitive burdens in complex technological environments"",
      ""implementation_scale"": ""Individual""
    },
    {
      ""sector"": ""Safety-Critical Systems"",
      ""potential_impact"": ""Enhanced reliability and reduced error rates in high-criticality operations"",
      ""implementation_scale"": ""Societal""
    }
  ],
  ""industry_mapping"": [
    {
      ""industry_sector"": ""Aviation"",
      ""relation_type"": ""Indirect"",
      ""confidence"": ""Medium"",
      ""evidence_basis"": ""Mentions high tempos and high criticality periods typical of aviation operations""
    },
    {
      ""industry_sector"": ""Military/Defense"",
      ""relation_type"": ""Indirect"",
      ""confidence"": ""Medium"",
      ""evidence_basis"": ""References to high-criticality periods and adaptive response requirements""
    },
    {
      ""industry_sector"": ""Healthcare"",
      ""relation_type"": ""Indirect"",
      ""confidence"": ""Medium"",
      ""evidence_basis"": ""Mentions beleaguered human practitioners in critical decision-making contexts""
    },
    {
      ""industry_sector"": ""Information Systems"",
      ""relation_type"": ""Direct"",
      ""confidence"": ""High"",
      ""evidence_basis"": ""Direct focus on intelligent interfaces and human-computer interaction""
    }
  ],
  ""interdisciplinary_assessment"": {
    ""cross_disciplinary_score"": ""High"",
    ""bridging_domains"": [""Computer Science"", ""Cognitive Psychology"", ""Human Factors Engineering""],
    ""integration_level"": ""Theoretical and Applied""
  },
  ""emerging_field_indicators"": {
    ""novelty_rating"": ""High"",
    ""trend_association"": ""Early work in adaptive interfaces and intelligent systems (1993 context)"",
    ""future_trajectory"": ""Pioneering research that anticipated current challenges in AI-human interaction and adaptive systems""
  },
  ""quality_metrics"": {
    ""analysis_confidence"": ""High"",
    ""ambiguity_level"": ""Low"",
    ""validation_suggestions"": ""Full text review would provide additional methodological details and specific application contexts""
  }
}
```"
NEW BREAKTHROUGHS OR DEAD-ENDS,"Boden, M. A.",Philosophical Transactions of the Royal Society a-Mathematical Physical and Engineering Sciences,1994.0,349,1689,1-13,10.1098/rsta.1994.0109,"Artificial intelligence (AI), at its inception, offered new concepts for formulating psychological theories and a new methodology for testing them. It also promised an 'existence proof' that intelligence could be implemented in a physical system. These promises are still controversial, both in AI and in philosophy. Some researchers favour connectionism, a form of AI that has blossomed relatively recently. Others believe 'classical' AI insights are needed to model many types of human thinking. Some eschew classical AI (and the associated frame problem) in favour of robots 'embedded' in the real world. Similarly, some reject functionalist interpretations of Al, arguing that intentionality cannot be grounded in syntactic and/or simulated and/or non-evolved systems. Consciousness is highly problematic: many doubt that any computational (or even scientific) account could explain it. The papers presented at this Royal Society/British Academy meeting explore these issues. Even without dead-ends, the routes taken in AI accounts of the mind may lead in unexpected directions.",connectionism; Science & Technology - Other Topics,ok,0.9998,"[{'domain': 'Cognitive Science', 'category': 'Core', 'confidence': 'High', 'evidence_basis': 'Paper explicitly discusses AI modeling of human thinking, consciousness, and psychological theories', 'standard_classification': 'UNESCO 6106.01: Cognitive Science; ACM J.4: SOCIAL AND BEHAVIORAL SCIENCES'}, {'domain': 'Philosophy of Mind', 'category': 'Core', 'confidence': 'High', 'evidence_basis': 'Discusses intentionality, functionalist interpretations, and whether computational accounts can explain consciousness', 'standard_classification': 'UNESCO 7202.03: Philosophy of Mind; ACM K.4.1: Public Policy Issues'}, {'domain': 'Artificial Intelligence', 'category': 'Core', 'confidence': 'High', 'evidence_basis': 'Focuses on AI methodologies (connectionism vs classical AI), frame problem, and computational approaches', 'standard_classification': 'UNESCO 1203.04: Artificial Intelligence; ACM I.2.0: ARTIFICIAL INTELLIGENCE'}]","{'macro_level': 'Interdisciplinary Studies', 'meso_level': 'Cognitive Science', 'micro_level': 'Philosophical Foundations of AI and Cognitive Modeling'}","[{'method_domain': 'Theoretical Analysis', 'techniques': ['Conceptual analysis', 'Philosophical argumentation', 'Theoretical comparison'], 'contribution': 'Comparative analysis of competing AI paradigms (connectionism vs classical AI) and their philosophical foundations'}, {'method_domain': 'Computational Modeling', 'techniques': ['AI simulation', 'Robotic embodiment', 'Connectionist networks'], 'contribution': 'Exploration of different computational approaches to modeling human cognition and intelligence'}]","[{'sector': 'Theoretical Research', 'potential_impact': 'Advances fundamental understanding of intelligence, consciousness, and cognitive processes', 'implementation_scale': 'Societal'}, {'sector': 'Psychological Research', 'potential_impact': 'Provides new methodologies for formulating and testing psychological theories', 'implementation_scale': 'Organizational'}]","[{'industry_sector': 'Research & Development', 'relation_type': 'Direct', 'confidence': 'High', 'evidence_basis': 'Explicit focus on scientific research methodologies and theoretical development'}, {'industry_sector': 'Information Systems', 'relation_type': 'Indirect', 'confidence': 'Medium', 'evidence_basis': 'AI research has implications for information processing systems and intelligent systems development'}]","{'cross_disciplinary_score': 'High', 'bridging_domains': ['Computer Science', 'Psychology', 'Philosophy', 'Cognitive Science'], 'integration_level': 'Theoretical and Methodological'}","{'novelty_rating': 'Medium', 'trend_association': 'AI ethics, embodied cognition, philosophy of AI, consciousness studies', 'future_trajectory': 'Continued integration of computational approaches with philosophical and psychological theories of mind'}","{'analysis_confidence': 'High', 'ambiguity_level': 'Low', 'validation_suggestions': 'Full paper text would provide additional context on specific AI methodologies and philosophical arguments discussed'}","```json
{
  ""primary_domains"": [
    {
      ""domain"": ""Cognitive Science"",
      ""category"": ""Core"",
      ""confidence"": ""High"",
      ""evidence_basis"": ""Paper explicitly discusses AI modeling of human thinking, consciousness, and psychological theories"",
      ""standard_classification"": ""UNESCO 6106.01: Cognitive Science; ACM J.4: SOCIAL AND BEHAVIORAL SCIENCES""
    },
    {
      ""domain"": ""Philosophy of Mind"",
      ""category"": ""Core"",
      ""confidence"": ""High"",
      ""evidence_basis"": ""Discusses intentionality, functionalist interpretations, and whether computational accounts can explain consciousness"",
      ""standard_classification"": ""UNESCO 7202.03: Philosophy of Mind; ACM K.4.1: Public Policy Issues""
    },
    {
      ""domain"": ""Artificial Intelligence"",
      ""category"": ""Core"",
      ""confidence"": ""High"",
      ""evidence_basis"": ""Focuses on AI methodologies (connectionism vs classical AI), frame problem, and computational approaches"",
      ""standard_classification"": ""UNESCO 1203.04: Artificial Intelligence; ACM I.2.0: ARTIFICIAL INTELLIGENCE""
    }
  ],
  ""hierarchical_mapping"": {
    ""macro_level"": ""Interdisciplinary Studies"",
    ""meso_level"": ""Cognitive Science"",
    ""micro_level"": ""Philosophical Foundations of AI and Cognitive Modeling""
  },
  ""methodological_approaches"": [
    {
      ""method_domain"": ""Theoretical Analysis"",
      ""techniques"": [""Conceptual analysis"", ""Philosophical argumentation"", ""Theoretical comparison""],
      ""contribution"": ""Comparative analysis of competing AI paradigms (connectionism vs classical AI) and their philosophical foundations""
    },
    {
      ""method_domain"": ""Computational Modeling"",
      ""techniques"": [""AI simulation"", ""Robotic embodiment"", ""Connectionist networks""],
      ""contribution"": ""Exploration of different computational approaches to modeling human cognition and intelligence""
    }
  ],
  ""application_contexts"": [
    {
      ""sector"": ""Theoretical Research"",
      ""potential_impact"": ""Advances fundamental understanding of intelligence, consciousness, and cognitive processes"",
      ""implementation_scale"": ""Societal""
    },
    {
      ""sector"": ""Psychological Research"",
      ""potential_impact"": ""Provides new methodologies for formulating and testing psychological theories"",
      ""implementation_scale"": ""Organizational""
    }
  ],
  ""industry_mapping"": [
    {
      ""industry_sector"": ""Research & Development"",
      ""relation_type"": ""Direct"",
      ""confidence"": ""High"",
      ""evidence_basis"": ""Explicit focus on scientific research methodologies and theoretical development""
    },
    {
      ""industry_sector"": ""Information Systems"",
      ""relation_type"": ""Indirect"",
      ""confidence"": ""Medium"",
      ""evidence_basis"": ""AI research has implications for information processing systems and intelligent systems development""
    }
  ],
  ""interdisciplinary_assessment"": {
    ""cross_disciplinary_score"": ""High"",
    ""bridging_domains"": [""Computer Science"", ""Psychology"", ""Philosophy"", ""Cognitive Science""],
    ""integration_level"": ""Theoretical and Methodological""
  },
  ""emerging_field_indicators"": {
    ""novelty_rating"": ""Medium"",
    ""trend_association"": ""AI ethics, embodied cognition, philosophy of AI, consciousness studies"",
    ""future_trajectory"": ""Continued integration of computational approaches with philosophical and psychological theories of mind""
  },
  ""quality_metrics"": {
    ""analysis_confidence"": ""High"",
    ""ambiguity_level"": ""Low"",
    ""validation_suggestions"": ""Full paper text would provide additional context on specific AI methodologies and philosophical arguments discussed""
  }
}
```"
"Human-Computer Cooperative Problem Solving: Theory, Design, and Evaluation of an Intelligent Associate System","Jones, P. M.; Mitchell, C. M.","IEEE Transactions on Systems, Man, and Cybernetics",1995.0,25,7,1039-1053,10.1109/21.391286,"One approach to aiding the human supervisory controller of a complex dynamic system is to provide an intelligent operator's associate. We propose a prescriptive theory of human-computer cooperative problem solving and describes the design and evaluation of a prototype system based on the theory. The theory consists of five principles: human-in-charge, mutual intelligibility, openness and honesty, management of trouble, and multiple perspectives. A prototype intelligent associate system, the Georgia Tech Mission Operations Cooperative Assistant (GT-MOCA), is an embodiment of these principles that provides a collection of context-sensitive resources for the human operator of a simulated satellite ground control system. These resources include an interactive visualization of current activities, an organized message lists of important events, and interactive graphics depicting the current state of the controlled system. An evaluation study utilizing actual NASA satellite ground controllers showed that GT-MOCA was perceived to be useful and provided performance benefits for certain portions of the control task. © 1995 IEEE",Computer architecture; Computer graphics; Computer software; Computer vision; Decision support systems; Evaluation; Performance; Problem solving; SCADA systems; User interfaces; Context sensitive resources; Human computer cooperative problem solving; Intelligent associate system; Principles; Satellite ground control system; Knowledge based systems,ok,0.9997,"[{'domain': 'Human-Computer Interaction', 'category': 'Core', 'confidence': 'High', 'evidence_basis': 'Focus on human-computer cooperative problem solving, interface design, and user evaluation with actual operators', 'standard_classification': 'ACM CCS: H.5.2 User Interfaces; H.1.2 User/Machine Systems'}, {'domain': 'Artificial Intelligence', 'category': 'Core', 'confidence': 'High', 'evidence_basis': 'Intelligent associate system, knowledge-based systems, context-sensitive resources, and cooperative problem solving', 'standard_classification': 'ACM CCS: I.2.1 Applications and Expert Systems; I.2.6 Problem Solving'}, {'domain': 'Systems Engineering', 'category': 'Secondary', 'confidence': 'Medium', 'evidence_basis': 'Complex dynamic systems, supervisory control, SCADA systems, and satellite ground control applications', 'standard_classification': 'UNESCO: 3307 Tecnología Electrónica; 3310.11 Sistemas de Control'}]","{'macro_level': 'Engineering & Technology', 'meso_level': 'Computer Science', 'micro_level': 'Human-Computer Cooperative Problem Solving'}","[{'method_domain': 'Design Science Research', 'techniques': ['Prototype development', 'Theory formulation', 'System evaluation'], 'contribution': 'Prescriptive theory development with embodied system implementation and empirical validation'}, {'method_domain': 'Human Factors Engineering', 'techniques': ['User interface design', 'Interactive visualization', 'Context-sensitive resource design'], 'contribution': 'Integration of human factors principles into intelligent system design'}, {'method_domain': 'Evaluation Research', 'techniques': ['Performance assessment', 'User perception studies', 'Task-based evaluation'], 'contribution': 'Empirical evaluation with domain experts (NASA satellite controllers)'}]","[{'sector': 'Aerospace Operations', 'potential_impact': 'Enhanced supervisory control and decision support for complex space mission operations', 'implementation_scale': 'Organizational'}, {'sector': 'Industrial Control Systems', 'potential_impact': 'Improved human supervision of complex dynamic systems across various industries', 'implementation_scale': 'Cross-sector'}, {'sector': 'Decision Support Systems', 'potential_impact': 'Advanced cooperative problem solving in high-stakes operational environments', 'implementation_scale': 'Organizational'}]","[{'industry_sector': 'Aerospace & Aviation', 'relation_type': 'Direct', 'confidence': 'High', 'evidence_basis': 'Explicit mention of NASA satellite ground controllers and satellite ground control system'}, {'industry_sector': 'Industrial Automation', 'relation_type': 'Direct', 'confidence': 'High', 'evidence_basis': 'SCADA systems mentioned in keywords, complex dynamic system supervision'}, {'industry_sector': 'Defense & Military', 'relation_type': 'Indirect', 'confidence': 'Medium', 'evidence_basis': 'Mission operations context and complex control systems have defense applications'}, {'industry_sector': 'Energy & Utilities', 'relation_type': 'Indirect', 'confidence': 'Medium', 'evidence_basis': 'SCADA systems and supervisory control applications in energy infrastructure'}]","{'cross_disciplinary_score': 'High', 'bridging_domains': ['Computer Science', 'Cognitive Psychology', 'Systems Engineering', 'Human Factors'], 'integration_level': 'Theoretical and Applied'}","{'novelty_rating': 'High', 'trend_association': 'Early work in human-AI collaboration, intelligent assistants, and cooperative problem solving', 'future_trajectory': 'Foundational for modern human-AI teaming, collaborative systems, and intelligent decision support'}","{'analysis_confidence': 'High', 'ambiguity_level': 'Low', 'validation_suggestions': 'Additional context about specific NASA mission operations and detailed system architecture would enhance validation'}","```json
{
  ""primary_domains"": [
    {
      ""domain"": ""Human-Computer Interaction"",
      ""category"": ""Core"",
      ""confidence"": ""High"",
      ""evidence_basis"": ""Focus on human-computer cooperative problem solving, interface design, and user evaluation with actual operators"",
      ""standard_classification"": ""ACM CCS: H.5.2 User Interfaces; H.1.2 User/Machine Systems""
    },
    {
      ""domain"": ""Artificial Intelligence"",
      ""category"": ""Core"",
      ""confidence"": ""High"",
      ""evidence_basis"": ""Intelligent associate system, knowledge-based systems, context-sensitive resources, and cooperative problem solving"",
      ""standard_classification"": ""ACM CCS: I.2.1 Applications and Expert Systems; I.2.6 Problem Solving""
    },
    {
      ""domain"": ""Systems Engineering"",
      ""category"": ""Secondary"",
      ""confidence"": ""Medium"",
      ""evidence_basis"": ""Complex dynamic systems, supervisory control, SCADA systems, and satellite ground control applications"",
      ""standard_classification"": ""UNESCO: 3307 Tecnología Electrónica; 3310.11 Sistemas de Control""
    }
  ],
  ""hierarchical_mapping"": {
    ""macro_level"": ""Engineering & Technology"",
    ""meso_level"": ""Computer Science"",
    ""micro_level"": ""Human-Computer Cooperative Problem Solving""
  },
  ""methodological_approaches"": [
    {
      ""method_domain"": ""Design Science Research"",
      ""techniques"": [""Prototype development"", ""Theory formulation"", ""System evaluation""],
      ""contribution"": ""Prescriptive theory development with embodied system implementation and empirical validation""
    },
    {
      ""method_domain"": ""Human Factors Engineering"",
      ""techniques"": [""User interface design"", ""Interactive visualization"", ""Context-sensitive resource design""],
      ""contribution"": ""Integration of human factors principles into intelligent system design""
    },
    {
      ""method_domain"": ""Evaluation Research"",
      ""techniques"": [""Performance assessment"", ""User perception studies"", ""Task-based evaluation""],
      ""contribution"": ""Empirical evaluation with domain experts (NASA satellite controllers)""
    }
  ],
  ""application_contexts"": [
    {
      ""sector"": ""Aerospace Operations"",
      ""potential_impact"": ""Enhanced supervisory control and decision support for complex space mission operations"",
      ""implementation_scale"": ""Organizational""
    },
    {
      ""sector"": ""Industrial Control Systems"",
      ""potential_impact"": ""Improved human supervision of complex dynamic systems across various industries"",
      ""implementation_scale"": ""Cross-sector""
    },
    {
      ""sector"": ""Decision Support Systems"",
      ""potential_impact"": ""Advanced cooperative problem solving in high-stakes operational environments"",
      ""implementation_scale"": ""Organizational""
    }
  ],
  ""industry_mapping"": [
    {
      ""industry_sector"": ""Aerospace & Aviation"",
      ""relation_type"": ""Direct"",
      ""confidence"": ""High"",
      ""evidence_basis"": ""Explicit mention of NASA satellite ground controllers and satellite ground control system""
    },
    {
      ""industry_sector"": ""Industrial Automation"",
      ""relation_type"": ""Direct"",
      ""confidence"": ""High"",
      ""evidence_basis"": ""SCADA systems mentioned in keywords, complex dynamic system supervision""
    },
    {
      ""industry_sector"": ""Defense & Military"",
      ""relation_type"": ""Indirect"",
      ""confidence"": ""Medium"",
      ""evidence_basis"": ""Mission operations context and complex control systems have defense applications""
    },
    {
      ""industry_sector"": ""Energy & Utilities"",
      ""relation_type"": ""Indirect"",
      ""confidence"": ""Medium"",
      ""evidence_basis"": ""SCADA systems and supervisory control applications in energy infrastructure""
    }
  ],
  ""interdisciplinary_assessment"": {
    ""cross_disciplinary_score"": ""High"",
    ""bridging_domains"": [""Computer Science"", ""Cognitive Psychology"", ""Systems Engineering"", ""Human Factors""],
    ""integration_level"": ""Theoretical and Applied""
  },
  ""emerging_field_indicators"": {
    ""novelty_rating"": ""High"",
    ""trend_association"": ""Early work in human-AI collaboration, intelligent assistants, and cooperative problem solving"",
    ""future_trajectory"": ""Foundational for modern human-AI teaming, collaborative systems, and intelligent decision support""
  },
  ""quality_metrics"": {
    ""analysis_confidence"": ""High"",
    ""ambiguity_level"": ""Low"",
    ""validation_suggestions"": ""Additional context about specific NASA mission operations and detailed system architecture would enhance validation""
  }
}
```"
"Fodor, functions, physics, and fantasyland: Is AI a Mickey Mouse discipline?","Green, C. D.",Journal of Experimental & Theoretical Artificial Intelligence,1996.0,8,1,95-106,10.1080/09528139650042565,"It is widely held that the methods of AI are the appropriate methods for cognitive science. Fodor, however, has argued that AI bears the same relation to psychology as Disneyland does to physics. This claim is examined in light of the widespread but paradoxical acceptance of the Turing Test-a behavioural criterion of intelligence-among advocates of cognitivism. It is argued that, given the recalcitrance of certain deep conceptual problems in psychology, and disagreements concerning psychology's basic vocabulary, it is unlikely that AI will prove to be very psychologically enlightening until some consensus on ontological issues in psychology is achieved.",artificial intelligence; functionalism; methodology; cognitive science; Computer Science,ok,0.9997,"[{'domain': 'Philosophy of Cognitive Science', 'category': 'Core', 'confidence': 'High', 'evidence_basis': ""Examination of Fodor's arguments about AI's relation to psychology, conceptual problems in psychology"", 'standard_classification': 'UNESCO 72 - Philosophy; ACM H.1.2 - User/Machine Systems'}, {'domain': 'Artificial Intelligence Foundations', 'category': 'Core', 'confidence': 'High', 'evidence_basis': ""Direct discussion of AI methods, Turing Test, and AI's role in cognitive science"", 'standard_classification': 'UNESCO 12 - Computer Science; ACM I.2.0 - Artificial Intelligence'}, {'domain': 'Theoretical Psychology', 'category': 'Secondary', 'confidence': 'Medium', 'evidence_basis': ""Analysis of psychology's basic vocabulary, ontological issues, and conceptual problems"", 'standard_classification': 'UNESCO 61 - Psychology; ACM J.4 - Social and Behavioral Sciences'}]","{'macro_level': 'Interdisciplinary Studies', 'meso_level': 'Cognitive Science', 'micro_level': 'Philosophical Foundations of AI and Cognitive Science'}","[{'method_domain': 'Philosophical Analysis', 'techniques': ['Conceptual analysis', 'Argument evaluation', 'Metaphorical reasoning'], 'contribution': 'Critical examination of methodological assumptions in AI and cognitive science'}, {'method_domain': 'Theoretical Critique', 'techniques': ['Comparative analysis', 'Paradigm evaluation', 'Ontological assessment'], 'contribution': 'Assessment of disciplinary boundaries and methodological appropriateness'}]","[{'sector': 'Academic Research', 'potential_impact': 'Influences methodological approaches in cognitive science and AI research', 'implementation_scale': 'Organizational'}, {'sector': 'Theoretical Foundations', 'potential_impact': 'Shapes fundamental understanding of intelligence and cognition', 'implementation_scale': 'Societal'}]","[{'industry_sector': 'Information Systems', 'relation_type': 'Indirect', 'confidence': 'Medium', 'evidence_basis': 'AI methodologies discussed have implications for information processing systems'}, {'industry_sector': 'Education', 'relation_type': 'Indirect', 'confidence': 'Low', 'evidence_basis': 'Theoretical foundations could influence educational approaches to cognitive science'}]","{'cross_disciplinary_score': 'High', 'bridging_domains': ['Philosophy', 'Computer Science', 'Psychology'], 'integration_level': 'Theoretical'}","{'novelty_rating': 'Medium', 'trend_association': 'Philosophy of AI, Foundations of Cognitive Science', 'future_trajectory': 'Continued interdisciplinary dialogue between philosophy, AI, and cognitive science'}","{'analysis_confidence': 'High', 'ambiguity_level': 'Medium (due to philosophical/metaphorical nature)', 'validation_suggestions': 'Full text analysis would provide better context for methodological and application assessments'}","```json
{
  ""primary_domains"": [
    {
      ""domain"": ""Philosophy of Cognitive Science"",
      ""category"": ""Core"",
      ""confidence"": ""High"",
      ""evidence_basis"": ""Examination of Fodor's arguments about AI's relation to psychology, conceptual problems in psychology"",
      ""standard_classification"": ""UNESCO 72 - Philosophy; ACM H.1.2 - User/Machine Systems""
    },
    {
      ""domain"": ""Artificial Intelligence Foundations"",
      ""category"": ""Core"",
      ""confidence"": ""High"",
      ""evidence_basis"": ""Direct discussion of AI methods, Turing Test, and AI's role in cognitive science"",
      ""standard_classification"": ""UNESCO 12 - Computer Science; ACM I.2.0 - Artificial Intelligence""
    },
    {
      ""domain"": ""Theoretical Psychology"",
      ""category"": ""Secondary"",
      ""confidence"": ""Medium"",
      ""evidence_basis"": ""Analysis of psychology's basic vocabulary, ontological issues, and conceptual problems"",
      ""standard_classification"": ""UNESCO 61 - Psychology; ACM J.4 - Social and Behavioral Sciences""
    }
  ],
  ""hierarchical_mapping"": {
    ""macro_level"": ""Interdisciplinary Studies"",
    ""meso_level"": ""Cognitive Science"",
    ""micro_level"": ""Philosophical Foundations of AI and Cognitive Science""
  },
  ""methodological_approaches"": [
    {
      ""method_domain"": ""Philosophical Analysis"",
      ""techniques"": [""Conceptual analysis"", ""Argument evaluation"", ""Metaphorical reasoning""],
      ""contribution"": ""Critical examination of methodological assumptions in AI and cognitive science""
    },
    {
      ""method_domain"": ""Theoretical Critique"",
      ""techniques"": [""Comparative analysis"", ""Paradigm evaluation"", ""Ontological assessment""],
      ""contribution"": ""Assessment of disciplinary boundaries and methodological appropriateness""
    }
  ],
  ""application_contexts"": [
    {
      ""sector"": ""Academic Research"",
      ""potential_impact"": ""Influences methodological approaches in cognitive science and AI research"",
      ""implementation_scale"": ""Organizational""
    },
    {
      ""sector"": ""Theoretical Foundations"",
      ""potential_impact"": ""Shapes fundamental understanding of intelligence and cognition"",
      ""implementation_scale"": ""Societal""
    }
  ],
  ""industry_mapping"": [
    {
      ""industry_sector"": ""Information Systems"",
      ""relation_type"": ""Indirect"",
      ""confidence"": ""Medium"",
      ""evidence_basis"": ""AI methodologies discussed have implications for information processing systems""
    },
    {
      ""industry_sector"": ""Education"",
      ""relation_type"": ""Indirect"",
      ""confidence"": ""Low"",
      ""evidence_basis"": ""Theoretical foundations could influence educational approaches to cognitive science""
    }
  ],
  ""interdisciplinary_assessment"": {
    ""cross_disciplinary_score"": ""High"",
    ""bridging_domains"": [""Philosophy"", ""Computer Science"", ""Psychology""],
    ""integration_level"": ""Theoretical""
  },
  ""emerging_field_indicators"": {
    ""novelty_rating"": ""Medium"",
    ""trend_association"": ""Philosophy of AI, Foundations of Cognitive Science"",
    ""future_trajectory"": ""Continued interdisciplinary dialogue between philosophy, AI, and cognitive science""
  },
  ""quality_metrics"": {
    ""analysis_confidence"": ""High"",
    ""ambiguity_level"": ""Medium (due to philosophical/metaphorical nature)"",
    ""validation_suggestions"": ""Full text analysis would provide better context for methodological and application assessments""
  }
}
```"
Human interaction with technology: The accidental user,"Marsden, P.; Hollnagel, E.",Acta Psychologica,1996.0,91,3 SPEC. ISS.,345-358,10.1016/0001-6918(95)00061-5,"Information technology is part of a growing number of applications in work and everyday life. It seems inevitable that the average person soon will have to interact with information technology in many ways, even when there is no desire to do so. Examples include finding a book in a library, personal financial transactions, the health sector, traffic and transportation, process control, etc. People who in this way are forced to interact with information technology shall be called accidental users. The accidental user poses a particular challenge to the design of technological artefacts because the disciplines of dealing with human-machine interaction are predicated on the assumption that users are motivated and have a minimum level of knowledge and skills. In particular, models of 'human error' and human reliability implicitly assume that users are benign and only fail as anticipated by designers. In this paper we investigate the extent to which current models of human erroneous actions and cognitive reliability can be used to account for interactions between accidental users and technology.",Human error model; Human reliability; System design; Attitude to Computers; Computer Literacy; Computer Systems; Computer User Training; Humans; Information Services; Motivation; article; computer system; human; human computer interaction; information service,ok,0.9997,"[{'domain': 'Human-Computer Interaction', 'category': 'Core', 'confidence': 'High', 'evidence_basis': 'Direct focus on human interaction with technology and design of technological artefacts', 'standard_classification': 'CCS → Human-centered computing → Human computer interaction (HCI)'}, {'domain': 'Cognitive Psychology', 'category': 'Core', 'confidence': 'High', 'evidence_basis': 'Examination of human erroneous actions, cognitive reliability, and user motivation', 'standard_classification': 'UNESCO 6106.04 → Psicología Cognitiva'}, {'domain': 'Systems Engineering', 'category': 'Secondary', 'confidence': 'Medium', 'evidence_basis': 'Focus on system design and reliability models in technological contexts', 'standard_classification': 'CCS → Hardware → System on a chip → System-level design'}]","{'macro_level': 'Engineering & Technology', 'meso_level': 'Computer Science', 'micro_level': 'Human-Computer Interaction with focus on accidental users'}","[{'method_domain': 'Cognitive Modeling', 'techniques': ['Human error modeling', 'Cognitive reliability analysis', 'User behavior analysis'], 'contribution': 'Adaptation of existing error models to accidental user contexts'}, {'method_domain': 'Design Science', 'techniques': ['Artefact design evaluation', 'System usability assessment'], 'contribution': 'Critical examination of design assumptions for non-motivated users'}]","[{'sector': 'Technology System Design', 'potential_impact': 'Improved design for users with low motivation and computer literacy', 'implementation_scale': 'Societal'}, {'sector': 'Public Service Systems', 'potential_impact': 'Enhanced accessibility and usability in essential services', 'implementation_scale': 'Organizational'}]","[{'industry_sector': 'Information Systems', 'relation_type': 'Direct', 'confidence': 'High', 'evidence_basis': 'Core focus on information technology applications and services'}, {'industry_sector': 'Healthcare', 'relation_type': 'Indirect', 'confidence': 'Medium', 'evidence_basis': 'Mentioned in abstract as application area for health sector'}, {'industry_sector': 'Finance', 'relation_type': 'Indirect', 'confidence': 'Medium', 'evidence_basis': 'Reference to personal financial transactions in abstract'}, {'industry_sector': 'Transportation', 'relation_type': 'Indirect', 'confidence': 'Medium', 'evidence_basis': 'Traffic and transportation mentioned as application context'}, {'industry_sector': 'Education', 'relation_type': 'Indirect', 'confidence': 'Low', 'evidence_basis': 'Library context mentioned, implying educational settings'}]","{'cross_disciplinary_score': 'High', 'bridging_domains': ['Computer Science', 'Psychology', 'Industrial Design'], 'integration_level': 'Theoretical and Applied'}","{'novelty_rating': 'Medium', 'trend_association': 'Inclusive design, accessibility research, human-centered AI', 'future_trajectory': 'Growing importance with increasing technology penetration in daily life'}","{'analysis_confidence': 'High', 'ambiguity_level': 'Low', 'validation_suggestions': 'Full text review would provide deeper methodological details and specific case studies'}","```json
{
  ""primary_domains"": [
    {
      ""domain"": ""Human-Computer Interaction"",
      ""category"": ""Core"",
      ""confidence"": ""High"",
      ""evidence_basis"": ""Direct focus on human interaction with technology and design of technological artefacts"",
      ""standard_classification"": ""CCS → Human-centered computing → Human computer interaction (HCI)""
    },
    {
      ""domain"": ""Cognitive Psychology"",
      ""category"": ""Core"",
      ""confidence"": ""High"",
      ""evidence_basis"": ""Examination of human erroneous actions, cognitive reliability, and user motivation"",
      ""standard_classification"": ""UNESCO 6106.04 → Psicología Cognitiva""
    },
    {
      ""domain"": ""Systems Engineering"",
      ""category"": ""Secondary"",
      ""confidence"": ""Medium"",
      ""evidence_basis"": ""Focus on system design and reliability models in technological contexts"",
      ""standard_classification"": ""CCS → Hardware → System on a chip → System-level design""
    }
  ],
  ""hierarchical_mapping"": {
    ""macro_level"": ""Engineering & Technology"",
    ""meso_level"": ""Computer Science"",
    ""micro_level"": ""Human-Computer Interaction with focus on accidental users""
  },
  ""methodological_approaches"": [
    {
      ""method_domain"": ""Cognitive Modeling"",
      ""techniques"": [""Human error modeling"", ""Cognitive reliability analysis"", ""User behavior analysis""],
      ""contribution"": ""Adaptation of existing error models to accidental user contexts""
    },
    {
      ""method_domain"": ""Design Science"",
      ""techniques"": [""Artefact design evaluation"", ""System usability assessment""],
      ""contribution"": ""Critical examination of design assumptions for non-motivated users""
    }
  ],
  ""application_contexts"": [
    {
      ""sector"": ""Technology System Design"",
      ""potential_impact"": ""Improved design for users with low motivation and computer literacy"",
      ""implementation_scale"": ""Societal""
    },
    {
      ""sector"": ""Public Service Systems"",
      ""potential_impact"": ""Enhanced accessibility and usability in essential services"",
      ""implementation_scale"": ""Organizational""
    }
  ],
  ""industry_mapping"": [
    {
      ""industry_sector"": ""Information Systems"",
      ""relation_type"": ""Direct"",
      ""confidence"": ""High"",
      ""evidence_basis"": ""Core focus on information technology applications and services""
    },
    {
      ""industry_sector"": ""Healthcare"",
      ""relation_type"": ""Indirect"",
      ""confidence"": ""Medium"",
      ""evidence_basis"": ""Mentioned in abstract as application area for health sector""
    },
    {
      ""industry_sector"": ""Finance"",
      ""relation_type"": ""Indirect"",
      ""confidence"": ""Medium"",
      ""evidence_basis"": ""Reference to personal financial transactions in abstract""
    },
    {
      ""industry_sector"": ""Transportation"",
      ""relation_type"": ""Indirect"",
      ""confidence"": ""Medium"",
      ""evidence_basis"": ""Traffic and transportation mentioned as application context""
    },
    {
      ""industry_sector"": ""Education"",
      ""relation_type"": ""Indirect"",
      ""confidence"": ""Low"",
      ""evidence_basis"": ""Library context mentioned, implying educational settings""
    }
  ],
  ""interdisciplinary_assessment"": {
    ""cross_disciplinary_score"": ""High"",
    ""bridging_domains"": [""Computer Science"", ""Psychology"", ""Industrial Design""],
    ""integration_level"": ""Theoretical and Applied""
  },
  ""emerging_field_indicators"": {
    ""novelty_rating"": ""Medium"",
    ""trend_association"": ""Inclusive design, accessibility research, human-centered AI"",
    ""future_trajectory"": ""Growing importance with increasing technology penetration in daily life""
  },
  ""quality_metrics"": {
    ""analysis_confidence"": ""High"",
    ""ambiguity_level"": ""Low"",
    ""validation_suggestions"": ""Full text review would provide deeper methodological details and specific case studies""
  }
}
```"
Psychophysiological assessment of human reliability in a simulated complex system,"Rau, R.",Biol Psychol,1996.0,42,3,287-300,10.1016/0301-0511(95)05163-5,"Stress-strain processes affect human reliability in operators in control of highly automated systems. Job demand and decision latitude play an important role in the modification of these processes. Objective methods of task analysis involving the study of 50 operators controlling an electroenergy network were used to define three ""typical' tasks. The present study was carried out at simulated computer work places with the same equipment and the same relations of information transfer as in the work settings. During the 3-h activity HR, BP and motor activity were recorded with an ambulatory monitoring system. The operators answered questions concerning subjective strain, emotion, motivation, perceived control, and success by means of a pocket computer. The study revealed marked increases in strain with increasing job demand and increased decision latitude. The results partly contradict Karasek's (1979) model. The operator in a dyadic team having decision authority showed significantly higher systolic blood pressure, heart rate, and self-reported strain compared to the co-operator. Human reliability cannot be increased by means of increasing decision latitude in order to enrich the job. It is suggested that human reliability can be improved by spreading decision authority over the whole team. Further psychophysiological investigations will be necessary, testing not only Karasek's but also alternative assumptions for the design of complex systems in order to reduce strain and boredom induced decrements in human reliability.","Adult; Arousal/*physiology; Attention/*physiology; Blood Pressure/physiology; *Computer Simulation; Decision Making/physiology; Humans; Male; Middle Aged; Monitoring, Physiologic; Motor Activity/physiology; Psychophysiology; Stress, Psychological/complications; Workload/*psychology",ok,0.9998,"[{'domain': 'Human Factors Psychology', 'category': 'Core', 'confidence': 'High', 'evidence_basis': 'Focus on human reliability, stress-strain processes, and psychophysiological assessment in complex systems', 'standard_classification': 'ACM CCS: H.1.2 User/Machine Systems; UNESCO: 6106.08 Psicología del Trabajo'}, {'domain': 'Occupational Health Psychology', 'category': 'Core', 'confidence': 'High', 'evidence_basis': 'Study of job demand, decision latitude, and strain in work settings with implications for human reliability', 'standard_classification': 'UNESCO: 3212 Salud Pública; ACM CCS: J.4 Social and Behavioral Sciences'}, {'domain': 'Human-Computer Interaction', 'category': 'Secondary', 'confidence': 'Medium', 'evidence_basis': 'Use of simulated computer work places and information transfer relations in work settings', 'standard_classification': 'ACM CCS: H.5.2 User Interfaces'}]","{'macro_level': 'Social Sciences', 'meso_level': 'Psychology', 'micro_level': 'Industrial/Organizational Psychology with Psychophysiological Methods'}","[{'method_domain': 'Psychophysiology', 'techniques': ['Ambulatory monitoring system', 'HR measurement', 'BP measurement', 'Motor activity recording', 'Computerized self-report assessment'], 'contribution': 'Integration of objective physiological measures with subjective strain assessment in simulated work environments'}, {'method_domain': 'Experimental Psychology', 'techniques': ['Task analysis', 'Simulated work environment', 'Dyadic team assessment', 'Controlled task conditions'], 'contribution': 'Systematic manipulation of job demand and decision latitude in controlled simulated settings'}]","[{'sector': 'Complex System Operations', 'potential_impact': 'Improved human reliability and reduced strain in high-stakes control environments', 'implementation_scale': 'Organizational'}, {'sector': 'Workplace Design', 'potential_impact': 'Evidence-based approaches to job design and team decision authority distribution', 'implementation_scale': 'Organizational'}, {'sector': 'Safety-Critical Systems', 'potential_impact': 'Reduction of human error in systems where reliability is critical', 'implementation_scale': 'Cross-sector'}]","[{'industry_sector': 'Energy', 'relation_type': 'Direct', 'confidence': 'High', 'evidence_basis': ""Explicit mention of 'electroenergy network' operators as study subjects""}, {'industry_sector': 'Industrial Control Systems', 'relation_type': 'Direct', 'confidence': 'High', 'evidence_basis': 'Study of operators controlling highly automated systems with implications for complex system design'}, {'industry_sector': 'Aviation', 'relation_type': 'Indirect', 'confidence': 'Medium', 'evidence_basis': 'Methodology and findings applicable to air traffic control and cockpit crew decision-making'}, {'industry_sector': 'Nuclear Power', 'relation_type': 'Indirect', 'confidence': 'Medium', 'evidence_basis': 'Relevance to control room operations in safety-critical energy production environments'}]","{'cross_disciplinary_score': 'High', 'bridging_domains': ['Psychology', 'Engineering', 'Occupational Medicine', 'Computer Science'], 'integration_level': 'Methodological and Applied'}","{'novelty_rating': 'Medium', 'trend_association': 'Human Factors Engineering, Cognitive Systems Engineering, Resilience Engineering', 'future_trajectory': 'Integration of psychophysiological metrics into real-time human reliability assessment and adaptive system design'}","{'analysis_confidence': 'High', 'ambiguity_level': 'Low', 'validation_suggestions': 'Additional context about specific industry applications beyond energy sector would enhance classification precision'}","```json
{
  ""primary_domains"": [
    {
      ""domain"": ""Human Factors Psychology"",
      ""category"": ""Core"",
      ""confidence"": ""High"",
      ""evidence_basis"": ""Focus on human reliability, stress-strain processes, and psychophysiological assessment in complex systems"",
      ""standard_classification"": ""ACM CCS: H.1.2 User/Machine Systems; UNESCO: 6106.08 Psicología del Trabajo""
    },
    {
      ""domain"": ""Occupational Health Psychology"",
      ""category"": ""Core"",
      ""confidence"": ""High"",
      ""evidence_basis"": ""Study of job demand, decision latitude, and strain in work settings with implications for human reliability"",
      ""standard_classification"": ""UNESCO: 3212 Salud Pública; ACM CCS: J.4 Social and Behavioral Sciences""
    },
    {
      ""domain"": ""Human-Computer Interaction"",
      ""category"": ""Secondary"",
      ""confidence"": ""Medium"",
      ""evidence_basis"": ""Use of simulated computer work places and information transfer relations in work settings"",
      ""standard_classification"": ""ACM CCS: H.5.2 User Interfaces""
    }
  ],
  ""hierarchical_mapping"": {
    ""macro_level"": ""Social Sciences"",
    ""meso_level"": ""Psychology"",
    ""micro_level"": ""Industrial/Organizational Psychology with Psychophysiological Methods""
  },
  ""methodological_approaches"": [
    {
      ""method_domain"": ""Psychophysiology"",
      ""techniques"": [""Ambulatory monitoring system"", ""HR measurement"", ""BP measurement"", ""Motor activity recording"", ""Computerized self-report assessment""],
      ""contribution"": ""Integration of objective physiological measures with subjective strain assessment in simulated work environments""
    },
    {
      ""method_domain"": ""Experimental Psychology"",
      ""techniques"": [""Task analysis"", ""Simulated work environment"", ""Dyadic team assessment"", ""Controlled task conditions""],
      ""contribution"": ""Systematic manipulation of job demand and decision latitude in controlled simulated settings""
    }
  ],
  ""application_contexts"": [
    {
      ""sector"": ""Complex System Operations"",
      ""potential_impact"": ""Improved human reliability and reduced strain in high-stakes control environments"",
      ""implementation_scale"": ""Organizational""
    },
    {
      ""sector"": ""Workplace Design"",
      ""potential_impact"": ""Evidence-based approaches to job design and team decision authority distribution"",
      ""implementation_scale"": ""Organizational""
    },
    {
      ""sector"": ""Safety-Critical Systems"",
      ""potential_impact"": ""Reduction of human error in systems where reliability is critical"",
      ""implementation_scale"": ""Cross-sector""
    }
  ],
  ""industry_mapping"": [
    {
      ""industry_sector"": ""Energy"",
      ""relation_type"": ""Direct"",
      ""confidence"": ""High"",
      ""evidence_basis"": ""Explicit mention of 'electroenergy network' operators as study subjects""
    },
    {
      ""industry_sector"": ""Industrial Control Systems"",
      ""relation_type"": ""Direct"",
      ""confidence"": ""High"",
      ""evidence_basis"": ""Study of operators controlling highly automated systems with implications for complex system design""
    },
    {
      ""industry_sector"": ""Aviation"",
      ""relation_type"": ""Indirect"",
      ""confidence"": ""Medium"",
      ""evidence_basis"": ""Methodology and findings applicable to air traffic control and cockpit crew decision-making""
    },
    {
      ""industry_sector"": ""Nuclear Power"",
      ""relation_type"": ""Indirect"",
      ""confidence"": ""Medium"",
      ""evidence_basis"": ""Relevance to control room operations in safety-critical energy production environments""
    }
  ],
  ""interdisciplinary_assessment"": {
    ""cross_disciplinary_score"": ""High"",
    ""bridging_domains"": [""Psychology"", ""Engineering"", ""Occupational Medicine"", ""Computer Science""],
    ""integration_level"": ""Methodological and Applied""
  },
  ""emerging_field_indicators"": {
    ""novelty_rating"": ""Medium"",
    ""trend_association"": ""Human Factors Engineering, Cognitive Systems Engineering, Resilience Engineering"",
    ""future_trajectory"": ""Integration of psychophysiological metrics into real-time human reliability assessment and adaptive system design""
  },
  ""quality_metrics"": {
    ""analysis_confidence"": ""High"",
    ""ambiguity_level"": ""Low"",
    ""validation_suggestions"": ""Additional context about specific industry applications beyond energy sector would enhance classification precision""
  }
}
```"
User acceptance of expert systems: A test of the theory of reasoned action,"Liker, J. K.; Sindi, A. A.",Journal of Engineering and Technology Management - JET-M,1997.0,14,2,147-173,10.1016/S0923-4748(97)00008-8,"Expert Systems pose significant challenges for management and may potentially have a profound impact in the workplace. This paper develops and tests a model based on the theory of reasoned action. The model is tested using a cross-sectional design based on a self-administered questionnaire completed by a sample of 94 users and non-users from two of the largest accounting firms in the U.S. The outcome measures were attitudes toward the system and intentions to use the system in the future (or continue to use it among existing users). The results supported several hypotheses. Intentions to use the system were influenced by social norms encouraging system use and by perceptions of the impacts of system use on valued skills, controlling for the effect of attitudes. Attitudes toward use of the system were affected by the perceived usefulness of the system and its impacts on valued skills. Attitudes were also strongly related to ease of system use, an unanticipated finding. The most surprising result was that general attitudes were not found to predict intentions to use the system. The data show no evidence of fearful reactions of employees to Expert Systems in this particular context. We discuss implications for user acceptance of expert systems, and how our results compare to those for other information technologies. © 1997 Elsevier Science B.V.",Expert systems; Information systems; Technology implementation; User acceptance; Information technology; Management; Personnel; Systems analysis; Technology,ok,0.9997,"[{'domain': 'Information Systems', 'category': 'Core', 'confidence': 'High', 'evidence_basis': 'Focus on expert systems implementation, user acceptance, and technology adoption in organizational contexts', 'standard_classification': 'ACM CCS: H.4 Information Systems Applications; UNESCO: 5312.04 Sistemas de Información'}, {'domain': 'Organizational Psychology', 'category': 'Core', 'confidence': 'High', 'evidence_basis': 'Application of theory of reasoned action to understand user behavior, attitudes, and social norms in workplace technology adoption', 'standard_classification': 'ACM CCS: K.4.3 Organizational Impacts; UNESCO: 6106.03 Psicología del Trabajo'}, {'domain': 'Management Science', 'category': 'Secondary', 'confidence': 'Medium', 'evidence_basis': 'Focus on technology implementation challenges and management implications in professional service firms', 'standard_classification': 'UNESCO: 5311 Organización y Dirección de Empresas'}]","{'macro_level': 'Social Sciences', 'meso_level': 'Information Systems & Management', 'micro_level': 'Technology Acceptance and User Behavior'}","[{'method_domain': 'Behavioral Research', 'techniques': ['Cross-sectional survey design', 'Self-administered questionnaire', 'Statistical hypothesis testing'], 'contribution': 'Early application of psychological theory (theory of reasoned action) to expert systems acceptance research'}, {'method_domain': 'Quantitative Analysis', 'techniques': ['Regression analysis', 'Attitude measurement', 'Intention modeling'], 'contribution': 'Empirical testing of technology acceptance factors in professional service context'}]","[{'sector': 'Professional Services & Accounting', 'potential_impact': 'Improved expert system implementation strategies and user adoption in knowledge-intensive industries', 'implementation_scale': 'Organizational'}, {'sector': 'Decision Support Systems', 'potential_impact': 'Understanding factors affecting acceptance of AI-based expert systems in workplace settings', 'implementation_scale': 'Individual/Organizational'}]","[{'industry_sector': 'Professional Services', 'relation_type': 'Direct', 'confidence': 'High', 'evidence_basis': 'Study conducted in two largest accounting firms in the U.S.'}, {'industry_sector': 'Information Systems', 'relation_type': 'Direct', 'confidence': 'High', 'evidence_basis': 'Focus on expert systems implementation and user acceptance'}, {'industry_sector': 'Finance', 'relation_type': 'Indirect', 'confidence': 'Medium', 'evidence_basis': 'Accounting firm context implies financial services applications'}]","{'cross_disciplinary_score': 'High', 'bridging_domains': ['Psychology', 'Computer Science', 'Management', 'Information Systems'], 'integration_level': 'Theoretical and Applied'}","{'novelty_rating': 'Medium', 'trend_association': 'Early technology acceptance research, precursor to TAM and UTAUT models', 'future_trajectory': 'Foundational work for AI system acceptance research and human-computer interaction studies'}","{'analysis_confidence': 'High', 'ambiguity_level': 'Low', 'validation_suggestions': 'Additional context about specific expert system applications would strengthen industry classification'}","```json
{
  ""primary_domains"": [
    {
      ""domain"": ""Information Systems"",
      ""category"": ""Core"",
      ""confidence"": ""High"",
      ""evidence_basis"": ""Focus on expert systems implementation, user acceptance, and technology adoption in organizational contexts"",
      ""standard_classification"": ""ACM CCS: H.4 Information Systems Applications; UNESCO: 5312.04 Sistemas de Información""
    },
    {
      ""domain"": ""Organizational Psychology"",
      ""category"": ""Core"",
      ""confidence"": ""High"",
      ""evidence_basis"": ""Application of theory of reasoned action to understand user behavior, attitudes, and social norms in workplace technology adoption"",
      ""standard_classification"": ""ACM CCS: K.4.3 Organizational Impacts; UNESCO: 6106.03 Psicología del Trabajo""
    },
    {
      ""domain"": ""Management Science"",
      ""category"": ""Secondary"",
      ""confidence"": ""Medium"",
      ""evidence_basis"": ""Focus on technology implementation challenges and management implications in professional service firms"",
      ""standard_classification"": ""UNESCO: 5311 Organización y Dirección de Empresas""
    }
  ],
  ""hierarchical_mapping"": {
    ""macro_level"": ""Social Sciences"",
    ""meso_level"": ""Information Systems & Management"",
    ""micro_level"": ""Technology Acceptance and User Behavior""
  },
  ""methodological_approaches"": [
    {
      ""method_domain"": ""Behavioral Research"",
      ""techniques"": [""Cross-sectional survey design"", ""Self-administered questionnaire"", ""Statistical hypothesis testing""],
      ""contribution"": ""Early application of psychological theory (theory of reasoned action) to expert systems acceptance research""
    },
    {
      ""method_domain"": ""Quantitative Analysis"",
      ""techniques"": [""Regression analysis"", ""Attitude measurement"", ""Intention modeling""],
      ""contribution"": ""Empirical testing of technology acceptance factors in professional service context""
    }
  ],
  ""application_contexts"": [
    {
      ""sector"": ""Professional Services & Accounting"",
      ""potential_impact"": ""Improved expert system implementation strategies and user adoption in knowledge-intensive industries"",
      ""implementation_scale"": ""Organizational""
    },
    {
      ""sector"": ""Decision Support Systems"",
      ""potential_impact"": ""Understanding factors affecting acceptance of AI-based expert systems in workplace settings"",
      ""implementation_scale"": ""Individual/Organizational""
    }
  ],
  ""industry_mapping"": [
    {
      ""industry_sector"": ""Professional Services"",
      ""relation_type"": ""Direct"",
      ""confidence"": ""High"",
      ""evidence_basis"": ""Study conducted in two largest accounting firms in the U.S.""
    },
    {
      ""industry_sector"": ""Information Systems"",
      ""relation_type"": ""Direct"",
      ""confidence"": ""High"",
      ""evidence_basis"": ""Focus on expert systems implementation and user acceptance""
    },
    {
      ""industry_sector"": ""Finance"",
      ""relation_type"": ""Indirect"",
      ""confidence"": ""Medium"",
      ""evidence_basis"": ""Accounting firm context implies financial services applications""
    }
  ],
  ""interdisciplinary_assessment"": {
    ""cross_disciplinary_score"": ""High"",
    ""bridging_domains"": [""Psychology"", ""Computer Science"", ""Management"", ""Information Systems""],
    ""integration_level"": ""Theoretical and Applied""
  },
  ""emerging_field_indicators"": {
    ""novelty_rating"": ""Medium"",
    ""trend_association"": ""Early technology acceptance research, precursor to TAM and UTAUT models"",
    ""future_trajectory"": ""Foundational work for AI system acceptance research and human-computer interaction studies""
  },
  ""quality_metrics"": {
    ""analysis_confidence"": ""High"",
    ""ambiguity_level"": ""Low"",
    ""validation_suggestions"": ""Additional context about specific expert system applications would strengthen industry classification""
  }
}
```"
Delegating to software agents,"Milewski, A. E.; Lewis, S. H.",International Journal of Human-Computer Studies,1997.0,46,4,485-500,10.1006/ijhc.1996.0100,"There is currently a great deal of interest in the development of intelligent agents. While there is little agreement on exactly what constitutes an intelligent agent, many definitions embody a user-interface model that differs from the traditional one where users perform tasks with the help of computer-based ''tools''. In contrast, the ''delegation'' model associated with agents is based on entrusting tasks to an autonomous, sometimes anthropomorphized system, whose performance is monitored and evaluated. This change in user-interface model is a dramatic one since delegation can be a difficult and often-avoided behavior in humans. Agent-interface designs need to overcome well-established drawbacks in delegation. For this purpose, designers should find the management sciences and organizational psychology literatures to be as relevant as that of traditional human factors. This paper describes issues regarding task delegation as they pertain to the design of intelligent-agent-user interfaces. (C) 1997 Academic Press Limited.",interface; systems; trust; Computer Science; Engineering; Psychology,ok,0.9999,"[{'domain': 'Human-Computer Interaction', 'category': 'Core', 'confidence': 'High', 'evidence_basis': 'Focus on user-interface models, delegation behavior, and agent-interface designs', 'standard_classification': 'ACM CCS: H.5.2 User Interfaces; UNESCO: 1203.04 Interacción Persona-Ordenador'}, {'domain': 'Organizational Psychology', 'category': 'Core', 'confidence': 'High', 'evidence_basis': 'Explicit reference to organizational psychology literature and delegation behavior in humans', 'standard_classification': 'UNESCO: 6106.03 Psicología del Trabajo; ACM CCS: J.4 Social and Behavioral Sciences'}, {'domain': 'Intelligent Agent Systems', 'category': 'Secondary', 'confidence': 'Medium', 'evidence_basis': 'Focus on intelligent agents and autonomous systems, though primarily from interface perspective', 'standard_classification': 'ACM CCS: I.2.11 Distributed Artificial Intelligence; UNESCO: 1203.23 Sistemas Inteligentes'}]","{'macro_level': 'Engineering & Technology', 'meso_level': 'Computer Science', 'micro_level': 'Human-Computer Interaction with Intelligent Agents'}","[{'method_domain': 'Interdisciplinary Literature Analysis', 'techniques': ['Theoretical framework development', 'Cross-disciplinary synthesis', 'Conceptual modeling'], 'contribution': 'Bridges management sciences, organizational psychology, and traditional human factors for agent design'}, {'method_domain': 'User Interface Design Research', 'techniques': ['Delegation behavior analysis', 'Interface model comparison', 'Design principle derivation'], 'contribution': 'Develops delegation-based interface model contrasting traditional tool-based approaches'}]","[{'sector': 'Software Agent Development', 'potential_impact': 'Improved design of intelligent agent interfaces through better understanding of delegation principles', 'implementation_scale': 'Organizational'}, {'sector': 'Human-AI Collaboration Systems', 'potential_impact': 'Enhanced trust and performance monitoring in autonomous system interactions', 'implementation_scale': 'Individual'}, {'sector': 'Organizational Decision Support', 'potential_impact': 'Better integration of agent systems into organizational workflows through improved delegation interfaces', 'implementation_scale': 'Organizational'}]","[{'industry_sector': 'Information Systems', 'relation_type': 'Direct', 'confidence': 'High', 'evidence_basis': 'Focus on software agents and user interface design for information systems'}, {'industry_sector': 'Software Development', 'relation_type': 'Direct', 'confidence': 'High', 'evidence_basis': 'Primary application in intelligent agent software design and development'}, {'industry_sector': 'Management Consulting', 'relation_type': 'Indirect', 'confidence': 'Medium', 'evidence_basis': 'Reference to management sciences literature and organizational applications'}]","{'cross_disciplinary_score': 'High', 'bridging_domains': ['Computer Science', 'Psychology', 'Management Science'], 'integration_level': 'Theoretical and Applied'}","{'novelty_rating': 'High', 'trend_association': 'Early work in human-agent interaction, precursor to contemporary HCI and AI collaboration research', 'future_trajectory': 'Foundational for human-AI trust, autonomous system interfaces, and organizational adoption of AI systems'}","{'analysis_confidence': 'High', 'ambiguity_level': 'Low', 'validation_suggestions': 'Full text review would provide additional methodological details and specific application examples'}","```json
{
  ""primary_domains"": [
    {
      ""domain"": ""Human-Computer Interaction"",
      ""category"": ""Core"",
      ""confidence"": ""High"",
      ""evidence_basis"": ""Focus on user-interface models, delegation behavior, and agent-interface designs"",
      ""standard_classification"": ""ACM CCS: H.5.2 User Interfaces; UNESCO: 1203.04 Interacción Persona-Ordenador""
    },
    {
      ""domain"": ""Organizational Psychology"",
      ""category"": ""Core"",
      ""confidence"": ""High"",
      ""evidence_basis"": ""Explicit reference to organizational psychology literature and delegation behavior in humans"",
      ""standard_classification"": ""UNESCO: 6106.03 Psicología del Trabajo; ACM CCS: J.4 Social and Behavioral Sciences""
    },
    {
      ""domain"": ""Intelligent Agent Systems"",
      ""category"": ""Secondary"",
      ""confidence"": ""Medium"",
      ""evidence_basis"": ""Focus on intelligent agents and autonomous systems, though primarily from interface perspective"",
      ""standard_classification"": ""ACM CCS: I.2.11 Distributed Artificial Intelligence; UNESCO: 1203.23 Sistemas Inteligentes""
    }
  ],
  ""hierarchical_mapping"": {
    ""macro_level"": ""Engineering & Technology"",
    ""meso_level"": ""Computer Science"",
    ""micro_level"": ""Human-Computer Interaction with Intelligent Agents""
  },
  ""methodological_approaches"": [
    {
      ""method_domain"": ""Interdisciplinary Literature Analysis"",
      ""techniques"": [""Theoretical framework development"", ""Cross-disciplinary synthesis"", ""Conceptual modeling""],
      ""contribution"": ""Bridges management sciences, organizational psychology, and traditional human factors for agent design""
    },
    {
      ""method_domain"": ""User Interface Design Research"",
      ""techniques"": [""Delegation behavior analysis"", ""Interface model comparison"", ""Design principle derivation""],
      ""contribution"": ""Develops delegation-based interface model contrasting traditional tool-based approaches""
    }
  ],
  ""application_contexts"": [
    {
      ""sector"": ""Software Agent Development"",
      ""potential_impact"": ""Improved design of intelligent agent interfaces through better understanding of delegation principles"",
      ""implementation_scale"": ""Organizational""
    },
    {
      ""sector"": ""Human-AI Collaboration Systems"",
      ""potential_impact"": ""Enhanced trust and performance monitoring in autonomous system interactions"",
      ""implementation_scale"": ""Individual""
    },
    {
      ""sector"": ""Organizational Decision Support"",
      ""potential_impact"": ""Better integration of agent systems into organizational workflows through improved delegation interfaces"",
      ""implementation_scale"": ""Organizational""
    }
  ],
  ""industry_mapping"": [
    {
      ""industry_sector"": ""Information Systems"",
      ""relation_type"": ""Direct"",
      ""confidence"": ""High"",
      ""evidence_basis"": ""Focus on software agents and user interface design for information systems""
    },
    {
      ""industry_sector"": ""Software Development"",
      ""relation_type"": ""Direct"",
      ""confidence"": ""High"",
      ""evidence_basis"": ""Primary application in intelligent agent software design and development""
    },
    {
      ""industry_sector"": ""Management Consulting"",
      ""relation_type"": ""Indirect"",
      ""confidence"": ""Medium"",
      ""evidence_basis"": ""Reference to management sciences literature and organizational applications""
    }
  ],
  ""interdisciplinary_assessment"": {
    ""cross_disciplinary_score"": ""High"",
    ""bridging_domains"": [""Computer Science"", ""Psychology"", ""Management Science""],
    ""integration_level"": ""Theoretical and Applied""
  },
  ""emerging_field_indicators"": {
    ""novelty_rating"": ""High"",
    ""trend_association"": ""Early work in human-agent interaction, precursor to contemporary HCI and AI collaboration research"",
    ""future_trajectory"": ""Foundational for human-AI trust, autonomous system interfaces, and organizational adoption of AI systems""
  },
  ""quality_metrics"": {
    ""analysis_confidence"": ""High"",
    ""ambiguity_level"": ""Low"",
    ""validation_suggestions"": ""Full text review would provide additional methodological details and specific application examples""
  }
}
```"
On human cognition and the design of information systems,"Spence, J. W.; Tsai, R. J.",Information and Management,1997.0,32,2,65-73,10.1016/S0378-7206(97)00012-8,"For almost two decades, cognitive style has been employed as a factor in the explanation of human interaction with computer systems. However, previous findings based on its use have proven inconclusive. The experiment discussed here utilized 101 subjects who were presented with four tasks. Cognitive style was assessed for each subject, as were the cognitive processes utilized in each task solution. The results demonstrate the fallacy of using cognitive style to explain task-based performance and offer evidence suggesting that cognitive process may better explain differences in human performance across multiple tasks. © 1997 Elsevier Science B.V.",Cognitive process; Cognitive style; Decision making; Task complexity; Task type,ok,0.9997,"[{'domain': 'Cognitive Psychology', 'category': 'Core', 'confidence': 'High', 'evidence_basis': 'Focus on cognitive style, cognitive processes, and human performance assessment', 'standard_classification': 'UNESCO 6106.04 Psicología Cognitiva / ACM H.1.2 User/Machine Systems'}, {'domain': 'Information Systems', 'category': 'Core', 'confidence': 'High', 'evidence_basis': 'Explicit mention of information systems design and human interaction with computer systems', 'standard_classification': 'UNESCO 3309.06 Sistemas de Información / ACM H.5.2 User Interfaces'}, {'domain': 'Human-Computer Interaction', 'category': 'Secondary', 'confidence': 'Medium', 'evidence_basis': 'Study of human interaction with computer systems and task-based performance', 'standard_classification': 'UNESCO 1203.04 Interacción Persona-Ordenador / ACM H.5.m Miscellaneous'}]","{'macro_level': 'Social Sciences & Engineering', 'meso_level': 'Information Systems & Cognitive Science', 'micro_level': 'Human Cognition in System Design'}","[{'method_domain': 'Experimental Psychology', 'techniques': ['Controlled experiment', 'Cognitive assessment', 'Task performance measurement', 'Statistical analysis'], 'contribution': 'Challenges traditional cognitive style paradigm and introduces cognitive process as superior explanatory factor'}, {'method_domain': 'Behavioral Research', 'techniques': ['Subject testing', 'Task complexity manipulation', 'Performance metrics'], 'contribution': 'Empirical demonstration of cognitive process superiority over cognitive style for task performance explanation'}]","[{'sector': 'Information Systems Design', 'potential_impact': 'Improved system usability through better understanding of cognitive processes rather than static style classifications', 'implementation_scale': 'Organizational'}, {'sector': 'Decision Support Systems', 'potential_impact': 'Enhanced decision-making interfaces by focusing on cognitive processes during task execution', 'implementation_scale': 'Individual'}, {'sector': 'Human-Computer Interaction', 'potential_impact': 'More effective interface design based on dynamic cognitive processes rather than fixed cognitive styles', 'implementation_scale': 'Organizational'}]","[{'industry_sector': 'Information Systems', 'relation_type': 'Direct', 'confidence': 'High', 'evidence_basis': 'Explicit mention in title and abstract about information systems design'}, {'industry_sector': 'Education', 'relation_type': 'Indirect', 'confidence': 'Medium', 'evidence_basis': 'Cognitive process understanding can inform educational technology and learning system design'}, {'industry_sector': 'Software Development', 'relation_type': 'Indirect', 'confidence': 'Medium', 'evidence_basis': 'Implications for user-centered design approaches in software development'}]","{'cross_disciplinary_score': 'High', 'bridging_domains': ['Psychology', 'Computer Science', 'Information Systems'], 'integration_level': 'Methodological'}","{'novelty_rating': 'Medium', 'trend_association': 'Early cognitive science in HCI, precursor to modern neuroergonomics and adaptive interfaces', 'future_trajectory': 'Foundation for dynamic cognitive assessment in system design, leading to personalized adaptive interfaces'}","{'analysis_confidence': 'High', 'ambiguity_level': 'Low', 'validation_suggestions': 'Full text review would provide additional methodological details and specific experimental design parameters'}","```json
{
  ""primary_domains"": [
    {
      ""domain"": ""Cognitive Psychology"",
      ""category"": ""Core"",
      ""confidence"": ""High"",
      ""evidence_basis"": ""Focus on cognitive style, cognitive processes, and human performance assessment"",
      ""standard_classification"": ""UNESCO 6106.04 Psicología Cognitiva / ACM H.1.2 User/Machine Systems""
    },
    {
      ""domain"": ""Information Systems"",
      ""category"": ""Core"",
      ""confidence"": ""High"",
      ""evidence_basis"": ""Explicit mention of information systems design and human interaction with computer systems"",
      ""standard_classification"": ""UNESCO 3309.06 Sistemas de Información / ACM H.5.2 User Interfaces""
    },
    {
      ""domain"": ""Human-Computer Interaction"",
      ""category"": ""Secondary"",
      ""confidence"": ""Medium"",
      ""evidence_basis"": ""Study of human interaction with computer systems and task-based performance"",
      ""standard_classification"": ""UNESCO 1203.04 Interacción Persona-Ordenador / ACM H.5.m Miscellaneous""
    }
  ],
  ""hierarchical_mapping"": {
    ""macro_level"": ""Social Sciences & Engineering"",
    ""meso_level"": ""Information Systems & Cognitive Science"",
    ""micro_level"": ""Human Cognition in System Design""
  },
  ""methodological_approaches"": [
    {
      ""method_domain"": ""Experimental Psychology"",
      ""techniques"": [""Controlled experiment"", ""Cognitive assessment"", ""Task performance measurement"", ""Statistical analysis""],
      ""contribution"": ""Challenges traditional cognitive style paradigm and introduces cognitive process as superior explanatory factor""
    },
    {
      ""method_domain"": ""Behavioral Research"",
      ""techniques"": [""Subject testing"", ""Task complexity manipulation"", ""Performance metrics""],
      ""contribution"": ""Empirical demonstration of cognitive process superiority over cognitive style for task performance explanation""
    }
  ],
  ""application_contexts"": [
    {
      ""sector"": ""Information Systems Design"",
      ""potential_impact"": ""Improved system usability through better understanding of cognitive processes rather than static style classifications"",
      ""implementation_scale"": ""Organizational""
    },
    {
      ""sector"": ""Decision Support Systems"",
      ""potential_impact"": ""Enhanced decision-making interfaces by focusing on cognitive processes during task execution"",
      ""implementation_scale"": ""Individual""
    },
    {
      ""sector"": ""Human-Computer Interaction"",
      ""potential_impact"": ""More effective interface design based on dynamic cognitive processes rather than fixed cognitive styles"",
      ""implementation_scale"": ""Organizational""
    }
  ],
  ""industry_mapping"": [
    {
      ""industry_sector"": ""Information Systems"",
      ""relation_type"": ""Direct"",
      ""confidence"": ""High"",
      ""evidence_basis"": ""Explicit mention in title and abstract about information systems design""
    },
    {
      ""industry_sector"": ""Education"",
      ""relation_type"": ""Indirect"",
      ""confidence"": ""Medium"",
      ""evidence_basis"": ""Cognitive process understanding can inform educational technology and learning system design""
    },
    {
      ""industry_sector"": ""Software Development"",
      ""relation_type"": ""Indirect"",
      ""confidence"": ""Medium"",
      ""evidence_basis"": ""Implications for user-centered design approaches in software development""
    }
  ],
  ""interdisciplinary_assessment"": {
    ""cross_disciplinary_score"": ""High"",
    ""bridging_domains"": [""Psychology"", ""Computer Science"", ""Information Systems""],
    ""integration_level"": ""Methodological""
  },
  ""emerging_field_indicators"": {
    ""novelty_rating"": ""Medium"",
    ""trend_association"": ""Early cognitive science in HCI, precursor to modern neuroergonomics and adaptive interfaces"",
    ""future_trajectory"": ""Foundation for dynamic cognitive assessment in system design, leading to personalized adaptive interfaces""
  },
  ""quality_metrics"": {
    ""analysis_confidence"": ""High"",
    ""ambiguity_level"": ""Low"",
    ""validation_suggestions"": ""Full text review would provide additional methodological details and specific experimental design parameters""
  }
}
```"
"Wisdom, ethics, and information technology: Some philosophical reflections","Strijbos, S.",Systems Practice,1997.0,10,4,443-457,10.1007/bf02557891,"An increasing need is felt for wisdom and ethics in our technological society. This is especially the case in connection with information use and decision making. It is one thing to manipulate data and generate information with our new technologies but quite another thing to make proper use of it once we have got it. In the search for wisdom and ethics, one must be alert to the risk that we mold them into the dominating scientific-technological framework. Then wisdom and ethics lose their normative power and enriching potential for our human lives. In exploring the traditions that stand at the cradle of our culture, this paper explains the specific character of the Hebrew/Christian view on wisdom and shows bow this can contribute to the wise use of our new machines.",wisdom; ethics; intuition; human heart; information technology; Hebrew; tradition; Greek tradition; Business & Economics,ok,0.9997,"[{'domain': 'Philosophy of Technology', 'category': 'Core', 'confidence': 'High', 'evidence_basis': 'Explicit philosophical reflection on technology and wisdom, focus on normative aspects of technology use', 'standard_classification': 'UNESCO 72: Philosophy; ACM CCS → Social and professional topics → Computing / technology policy'}, {'domain': 'Information Ethics', 'category': 'Core', 'confidence': 'High', 'evidence_basis': 'Direct focus on ethical dimensions of information use and decision making with technology', 'standard_classification': 'UNESCO 53: Ethics; ACM CCS → Social and professional topics → Professional ethics'}, {'domain': 'Religious Studies / Theology', 'category': 'Secondary', 'confidence': 'Medium', 'evidence_basis': 'Examination of Hebrew/Christian wisdom traditions and their relevance to technology', 'standard_classification': 'UNESCO 51: Theology and religious studies'}]","{'macro_level': 'Humanities', 'meso_level': 'Philosophy', 'micro_level': 'Philosophy of Technology and Information Ethics'}","[{'method_domain': 'Philosophical Analysis', 'techniques': ['Conceptual analysis', 'Historical tradition examination', 'Normative reflection'], 'contribution': 'Applies traditional wisdom frameworks to contemporary technological challenges'}, {'method_domain': 'Comparative Religious Studies', 'techniques': ['Textual analysis', 'Tradition comparison', 'Cultural hermeneutics'], 'contribution': 'Compares Hebrew/Christian and Greek wisdom traditions in technological context'}]","[{'sector': 'Information Technology Decision-Making', 'potential_impact': 'Guidance for ethical implementation and use of information systems', 'implementation_scale': 'Organizational/Societal'}, {'sector': 'Technology Policy and Governance', 'potential_impact': 'Framework for developing wisdom-based technology policies', 'implementation_scale': 'Societal/Cross-sector'}, {'sector': 'Corporate Ethics and Social Responsibility', 'potential_impact': 'Ethical foundations for business technology use', 'implementation_scale': 'Organizational'}]","[{'industry_sector': 'Information Systems', 'relation_type': 'Direct', 'confidence': 'High', 'evidence_basis': 'Explicit mention of information technology and information use in abstract and keywords'}, {'industry_sector': 'Education', 'relation_type': 'Indirect', 'confidence': 'Medium', 'evidence_basis': 'Wisdom and ethics education implications for technology use'}, {'industry_sector': 'Business & Economics', 'relation_type': 'Direct', 'confidence': 'High', 'evidence_basis': 'Explicit keyword inclusion and decision-making context'}]","{'cross_disciplinary_score': 'High', 'bridging_domains': ['Philosophy', 'Theology', 'Information Technology', 'Business Ethics'], 'integration_level': 'Theoretical/Applied'}","{'novelty_rating': 'Medium', 'trend_association': 'AI Ethics, Technology Ethics, Digital Humanities, Responsible Innovation', 'future_trajectory': 'Growing relevance with AI/ML advancement; potential for wisdom-based AI frameworks'}","{'analysis_confidence': 'High', 'ambiguity_level': 'Low-Medium (clear philosophical focus with interdisciplinary elements)', 'validation_suggestions': 'Full text review would clarify methodological depth and specific application contexts'}","```json
{
  ""primary_domains"": [
    {
      ""domain"": ""Philosophy of Technology"",
      ""category"": ""Core"",
      ""confidence"": ""High"",
      ""evidence_basis"": ""Explicit philosophical reflection on technology and wisdom, focus on normative aspects of technology use"",
      ""standard_classification"": ""UNESCO 72: Philosophy; ACM CCS → Social and professional topics → Computing / technology policy""
    },
    {
      ""domain"": ""Information Ethics"",
      ""category"": ""Core"",
      ""confidence"": ""High"",
      ""evidence_basis"": ""Direct focus on ethical dimensions of information use and decision making with technology"",
      ""standard_classification"": ""UNESCO 53: Ethics; ACM CCS → Social and professional topics → Professional ethics""
    },
    {
      ""domain"": ""Religious Studies / Theology"",
      ""category"": ""Secondary"",
      ""confidence"": ""Medium"",
      ""evidence_basis"": ""Examination of Hebrew/Christian wisdom traditions and their relevance to technology"",
      ""standard_classification"": ""UNESCO 51: Theology and religious studies""
    }
  ],
  ""hierarchical_mapping"": {
    ""macro_level"": ""Humanities"",
    ""meso_level"": ""Philosophy"",
    ""micro_level"": ""Philosophy of Technology and Information Ethics""
  },
  ""methodological_approaches"": [
    {
      ""method_domain"": ""Philosophical Analysis"",
      ""techniques"": [""Conceptual analysis"", ""Historical tradition examination"", ""Normative reflection""],
      ""contribution"": ""Applies traditional wisdom frameworks to contemporary technological challenges""
    },
    {
      ""method_domain"": ""Comparative Religious Studies"",
      ""techniques"": [""Textual analysis"", ""Tradition comparison"", ""Cultural hermeneutics""],
      ""contribution"": ""Compares Hebrew/Christian and Greek wisdom traditions in technological context""
    }
  ],
  ""application_contexts"": [
    {
      ""sector"": ""Information Technology Decision-Making"",
      ""potential_impact"": ""Guidance for ethical implementation and use of information systems"",
      ""implementation_scale"": ""Organizational/Societal""
    },
    {
      ""sector"": ""Technology Policy and Governance"",
      ""potential_impact"": ""Framework for developing wisdom-based technology policies"",
      ""implementation_scale"": ""Societal/Cross-sector""
    },
    {
      ""sector"": ""Corporate Ethics and Social Responsibility"",
      ""potential_impact"": ""Ethical foundations for business technology use"",
      ""implementation_scale"": ""Organizational""
    }
  ],
  ""industry_mapping"": [
    {
      ""industry_sector"": ""Information Systems"",
      ""relation_type"": ""Direct"",
      ""confidence"": ""High"",
      ""evidence_basis"": ""Explicit mention of information technology and information use in abstract and keywords""
    },
    {
      ""industry_sector"": ""Education"",
      ""relation_type"": ""Indirect"",
      ""confidence"": ""Medium"",
      ""evidence_basis"": ""Wisdom and ethics education implications for technology use""
    },
    {
      ""industry_sector"": ""Business & Economics"",
      ""relation_type"": ""Direct"",
      ""confidence"": ""High"",
      ""evidence_basis"": ""Explicit keyword inclusion and decision-making context""
    }
  ],
  ""interdisciplinary_assessment"": {
    ""cross_disciplinary_score"": ""High"",
    ""bridging_domains"": [""Philosophy"", ""Theology"", ""Information Technology"", ""Business Ethics""],
    ""integration_level"": ""Theoretical/Applied""
  },
  ""emerging_field_indicators"": {
    ""novelty_rating"": ""Medium"",
    ""trend_association"": ""AI Ethics, Technology Ethics, Digital Humanities, Responsible Innovation"",
    ""future_trajectory"": ""Growing relevance with AI/ML advancement; potential for wisdom-based AI frameworks""
  },
  ""quality_metrics"": {
    ""analysis_confidence"": ""High"",
    ""ambiguity_level"": ""Low-Medium (clear philosophical focus with interdisciplinary elements)"",
    ""validation_suggestions"": ""Full text review would clarify methodological depth and specific application contexts""
  }
}
```"
"Level of automation effects on performance, situation awareness and workload in a dynamic control task","Endsley, M. R.; Kaber, D. B.",Ergonomics,1999.0,42,3,462-92,10.1080/001401399185595,"Various levels of automation (LOA) designating the degree of human operator and computer control were explored within the context of a dynamic control task as a means of improving overall human/machine performance. Automated systems have traditionally been explored as binary function allocations; either the human or the machine is assigned to a given task. More recently, intermediary levels of automation have been discussed as a means of maintaining operator involvement in system performance, leading to improvements in situation awareness and reductions in out-of-the-loop performance problems. A LOA taxonomy applicable to a wide range of psychomotor and cognitive tasks is presented here. The taxonomy comprises various schemes of generic control system function allocations. The functions allocated to a human operator and/or computer included monitoring displays, generating processing options, selecting an 'optimal' option and implementing that option. The impact of the LOA taxonomy was assessed within a dynamic and complex cognitive control task by measuring its effect on human/system performance, situation awareness and workload. Thirty subjects performed simulation trials involving various levels of automation. Several automation failures occurred and out-of-the-loop performance decrements were assessed. Results suggest that, in terms of performance, human operators benefit most from automation of the implementation portion of the task, but only under normal operating conditions; in contrast, removal of the operator from task implementation is detrimental to performance recovery if the automated system fails. Joint human/system option generation significantly degraded performance in comparison to human or automated option generation alone. Lower operator workload and higher situation awareness were observed under automation of the decision making portion of the task (i.e. selection of options), although human/system performance was only slightly improved. The implications of these findings for the design of automated systems are discussed.",Adult; Analysis of Variance; Automation/*methods; Awareness; Cognition; Equipment Failure; Evaluation Studies as Topic; Female; Humans; Internal-External Control; Male; *Task Performance and Analysis; *User-Computer Interface; *Workload,ok,0.9999,"[{'domain': 'Human-Computer Interaction', 'category': 'Core', 'confidence': 'High', 'evidence_basis': 'Focus on human/machine performance, user-computer interface, and automation design in dynamic control tasks', 'standard_classification': 'ACM CCS: H.5.2 User Interfaces; UNESCO: 1203.04 Interacción Persona-Ordenador'}, {'domain': 'Cognitive Psychology', 'category': 'Core', 'confidence': 'High', 'evidence_basis': 'Examination of situation awareness, workload, cognition, and human performance in automated systems', 'standard_classification': 'ACM CCS: J.4 Social and Behavioral Sciences; UNESCO: 6106.04 Psicología del Trabajo'}, {'domain': 'Industrial Engineering/Ergonomics', 'category': 'Secondary', 'confidence': 'Medium', 'evidence_basis': 'Application to dynamic control tasks, task performance analysis, and automation system design', 'standard_classification': 'UNESCO: 3311.11 Ergonomía'}]","{'macro_level': 'Engineering & Technology', 'meso_level': 'Human-Computer Interaction', 'micro_level': 'Automation Levels and Human Performance'}","[{'method_domain': 'Experimental Psychology', 'techniques': ['Controlled simulation trials', 'Analysis of Variance', 'Performance metrics', 'Workload assessment', 'Situation awareness measures'], 'contribution': 'Development of LOA taxonomy and empirical validation through failure scenario testing'}, {'method_domain': 'Human Factors Engineering', 'techniques': ['Task analysis', 'Function allocation schemes', 'System performance evaluation', 'Automation failure assessment'], 'contribution': 'Structured approach to automation level classification and impact assessment'}]","[{'sector': 'Human-Automation Systems', 'potential_impact': 'Improved design of automated systems balancing performance and human oversight', 'implementation_scale': 'Organizational'}, {'sector': 'Decision Support Systems', 'potential_impact': 'Optimization of human-computer collaboration in critical decision-making tasks', 'implementation_scale': 'Individual'}]","[{'industry_sector': 'Aviation', 'relation_type': 'Indirect', 'confidence': 'High', 'evidence_basis': 'Dynamic control tasks, automation failures, and situation awareness are critical in aviation systems'}, {'industry_sector': 'Manufacturing', 'relation_type': 'Indirect', 'confidence': 'Medium', 'evidence_basis': 'Process control automation and human-machine collaboration in industrial settings'}, {'industry_sector': 'Military/Defense', 'relation_type': 'Indirect', 'confidence': 'Medium', 'evidence_basis': 'Command and control systems, automated decision support, and operator workload management'}, {'industry_sector': 'Nuclear Power', 'relation_type': 'Indirect', 'confidence': 'Medium', 'evidence_basis': 'High-reliability systems requiring balanced automation and human oversight'}]","{'cross_disciplinary_score': 'High', 'bridging_domains': ['Psychology', 'Computer Science', 'Engineering'], 'integration_level': 'Methodological and Applied'}","{'novelty_rating': 'Medium', 'trend_association': 'Human-AI collaboration, adaptive automation, human-centered AI', 'future_trajectory': 'Foundation for contemporary research on human-automation trust, explainable AI, and adaptive interface design'}","{'analysis_confidence': 'High', 'ambiguity_level': 'Low', 'validation_suggestions': 'Additional context about specific application domain would strengthen industry mapping precision'}","```json
{
  ""primary_domains"": [
    {
      ""domain"": ""Human-Computer Interaction"",
      ""category"": ""Core"",
      ""confidence"": ""High"",
      ""evidence_basis"": ""Focus on human/machine performance, user-computer interface, and automation design in dynamic control tasks"",
      ""standard_classification"": ""ACM CCS: H.5.2 User Interfaces; UNESCO: 1203.04 Interacción Persona-Ordenador""
    },
    {
      ""domain"": ""Cognitive Psychology"",
      ""category"": ""Core"",
      ""confidence"": ""High"",
      ""evidence_basis"": ""Examination of situation awareness, workload, cognition, and human performance in automated systems"",
      ""standard_classification"": ""ACM CCS: J.4 Social and Behavioral Sciences; UNESCO: 6106.04 Psicología del Trabajo""
    },
    {
      ""domain"": ""Industrial Engineering/Ergonomics"",
      ""category"": ""Secondary"",
      ""confidence"": ""Medium"",
      ""evidence_basis"": ""Application to dynamic control tasks, task performance analysis, and automation system design"",
      ""standard_classification"": ""UNESCO: 3311.11 Ergonomía""
    }
  ],
  ""hierarchical_mapping"": {
    ""macro_level"": ""Engineering & Technology"",
    ""meso_level"": ""Human-Computer Interaction"",
    ""micro_level"": ""Automation Levels and Human Performance""
  },
  ""methodological_approaches"": [
    {
      ""method_domain"": ""Experimental Psychology"",
      ""techniques"": [""Controlled simulation trials"", ""Analysis of Variance"", ""Performance metrics"", ""Workload assessment"", ""Situation awareness measures""],
      ""contribution"": ""Development of LOA taxonomy and empirical validation through failure scenario testing""
    },
    {
      ""method_domain"": ""Human Factors Engineering"",
      ""techniques"": [""Task analysis"", ""Function allocation schemes"", ""System performance evaluation"", ""Automation failure assessment""],
      ""contribution"": ""Structured approach to automation level classification and impact assessment""
    }
  ],
  ""application_contexts"": [
    {
      ""sector"": ""Human-Automation Systems"",
      ""potential_impact"": ""Improved design of automated systems balancing performance and human oversight"",
      ""implementation_scale"": ""Organizational""
    },
    {
      ""sector"": ""Decision Support Systems"",
      ""potential_impact"": ""Optimization of human-computer collaboration in critical decision-making tasks"",
      ""implementation_scale"": ""Individual""
    }
  ],
  ""industry_mapping"": [
    {
      ""industry_sector"": ""Aviation"",
      ""relation_type"": ""Indirect"",
      ""confidence"": ""High"",
      ""evidence_basis"": ""Dynamic control tasks, automation failures, and situation awareness are critical in aviation systems""
    },
    {
      ""industry_sector"": ""Manufacturing"",
      ""relation_type"": ""Indirect"",
      ""confidence"": ""Medium"",
      ""evidence_basis"": ""Process control automation and human-machine collaboration in industrial settings""
    },
    {
      ""industry_sector"": ""Military/Defense"",
      ""relation_type"": ""Indirect"",
      ""confidence"": ""Medium"",
      ""evidence_basis"": ""Command and control systems, automated decision support, and operator workload management""
    },
    {
      ""industry_sector"": ""Nuclear Power"",
      ""relation_type"": ""Indirect"",
      ""confidence"": ""Medium"",
      ""evidence_basis"": ""High-reliability systems requiring balanced automation and human oversight""
    }
  ],
  ""interdisciplinary_assessment"": {
    ""cross_disciplinary_score"": ""High"",
    ""bridging_domains"": [""Psychology"", ""Computer Science"", ""Engineering""],
    ""integration_level"": ""Methodological and Applied""
  },
  ""emerging_field_indicators"": {
    ""novelty_rating"": ""Medium"",
    ""trend_association"": ""Human-AI collaboration, adaptive automation, human-centered AI"",
    ""future_trajectory"": ""Foundation for contemporary research on human-automation trust, explainable AI, and adaptive interface design""
  },
  ""quality_metrics"": {
    ""analysis_confidence"": ""High"",
    ""ambiguity_level"": ""Low"",
    ""validation_suggestions"": ""Additional context about specific application domain would strengthen industry mapping precision""
  }
}
```"
Empirically testing the impact of manufacturing system complexity on performance,"Guimaraes, T.; Martensson, N.; Stahre, J.; Igbaria, M.",International Journal of Operations and Production Management,1999.0,19,12,1254-1269,10.1108/01443579910294228,"As the increase in manufacturing competitiveness forces organizations to use more sophisticated and complex software, system performance depends on clever systems design, efficient planning and scheduling of the related processes. For these advanced manufacturing systems the dependence on human competence is greater. However, previous studies indicate that the human aspects for successfully implementing such systems have been neglected. The objective here is to test the hypotheses that system complexity is inversely related to performance, and that training of system operators, and the quality of the man/machine interface reduces the negative impact of system complexity. A sample of discreet manufacturing systems from 128 organizations was used to test these hypotheses empirically. Moderated multivariate regression indicates that man/machine interfaces are significant contributors to reducing the negative effect of systems complexity. With a lower level of significance, operator training has a similar impact. For complex manufacturing systems software, it behoves managers to insure that the man/machine interface provides the desirable features outlined in this study.",Human-computer interface; Manufacturing systems; Systems analysis; Training,ok,0.9998,"[{'domain': 'Industrial Engineering & Manufacturing Systems', 'category': 'Core', 'confidence': 'High', 'evidence_basis': 'Focus on manufacturing system complexity and performance in discrete manufacturing organizations', 'standard_classification': 'UNESCO 3303.09 Ingeniería de Sistemas Industriales / ACM CCS → Applied computing → Operations research'}, {'domain': 'Human-Computer Interaction', 'category': 'Core', 'confidence': 'High', 'evidence_basis': ""Explicit examination of man/machine interfaces as moderating factor, keywords include 'Human-computer interface'"", 'standard_classification': 'UNESCO 1203.04 Interacción Persona-Ordenador / ACM CCS → Human-centered computing → HCI'}, {'domain': 'Operations Management', 'category': 'Secondary', 'confidence': 'Medium', 'evidence_basis': 'Focus on system performance, planning, and scheduling in manufacturing contexts', 'standard_classification': 'UNESCO 5311.09 Organización de la Producción / ACM CCS → Applied computing → Enterprise computing'}]","{'macro_level': 'Engineering & Technology', 'meso_level': 'Industrial & Manufacturing Engineering', 'micro_level': 'Manufacturing Systems Complexity and Human Factors'}","[{'method_domain': 'Empirical Operations Research', 'techniques': ['Moderated multivariate regression', 'Hypothesis testing', 'Survey research'], 'contribution': 'Empirical validation of complexity-performance relationships with human factor moderators in manufacturing contexts'}, {'method_domain': 'Systems Analysis', 'techniques': ['Complexity measurement', 'Performance metrics', 'Interface quality assessment'], 'contribution': 'Integration of human factors into traditional systems complexity analysis'}]","[{'sector': 'Manufacturing System Design', 'potential_impact': 'Improved manufacturing system performance through better human-machine interface design', 'implementation_scale': 'Organizational'}, {'sector': 'Operator Training Programs', 'potential_impact': 'Enhanced training protocols to mitigate complexity effects on system performance', 'implementation_scale': 'Individual/Organizational'}, {'sector': 'Industrial Software Development', 'potential_impact': 'Guidance for developing more effective manufacturing software interfaces', 'implementation_scale': 'Cross-sector'}]","[{'industry_sector': 'Manufacturing', 'relation_type': 'Direct', 'confidence': 'High', 'evidence_basis': 'Explicit focus on discrete manufacturing systems from 128 organizations'}, {'industry_sector': 'Industrial Software', 'relation_type': 'Direct', 'confidence': 'High', 'evidence_basis': ""Mentions 'sophisticated and complex software' and 'manufacturing systems software'""}, {'industry_sector': 'Industrial Automation', 'relation_type': 'Indirect', 'confidence': 'Medium', 'evidence_basis': 'Implicit connection through man/machine interface discussion in manufacturing contexts'}]","{'cross_disciplinary_score': 'High', 'bridging_domains': ['Industrial Engineering', 'Human-Computer Interaction', 'Organizational Psychology', 'Operations Management'], 'integration_level': 'Methodological/Applied'}","{'novelty_rating': 'Medium', 'trend_association': 'Industry 4.0, Human-Centric Manufacturing, Digital Transformation in Industry', 'future_trajectory': 'Integration of human factors with Industry 4.0 technologies and smart manufacturing systems'}","{'analysis_confidence': 'High', 'ambiguity_level': 'Low', 'validation_suggestions': 'Additional methodological details and specific manufacturing sectors studied would enhance classification precision'}","```json
{
  ""primary_domains"": [
    {
      ""domain"": ""Industrial Engineering & Manufacturing Systems"",
      ""category"": ""Core"",
      ""confidence"": ""High"",
      ""evidence_basis"": ""Focus on manufacturing system complexity and performance in discrete manufacturing organizations"",
      ""standard_classification"": ""UNESCO 3303.09 Ingeniería de Sistemas Industriales / ACM CCS → Applied computing → Operations research""
    },
    {
      ""domain"": ""Human-Computer Interaction"",
      ""category"": ""Core"",
      ""confidence"": ""High"",
      ""evidence_basis"": ""Explicit examination of man/machine interfaces as moderating factor, keywords include 'Human-computer interface'"",
      ""standard_classification"": ""UNESCO 1203.04 Interacción Persona-Ordenador / ACM CCS → Human-centered computing → HCI""
    },
    {
      ""domain"": ""Operations Management"",
      ""category"": ""Secondary"",
      ""confidence"": ""Medium"",
      ""evidence_basis"": ""Focus on system performance, planning, and scheduling in manufacturing contexts"",
      ""standard_classification"": ""UNESCO 5311.09 Organización de la Producción / ACM CCS → Applied computing → Enterprise computing""
    }
  ],
  ""hierarchical_mapping"": {
    ""macro_level"": ""Engineering & Technology"",
    ""meso_level"": ""Industrial & Manufacturing Engineering"",
    ""micro_level"": ""Manufacturing Systems Complexity and Human Factors""
  },
  ""methodological_approaches"": [
    {
      ""method_domain"": ""Empirical Operations Research"",
      ""techniques"": [""Moderated multivariate regression"", ""Hypothesis testing"", ""Survey research""],
      ""contribution"": ""Empirical validation of complexity-performance relationships with human factor moderators in manufacturing contexts""
    },
    {
      ""method_domain"": ""Systems Analysis"",
      ""techniques"": [""Complexity measurement"", ""Performance metrics"", ""Interface quality assessment""],
      ""contribution"": ""Integration of human factors into traditional systems complexity analysis""
    }
  ],
  ""application_contexts"": [
    {
      ""sector"": ""Manufacturing System Design"",
      ""potential_impact"": ""Improved manufacturing system performance through better human-machine interface design"",
      ""implementation_scale"": ""Organizational""
    },
    {
      ""sector"": ""Operator Training Programs"",
      ""potential_impact"": ""Enhanced training protocols to mitigate complexity effects on system performance"",
      ""implementation_scale"": ""Individual/Organizational""
    },
    {
      ""sector"": ""Industrial Software Development"",
      ""potential_impact"": ""Guidance for developing more effective manufacturing software interfaces"",
      ""implementation_scale"": ""Cross-sector""
    }
  ],
  ""industry_mapping"": [
    {
      ""industry_sector"": ""Manufacturing"",
      ""relation_type"": ""Direct"",
      ""confidence"": ""High"",
      ""evidence_basis"": ""Explicit focus on discrete manufacturing systems from 128 organizations""
    },
    {
      ""industry_sector"": ""Industrial Software"",
      ""relation_type"": ""Direct"",
      ""confidence"": ""High"",
      ""evidence_basis"": ""Mentions 'sophisticated and complex software' and 'manufacturing systems software'""
    },
    {
      ""industry_sector"": ""Industrial Automation"",
      ""relation_type"": ""Indirect"",
      ""confidence"": ""Medium"",
      ""evidence_basis"": ""Implicit connection through man/machine interface discussion in manufacturing contexts""
    }
  ],
  ""interdisciplinary_assessment"": {
    ""cross_disciplinary_score"": ""High"",
    ""bridging_domains"": [""Industrial Engineering"", ""Human-Computer Interaction"", ""Organizational Psychology"", ""Operations Management""],
    ""integration_level"": ""Methodological/Applied""
  },
  ""emerging_field_indicators"": {
    ""novelty_rating"": ""Medium"",
    ""trend_association"": ""Industry 4.0, Human-Centric Manufacturing, Digital Transformation in Industry"",
    ""future_trajectory"": ""Integration of human factors with Industry 4.0 technologies and smart manufacturing systems""
  },
  ""quality_metrics"": {
    ""analysis_confidence"": ""High"",
    ""ambiguity_level"": ""Low"",
    ""validation_suggestions"": ""Additional methodological details and specific manufacturing sectors studied would enhance classification precision""
  }
}
```"
Psychological biases affecting human cognitive performance in dynamic operational environments,"Takano, K.; Reason, J.",Journal of Nuclear Science and Technology,1999.0,36,11,1041-1051,10.1080/18811248.1999.9726296,"In order to identify cognitive error mechanisms observed in the dynamic operational environment, the following materials were analyzed giving special attention to psychological biases, together with possible cognitive tasks and these location, and internal and external performance shaping factors: (a) 13 human factors analyses of US nuclear power plant accidents, (b) 14 cases of Japanese nuclear power plant incidents, and (c) 23 cases collected in simulator experiments. In the resulting analysis, the most frequently identified cognitive process associated with error productions was situation assessment, and following varieties were KB processes and response planning, all of that were the higher cognitive activities. Over 70% of human error cases, psychological bias was affecting to cognitive errors, especially those to higher cognitive activities. In addition, several error occurrence patterns, including relations between cognitive process, biases, and PSFs were identified by the multivariate analysis. According to the identified error patterns, functions that an operator support system have to equip were discussed and specified for design base considerations. © 1999 Taylor & Francis Group, LLC.",Cognitive process; Cognitive task; Human error; Multivariate analysis; Nuclear power plants; Performance shaping factor; Psychological bias; Accident prevention; Behavioral research; Human engineering; Personnel; Psychophysiology; Reactor operation; Statistical methods; Cognitive error mechanisms,ok,0.9997,"[{'domain': 'Human Factors Psychology', 'category': 'Core', 'confidence': 'High', 'evidence_basis': 'Focus on psychological biases, cognitive processes, and human error mechanisms in operational environments', 'standard_classification': 'UNESCO 6106.04 Psicología del Trabajo'}, {'domain': 'Industrial Safety Engineering', 'category': 'Core', 'confidence': 'High', 'evidence_basis': 'Analysis of nuclear power plant accidents and incidents, operator support system design', 'standard_classification': 'UNESCO 3309.09 Prevención de Accidentes'}, {'domain': 'Cognitive Science', 'category': 'Secondary', 'confidence': 'Medium', 'evidence_basis': 'Examination of higher cognitive activities including situation assessment and knowledge-based processes', 'standard_classification': 'UNESCO 6106.03 Procesos Cognitivos'}]","{'macro_level': 'Engineering & Technology', 'meso_level': 'Human Factors Engineering', 'micro_level': 'Cognitive Error Analysis in High-Risk Systems'}","[{'method_domain': 'Empirical Case Analysis', 'techniques': ['Human factors analysis', 'Case study analysis', 'Simulator experiments'], 'contribution': 'Multivariate analysis of error patterns across multiple data sources'}, {'method_domain': 'Statistical Analysis', 'techniques': ['Multivariate analysis', 'Error pattern identification'], 'contribution': 'Identification of relationships between cognitive processes, biases, and performance shaping factors'}]","[{'sector': 'Nuclear Power Operations', 'potential_impact': 'Improved safety systems and reduced human error in critical infrastructure', 'implementation_scale': 'Organizational'}, {'sector': 'Human-System Interface Design', 'potential_impact': 'Enhanced operator support systems and cognitive task design', 'implementation_scale': 'Organizational'}, {'sector': 'High-Risk Industry Safety', 'potential_impact': 'Transferable methodologies for error prevention across safety-critical domains', 'implementation_scale': 'Cross-sector'}]","[{'industry_sector': 'Nuclear Power', 'relation_type': 'Direct', 'confidence': 'High', 'evidence_basis': 'Explicit analysis of US and Japanese nuclear power plant accidents and incidents'}, {'industry_sector': 'Energy', 'relation_type': 'Direct', 'confidence': 'High', 'evidence_basis': 'Nuclear power as subset of energy sector with specific safety requirements'}, {'industry_sector': 'Aviation', 'relation_type': 'Indirect', 'confidence': 'Medium', 'evidence_basis': 'Similar cognitive demands in dynamic operational environments'}, {'industry_sector': 'Manufacturing', 'relation_type': 'Indirect', 'confidence': 'Medium', 'evidence_basis': 'Potential application to complex industrial control systems'}]","{'cross_disciplinary_score': 'High', 'bridging_domains': ['Psychology', 'Engineering', 'Computer Science'], 'integration_level': 'Methodological and Applied'}","{'novelty_rating': 'Medium', 'trend_association': 'Human factors in complex systems, cognitive engineering, resilience engineering', 'future_trajectory': 'Integration with AI-based decision support systems and real-time cognitive monitoring'}","{'analysis_confidence': 'High', 'ambiguity_level': 'Low', 'validation_suggestions': 'Additional methodological details about multivariate analysis techniques would enhance validation'}","```json
{
  ""primary_domains"": [
    {
      ""domain"": ""Human Factors Psychology"",
      ""category"": ""Core"",
      ""confidence"": ""High"",
      ""evidence_basis"": ""Focus on psychological biases, cognitive processes, and human error mechanisms in operational environments"",
      ""standard_classification"": ""UNESCO 6106.04 Psicología del Trabajo""
    },
    {
      ""domain"": ""Industrial Safety Engineering"",
      ""category"": ""Core"",
      ""confidence"": ""High"",
      ""evidence_basis"": ""Analysis of nuclear power plant accidents and incidents, operator support system design"",
      ""standard_classification"": ""UNESCO 3309.09 Prevención de Accidentes""
    },
    {
      ""domain"": ""Cognitive Science"",
      ""category"": ""Secondary"",
      ""confidence"": ""Medium"",
      ""evidence_basis"": ""Examination of higher cognitive activities including situation assessment and knowledge-based processes"",
      ""standard_classification"": ""UNESCO 6106.03 Procesos Cognitivos""
    }
  ],
  ""hierarchical_mapping"": {
    ""macro_level"": ""Engineering & Technology"",
    ""meso_level"": ""Human Factors Engineering"",
    ""micro_level"": ""Cognitive Error Analysis in High-Risk Systems""
  },
  ""methodological_approaches"": [
    {
      ""method_domain"": ""Empirical Case Analysis"",
      ""techniques"": [""Human factors analysis"", ""Case study analysis"", ""Simulator experiments""],
      ""contribution"": ""Multivariate analysis of error patterns across multiple data sources""
    },
    {
      ""method_domain"": ""Statistical Analysis"",
      ""techniques"": [""Multivariate analysis"", ""Error pattern identification""],
      ""contribution"": ""Identification of relationships between cognitive processes, biases, and performance shaping factors""
    }
  ],
  ""application_contexts"": [
    {
      ""sector"": ""Nuclear Power Operations"",
      ""potential_impact"": ""Improved safety systems and reduced human error in critical infrastructure"",
      ""implementation_scale"": ""Organizational""
    },
    {
      ""sector"": ""Human-System Interface Design"",
      ""potential_impact"": ""Enhanced operator support systems and cognitive task design"",
      ""implementation_scale"": ""Organizational""
    },
    {
      ""sector"": ""High-Risk Industry Safety"",
      ""potential_impact"": ""Transferable methodologies for error prevention across safety-critical domains"",
      ""implementation_scale"": ""Cross-sector""
    }
  ],
  ""industry_mapping"": [
    {
      ""industry_sector"": ""Nuclear Power"",
      ""relation_type"": ""Direct"",
      ""confidence"": ""High"",
      ""evidence_basis"": ""Explicit analysis of US and Japanese nuclear power plant accidents and incidents""
    },
    {
      ""industry_sector"": ""Energy"",
      ""relation_type"": ""Direct"",
      ""confidence"": ""High"",
      ""evidence_basis"": ""Nuclear power as subset of energy sector with specific safety requirements""
    },
    {
      ""industry_sector"": ""Aviation"",
      ""relation_type"": ""Indirect"",
      ""confidence"": ""Medium"",
      ""evidence_basis"": ""Similar cognitive demands in dynamic operational environments""
    },
    {
      ""industry_sector"": ""Manufacturing"",
      ""relation_type"": ""Indirect"",
      ""confidence"": ""Medium"",
      ""evidence_basis"": ""Potential application to complex industrial control systems""
    }
  ],
  ""interdisciplinary_assessment"": {
    ""cross_disciplinary_score"": ""High"",
    ""bridging_domains"": [""Psychology"", ""Engineering"", ""Computer Science""],
    ""integration_level"": ""Methodological and Applied""
  },
  ""emerging_field_indicators"": {
    ""novelty_rating"": ""Medium"",
    ""trend_association"": ""Human factors in complex systems, cognitive engineering, resilience engineering"",
    ""future_trajectory"": ""Integration with AI-based decision support systems and real-time cognitive monitoring""
  },
  ""quality_metrics"": {
    ""analysis_confidence"": ""High"",
    ""ambiguity_level"": ""Low"",
    ""validation_suggestions"": ""Additional methodological details about multivariate analysis techniques would enhance validation""
  }
}
```"
Toward a model of unreliability to study error prevention supports,"Vanderhaegen, F.",Interacting with Computers,1999.0,11,5,575-595,10.1016/S0953-5438(98)00044-7,"The paper reviews aspects of system development. It focuses on system specification which aims at defining off-line error prevention supports such as training programme, ergonomic improvement or rules modification and at defining on-line error prevention supports such as assistance tools, automated tools or human-machine interfaces. A model of unreliability is proposed to describe both human and machine dysfunctions and to guide the specification of error prevention supports. One of its uses is illustrated by an application in air traffic control. The project is an experimental feasibility study which aims at assessing the impact of automation on human behaviour. This study consists of sharing tasks dynamically between a human air traffic controller and a computer based tool. Results are analyzed in the light of workload, safety and unreliability.",Accident prevention; Air traffic control; Automation; Man machine systems; User interfaces; Error prevention support; Human reliability; System specifications; Human computer interaction,ok,0.9997,"[{'domain': 'Human-Computer Interaction', 'category': 'Core', 'confidence': 'High', 'evidence_basis': 'Focus on human-machine interfaces, error prevention supports, and human-computer interaction keywords', 'standard_classification': 'ACM CCS: H.5.2 User Interfaces; H.1.2 Human Factors'}, {'domain': 'Industrial & Systems Engineering', 'category': 'Core', 'confidence': 'High', 'evidence_basis': 'System specification, error prevention supports, task sharing between human and computer systems', 'standard_classification': 'UNESCO: 3311.13 Sistemas de Producción; ACM CCS: H.5.2 User Interfaces'}, {'domain': 'Cognitive Psychology/Ergonomics', 'category': 'Secondary', 'confidence': 'Medium', 'evidence_basis': 'Human reliability, workload analysis, human behavior assessment in complex systems', 'standard_classification': 'UNESCO: 6106.03 Psicología del Trabajo; ACM CCS: H.1.2 Human Factors'}]","{'macro_level': 'Engineering & Technology', 'meso_level': 'Computer Science & Systems Engineering', 'micro_level': 'Human-Computer Interaction & Cognitive Systems Engineering'}","[{'method_domain': 'Experimental Systems Research', 'techniques': ['Feasibility Study', 'Task Analysis', 'Workload Assessment', 'Safety Analysis'], 'contribution': 'Development of unreliability modeling framework for both human and machine dysfunctions'}, {'method_domain': 'Human Factors Engineering', 'techniques': ['Ergonomic Evaluation', 'Human Reliability Assessment', 'Interface Design Evaluation'], 'contribution': 'Integrated approach to error prevention through both off-line and on-line supports'}]","[{'sector': 'Aviation Safety Systems', 'potential_impact': 'Enhanced air traffic control safety through improved human-machine collaboration', 'implementation_scale': 'Organizational'}, {'sector': 'Critical Systems Design', 'potential_impact': 'Framework for error prevention in high-risk operational environments', 'implementation_scale': 'Cross-sector'}, {'sector': 'Human-Automation Interaction', 'potential_impact': 'Improved dynamic task allocation between humans and automated systems', 'implementation_scale': 'Organizational'}]","[{'industry_sector': 'Aviation', 'relation_type': 'Direct', 'confidence': 'High', 'evidence_basis': 'Explicit application in air traffic control with experimental feasibility study'}, {'industry_sector': 'Information Systems', 'relation_type': 'Direct', 'confidence': 'High', 'evidence_basis': 'Focus on system specification, human-computer interaction, and automation systems'}, {'industry_sector': 'Transportation Safety', 'relation_type': 'Indirect', 'confidence': 'Medium', 'evidence_basis': 'Error prevention framework applicable to other transportation domains'}, {'industry_sector': 'Critical Infrastructure', 'relation_type': 'Indirect', 'confidence': 'Medium', 'evidence_basis': 'Methodology applicable to nuclear power, energy grid, and other high-risk systems'}]","{'cross_disciplinary_score': 'High', 'bridging_domains': ['Computer Science', 'Psychology', 'Industrial Engineering', 'Aviation Operations'], 'integration_level': 'Methodological'}","{'novelty_rating': 'Medium', 'trend_association': 'Human-AI Collaboration, Cognitive Systems Engineering, Resilience Engineering', 'future_trajectory': 'Potential expansion to autonomous systems, AI safety, and complex human-technology ecosystems'}","{'analysis_confidence': 'High', 'ambiguity_level': 'Low', 'validation_suggestions': 'Full paper text would provide additional methodological details and broader application contexts'}","```json
{
  ""primary_domains"": [
    {
      ""domain"": ""Human-Computer Interaction"",
      ""category"": ""Core"",
      ""confidence"": ""High"",
      ""evidence_basis"": ""Focus on human-machine interfaces, error prevention supports, and human-computer interaction keywords"",
      ""standard_classification"": ""ACM CCS: H.5.2 User Interfaces; H.1.2 Human Factors""
    },
    {
      ""domain"": ""Industrial & Systems Engineering"",
      ""category"": ""Core"",
      ""confidence"": ""High"",
      ""evidence_basis"": ""System specification, error prevention supports, task sharing between human and computer systems"",
      ""standard_classification"": ""UNESCO: 3311.13 Sistemas de Producción; ACM CCS: H.5.2 User Interfaces""
    },
    {
      ""domain"": ""Cognitive Psychology/Ergonomics"",
      ""category"": ""Secondary"",
      ""confidence"": ""Medium"",
      ""evidence_basis"": ""Human reliability, workload analysis, human behavior assessment in complex systems"",
      ""standard_classification"": ""UNESCO: 6106.03 Psicología del Trabajo; ACM CCS: H.1.2 Human Factors""
    }
  ],
  ""hierarchical_mapping"": {
    ""macro_level"": ""Engineering & Technology"",
    ""meso_level"": ""Computer Science & Systems Engineering"",
    ""micro_level"": ""Human-Computer Interaction & Cognitive Systems Engineering""
  },
  ""methodological_approaches"": [
    {
      ""method_domain"": ""Experimental Systems Research"",
      ""techniques"": [""Feasibility Study"", ""Task Analysis"", ""Workload Assessment"", ""Safety Analysis""],
      ""contribution"": ""Development of unreliability modeling framework for both human and machine dysfunctions""
    },
    {
      ""method_domain"": ""Human Factors Engineering"",
      ""techniques"": [""Ergonomic Evaluation"", ""Human Reliability Assessment"", ""Interface Design Evaluation""],
      ""contribution"": ""Integrated approach to error prevention through both off-line and on-line supports""
    }
  ],
  ""application_contexts"": [
    {
      ""sector"": ""Aviation Safety Systems"",
      ""potential_impact"": ""Enhanced air traffic control safety through improved human-machine collaboration"",
      ""implementation_scale"": ""Organizational""
    },
    {
      ""sector"": ""Critical Systems Design"",
      ""potential_impact"": ""Framework for error prevention in high-risk operational environments"",
      ""implementation_scale"": ""Cross-sector""
    },
    {
      ""sector"": ""Human-Automation Interaction"",
      ""potential_impact"": ""Improved dynamic task allocation between humans and automated systems"",
      ""implementation_scale"": ""Organizational""
    }
  ],
  ""industry_mapping"": [
    {
      ""industry_sector"": ""Aviation"",
      ""relation_type"": ""Direct"",
      ""confidence"": ""High"",
      ""evidence_basis"": ""Explicit application in air traffic control with experimental feasibility study""
    },
    {
      ""industry_sector"": ""Information Systems"",
      ""relation_type"": ""Direct"",
      ""confidence"": ""High"",
      ""evidence_basis"": ""Focus on system specification, human-computer interaction, and automation systems""
    },
    {
      ""industry_sector"": ""Transportation Safety"",
      ""relation_type"": ""Indirect"",
      ""confidence"": ""Medium"",
      ""evidence_basis"": ""Error prevention framework applicable to other transportation domains""
    },
    {
      ""industry_sector"": ""Critical Infrastructure"",
      ""relation_type"": ""Indirect"",
      ""confidence"": ""Medium"",
      ""evidence_basis"": ""Methodology applicable to nuclear power, energy grid, and other high-risk systems""
    }
  ],
  ""interdisciplinary_assessment"": {
    ""cross_disciplinary_score"": ""High"",
    ""bridging_domains"": [""Computer Science"", ""Psychology"", ""Industrial Engineering"", ""Aviation Operations""],
    ""integration_level"": ""Methodological""
  },
  ""emerging_field_indicators"": {
    ""novelty_rating"": ""Medium"",
    ""trend_association"": ""Human-AI Collaboration, Cognitive Systems Engineering, Resilience Engineering"",
    ""future_trajectory"": ""Potential expansion to autonomous systems, AI safety, and complex human-technology ecosystems""
  },
  ""quality_metrics"": {
    ""analysis_confidence"": ""High"",
    ""ambiguity_level"": ""Low"",
    ""validation_suggestions"": ""Full paper text would provide additional methodological details and broader application contexts""
  }
}
```"
Information systems: what sort of science is it?,"Avgerou, C.",Omega-International Journal of Management Science,2000.0,28,5,567-579,10.1016/s0305-0483(99)00072-9,"The academic field of Information Systems (IS) is concerned with a large range of multifaceted questions regarding the development, use and implications of information and communication technologies in organisations. Responsive to the challenge that profound technological innovation in the last 30 years posed to all types of social life, IS studies have developed a wealth of detailed knowledge at the organisational level. Yet, the field of IS is not well understood by academics and professionals in other fields, even in fields related to IS, such as Operational Research, Management, or Psychology. In this paper, written mainly for academics and professionals who are not IS specialists, we outline the IS field in terms of its main thematic areas, theories, and investigation approaches and discuss its institutional characteristics. We argue that the major strength of the field is its responsiveness to a large variety of issues emerging in organisations as they learn to exploit the new technological potential. However, being so far mainly issue oriented rather than theory driven, IS lacks the distinctiveness and rigour usually associated with scientific disciplines and remains institutionally weak. (C) 2000 Elsevier Science Ltd. All rights reserved.",information systems; academic fields; information systems research; information systems theory; decision-support systems; technology; consultation; Business & Economics; Operations Research & Management Science,ok,0.9998,"[{'domain': 'Information Systems', 'category': 'Core', 'confidence': 'High', 'evidence_basis': 'Paper explicitly focuses on defining the IS field, its thematic areas, theories, and investigation approaches', 'standard_classification': 'ACM CCS: Information systems → Information systems applications; UNESCO: 5311.04 Sistemas de Información'}, {'domain': 'Management Science', 'category': 'Core', 'confidence': 'High', 'evidence_basis': 'Keywords include Business & Economics, Operations Research & Management Science; discusses organizational implications', 'standard_classification': 'ACM CCS: Applied computing → Business intelligence; UNESCO: 5311.01 Dirección de Empresas'}, {'domain': 'Organizational Psychology', 'category': 'Secondary', 'confidence': 'Medium', 'evidence_basis': 'Mentions psychology as related field and discusses organizational learning and implications', 'standard_classification': 'UNESCO: 6106.03 Psicología del Trabajo y de las Organizaciones'}]","{'macro_level': 'Social Sciences', 'meso_level': 'Information Systems & Management Science', 'micro_level': 'Organizational Information Systems & Decision Support'}","[{'method_domain': 'Organizational Research Methods', 'techniques': ['Qualitative Analysis', 'Case Studies', 'Theoretical Framing'], 'contribution': 'Meta-analysis of IS field methodologies rather than primary research methods'}, {'method_domain': 'Interdisciplinary Research', 'techniques': ['Boundary-spanning analysis', 'Field definition', 'Institutional analysis'], 'contribution': 'Methodological reflection on the nature of IS as a scientific discipline'}]","[{'sector': 'Organizational Decision Support', 'potential_impact': 'Enhancing organizational capability to exploit technological potential', 'implementation_scale': 'Organizational'}, {'sector': 'Technology Implementation', 'potential_impact': 'Improving understanding of technology adoption and implications in organizations', 'implementation_scale': 'Organizational'}, {'sector': 'Strategic Management', 'potential_impact': 'Informing organizational strategy through better information systems understanding', 'implementation_scale': 'Organizational'}]","[{'industry_sector': 'Information Systems', 'relation_type': 'Direct', 'confidence': 'High', 'evidence_basis': 'Core focus on information systems field and its applications'}, {'industry_sector': 'Consulting', 'relation_type': 'Direct', 'confidence': 'High', 'evidence_basis': ""Explicitly mentioned in keywords: 'consultation'""}, {'industry_sector': 'Education', 'relation_type': 'Indirect', 'confidence': 'Medium', 'evidence_basis': 'Written for academics and professionals, discussing academic field characteristics'}, {'industry_sector': 'Public Administration', 'relation_type': 'Indirect', 'confidence': 'Medium', 'evidence_basis': 'Mentions implications for all types of social life and organizations'}]","{'cross_disciplinary_score': 'High', 'bridging_domains': ['Computer Science', 'Management', 'Psychology', 'Operations Research'], 'integration_level': 'Theoretical and Applied'}","{'novelty_rating': 'Medium', 'trend_association': 'Field definition and identity crisis in interdisciplinary domains', 'future_trajectory': 'Potential movement toward greater theoretical rigor and disciplinary distinctiveness'}","{'analysis_confidence': 'High', 'ambiguity_level': 'Low', 'validation_suggestions': 'Full paper content would provide additional methodological details and theoretical frameworks'}","```json
{
  ""primary_domains"": [
    {
      ""domain"": ""Information Systems"",
      ""category"": ""Core"",
      ""confidence"": ""High"",
      ""evidence_basis"": ""Paper explicitly focuses on defining the IS field, its thematic areas, theories, and investigation approaches"",
      ""standard_classification"": ""ACM CCS: Information systems → Information systems applications; UNESCO: 5311.04 Sistemas de Información""
    },
    {
      ""domain"": ""Management Science"",
      ""category"": ""Core"",
      ""confidence"": ""High"",
      ""evidence_basis"": ""Keywords include Business & Economics, Operations Research & Management Science; discusses organizational implications"",
      ""standard_classification"": ""ACM CCS: Applied computing → Business intelligence; UNESCO: 5311.01 Dirección de Empresas""
    },
    {
      ""domain"": ""Organizational Psychology"",
      ""category"": ""Secondary"",
      ""confidence"": ""Medium"",
      ""evidence_basis"": ""Mentions psychology as related field and discusses organizational learning and implications"",
      ""standard_classification"": ""UNESCO: 6106.03 Psicología del Trabajo y de las Organizaciones""
    }
  ],
  ""hierarchical_mapping"": {
    ""macro_level"": ""Social Sciences"",
    ""meso_level"": ""Information Systems & Management Science"",
    ""micro_level"": ""Organizational Information Systems & Decision Support""
  },
  ""methodological_approaches"": [
    {
      ""method_domain"": ""Organizational Research Methods"",
      ""techniques"": [""Qualitative Analysis"", ""Case Studies"", ""Theoretical Framing""],
      ""contribution"": ""Meta-analysis of IS field methodologies rather than primary research methods""
    },
    {
      ""method_domain"": ""Interdisciplinary Research"",
      ""techniques"": [""Boundary-spanning analysis"", ""Field definition"", ""Institutional analysis""],
      ""contribution"": ""Methodological reflection on the nature of IS as a scientific discipline""
    }
  ],
  ""application_contexts"": [
    {
      ""sector"": ""Organizational Decision Support"",
      ""potential_impact"": ""Enhancing organizational capability to exploit technological potential"",
      ""implementation_scale"": ""Organizational""
    },
    {
      ""sector"": ""Technology Implementation"",
      ""potential_impact"": ""Improving understanding of technology adoption and implications in organizations"",
      ""implementation_scale"": ""Organizational""
    },
    {
      ""sector"": ""Strategic Management"",
      ""potential_impact"": ""Informing organizational strategy through better information systems understanding"",
      ""implementation_scale"": ""Organizational""
    }
  ],
  ""industry_mapping"": [
    {
      ""industry_sector"": ""Information Systems"",
      ""relation_type"": ""Direct"",
      ""confidence"": ""High"",
      ""evidence_basis"": ""Core focus on information systems field and its applications""
    },
    {
      ""industry_sector"": ""Consulting"",
      ""relation_type"": ""Direct"",
      ""confidence"": ""High"",
      ""evidence_basis"": ""Explicitly mentioned in keywords: 'consultation'""
    },
    {
      ""industry_sector"": ""Education"",
      ""relation_type"": ""Indirect"",
      ""confidence"": ""Medium"",
      ""evidence_basis"": ""Written for academics and professionals, discussing academic field characteristics""
    },
    {
      ""industry_sector"": ""Public Administration"",
      ""relation_type"": ""Indirect"",
      ""confidence"": ""Medium"",
      ""evidence_basis"": ""Mentions implications for all types of social life and organizations""
    }
  ],
  ""interdisciplinary_assessment"": {
    ""cross_disciplinary_score"": ""High"",
    ""bridging_domains"": [""Computer Science"", ""Management"", ""Psychology"", ""Operations Research""],
    ""integration_level"": ""Theoretical and Applied""
  },
  ""emerging_field_indicators"": {
    ""novelty_rating"": ""Medium"",
    ""trend_association"": ""Field definition and identity crisis in interdisciplinary domains"",
    ""future_trajectory"": ""Potential movement toward greater theoretical rigor and disciplinary distinctiveness""
  },
  ""quality_metrics"": {
    ""analysis_confidence"": ""High"",
    ""ambiguity_level"": ""Low"",
    ""validation_suggestions"": ""Full paper content would provide additional methodological details and theoretical frameworks""
  }
}
```"
"Interactivity in human-computer interaction: a study of credibility, understanding, and influence","Burgoon, J. K.; Bonito, J. A.; Bengtsson, B.; Cederberg, C.; Lundeberg, M.; Allspach, L.",Computers in Human Behavior,2000.0,16,6,553-574,10.1016/s0747-5632(00)00029-7,"Advancements in computer technology have allowed the development of human-appearing and -behaving virtual agents. This study examined if increased richness and anthropomorphism in interface design lead to computers being more influential during a decision-making task with a human partner. In addition, user experiences of the communication format, communication process, and the task partner were evaluated for their association with various features of virtual agents. Study participants completed the Desert Survival Problem (DSP) and were then randomly assigned to one of five different computer partners or to a human partner (who was a study confederate). Participants discussed each of the items in the DSP with their partners and were then asked to complete the DSP again. Results showed that computers were more influential than human partners but that the latter were rated more positively on social dimensions of communication than the former. Exploratory analysis of user assessments revealed that some features of human-computer interaction (e.g. utility and feeling understood) were associated with increases in anthropomorphic features of the interface. Discussion focuses on the relation between user perceptions, design features, and task outcomes. (C) 2000 Elsevier Science Ltd. All rights reserved.",human-computer interaction; interactivity; decision making; anthropomorphism; contingency; mediated communication; social attributions; interface; machines; Psychology,ok,0.9999,"[{'domain': 'Human-Computer Interaction', 'category': 'Core', 'confidence': 'High', 'evidence_basis': 'Direct study of human-computer interaction, interface design, and virtual agents', 'standard_classification': 'ACM CCS: H.5.2 User Interfaces; UNESCO: 1203.04 Interacción Persona-Ordenador'}, {'domain': 'Psychology', 'category': 'Core', 'confidence': 'High', 'evidence_basis': 'Study of decision-making, social attributions, and user perceptions in human-computer interaction', 'standard_classification': 'APA Classification: 2720 Human-Computer Interaction; UNESCO: 6114.02 Psicología Experimental'}, {'domain': 'Computer Science', 'category': 'Secondary', 'confidence': 'Medium', 'evidence_basis': 'Focus on interface design, virtual agents, and computer technology advancements', 'standard_classification': 'ACM CCS: H.1.2 User/Machine Systems; UNESCO: 1203.17 Informática'}]","{'macro_level': 'Engineering & Technology', 'meso_level': 'Computer Science & Human-Computer Interaction', 'micro_level': 'Anthropomorphic Interface Design and Social HCI'}","[{'method_domain': 'Experimental Psychology', 'techniques': ['Randomized controlled experiment', 'Desert Survival Problem task', 'User experience evaluation', 'Social attribution measurement'], 'contribution': 'Experimental framework for assessing anthropomorphism effects in HCI'}, {'method_domain': 'Human Factors Research', 'techniques': ['Interface evaluation', 'Communication process analysis', 'Task performance measurement'], 'contribution': 'Methodology for linking design features to user perceptions and task outcomes'}]","[{'sector': 'Decision Support Systems', 'potential_impact': 'Improved human-computer collaboration in decision-making tasks', 'implementation_scale': 'Individual/Organizational'}, {'sector': 'Virtual Agent Design', 'potential_impact': 'Enhanced interface design for more effective human-computer interaction', 'implementation_scale': 'Organizational/Societal'}, {'sector': 'Communication Systems', 'potential_impact': 'Better understanding of mediated communication processes', 'implementation_scale': 'Societal'}]","[{'industry_sector': 'Information Systems', 'relation_type': 'Direct', 'confidence': 'High', 'evidence_basis': 'Focus on human-computer interaction and interface design'}, {'industry_sector': 'Education', 'relation_type': 'Indirect', 'confidence': 'Medium', 'evidence_basis': 'Potential applications in educational technology and learning systems'}, {'industry_sector': 'Healthcare', 'relation_type': 'Indirect', 'confidence': 'Medium', 'evidence_basis': 'Relevance to medical decision support and patient interaction systems'}, {'industry_sector': 'Robotics', 'relation_type': 'Indirect', 'confidence': 'Medium', 'evidence_basis': 'Applications in human-robot interaction and social robotics'}]","{'cross_disciplinary_score': 'High', 'bridging_domains': ['Psychology', 'Computer Science', 'Communication Studies'], 'integration_level': 'Methodological/Applied'}","{'novelty_rating': 'Medium', 'trend_association': 'Early work in social HCI and anthropomorphic computing', 'future_trajectory': 'Foundation for subsequent research in social robotics, virtual assistants, and affective computing'}","{'analysis_confidence': 'High', 'ambiguity_level': 'Low', 'validation_suggestions': 'Additional methodology details and full paper context would enhance classification precision'}","```json
{
  ""primary_domains"": [
    {
      ""domain"": ""Human-Computer Interaction"",
      ""category"": ""Core"",
      ""confidence"": ""High"",
      ""evidence_basis"": ""Direct study of human-computer interaction, interface design, and virtual agents"",
      ""standard_classification"": ""ACM CCS: H.5.2 User Interfaces; UNESCO: 1203.04 Interacción Persona-Ordenador""
    },
    {
      ""domain"": ""Psychology"",
      ""category"": ""Core"",
      ""confidence"": ""High"",
      ""evidence_basis"": ""Study of decision-making, social attributions, and user perceptions in human-computer interaction"",
      ""standard_classification"": ""APA Classification: 2720 Human-Computer Interaction; UNESCO: 6114.02 Psicología Experimental""
    },
    {
      ""domain"": ""Computer Science"",
      ""category"": ""Secondary"",
      ""confidence"": ""Medium"",
      ""evidence_basis"": ""Focus on interface design, virtual agents, and computer technology advancements"",
      ""standard_classification"": ""ACM CCS: H.1.2 User/Machine Systems; UNESCO: 1203.17 Informática""
    }
  ],
  ""hierarchical_mapping"": {
    ""macro_level"": ""Engineering & Technology"",
    ""meso_level"": ""Computer Science & Human-Computer Interaction"",
    ""micro_level"": ""Anthropomorphic Interface Design and Social HCI""
  },
  ""methodological_approaches"": [
    {
      ""method_domain"": ""Experimental Psychology"",
      ""techniques"": [""Randomized controlled experiment"", ""Desert Survival Problem task"", ""User experience evaluation"", ""Social attribution measurement""],
      ""contribution"": ""Experimental framework for assessing anthropomorphism effects in HCI""
    },
    {
      ""method_domain"": ""Human Factors Research"",
      ""techniques"": [""Interface evaluation"", ""Communication process analysis"", ""Task performance measurement""],
      ""contribution"": ""Methodology for linking design features to user perceptions and task outcomes""
    }
  ],
  ""application_contexts"": [
    {
      ""sector"": ""Decision Support Systems"",
      ""potential_impact"": ""Improved human-computer collaboration in decision-making tasks"",
      ""implementation_scale"": ""Individual/Organizational""
    },
    {
      ""sector"": ""Virtual Agent Design"",
      ""potential_impact"": ""Enhanced interface design for more effective human-computer interaction"",
      ""implementation_scale"": ""Organizational/Societal""
    },
    {
      ""sector"": ""Communication Systems"",
      ""potential_impact"": ""Better understanding of mediated communication processes"",
      ""implementation_scale"": ""Societal""
    }
  ],
  ""industry_mapping"": [
    {
      ""industry_sector"": ""Information Systems"",
      ""relation_type"": ""Direct"",
      ""confidence"": ""High"",
      ""evidence_basis"": ""Focus on human-computer interaction and interface design""
    },
    {
      ""industry_sector"": ""Education"",
      ""relation_type"": ""Indirect"",
      ""confidence"": ""Medium"",
      ""evidence_basis"": ""Potential applications in educational technology and learning systems""
    },
    {
      ""industry_sector"": ""Healthcare"",
      ""relation_type"": ""Indirect"",
      ""confidence"": ""Medium"",
      ""evidence_basis"": ""Relevance to medical decision support and patient interaction systems""
    },
    {
      ""industry_sector"": ""Robotics"",
      ""relation_type"": ""Indirect"",
      ""confidence"": ""Medium"",
      ""evidence_basis"": ""Applications in human-robot interaction and social robotics""
    }
  ],
  ""interdisciplinary_assessment"": {
    ""cross_disciplinary_score"": ""High"",
    ""bridging_domains"": [""Psychology"", ""Computer Science"", ""Communication Studies""],
    ""integration_level"": ""Methodological/Applied""
  },
  ""emerging_field_indicators"": {
    ""novelty_rating"": ""Medium"",
    ""trend_association"": ""Early work in social HCI and anthropomorphic computing"",
    ""future_trajectory"": ""Foundation for subsequent research in social robotics, virtual assistants, and affective computing""
  },
  ""quality_metrics"": {
    ""analysis_confidence"": ""High"",
    ""ambiguity_level"": ""Low"",
    ""validation_suggestions"": ""Additional methodology details and full paper context would enhance classification precision""
  }
}
```"
Towards human-centred intelligent systems - the intelligent assistant,"Djian, D.; Azarmi, N.; Azvine, B.; Tsui, K. C.; Wobcke, W.",Bt Technology Journal,2000.0,18,1,91-+,10.1023/a:1026590224641,"In this paper, we describe some abstract features of human/machine interaction systems that are required for the production of intelligent behaviour. We introduce a subset of intelligent systems called human-centred intelligent systems (HCIS) and argue that such systems must be autonomous, robust and adaptive in order to be intelligent We also propose soft computing as a promising new technique that can be used to build HCIS, and present examples where this is already being done. The paper defines flexibility to be a combination of the often-conflicting requirements of robustness and adaptability, and based on this we claim that the right balance between these two features is necessary to achieve intelligent behaviour. We describe the intelligent assistant (IA) system and its various components which automatically perform helpful tasks for its user so as to enable the user to improve productivity. These tasks include time, information and communication management. Time management involves planning and scheduling, decision making and learning user habits. Information management involves information seeking and filtering, information fusion, decision making and learning user preferences. Communication management involves recognising user behaviour and learning user priorities. All these tasks depend on many factors including the type of activity, its orginator, the mood of the user, past experience, and the priority of the task. The IA uses a multimodal interface with conventional interfaces such as keyboard and mouse enhanced to include vision, speech and natural language processing. The inclusion of such extra modalities extends the capabilities of existing systems at the cost of introducing extra complexity. The IA is 'smart' because it has the knowledge about tasks and the capability to learn and adapt to new interactions with its user and with other systems.",Engineering; Telecommunications,ok,0.9998,"[{'domain': 'Human-Computer Interaction', 'category': 'Core', 'confidence': 'High', 'evidence_basis': 'Focus on human/machine interaction systems, multimodal interfaces, and user-centered design principles', 'standard_classification': 'ACM CCS: H.5.2 User Interfaces; UNESCO: 1203.04 Interacción Persona-Ordenador'}, {'domain': 'Artificial Intelligence', 'category': 'Core', 'confidence': 'High', 'evidence_basis': 'Emphasis on intelligent systems, learning capabilities, adaptation, and intelligent behavior', 'standard_classification': 'ACM CCS: I.2 Artificial Intelligence; UNESCO: 1203.04 Inteligencia Artificial'}, {'domain': 'Software Engineering', 'category': 'Secondary', 'confidence': 'Medium', 'evidence_basis': 'System architecture, component design, and implementation of intelligent assistant systems', 'standard_classification': 'ACM CCS: D.2 Software Engineering; UNESCO: 3304.06 Ingeniería de Software'}]","{'macro_level': 'Engineering & Technology', 'meso_level': 'Computer Science', 'micro_level': 'Human-Centered Intelligent Systems'}","[{'method_domain': 'Soft Computing', 'techniques': ['Machine Learning', 'Adaptive Systems', 'Natural Language Processing', 'Computer Vision', 'Speech Recognition'], 'contribution': 'Proposes soft computing as a promising technique for building human-centered intelligent systems with flexibility balancing robustness and adaptability'}, {'method_domain': 'Multimodal Interface Design', 'techniques': ['Vision Systems', 'Speech Processing', 'Natural Language Understanding', 'User Behavior Modeling'], 'contribution': 'Integration of multiple modalities to extend system capabilities while managing complexity'}]","[{'sector': 'Personal Productivity', 'potential_impact': 'Automation of time, information, and communication management tasks to improve user productivity', 'implementation_scale': 'Individual'}, {'sector': 'Decision Support Systems', 'potential_impact': 'Enhanced decision-making capabilities through learning user preferences and habits', 'implementation_scale': 'Organizational'}, {'sector': 'Information Management', 'potential_impact': 'Advanced information seeking, filtering, and fusion capabilities tailored to individual users', 'implementation_scale': 'Cross-sector'}]","[{'industry_sector': 'Information Systems', 'relation_type': 'Direct', 'confidence': 'High', 'evidence_basis': 'Core focus on intelligent systems for information and communication management'}, {'industry_sector': 'Telecommunications', 'relation_type': 'Direct', 'confidence': 'High', 'evidence_basis': 'Explicitly mentioned in keywords and relevant to communication management components'}, {'industry_sector': 'Software Development', 'relation_type': 'Indirect', 'confidence': 'Medium', 'evidence_basis': 'System architecture and intelligent assistant development implications'}, {'industry_sector': 'Knowledge Management', 'relation_type': 'Indirect', 'confidence': 'Medium', 'evidence_basis': 'Information fusion and learning capabilities for organizational knowledge'}]","{'cross_disciplinary_score': 'High', 'bridging_domains': ['Computer Science', 'Cognitive Science', 'Psychology', 'Human Factors Engineering'], 'integration_level': 'Methodological and Applied'}","{'novelty_rating': 'Medium-High', 'trend_association': 'Early work in intelligent personal assistants, precursor to modern AI assistants like Siri, Alexa, and Google Assistant', 'future_trajectory': 'Foundation for contemporary conversational AI, personalized AI systems, and human-AI collaboration frameworks'}","{'analysis_confidence': 'High', 'ambiguity_level': 'Low', 'validation_suggestions': 'Additional context on specific implementation domains or case studies would enhance industry mapping precision'}","```json
{
  ""primary_domains"": [
    {
      ""domain"": ""Human-Computer Interaction"",
      ""category"": ""Core"",
      ""confidence"": ""High"",
      ""evidence_basis"": ""Focus on human/machine interaction systems, multimodal interfaces, and user-centered design principles"",
      ""standard_classification"": ""ACM CCS: H.5.2 User Interfaces; UNESCO: 1203.04 Interacción Persona-Ordenador""
    },
    {
      ""domain"": ""Artificial Intelligence"",
      ""category"": ""Core"",
      ""confidence"": ""High"",
      ""evidence_basis"": ""Emphasis on intelligent systems, learning capabilities, adaptation, and intelligent behavior"",
      ""standard_classification"": ""ACM CCS: I.2 Artificial Intelligence; UNESCO: 1203.04 Inteligencia Artificial""
    },
    {
      ""domain"": ""Software Engineering"",
      ""category"": ""Secondary"",
      ""confidence"": ""Medium"",
      ""evidence_basis"": ""System architecture, component design, and implementation of intelligent assistant systems"",
      ""standard_classification"": ""ACM CCS: D.2 Software Engineering; UNESCO: 3304.06 Ingeniería de Software""
    }
  ],
  ""hierarchical_mapping"": {
    ""macro_level"": ""Engineering & Technology"",
    ""meso_level"": ""Computer Science"",
    ""micro_level"": ""Human-Centered Intelligent Systems""
  },
  ""methodological_approaches"": [
    {
      ""method_domain"": ""Soft Computing"",
      ""techniques"": [""Machine Learning"", ""Adaptive Systems"", ""Natural Language Processing"", ""Computer Vision"", ""Speech Recognition""],
      ""contribution"": ""Proposes soft computing as a promising technique for building human-centered intelligent systems with flexibility balancing robustness and adaptability""
    },
    {
      ""method_domain"": ""Multimodal Interface Design"",
      ""techniques"": [""Vision Systems"", ""Speech Processing"", ""Natural Language Understanding"", ""User Behavior Modeling""],
      ""contribution"": ""Integration of multiple modalities to extend system capabilities while managing complexity""
    }
  ],
  ""application_contexts"": [
    {
      ""sector"": ""Personal Productivity"",
      ""potential_impact"": ""Automation of time, information, and communication management tasks to improve user productivity"",
      ""implementation_scale"": ""Individual""
    },
    {
      ""sector"": ""Decision Support Systems"",
      ""potential_impact"": ""Enhanced decision-making capabilities through learning user preferences and habits"",
      ""implementation_scale"": ""Organizational""
    },
    {
      ""sector"": ""Information Management"",
      ""potential_impact"": ""Advanced information seeking, filtering, and fusion capabilities tailored to individual users"",
      ""implementation_scale"": ""Cross-sector""
    }
  ],
  ""industry_mapping"": [
    {
      ""industry_sector"": ""Information Systems"",
      ""relation_type"": ""Direct"",
      ""confidence"": ""High"",
      ""evidence_basis"": ""Core focus on intelligent systems for information and communication management""
    },
    {
      ""industry_sector"": ""Telecommunications"",
      ""relation_type"": ""Direct"",
      ""confidence"": ""High"",
      ""evidence_basis"": ""Explicitly mentioned in keywords and relevant to communication management components""
    },
    {
      ""industry_sector"": ""Software Development"",
      ""relation_type"": ""Indirect"",
      ""confidence"": ""Medium"",
      ""evidence_basis"": ""System architecture and intelligent assistant development implications""
    },
    {
      ""industry_sector"": ""Knowledge Management"",
      ""relation_type"": ""Indirect"",
      ""confidence"": ""Medium"",
      ""evidence_basis"": ""Information fusion and learning capabilities for organizational knowledge""
    }
  ],
  ""interdisciplinary_assessment"": {
    ""cross_disciplinary_score"": ""High"",
    ""bridging_domains"": [""Computer Science"", ""Cognitive Science"", ""Psychology"", ""Human Factors Engineering""],
    ""integration_level"": ""Methodological and Applied""
  },
  ""emerging_field_indicators"": {
    ""novelty_rating"": ""Medium-High"",
    ""trend_association"": ""Early work in intelligent personal assistants, precursor to modern AI assistants like Siri, Alexa, and Google Assistant"",
    ""future_trajectory"": ""Foundation for contemporary conversational AI, personalized AI systems, and human-AI collaboration frameworks""
  },
  ""quality_metrics"": {
    ""analysis_confidence"": ""High"",
    ""ambiguity_level"": ""Low"",
    ""validation_suggestions"": ""Additional context on specific implementation domains or case studies would enhance industry mapping precision""
  }
}
```"
Satisficing revisited,"Goodrich, M. A.; Stirling, W. C.; Boer, E. R.",Minds and Machines,2000.0,10,1,79-110,10.1023/a:1008325423033,"In the debate between simple inference heuristics and complex decision mechanisms, we take a position squarely in the middle. A decision making process that extends to both naturalistic and novel settings should extend beyond the confines of this debate; both simple heuristics and complex mechanisms are cognitive skills adapted to and appropriate for some circumstances but not for others. Rather than ask 'Which skill is better?' it is often more important to ask 'When is a skill justified?' The selection and application of an appropriate cognitive skill for a particular problem has both costs and benefits, and therefore requires the resolution of a tradeoff. In revisiting satisficing, we observe that the essence of satisficing is tradeoff. Unlike heuristics, which derive their justification from empirical phenomena, and unlike optimal solutions, which derive their justification by an evaluation of alternatives, satisficing decision-making derives its justification by an evaluation of consequences. We formulate and present a satisficing decision paradigm that has its motivation in Herbert Simon's work on bounded rationality. We characterize satisficing using a cost-benefit tradeoff, and generate a decision rule applicable to both designing intelligent machines as well as describing human behavior.",model-predictive control; intelligence; strategies; heuristics; stability; Computer Science,ok,0.9998,"[{'domain': 'Cognitive Science', 'category': 'Core', 'confidence': 'High', 'evidence_basis': 'Focus on decision-making processes, cognitive skills, and bounded rationality in the tradition of Herbert Simon', 'standard_classification': 'UNESCO 6106.04 Psicología Cognitiva; ACM H.1.2 User/Machine Systems'}, {'domain': 'Computer Science - Artificial Intelligence', 'category': 'Core', 'confidence': 'High', 'evidence_basis': ""Explicit mention of 'designing intelligent machines' and computer science keywords including model-predictive control"", 'standard_classification': 'ACM I.2 Artificial Intelligence; UNESCO 1203.04 Inteligencia Artificial'}, {'domain': 'Psychology - Judgment and Decision Making', 'category': 'Secondary', 'confidence': 'Medium', 'evidence_basis': 'Analysis of human behavior, heuristics, and decision-making strategies', 'standard_classification': 'UNESCO 6106.04 Psicología Cognitiva; ACM J.4 Social and Behavioral Sciences'}]","{'macro_level': 'Interdisciplinary Studies', 'meso_level': 'Cognitive Science and Artificial Intelligence', 'micro_level': 'Bounded Rationality and Satisficing Decision Theory'}","[{'method_domain': 'Theoretical Modeling', 'techniques': ['Conceptual Analysis', 'Decision Rule Formulation', 'Cost-Benefit Tradeoff Analysis'], 'contribution': 'Development of a formal satisficing decision paradigm bridging human and machine decision-making'}, {'method_domain': 'Computational Modeling', 'techniques': ['Model-Predictive Control', 'Heuristic Design', 'Decision Rule Implementation'], 'contribution': 'Application of control theory concepts to cognitive decision processes'}]","[{'sector': 'Artificial Intelligence Systems', 'potential_impact': 'Design of more efficient and human-like decision systems for intelligent machines', 'implementation_scale': 'Organizational'}, {'sector': 'Human Decision Support', 'potential_impact': 'Improved understanding of when to use simple vs. complex decision strategies in various contexts', 'implementation_scale': 'Individual'}, {'sector': 'Organizational Decision Making', 'potential_impact': 'Framework for optimizing decision processes in complex organizational environments', 'implementation_scale': 'Organizational'}]","[{'industry_sector': 'Information Systems', 'relation_type': 'Direct', 'confidence': 'High', 'evidence_basis': ""Explicit mention of 'designing intelligent machines' and computer science applications""}, {'industry_sector': 'Robotics', 'relation_type': 'Indirect', 'confidence': 'Medium', 'evidence_basis': 'Model-predictive control is fundamental to autonomous systems and robotics'}, {'industry_sector': 'Finance', 'relation_type': 'Indirect', 'confidence': 'Low', 'evidence_basis': 'Decision-making frameworks applicable to financial decision systems'}]","{'cross_disciplinary_score': 'High', 'bridging_domains': ['Psychology', 'Computer Science', 'Economics', 'Engineering'], 'integration_level': 'Theoretical and Methodological'}","{'novelty_rating': 'Medium', 'trend_association': 'Human-centered AI, Bounded Rationality in Machine Learning, Cognitive-inspired Computing', 'future_trajectory': 'Integration of satisficing principles into AI systems and development of adaptive decision architectures'}","{'analysis_confidence': 'High', 'ambiguity_level': 'Low-Medium', 'validation_suggestions': 'Full text would provide more specific methodological details and application examples'}","```json
{
  ""primary_domains"": [
    {
      ""domain"": ""Cognitive Science"",
      ""category"": ""Core"",
      ""confidence"": ""High"",
      ""evidence_basis"": ""Focus on decision-making processes, cognitive skills, and bounded rationality in the tradition of Herbert Simon"",
      ""standard_classification"": ""UNESCO 6106.04 Psicología Cognitiva; ACM H.1.2 User/Machine Systems""
    },
    {
      ""domain"": ""Computer Science - Artificial Intelligence"",
      ""category"": ""Core"",
      ""confidence"": ""High"",
      ""evidence_basis"": ""Explicit mention of 'designing intelligent machines' and computer science keywords including model-predictive control"",
      ""standard_classification"": ""ACM I.2 Artificial Intelligence; UNESCO 1203.04 Inteligencia Artificial""
    },
    {
      ""domain"": ""Psychology - Judgment and Decision Making"",
      ""category"": ""Secondary"",
      ""confidence"": ""Medium"",
      ""evidence_basis"": ""Analysis of human behavior, heuristics, and decision-making strategies"",
      ""standard_classification"": ""UNESCO 6106.04 Psicología Cognitiva; ACM J.4 Social and Behavioral Sciences""
    }
  ],
  ""hierarchical_mapping"": {
    ""macro_level"": ""Interdisciplinary Studies"",
    ""meso_level"": ""Cognitive Science and Artificial Intelligence"",
    ""micro_level"": ""Bounded Rationality and Satisficing Decision Theory""
  },
  ""methodological_approaches"": [
    {
      ""method_domain"": ""Theoretical Modeling"",
      ""techniques"": [""Conceptual Analysis"", ""Decision Rule Formulation"", ""Cost-Benefit Tradeoff Analysis""],
      ""contribution"": ""Development of a formal satisficing decision paradigm bridging human and machine decision-making""
    },
    {
      ""method_domain"": ""Computational Modeling"",
      ""techniques"": [""Model-Predictive Control"", ""Heuristic Design"", ""Decision Rule Implementation""],
      ""contribution"": ""Application of control theory concepts to cognitive decision processes""
    }
  ],
  ""application_contexts"": [
    {
      ""sector"": ""Artificial Intelligence Systems"",
      ""potential_impact"": ""Design of more efficient and human-like decision systems for intelligent machines"",
      ""implementation_scale"": ""Organizational""
    },
    {
      ""sector"": ""Human Decision Support"",
      ""potential_impact"": ""Improved understanding of when to use simple vs. complex decision strategies in various contexts"",
      ""implementation_scale"": ""Individual""
    },
    {
      ""sector"": ""Organizational Decision Making"",
      ""potential_impact"": ""Framework for optimizing decision processes in complex organizational environments"",
      ""implementation_scale"": ""Organizational""
    }
  ],
  ""industry_mapping"": [
    {
      ""industry_sector"": ""Information Systems"",
      ""relation_type"": ""Direct"",
      ""confidence"": ""High"",
      ""evidence_basis"": ""Explicit mention of 'designing intelligent machines' and computer science applications""
    },
    {
      ""industry_sector"": ""Robotics"",
      ""relation_type"": ""Indirect"",
      ""confidence"": ""Medium"",
      ""evidence_basis"": ""Model-predictive control is fundamental to autonomous systems and robotics""
    },
    {
      ""industry_sector"": ""Finance"",
      ""relation_type"": ""Indirect"",
      ""confidence"": ""Low"",
      ""evidence_basis"": ""Decision-making frameworks applicable to financial decision systems""
    }
  ],
  ""interdisciplinary_assessment"": {
    ""cross_disciplinary_score"": ""High"",
    ""bridging_domains"": [""Psychology"", ""Computer Science"", ""Economics"", ""Engineering""],
    ""integration_level"": ""Theoretical and Methodological""
  },
  ""emerging_field_indicators"": {
    ""novelty_rating"": ""Medium"",
    ""trend_association"": ""Human-centered AI, Bounded Rationality in Machine Learning, Cognitive-inspired Computing"",
    ""future_trajectory"": ""Integration of satisficing principles into AI systems and development of adaptive decision architectures""
  },
  ""quality_metrics"": {
    ""analysis_confidence"": ""High"",
    ""ambiguity_level"": ""Low-Medium"",
    ""validation_suggestions"": ""Full text would provide more specific methodological details and application examples""
  }
}
```"
From human – machine interaction to human – machine cooperation,"Hoc, J. M.",Ergonomics,2000.0,43,7,833-843,10.1080/001401300409044,"Since the 1960s, the rapid growth of information systems has led to the wide development of research on human—computer interaction (HCI) that aims at the designing of human-computer interfaces presenting ergonomic properties, such as friendliness, usability, transparency, etc. Various work situations have been covered—clerical work, computer programming, design, etc. However, they were mainly static in the sense that the user fully controls the computer. More recently, public and private organizations have engaged themselves in the enterprise of managing more and more complex and coupled systems by the means of automation. Modern machines not only process information, but also act on dynamic situations as humans have done in the past, managing stock exchange, industrial plants, aircraft, etc. These dynamic situations are not fully controlled and are affected by uncertain factors. Hence, degrees of freedom must be maintained to allow the humans and the machine to adapt to unforeseen contingencies. A human-machine cooperation (HMC) approach is necessary to address the new stakes introduced by this trend. This paper describes the possible improvement of HCI by HMC, the need for a new conception of function allocation between humans and machines, and the main problems encountered within the new forms of human—machine relationship. It proposes a conceptual framework to study HMC from a cognitive point of view in highly dynamic situations like aircraft piloting or air-traffic control, and concludes on the design of ‘cooperative’ machines. © 2000 Taylor & Francis Group, LLC.",Automation; Dynamic situations; HCI; Human-machine cooperation; Reliability; adaptation; biomedical technology assessment; cognition; computer aided design; conference paper; cooperation; dynamics; ergonomics; human; information processing; man machine interaction; office worker,ok,0.9999,"[{'domain': 'Human-Computer Interaction', 'category': 'Core', 'confidence': 'High', 'evidence_basis': 'Explicit focus on HCI evolution and improvement through human-machine cooperation approach', 'standard_classification': 'ACM CCS: H.5.2 User Interfaces; UNESCO: 120304'}, {'domain': 'Cognitive Engineering', 'category': 'Core', 'confidence': 'High', 'evidence_basis': 'Proposes conceptual framework from cognitive point of view for studying human-machine cooperation', 'standard_classification': 'ACM CCS: H.1.2 User/Machine Systems; UNESCO: 120317'}, {'domain': 'Automation Systems', 'category': 'Secondary', 'confidence': 'Medium', 'evidence_basis': 'Addresses new forms of human-machine relationship in complex automated systems', 'standard_classification': 'ACM CCS: C.3 Special-Purpose and Application-Based Systems; UNESCO: 330406'}]","{'macro_level': 'Engineering & Technology', 'meso_level': 'Computer Science & Human Factors', 'micro_level': 'Human-Machine Cooperation in Dynamic Systems'}","[{'method_domain': 'Cognitive Systems Engineering', 'techniques': ['Conceptual framework development', 'Cognitive analysis', 'Dynamic situation modeling'], 'contribution': 'Proposes new framework for studying HMC from cognitive perspective in highly dynamic situations'}, {'method_domain': 'Ergonomics/Human Factors', 'techniques': ['Function allocation analysis', 'Interface design principles', 'Usability assessment'], 'contribution': 'Extends traditional HCI ergonomic properties to cooperative machine design'}]","[{'sector': 'Aviation Systems', 'potential_impact': 'Improved safety and reliability in aircraft piloting and air-traffic control', 'implementation_scale': 'Organizational'}, {'sector': 'Industrial Automation', 'potential_impact': 'Enhanced human-machine collaboration in complex industrial plants and manufacturing', 'implementation_scale': 'Organizational'}, {'sector': 'Financial Systems', 'potential_impact': 'Better management of stock exchange and financial operations through cooperative automation', 'implementation_scale': 'Cross-sector'}]","[{'industry_sector': 'Aviation', 'relation_type': 'Direct', 'confidence': 'High', 'evidence_basis': 'Explicitly mentions aircraft piloting and air-traffic control as application domains'}, {'industry_sector': 'Industrial Manufacturing', 'relation_type': 'Direct', 'confidence': 'High', 'evidence_basis': 'References industrial plants and complex coupled systems management'}, {'industry_sector': 'Finance', 'relation_type': 'Direct', 'confidence': 'Medium', 'evidence_basis': 'Mentions stock exchange management as application area'}, {'industry_sector': 'Information Systems', 'relation_type': 'Indirect', 'confidence': 'High', 'evidence_basis': 'Builds on information systems growth and HCI research foundation'}]","{'cross_disciplinary_score': 'High', 'bridging_domains': ['Computer Science', 'Cognitive Psychology', 'Industrial Engineering', 'Human Factors'], 'integration_level': 'Theoretical and Applied'}","{'novelty_rating': 'High', 'trend_association': 'Early precursor to modern human-AI collaboration, cooperative automation, and adaptive systems', 'future_trajectory': 'Foundation for autonomous systems, human-robot collaboration, and intelligent decision support systems'}","{'analysis_confidence': 'High', 'ambiguity_level': 'Low', 'validation_suggestions': 'Additional context on specific application domains and methodological approaches would strengthen classification'}","```json
{
  ""primary_domains"": [
    {
      ""domain"": ""Human-Computer Interaction"",
      ""category"": ""Core"",
      ""confidence"": ""High"",
      ""evidence_basis"": ""Explicit focus on HCI evolution and improvement through human-machine cooperation approach"",
      ""standard_classification"": ""ACM CCS: H.5.2 User Interfaces; UNESCO: 120304""
    },
    {
      ""domain"": ""Cognitive Engineering"",
      ""category"": ""Core"",
      ""confidence"": ""High"",
      ""evidence_basis"": ""Proposes conceptual framework from cognitive point of view for studying human-machine cooperation"",
      ""standard_classification"": ""ACM CCS: H.1.2 User/Machine Systems; UNESCO: 120317""
    },
    {
      ""domain"": ""Automation Systems"",
      ""category"": ""Secondary"",
      ""confidence"": ""Medium"",
      ""evidence_basis"": ""Addresses new forms of human-machine relationship in complex automated systems"",
      ""standard_classification"": ""ACM CCS: C.3 Special-Purpose and Application-Based Systems; UNESCO: 330406""
    }
  ],
  ""hierarchical_mapping"": {
    ""macro_level"": ""Engineering & Technology"",
    ""meso_level"": ""Computer Science & Human Factors"",
    ""micro_level"": ""Human-Machine Cooperation in Dynamic Systems""
  },
  ""methodological_approaches"": [
    {
      ""method_domain"": ""Cognitive Systems Engineering"",
      ""techniques"": [""Conceptual framework development"", ""Cognitive analysis"", ""Dynamic situation modeling""],
      ""contribution"": ""Proposes new framework for studying HMC from cognitive perspective in highly dynamic situations""
    },
    {
      ""method_domain"": ""Ergonomics/Human Factors"",
      ""techniques"": [""Function allocation analysis"", ""Interface design principles"", ""Usability assessment""],
      ""contribution"": ""Extends traditional HCI ergonomic properties to cooperative machine design""
    }
  ],
  ""application_contexts"": [
    {
      ""sector"": ""Aviation Systems"",
      ""potential_impact"": ""Improved safety and reliability in aircraft piloting and air-traffic control"",
      ""implementation_scale"": ""Organizational""
    },
    {
      ""sector"": ""Industrial Automation"",
      ""potential_impact"": ""Enhanced human-machine collaboration in complex industrial plants and manufacturing"",
      ""implementation_scale"": ""Organizational""
    },
    {
      ""sector"": ""Financial Systems"",
      ""potential_impact"": ""Better management of stock exchange and financial operations through cooperative automation"",
      ""implementation_scale"": ""Cross-sector""
    }
  ],
  ""industry_mapping"": [
    {
      ""industry_sector"": ""Aviation"",
      ""relation_type"": ""Direct"",
      ""confidence"": ""High"",
      ""evidence_basis"": ""Explicitly mentions aircraft piloting and air-traffic control as application domains""
    },
    {
      ""industry_sector"": ""Industrial Manufacturing"",
      ""relation_type"": ""Direct"",
      ""confidence"": ""High"",
      ""evidence_basis"": ""References industrial plants and complex coupled systems management""
    },
    {
      ""industry_sector"": ""Finance"",
      ""relation_type"": ""Direct"",
      ""confidence"": ""Medium"",
      ""evidence_basis"": ""Mentions stock exchange management as application area""
    },
    {
      ""industry_sector"": ""Information Systems"",
      ""relation_type"": ""Indirect"",
      ""confidence"": ""High"",
      ""evidence_basis"": ""Builds on information systems growth and HCI research foundation""
    }
  ],
  ""interdisciplinary_assessment"": {
    ""cross_disciplinary_score"": ""High"",
    ""bridging_domains"": [""Computer Science"", ""Cognitive Psychology"", ""Industrial Engineering"", ""Human Factors""],
    ""integration_level"": ""Theoretical and Applied""
  },
  ""emerging_field_indicators"": {
    ""novelty_rating"": ""High"",
    ""trend_association"": ""Early precursor to modern human-AI collaboration, cooperative automation, and adaptive systems"",
    ""future_trajectory"": ""Foundation for autonomous systems, human-robot collaboration, and intelligent decision support systems""
  },
  ""quality_metrics"": {
    ""analysis_confidence"": ""High"",
    ""ambiguity_level"": ""Low"",
    ""validation_suggestions"": ""Additional context on specific application domains and methodological approaches would strengthen classification""
  }
}
```"
Designing automation for human use: empirical studies and quantitative models,"Parasuraman, R.",Ergonomics,2000.0,43,7,931-951,10.1080/001401300409125,"An emerging knowledge base of human performance research can provide guidelines for designing automation that can be used effectively by human operators of complex systems. Which functions should be automated and to what extent in a given system? A model for types and levels of automation that provides a framework and an objective basis for making such choices is described. The human performance consequences of particular types and levels of automation constitute primary evaluative criteria for automation design when using the model. Four human performance areas are considered-mental workload, situation awareness, complacency and skill degradation. Secondary evaluative criteria include such factors as automation reliability, the risks of decision/action consequences and the ease of systems integration. In addition to this qualitative approach, quantitative models can inform design. Several computational and formal models of human interaction with automation that have been proposed by various researchers are reviewed. An important future research need is the integration of qualitative and quantitative approaches. Application of these models provides an objective basis for designing automation for effective human use.",automation; computer-human interface; design; human performance; human-machine systems; quantitative models; user-centred design; human-machine systems; performance; allocation; attention; displays; Engineering; Psychology,ok,0.9999,"[{'domain': 'Human-Computer Interaction', 'category': 'Core', 'confidence': 'High', 'evidence_basis': 'Focus on designing automation for human use, human performance considerations, and human-machine systems', 'standard_classification': 'ACM CCS: H.5.2 User Interfaces; UNESCO: 3304.06 Interacción Persona-Ordenador'}, {'domain': 'Engineering Psychology', 'category': 'Core', 'confidence': 'High', 'evidence_basis': 'Examination of human performance consequences including mental workload, situation awareness, complacency, and skill degradation', 'standard_classification': 'ACM CCS: H.1.2 User/Machine Systems; UNESCO: 6106.02 Psicología del Trabajo'}, {'domain': 'Systems Engineering', 'category': 'Secondary', 'confidence': 'Medium', 'evidence_basis': 'Focus on automation design, systems integration, and complex system operation', 'standard_classification': 'ACM CCS: D.2.2 Design Tools and Techniques; UNESCO: 3305.14 Tecnología de la Automatización'}]","{'macro_level': 'Engineering & Technology', 'meso_level': 'Human-Computer Interaction & Systems Engineering', 'micro_level': 'Automation Design and Human Performance Modeling'}","[{'method_domain': 'Empirical Human Factors Research', 'techniques': ['Human performance measurement', 'Workload assessment', 'Situation awareness metrics'], 'contribution': 'Integration of qualitative human performance criteria with quantitative computational models'}, {'method_domain': 'Computational Modeling', 'techniques': ['Formal models', 'Quantitative automation design frameworks', 'Performance prediction models'], 'contribution': 'Development of objective basis for automation design decisions'}, {'method_domain': 'Design Science', 'techniques': ['User-centered design', 'Automation allocation frameworks', 'Systems integration evaluation'], 'contribution': 'Model for types and levels of automation providing design framework'}]","[{'sector': 'Complex System Operation', 'potential_impact': 'Improved human-automation interaction in safety-critical systems', 'implementation_scale': 'Organizational'}, {'sector': 'Human-Machine Systems Design', 'potential_impact': 'Enhanced system usability and performance through evidence-based automation design', 'implementation_scale': 'Organizational'}, {'sector': 'Safety-Critical Industries', 'potential_impact': 'Reduced human error and improved system reliability through optimized automation', 'implementation_scale': 'Societal'}]","[{'industry_sector': 'Aviation', 'relation_type': 'Indirect', 'confidence': 'High', 'evidence_basis': 'Mention of complex systems and human operators, typical of aviation contexts'}, {'industry_sector': 'Manufacturing', 'relation_type': 'Indirect', 'confidence': 'Medium', 'evidence_basis': 'Automation design and human-machine systems relevant to industrial automation'}, {'industry_sector': 'Military/Defense', 'relation_type': 'Indirect', 'confidence': 'Medium', 'evidence_basis': 'Complex systems operation and human performance considerations applicable to defense systems'}, {'industry_sector': 'Energy', 'relation_type': 'Indirect', 'confidence': 'Medium', 'evidence_basis': 'Nuclear power and other energy systems involving complex human-automation interaction'}, {'industry_sector': 'Transportation', 'relation_type': 'Indirect', 'confidence': 'Medium', 'evidence_basis': 'Automated vehicle systems and control centers'}]","{'cross_disciplinary_score': 'High', 'bridging_domains': ['Psychology', 'Computer Science', 'Engineering'], 'integration_level': 'Methodological and Theoretical'}","{'novelty_rating': 'Medium', 'trend_association': 'Human-AI collaboration, adaptive automation, human-centered AI', 'future_trajectory': 'Integration of qualitative human factors with quantitative AI/automation models for personalized adaptive systems'}","{'analysis_confidence': 'High', 'ambiguity_level': 'Low', 'validation_suggestions': 'Additional context about specific application domains would enhance industry mapping precision'}","```json
{
  ""primary_domains"": [
    {
      ""domain"": ""Human-Computer Interaction"",
      ""category"": ""Core"",
      ""confidence"": ""High"",
      ""evidence_basis"": ""Focus on designing automation for human use, human performance considerations, and human-machine systems"",
      ""standard_classification"": ""ACM CCS: H.5.2 User Interfaces; UNESCO: 3304.06 Interacción Persona-Ordenador""
    },
    {
      ""domain"": ""Engineering Psychology"",
      ""category"": ""Core"",
      ""confidence"": ""High"",
      ""evidence_basis"": ""Examination of human performance consequences including mental workload, situation awareness, complacency, and skill degradation"",
      ""standard_classification"": ""ACM CCS: H.1.2 User/Machine Systems; UNESCO: 6106.02 Psicología del Trabajo""
    },
    {
      ""domain"": ""Systems Engineering"",
      ""category"": ""Secondary"",
      ""confidence"": ""Medium"",
      ""evidence_basis"": ""Focus on automation design, systems integration, and complex system operation"",
      ""standard_classification"": ""ACM CCS: D.2.2 Design Tools and Techniques; UNESCO: 3305.14 Tecnología de la Automatización""
    }
  ],
  ""hierarchical_mapping"": {
    ""macro_level"": ""Engineering & Technology"",
    ""meso_level"": ""Human-Computer Interaction & Systems Engineering"",
    ""micro_level"": ""Automation Design and Human Performance Modeling""
  },
  ""methodological_approaches"": [
    {
      ""method_domain"": ""Empirical Human Factors Research"",
      ""techniques"": [""Human performance measurement"", ""Workload assessment"", ""Situation awareness metrics""],
      ""contribution"": ""Integration of qualitative human performance criteria with quantitative computational models""
    },
    {
      ""method_domain"": ""Computational Modeling"",
      ""techniques"": [""Formal models"", ""Quantitative automation design frameworks"", ""Performance prediction models""],
      ""contribution"": ""Development of objective basis for automation design decisions""
    },
    {
      ""method_domain"": ""Design Science"",
      ""techniques"": [""User-centered design"", ""Automation allocation frameworks"", ""Systems integration evaluation""],
      ""contribution"": ""Model for types and levels of automation providing design framework""
    }
  ],
  ""application_contexts"": [
    {
      ""sector"": ""Complex System Operation"",
      ""potential_impact"": ""Improved human-automation interaction in safety-critical systems"",
      ""implementation_scale"": ""Organizational""
    },
    {
      ""sector"": ""Human-Machine Systems Design"",
      ""potential_impact"": ""Enhanced system usability and performance through evidence-based automation design"",
      ""implementation_scale"": ""Organizational""
    },
    {
      ""sector"": ""Safety-Critical Industries"",
      ""potential_impact"": ""Reduced human error and improved system reliability through optimized automation"",
      ""implementation_scale"": ""Societal""
    }
  ],
  ""industry_mapping"": [
    {
      ""industry_sector"": ""Aviation"",
      ""relation_type"": ""Indirect"",
      ""confidence"": ""High"",
      ""evidence_basis"": ""Mention of complex systems and human operators, typical of aviation contexts""
    },
    {
      ""industry_sector"": ""Manufacturing"",
      ""relation_type"": ""Indirect"",
      ""confidence"": ""Medium"",
      ""evidence_basis"": ""Automation design and human-machine systems relevant to industrial automation""
    },
    {
      ""industry_sector"": ""Military/Defense"",
      ""relation_type"": ""Indirect"",
      ""confidence"": ""Medium"",
      ""evidence_basis"": ""Complex systems operation and human performance considerations applicable to defense systems""
    },
    {
      ""industry_sector"": ""Energy"",
      ""relation_type"": ""Indirect"",
      ""confidence"": ""Medium"",
      ""evidence_basis"": ""Nuclear power and other energy systems involving complex human-automation interaction""
    },
    {
      ""industry_sector"": ""Transportation"",
      ""relation_type"": ""Indirect"",
      ""confidence"": ""Medium"",
      ""evidence_basis"": ""Automated vehicle systems and control centers""
    }
  ],
  ""interdisciplinary_assessment"": {
    ""cross_disciplinary_score"": ""High"",
    ""bridging_domains"": [""Psychology"", ""Computer Science"", ""Engineering""],
    ""integration_level"": ""Methodological and Theoretical""
  },
  ""emerging_field_indicators"": {
    ""novelty_rating"": ""Medium"",
    ""trend_association"": ""Human-AI collaboration, adaptive automation, human-centered AI"",
    ""future_trajectory"": ""Integration of qualitative human factors with quantitative AI/automation models for personalized adaptive systems""
  },
  ""quality_metrics"": {
    ""analysis_confidence"": ""High"",
    ""ambiguity_level"": ""Low"",
    ""validation_suggestions"": ""Additional context about specific application domains would enhance industry mapping precision""
  }
}
```"
A model for types and levels of human interaction with automation,"Parasuraman, R.; Sheridan, T. B.; Wickens, C. D.",Ieee Transactions on Systems Man and Cybernetics Part a-Systems and Humans,2000.0,30,3,286-297,10.1109/3468.844354,"Technical developments in computer hardware and software now make it possible to introduce automation into virtually all aspects of human-machine systems. Given these technical capabilities, which system functions should be automated and to what extent? We outline a model for types and levels of automation that provides a framework and an objective basis for making such choices. Appropriate selection is important because automation does not merely supplant but changes human activity and can impose new coordination demands on the human operator. We propose that automation can be applied to four broad classes of functions: 1) information acquisition; 2) information analysis; 3) decision and action selection; and 4) action implementation. Within each of these types, automation can be applied across a continuum of levels from low to high, i.e,, from fully manual to fully automatic. A particular system can involve automation of all four types at different levels. The human performance consequences of particular types and levels of automation constitute primary evaluative criteria for automation design using our model. Secondary evaluative criteria include automation reliability and the costs of decision/action consequences, among others. Examples of recommended types and levels of automation are provided to illustrate the application of the model to automation design.",automation; cognitive engineering; function allocation; human-computer; interaction; human factors; human-machine systems; interface design; human-machine systems; pilot performance; allocation; computer; displays; design; flight; Computer Science,ok,0.9998,"[{'domain': 'Human-Computer Interaction', 'category': 'Core', 'confidence': 'High', 'evidence_basis': 'Direct focus on human interaction with automation systems, human-machine systems, and interface design', 'standard_classification': 'ACM CCS: H.5.2 User Interfaces; UNESCO: 3304.06 Interacción Persona-Ordenador'}, {'domain': 'Cognitive Engineering', 'category': 'Core', 'confidence': 'High', 'evidence_basis': 'Explicit mention in keywords, focus on human performance consequences and cognitive aspects of automation', 'standard_classification': 'ACM CCS: H.1.2 User/Machine Systems; UNESCO: 3304.04 Ingeniería de Sistemas y Automática'}, {'domain': 'Industrial & Systems Engineering', 'category': 'Secondary', 'confidence': 'Medium', 'evidence_basis': 'Framework for automation design and function allocation in complex systems', 'standard_classification': 'ACM CCS: J.6 Computer-Aided Engineering; UNESCO: 3304.06 Ingeniería de Sistemas'}]","{'macro_level': 'Engineering & Technology', 'meso_level': 'Human-Computer Interaction', 'micro_level': 'Automation Design and Function Allocation'}","[{'method_domain': 'Conceptual Modeling', 'techniques': ['Taxonomy Development', 'Framework Construction', 'Classification Schema'], 'contribution': 'Novel four-class continuum model for automation levels with evaluative criteria'}, {'method_domain': 'Human Factors Engineering', 'techniques': ['Performance Evaluation', 'Task Analysis', 'System Design Principles'], 'contribution': 'Integration of human performance consequences as primary design criteria'}]","[{'sector': 'Human-Machine Systems Design', 'potential_impact': 'Framework for optimal automation implementation across various domains', 'implementation_scale': 'Organizational'}, {'sector': 'Decision Support Systems', 'potential_impact': 'Guidance for automating information analysis and decision selection functions', 'implementation_scale': 'Individual'}, {'sector': 'Complex System Automation', 'potential_impact': 'Standardized approach to automation design with human factors considerations', 'implementation_scale': 'Cross-sector'}]","[{'industry_sector': 'Aviation', 'relation_type': 'Direct', 'confidence': 'High', 'evidence_basis': 'Explicit mention of pilot performance and flight in keywords'}, {'industry_sector': 'Manufacturing', 'relation_type': 'Indirect', 'confidence': 'Medium', 'evidence_basis': 'General automation principles applicable to industrial automation'}, {'industry_sector': 'Military/Defense', 'relation_type': 'Indirect', 'confidence': 'Medium', 'evidence_basis': 'Complex human-machine systems mentioned in abstract and keywords'}, {'industry_sector': 'Information Systems', 'relation_type': 'Direct', 'confidence': 'High', 'evidence_basis': 'Focus on computer hardware/software automation and human-computer interaction'}]","{'cross_disciplinary_score': 'High', 'bridging_domains': ['Computer Science', 'Psychology', 'Industrial Engineering'], 'integration_level': 'Theoretical and Applied'}","{'novelty_rating': 'High', 'trend_association': 'Early foundation for human-automation interaction research, precursor to modern HCI and AI ethics', 'future_trajectory': 'Foundational work that established principles for human-centered automation design, influencing subsequent research in adaptive automation and human-AI collaboration'}","{'analysis_confidence': 'High', 'ambiguity_level': 'Low', 'validation_suggestions': 'Full text review would provide additional context for specific application domains and methodological details'}","```json
{
  ""primary_domains"": [
    {
      ""domain"": ""Human-Computer Interaction"",
      ""category"": ""Core"",
      ""confidence"": ""High"",
      ""evidence_basis"": ""Direct focus on human interaction with automation systems, human-machine systems, and interface design"",
      ""standard_classification"": ""ACM CCS: H.5.2 User Interfaces; UNESCO: 3304.06 Interacción Persona-Ordenador""
    },
    {
      ""domain"": ""Cognitive Engineering"",
      ""category"": ""Core"",
      ""confidence"": ""High"",
      ""evidence_basis"": ""Explicit mention in keywords, focus on human performance consequences and cognitive aspects of automation"",
      ""standard_classification"": ""ACM CCS: H.1.2 User/Machine Systems; UNESCO: 3304.04 Ingeniería de Sistemas y Automática""
    },
    {
      ""domain"": ""Industrial & Systems Engineering"",
      ""category"": ""Secondary"",
      ""confidence"": ""Medium"",
      ""evidence_basis"": ""Framework for automation design and function allocation in complex systems"",
      ""standard_classification"": ""ACM CCS: J.6 Computer-Aided Engineering; UNESCO: 3304.06 Ingeniería de Sistemas""
    }
  ],
  ""hierarchical_mapping"": {
    ""macro_level"": ""Engineering & Technology"",
    ""meso_level"": ""Human-Computer Interaction"",
    ""micro_level"": ""Automation Design and Function Allocation""
  },
  ""methodological_approaches"": [
    {
      ""method_domain"": ""Conceptual Modeling"",
      ""techniques"": [""Taxonomy Development"", ""Framework Construction"", ""Classification Schema""],
      ""contribution"": ""Novel four-class continuum model for automation levels with evaluative criteria""
    },
    {
      ""method_domain"": ""Human Factors Engineering"",
      ""techniques"": [""Performance Evaluation"", ""Task Analysis"", ""System Design Principles""],
      ""contribution"": ""Integration of human performance consequences as primary design criteria""
    }
  ],
  ""application_contexts"": [
    {
      ""sector"": ""Human-Machine Systems Design"",
      ""potential_impact"": ""Framework for optimal automation implementation across various domains"",
      ""implementation_scale"": ""Organizational""
    },
    {
      ""sector"": ""Decision Support Systems"",
      ""potential_impact"": ""Guidance for automating information analysis and decision selection functions"",
      ""implementation_scale"": ""Individual""
    },
    {
      ""sector"": ""Complex System Automation"",
      ""potential_impact"": ""Standardized approach to automation design with human factors considerations"",
      ""implementation_scale"": ""Cross-sector""
    }
  ],
  ""industry_mapping"": [
    {
      ""industry_sector"": ""Aviation"",
      ""relation_type"": ""Direct"",
      ""confidence"": ""High"",
      ""evidence_basis"": ""Explicit mention of pilot performance and flight in keywords""
    },
    {
      ""industry_sector"": ""Manufacturing"",
      ""relation_type"": ""Indirect"",
      ""confidence"": ""Medium"",
      ""evidence_basis"": ""General automation principles applicable to industrial automation""
    },
    {
      ""industry_sector"": ""Military/Defense"",
      ""relation_type"": ""Indirect"",
      ""confidence"": ""Medium"",
      ""evidence_basis"": ""Complex human-machine systems mentioned in abstract and keywords""
    },
    {
      ""industry_sector"": ""Information Systems"",
      ""relation_type"": ""Direct"",
      ""confidence"": ""High"",
      ""evidence_basis"": ""Focus on computer hardware/software automation and human-computer interaction""
    }
  ],
  ""interdisciplinary_assessment"": {
    ""cross_disciplinary_score"": ""High"",
    ""bridging_domains"": [""Computer Science"", ""Psychology"", ""Industrial Engineering""],
    ""integration_level"": ""Theoretical and Applied""
  },
  ""emerging_field_indicators"": {
    ""novelty_rating"": ""High"",
    ""trend_association"": ""Early foundation for human-automation interaction research, precursor to modern HCI and AI ethics"",
    ""future_trajectory"": ""Foundational work that established principles for human-centered automation design, influencing subsequent research in adaptive automation and human-AI collaboration""
  },
  ""quality_metrics"": {
    ""analysis_confidence"": ""High"",
    ""ambiguity_level"": ""Low"",
    ""validation_suggestions"": ""Full text review would provide additional context for specific application domains and methodological details""
  }
}
```"
Human factors in a dynamic information society: Where are we heading?,"Rasmussen, J.",Ergonomics,2000.0,43,7,869-879,10.1080/001401300409071,"Society is becoming increasingly dynamic and integrated owing to the extensive use of information technology. This has several implications that pose new challenges to the human factors profession. In an integrated society, changes and disturbances propagate rapidly and widely and the increasing scale of operations requires also that rare events and circumstances are considered during systems design. In this situation, human factors contributions should be increasingly proactive, not only responding to observed problems, but also, they should be based on models of adaptive human behaviour in complex, dynamic systems. The paper suggests some methodological issues to consider for human factors analyses by designers, evaluators and teachers. © 2000 Taylor & Francis Group, LLC.",Academic research constraints; Competitive pressure; Crossdisciplinary research; Design-oriented research; Dynamic society problems; Ecological information systems; competition; conference paper; ergonomics; human factors research; information system; social problem; society; technology,ok,0.9997,"[{'domain': 'Human Factors and Ergonomics', 'category': 'Core', 'confidence': 'High', 'evidence_basis': ""Explicit mention of 'human factors profession' and 'human factors research' in abstract and keywords"", 'standard_classification': 'UNESCO 3311.11 Ergonomía; ACM H.5.m. Information Interfaces and Presentation (e.g., HCI): Miscellaneous'}, {'domain': 'Information Systems', 'category': 'Core', 'confidence': 'High', 'evidence_basis': ""Focus on 'ecological information systems' and 'information technology' implications in dynamic society"", 'standard_classification': 'UNESCO 1203.04 Sistemas de Información; ACM H.1.m. Models and Principles: Miscellaneous'}, {'domain': 'Social Systems Analysis', 'category': 'Secondary', 'confidence': 'Medium', 'evidence_basis': 'Analysis of societal dynamics, integrated society, and social problems in technology context', 'standard_classification': 'UNESCO 6309.99 Otras (Sociología)'}]","{'macro_level': 'Social Sciences & Engineering', 'meso_level': 'Human-Computer Interaction & Systems Engineering', 'micro_level': 'Adaptive Human Behavior in Complex Dynamic Systems'}","[{'method_domain': 'Systems Modeling', 'techniques': ['Adaptive human behavior modeling', 'Complex system dynamics analysis', 'Ecological systems approach'], 'contribution': 'Proposes proactive modeling approach for human factors in dynamic information systems'}, {'method_domain': 'Design Research', 'techniques': ['Design-oriented research methodology', 'Systems design consideration', 'Proactive evaluation frameworks'], 'contribution': 'Methodological framework for designers, evaluators and teachers in human factors'}]","[{'sector': 'Technology Systems Design', 'potential_impact': 'Improved system resilience and adaptation to rare events and disturbances', 'implementation_scale': 'Societal'}, {'sector': 'Organizational Decision Support', 'potential_impact': 'Enhanced consideration of human factors in complex operational environments', 'implementation_scale': 'Organizational'}, {'sector': 'Educational Frameworks', 'potential_impact': 'Development of teaching methodologies for human factors in dynamic systems', 'implementation_scale': 'Individual'}]","[{'industry_sector': 'Information Systems', 'relation_type': 'Direct', 'confidence': 'High', 'evidence_basis': ""Explicit mention of 'information system' in keywords and focus on information technology in abstract""}, {'industry_sector': 'Education', 'relation_type': 'Direct', 'confidence': 'Medium', 'evidence_basis': ""Mention of 'teachers' as target audience for methodological considerations""}, {'industry_sector': 'Manufacturing', 'relation_type': 'Indirect', 'confidence': 'Medium', 'evidence_basis': ""Reference to 'systems design' and 'scale of operations' suggests industrial applications""}, {'industry_sector': 'Public Administration', 'relation_type': 'Indirect', 'confidence': 'Medium', 'evidence_basis': 'Focus on societal-level implications and social problems'}]","{'cross_disciplinary_score': 'High', 'bridging_domains': ['Psychology', 'Computer Science', 'Sociology', 'Systems Engineering'], 'integration_level': 'Methodological and Theoretical'}","{'novelty_rating': 'Medium', 'trend_association': 'Early precursor to contemporary research in socio-technical systems, resilience engineering, and human-centered AI', 'future_trajectory': 'Anticipated growth in adaptive human-system integration and proactive human factors approaches for complex dynamic environments'}","{'analysis_confidence': 'High', 'ambiguity_level': ""Medium (some domains like 'ecological information systems' require interpretation)"", 'validation_suggestions': 'Full text would provide better context for specific methodological approaches and application domains mentioned'}","```json
{
  ""primary_domains"": [
    {
      ""domain"": ""Human Factors and Ergonomics"",
      ""category"": ""Core"",
      ""confidence"": ""High"",
      ""evidence_basis"": ""Explicit mention of 'human factors profession' and 'human factors research' in abstract and keywords"",
      ""standard_classification"": ""UNESCO 3311.11 Ergonomía; ACM H.5.m. Information Interfaces and Presentation (e.g., HCI): Miscellaneous""
    },
    {
      ""domain"": ""Information Systems"",
      ""category"": ""Core"",
      ""confidence"": ""High"",
      ""evidence_basis"": ""Focus on 'ecological information systems' and 'information technology' implications in dynamic society"",
      ""standard_classification"": ""UNESCO 1203.04 Sistemas de Información; ACM H.1.m. Models and Principles: Miscellaneous""
    },
    {
      ""domain"": ""Social Systems Analysis"",
      ""category"": ""Secondary"",
      ""confidence"": ""Medium"",
      ""evidence_basis"": ""Analysis of societal dynamics, integrated society, and social problems in technology context"",
      ""standard_classification"": ""UNESCO 6309.99 Otras (Sociología)""
    }
  ],
  ""hierarchical_mapping"": {
    ""macro_level"": ""Social Sciences & Engineering"",
    ""meso_level"": ""Human-Computer Interaction & Systems Engineering"",
    ""micro_level"": ""Adaptive Human Behavior in Complex Dynamic Systems""
  },
  ""methodological_approaches"": [
    {
      ""method_domain"": ""Systems Modeling"",
      ""techniques"": [""Adaptive human behavior modeling"", ""Complex system dynamics analysis"", ""Ecological systems approach""],
      ""contribution"": ""Proposes proactive modeling approach for human factors in dynamic information systems""
    },
    {
      ""method_domain"": ""Design Research"",
      ""techniques"": [""Design-oriented research methodology"", ""Systems design consideration"", ""Proactive evaluation frameworks""],
      ""contribution"": ""Methodological framework for designers, evaluators and teachers in human factors""
    }
  ],
  ""application_contexts"": [
    {
      ""sector"": ""Technology Systems Design"",
      ""potential_impact"": ""Improved system resilience and adaptation to rare events and disturbances"",
      ""implementation_scale"": ""Societal""
    },
    {
      ""sector"": ""Organizational Decision Support"",
      ""potential_impact"": ""Enhanced consideration of human factors in complex operational environments"",
      ""implementation_scale"": ""Organizational""
    },
    {
      ""sector"": ""Educational Frameworks"",
      ""potential_impact"": ""Development of teaching methodologies for human factors in dynamic systems"",
      ""implementation_scale"": ""Individual""
    }
  ],
  ""industry_mapping"": [
    {
      ""industry_sector"": ""Information Systems"",
      ""relation_type"": ""Direct"",
      ""confidence"": ""High"",
      ""evidence_basis"": ""Explicit mention of 'information system' in keywords and focus on information technology in abstract""
    },
    {
      ""industry_sector"": ""Education"",
      ""relation_type"": ""Direct"",
      ""confidence"": ""Medium"",
      ""evidence_basis"": ""Mention of 'teachers' as target audience for methodological considerations""
    },
    {
      ""industry_sector"": ""Manufacturing"",
      ""relation_type"": ""Indirect"",
      ""confidence"": ""Medium"",
      ""evidence_basis"": ""Reference to 'systems design' and 'scale of operations' suggests industrial applications""
    },
    {
      ""industry_sector"": ""Public Administration"",
      ""relation_type"": ""Indirect"",
      ""confidence"": ""Medium"",
      ""evidence_basis"": ""Focus on societal-level implications and social problems""
    }
  ],
  ""interdisciplinary_assessment"": {
    ""cross_disciplinary_score"": ""High"",
    ""bridging_domains"": [""Psychology"", ""Computer Science"", ""Sociology"", ""Systems Engineering""],
    ""integration_level"": ""Methodological and Theoretical""
  },
  ""emerging_field_indicators"": {
    ""novelty_rating"": ""Medium"",
    ""trend_association"": ""Early precursor to contemporary research in socio-technical systems, resilience engineering, and human-centered AI"",
    ""future_trajectory"": ""Anticipated growth in adaptive human-system integration and proactive human factors approaches for complex dynamic environments""
  },
  ""quality_metrics"": {
    ""analysis_confidence"": ""High"",
    ""ambiguity_level"": ""Medium (some domains like 'ecological information systems' require interpretation)"",
    ""validation_suggestions"": ""Full text would provide better context for specific methodological approaches and application domains mentioned""
  }
}
```"
Anticipating the effects of technological change: A new era of dynamics for human factors,"Woods, D.; Dekker, S.",Theoretical Issues in Ergonomics Science,2000.0,1,3,272-282,10.1080/14639220110037452,"Human factors studies the intersection between people, technology and work, with the major aim to find areas where design and working conditions produce human error. It relies on the knowledge base and research results of multiple fields of inquiry (ranging from computer science to anthropology) to do so. Technological change at this intersection (1) redefines the relationship between various players (both humans and machines), (2) transforms practice and shifts sources of error and excellence, and (3) often drives up operational requirements and pressures on operators. Human factors needs to predict these reverberations of technological change before a mature system has been built in order to steer design into the direction of cooperative human - machine architectures. The quickening tempo of technology change and the expansion of technological possibilities has largely converted the traditional shortcuts for access to a design process (task analysis, guidelines, verification and validation studies, etc.) into oversimplification fallacies that retard understanding, innovation, and, ultimately, human factors’ credibility. There is an enormous need for the development of techniques that gain empirical access to the futureÐ that generate human performance data about systems which have yet to be built. © 2000 Taylor & Francis Group, LLC. All rights reserved.",Cognitive task analysis; Future of Human Factors; Technology change,ok,0.9998,"[{'domain': 'Human Factors and Ergonomics', 'category': 'Core', 'confidence': 'High', 'evidence_basis': ""Explicitly stated as the main field studying 'the intersection between people, technology and work' with focus on human error and design"", 'standard_classification': 'ACM CCS: H.1.2 User/Machine Systems; UNESCO: 3314 Ergonomía'}, {'domain': 'Cognitive Science', 'category': 'Core', 'confidence': 'High', 'evidence_basis': 'Mentions cognitive task analysis and focuses on human performance, error, and human-machine interaction', 'standard_classification': 'ACM CCS: J.4 Social and Behavioral Sciences; UNESCO: 6106 Psicología experimental'}, {'domain': 'Human-Computer Interaction', 'category': 'Secondary', 'confidence': 'Medium', 'evidence_basis': 'References to human-machine architectures, technological change, and cooperative systems design', 'standard_classification': 'ACM CCS: H.5.2 User Interfaces; UNESCO: 1203 Ciencia de los ordenadores'}]","{'macro_level': 'Engineering & Technology', 'meso_level': 'Human Factors and Ergonomics', 'micro_level': 'Anticipatory Human Factors for Technological Change'}","[{'method_domain': 'Cognitive Task Analysis', 'techniques': ['Task analysis', 'Guidelines development', 'Verification and validation studies'], 'contribution': 'Identifies limitations of traditional methods and calls for new techniques to generate human performance data for future systems'}, {'method_domain': 'Predictive Modeling', 'techniques': ['Future system simulation', 'Empirical access techniques', 'Human performance forecasting'], 'contribution': 'Proposes development of methods to anticipate effects of technological change before system implementation'}]","[{'sector': 'Human-Machine System Design', 'potential_impact': 'Transformation of system design processes to anticipate human factors issues before implementation', 'implementation_scale': 'Organizational'}, {'sector': 'Safety-Critical Systems', 'potential_impact': 'Reduction of human error and improvement of system reliability in high-risk environments', 'implementation_scale': 'Societal'}, {'sector': 'Technology Implementation', 'potential_impact': 'Improved adoption and effectiveness of new technologies through better human-centered design', 'implementation_scale': 'Cross-sector'}]","[{'industry_sector': 'Aviation', 'relation_type': 'Indirect', 'confidence': 'Medium', 'evidence_basis': 'Mentions operational requirements and pressures on operators, common in aviation human factors'}, {'industry_sector': 'Manufacturing', 'relation_type': 'Indirect', 'confidence': 'Medium', 'evidence_basis': 'References to work design and human-machine systems in operational contexts'}, {'industry_sector': 'Information Systems', 'relation_type': 'Direct', 'confidence': 'High', 'evidence_basis': 'Focus on technological change, human-computer interaction, and system design'}, {'industry_sector': 'Healthcare', 'relation_type': 'Indirect', 'confidence': 'Medium', 'evidence_basis': 'Human error reduction and system safety are critical in medical systems'}, {'industry_sector': 'Military/Defense', 'relation_type': 'Indirect', 'confidence': 'Medium', 'evidence_basis': 'High-reliability organizations with complex human-machine systems'}]","{'cross_disciplinary_score': 'High', 'bridging_domains': ['Psychology', 'Computer Science', 'Engineering', 'Anthropology'], 'integration_level': 'Methodological and Applied'}","{'novelty_rating': 'High', 'trend_association': 'Anticipatory design, proactive human factors, future-oriented HCI', 'future_trajectory': 'Development of predictive human factors methodologies and anticipatory system design frameworks'}","{'analysis_confidence': 'High', 'ambiguity_level': 'Low', 'validation_suggestions': 'Additional context about specific technological domains or application case studies would enhance industry mapping precision'}","```json
{
  ""primary_domains"": [
    {
      ""domain"": ""Human Factors and Ergonomics"",
      ""category"": ""Core"",
      ""confidence"": ""High"",
      ""evidence_basis"": ""Explicitly stated as the main field studying 'the intersection between people, technology and work' with focus on human error and design"",
      ""standard_classification"": ""ACM CCS: H.1.2 User/Machine Systems; UNESCO: 3314 Ergonomía""
    },
    {
      ""domain"": ""Cognitive Science"",
      ""category"": ""Core"",
      ""confidence"": ""High"",
      ""evidence_basis"": ""Mentions cognitive task analysis and focuses on human performance, error, and human-machine interaction"",
      ""standard_classification"": ""ACM CCS: J.4 Social and Behavioral Sciences; UNESCO: 6106 Psicología experimental""
    },
    {
      ""domain"": ""Human-Computer Interaction"",
      ""category"": ""Secondary"",
      ""confidence"": ""Medium"",
      ""evidence_basis"": ""References to human-machine architectures, technological change, and cooperative systems design"",
      ""standard_classification"": ""ACM CCS: H.5.2 User Interfaces; UNESCO: 1203 Ciencia de los ordenadores""
    }
  ],
  ""hierarchical_mapping"": {
    ""macro_level"": ""Engineering & Technology"",
    ""meso_level"": ""Human Factors and Ergonomics"",
    ""micro_level"": ""Anticipatory Human Factors for Technological Change""
  },
  ""methodological_approaches"": [
    {
      ""method_domain"": ""Cognitive Task Analysis"",
      ""techniques"": [""Task analysis"", ""Guidelines development"", ""Verification and validation studies""],
      ""contribution"": ""Identifies limitations of traditional methods and calls for new techniques to generate human performance data for future systems""
    },
    {
      ""method_domain"": ""Predictive Modeling"",
      ""techniques"": [""Future system simulation"", ""Empirical access techniques"", ""Human performance forecasting""],
      ""contribution"": ""Proposes development of methods to anticipate effects of technological change before system implementation""
    }
  ],
  ""application_contexts"": [
    {
      ""sector"": ""Human-Machine System Design"",
      ""potential_impact"": ""Transformation of system design processes to anticipate human factors issues before implementation"",
      ""implementation_scale"": ""Organizational""
    },
    {
      ""sector"": ""Safety-Critical Systems"",
      ""potential_impact"": ""Reduction of human error and improvement of system reliability in high-risk environments"",
      ""implementation_scale"": ""Societal""
    },
    {
      ""sector"": ""Technology Implementation"",
      ""potential_impact"": ""Improved adoption and effectiveness of new technologies through better human-centered design"",
      ""implementation_scale"": ""Cross-sector""
    }
  ],
  ""industry_mapping"": [
    {
      ""industry_sector"": ""Aviation"",
      ""relation_type"": ""Indirect"",
      ""confidence"": ""Medium"",
      ""evidence_basis"": ""Mentions operational requirements and pressures on operators, common in aviation human factors""
    },
    {
      ""industry_sector"": ""Manufacturing"",
      ""relation_type"": ""Indirect"",
      ""confidence"": ""Medium"",
      ""evidence_basis"": ""References to work design and human-machine systems in operational contexts""
    },
    {
      ""industry_sector"": ""Information Systems"",
      ""relation_type"": ""Direct"",
      ""confidence"": ""High"",
      ""evidence_basis"": ""Focus on technological change, human-computer interaction, and system design""
    },
    {
      ""industry_sector"": ""Healthcare"",
      ""relation_type"": ""Indirect"",
      ""confidence"": ""Medium"",
      ""evidence_basis"": ""Human error reduction and system safety are critical in medical systems""
    },
    {
      ""industry_sector"": ""Military/Defense"",
      ""relation_type"": ""Indirect"",
      ""confidence"": ""Medium"",
      ""evidence_basis"": ""High-reliability organizations with complex human-machine systems""
    }
  ],
  ""interdisciplinary_assessment"": {
    ""cross_disciplinary_score"": ""High"",
    ""bridging_domains"": [""Psychology"", ""Computer Science"", ""Engineering"", ""Anthropology""],
    ""integration_level"": ""Methodological and Applied""
  },
  ""emerging_field_indicators"": {
    ""novelty_rating"": ""High"",
    ""trend_association"": ""Anticipatory design, proactive human factors, future-oriented HCI"",
    ""future_trajectory"": ""Development of predictive human factors methodologies and anticipatory system design frameworks""
  },
  ""quality_metrics"": {
    ""analysis_confidence"": ""High"",
    ""ambiguity_level"": ""Low"",
    ""validation_suggestions"": ""Additional context about specific technological domains or application case studies would enhance industry mapping precision""
  }
}
```"
Emotion-triggered learning in autonomous robot control,"Gadanho, S. C.; Hallam, J.",Cybernetics and Systems,2001.0,32,5,531-559,10.1080/019697201750257766,"The fact that emotions are considered to be essential to human reasoning suggests that they might play an important role in autonomous robots as well. In particular, the decision of when to interrupt ongoing behavior is often associated with emotions in natural systems. The question under examination here is whether this role of emotions can be useful for a robot which adapts to its environment. For this purpose, an emotion model was developed and integrated in a reinforcement-learning framework. Robot experiments were done to test an emotion-dependent mechanism for the automatic detection of the relevant events of a learning task against more traditional approaches. Experimental results are presented that confirm that emotions can be useful in this role, specifically by improving the efficiency of the learning algorithm. © 2001 Taylor and Francis, LLC.",,ok,0.9998,"[{'domain': 'Robotics and Autonomous Systems', 'category': 'Core', 'confidence': 'High', 'evidence_basis': 'Direct focus on autonomous robot control and adaptation to environment', 'standard_classification': 'ACM CCS: I.2.9 Robotics; UNESCO: 3302.13 Tecnología de Control'}, {'domain': 'Artificial Intelligence', 'category': 'Core', 'confidence': 'High', 'evidence_basis': 'Integration of emotion models with reinforcement learning framework', 'standard_classification': 'ACM CCS: I.2.0 Artificial Intelligence; UNESCO: 1203.04 Inteligencia Artificial'}, {'domain': 'Cognitive Science', 'category': 'Secondary', 'confidence': 'Medium', 'evidence_basis': 'Emotion modeling inspired by human reasoning and natural systems', 'standard_classification': 'ACM CCS: I.2.0 Artificial Intelligence; UNESCO: 6106.04 Psicología Cognitiva'}]","{'macro_level': 'Engineering & Technology', 'meso_level': 'Computer Science and Robotics', 'micro_level': 'Autonomous Robot Control with Emotional Intelligence'}","[{'method_domain': 'Reinforcement Learning', 'techniques': ['Emotion-triggered learning', 'Event detection mechanisms', 'Robot experimentation'], 'contribution': 'Novel integration of emotion models with RL for improved learning efficiency'}, {'method_domain': 'Computational Emotion Modeling', 'techniques': ['Emotion-dependent mechanisms', 'Behavior interruption modeling'], 'contribution': 'Development of emotion model for autonomous decision-making in robots'}]","[{'sector': 'Autonomous Systems', 'potential_impact': 'Improved learning efficiency and adaptive behavior in robots', 'implementation_scale': 'Organizational'}, {'sector': 'Human-Robot Interaction', 'potential_impact': 'More natural and responsive robotic systems', 'implementation_scale': 'Individual'}]","[{'industry_sector': 'Robotics', 'relation_type': 'Direct', 'confidence': 'High', 'evidence_basis': 'Direct focus on robot experiments and autonomous robot control'}, {'industry_sector': 'Manufacturing', 'relation_type': 'Indirect', 'confidence': 'Medium', 'evidence_basis': 'Potential application in adaptive manufacturing systems'}, {'industry_sector': 'Healthcare', 'relation_type': 'Indirect', 'confidence': 'Low', 'evidence_basis': 'Possible applications in assistive robotics and therapeutic systems'}]","{'cross_disciplinary_score': 'High', 'bridging_domains': ['Computer Science', 'Psychology', 'Cognitive Science'], 'integration_level': 'Methodological and Theoretical'}","{'novelty_rating': 'High', 'trend_association': 'Affective Computing, Cognitive Robotics, Emotional AI', 'future_trajectory': 'Pioneering work in emotional intelligence for autonomous systems, precursor to modern affective robotics'}","{'analysis_confidence': 'High', 'ambiguity_level': 'Low', 'validation_suggestions': 'Additional keywords and full text would provide more precise classification, but abstract provides sufficient evidence for core domains'}","```json
{
  ""primary_domains"": [
    {
      ""domain"": ""Robotics and Autonomous Systems"",
      ""category"": ""Core"",
      ""confidence"": ""High"",
      ""evidence_basis"": ""Direct focus on autonomous robot control and adaptation to environment"",
      ""standard_classification"": ""ACM CCS: I.2.9 Robotics; UNESCO: 3302.13 Tecnología de Control""
    },
    {
      ""domain"": ""Artificial Intelligence"",
      ""category"": ""Core"",
      ""confidence"": ""High"",
      ""evidence_basis"": ""Integration of emotion models with reinforcement learning framework"",
      ""standard_classification"": ""ACM CCS: I.2.0 Artificial Intelligence; UNESCO: 1203.04 Inteligencia Artificial""
    },
    {
      ""domain"": ""Cognitive Science"",
      ""category"": ""Secondary"",
      ""confidence"": ""Medium"",
      ""evidence_basis"": ""Emotion modeling inspired by human reasoning and natural systems"",
      ""standard_classification"": ""ACM CCS: I.2.0 Artificial Intelligence; UNESCO: 6106.04 Psicología Cognitiva""
    }
  ],
  ""hierarchical_mapping"": {
    ""macro_level"": ""Engineering & Technology"",
    ""meso_level"": ""Computer Science and Robotics"",
    ""micro_level"": ""Autonomous Robot Control with Emotional Intelligence""
  },
  ""methodological_approaches"": [
    {
      ""method_domain"": ""Reinforcement Learning"",
      ""techniques"": [""Emotion-triggered learning"", ""Event detection mechanisms"", ""Robot experimentation""],
      ""contribution"": ""Novel integration of emotion models with RL for improved learning efficiency""
    },
    {
      ""method_domain"": ""Computational Emotion Modeling"",
      ""techniques"": [""Emotion-dependent mechanisms"", ""Behavior interruption modeling""],
      ""contribution"": ""Development of emotion model for autonomous decision-making in robots""
    }
  ],
  ""application_contexts"": [
    {
      ""sector"": ""Autonomous Systems"",
      ""potential_impact"": ""Improved learning efficiency and adaptive behavior in robots"",
      ""implementation_scale"": ""Organizational""
    },
    {
      ""sector"": ""Human-Robot Interaction"",
      ""potential_impact"": ""More natural and responsive robotic systems"",
      ""implementation_scale"": ""Individual""
    }
  ],
  ""industry_mapping"": [
    {
      ""industry_sector"": ""Robotics"",
      ""relation_type"": ""Direct"",
      ""confidence"": ""High"",
      ""evidence_basis"": ""Direct focus on robot experiments and autonomous robot control""
    },
    {
      ""industry_sector"": ""Manufacturing"",
      ""relation_type"": ""Indirect"",
      ""confidence"": ""Medium"",
      ""evidence_basis"": ""Potential application in adaptive manufacturing systems""
    },
    {
      ""industry_sector"": ""Healthcare"",
      ""relation_type"": ""Indirect"",
      ""confidence"": ""Low"",
      ""evidence_basis"": ""Possible applications in assistive robotics and therapeutic systems""
    }
  ],
  ""interdisciplinary_assessment"": {
    ""cross_disciplinary_score"": ""High"",
    ""bridging_domains"": [""Computer Science"", ""Psychology"", ""Cognitive Science""],
    ""integration_level"": ""Methodological and Theoretical""
  },
  ""emerging_field_indicators"": {
    ""novelty_rating"": ""High"",
    ""trend_association"": ""Affective Computing, Cognitive Robotics, Emotional AI"",
    ""future_trajectory"": ""Pioneering work in emotional intelligence for autonomous systems, precursor to modern affective robotics""
  },
  ""quality_metrics"": {
    ""analysis_confidence"": ""High"",
    ""ambiguity_level"": ""Low"",
    ""validation_suggestions"": ""Additional keywords and full text would provide more precise classification, but abstract provides sufficient evidence for core domains""
  }
}
```"
Emerging challenges in cognitive ergonomics: Managing swarms of self-organizing agent-based automation,"Lee, J. D.",Theoretical Issues in Ergonomics Science,2001.0,2,3,238-250,10.1080/14639220110104925,"As technology becomes more sophisticated, the problems of appropriate function allocation, mode errors, and misuse of automation will continue to challenge system safety and efficiency. Addressing these problems will require the field of cognitive ergonomics to consider three important challenges. First, to understand the human implications of self-organizing, multi-agent automation may involve recognizing the unique monitoring and control requirements. While current research has studied how people control a small number (2–10) of agents, the future will likely introduce the challenge of supervising hundreds of agents. Multiagent automation that consists of hundreds of loosely connected intelligent agents may exhibit powerful new adaptive behaviours that may be difficult for people to understand and manage. Secondly, to understand human interaction with increasing complex automation may require more comprehensive analysis and modelling techniques. Current analysis techniques such as analysis of variance, tend to rely upon static representations of the human–system interaction when dynamic representations are needed. Thirdly, understanding human interaction with this increasingly complex automation may benefit from reconsidering new constructs to explain behaviour. The constructs of the information processing approach may not be sufficient to explain reliance on multi-agent automation. Addressing the challenge of this new technology will require a theoretical understanding of human behaviour that goes beyond a task-based description of wellde fined scenarios. Cognitive ergonomics must develop an understanding of the basic cognitive demands associated with managing multi-agent automation, tools that consider the dynamics of the interaction, and constructs that address the dynamic decision making that governs reliance. © 2001 Taylor & Francis Group, LLC. All rights reserved.",Emergent behaviour; Function allocation; Information architecture,ok,0.9999,"[{'domain': 'Cognitive Ergonomics', 'category': 'Core', 'confidence': 'High', 'evidence_basis': 'Explicitly mentioned as the main field addressing the challenges, focus on human-system interaction and cognitive demands', 'standard_classification': 'ACM CCS: H.1.2 User/Machine Systems; UNESCO: 3314 Ergonomía'}, {'domain': 'Human-Computer Interaction', 'category': 'Core', 'confidence': 'High', 'evidence_basis': 'Focus on human interaction with complex automation systems, monitoring and control requirements', 'standard_classification': 'ACM CCS: H.5.2 User Interfaces; UNESCO: 1203.04 Interacción Persona-Ordenador'}, {'domain': 'Multi-Agent Systems', 'category': 'Secondary', 'confidence': 'Medium', 'evidence_basis': 'Focus on swarms of self-organizing agent-based automation and emergent behaviors', 'standard_classification': 'ACM CCS: I.2.11 Distributed Artificial Intelligence; UNESCO: 1203.23 Sistemas Multiagente'}]","{'macro_level': 'Engineering & Technology', 'meso_level': 'Human Factors Engineering', 'micro_level': 'Cognitive Systems and Automation Management'}","[{'method_domain': 'Human Factors Research', 'techniques': ['Dynamic analysis techniques', 'Cognitive modeling', 'Task analysis'], 'contribution': 'Identifies limitations of current static analysis methods (e.g., ANOVA) and calls for dynamic representations of human-system interaction'}, {'method_domain': 'Theoretical Development', 'techniques': ['Construct development', 'Conceptual modeling', 'Theoretical framework building'], 'contribution': 'Proposes need for new constructs beyond information processing approach to explain reliance on multi-agent automation'}]","[{'sector': 'Complex System Supervision', 'potential_impact': 'Improved safety and efficiency in managing large-scale automated systems', 'implementation_scale': 'Organizational'}, {'sector': 'Automation Design', 'potential_impact': 'Better function allocation and human-centered automation design principles', 'implementation_scale': 'Cross-sector'}, {'sector': 'Safety-Critical Systems', 'potential_impact': 'Enhanced system safety through improved human-automation interaction understanding', 'implementation_scale': 'Societal'}]","[{'industry_sector': 'Aviation', 'relation_type': 'Indirect', 'confidence': 'Medium', 'evidence_basis': 'Mentions system safety and efficiency challenges, mode errors - common in aviation automation'}, {'industry_sector': 'Military/Defense', 'relation_type': 'Indirect', 'confidence': 'Medium', 'evidence_basis': 'Swarm automation and multi-agent systems have significant defense applications for surveillance and operations'}, {'industry_sector': 'Manufacturing', 'relation_type': 'Indirect', 'confidence': 'Medium', 'evidence_basis': 'Automation supervision and control requirements relevant to smart manufacturing systems'}, {'industry_sector': 'Information Systems', 'relation_type': 'Direct', 'confidence': 'High', 'evidence_basis': ""Keywords include 'information architecture', focus on complex automation systems management""}, {'industry_sector': 'Robotics', 'relation_type': 'Direct', 'confidence': 'High', 'evidence_basis': 'Direct reference to agent-based automation and swarm behaviors, core robotics concepts'}]","{'cross_disciplinary_score': 'High', 'bridging_domains': ['Psychology', 'Computer Science', 'Engineering', 'Cognitive Science'], 'integration_level': 'Theoretical and Applied'}","{'novelty_rating': 'High', 'trend_association': 'Human-AI collaboration, Autonomous systems, Swarm intelligence, Adaptive automation', 'future_trajectory': 'Foundation for human supervision of large-scale autonomous systems, precursor to modern human-AI interaction research'}","{'analysis_confidence': 'High', 'ambiguity_level': 'Low', 'validation_suggestions': 'Additional context on specific application domains or empirical studies would strengthen industry mapping precision'}","```json
{
  ""primary_domains"": [
    {
      ""domain"": ""Cognitive Ergonomics"",
      ""category"": ""Core"",
      ""confidence"": ""High"",
      ""evidence_basis"": ""Explicitly mentioned as the main field addressing the challenges, focus on human-system interaction and cognitive demands"",
      ""standard_classification"": ""ACM CCS: H.1.2 User/Machine Systems; UNESCO: 3314 Ergonomía""
    },
    {
      ""domain"": ""Human-Computer Interaction"",
      ""category"": ""Core"",
      ""confidence"": ""High"",
      ""evidence_basis"": ""Focus on human interaction with complex automation systems, monitoring and control requirements"",
      ""standard_classification"": ""ACM CCS: H.5.2 User Interfaces; UNESCO: 1203.04 Interacción Persona-Ordenador""
    },
    {
      ""domain"": ""Multi-Agent Systems"",
      ""category"": ""Secondary"",
      ""confidence"": ""Medium"",
      ""evidence_basis"": ""Focus on swarms of self-organizing agent-based automation and emergent behaviors"",
      ""standard_classification"": ""ACM CCS: I.2.11 Distributed Artificial Intelligence; UNESCO: 1203.23 Sistemas Multiagente""
    }
  ],
  ""hierarchical_mapping"": {
    ""macro_level"": ""Engineering & Technology"",
    ""meso_level"": ""Human Factors Engineering"",
    ""micro_level"": ""Cognitive Systems and Automation Management""
  },
  ""methodological_approaches"": [
    {
      ""method_domain"": ""Human Factors Research"",
      ""techniques"": [""Dynamic analysis techniques"", ""Cognitive modeling"", ""Task analysis""],
      ""contribution"": ""Identifies limitations of current static analysis methods (e.g., ANOVA) and calls for dynamic representations of human-system interaction""
    },
    {
      ""method_domain"": ""Theoretical Development"",
      ""techniques"": [""Construct development"", ""Conceptual modeling"", ""Theoretical framework building""],
      ""contribution"": ""Proposes need for new constructs beyond information processing approach to explain reliance on multi-agent automation""
    }
  ],
  ""application_contexts"": [
    {
      ""sector"": ""Complex System Supervision"",
      ""potential_impact"": ""Improved safety and efficiency in managing large-scale automated systems"",
      ""implementation_scale"": ""Organizational""
    },
    {
      ""sector"": ""Automation Design"",
      ""potential_impact"": ""Better function allocation and human-centered automation design principles"",
      ""implementation_scale"": ""Cross-sector""
    },
    {
      ""sector"": ""Safety-Critical Systems"",
      ""potential_impact"": ""Enhanced system safety through improved human-automation interaction understanding"",
      ""implementation_scale"": ""Societal""
    }
  ],
  ""industry_mapping"": [
    {
      ""industry_sector"": ""Aviation"",
      ""relation_type"": ""Indirect"",
      ""confidence"": ""Medium"",
      ""evidence_basis"": ""Mentions system safety and efficiency challenges, mode errors - common in aviation automation""
    },
    {
      ""industry_sector"": ""Military/Defense"",
      ""relation_type"": ""Indirect"",
      ""confidence"": ""Medium"",
      ""evidence_basis"": ""Swarm automation and multi-agent systems have significant defense applications for surveillance and operations""
    },
    {
      ""industry_sector"": ""Manufacturing"",
      ""relation_type"": ""Indirect"",
      ""confidence"": ""Medium"",
      ""evidence_basis"": ""Automation supervision and control requirements relevant to smart manufacturing systems""
    },
    {
      ""industry_sector"": ""Information Systems"",
      ""relation_type"": ""Direct"",
      ""confidence"": ""High"",
      ""evidence_basis"": ""Keywords include 'information architecture', focus on complex automation systems management""
    },
    {
      ""industry_sector"": ""Robotics"",
      ""relation_type"": ""Direct"",
      ""confidence"": ""High"",
      ""evidence_basis"": ""Direct reference to agent-based automation and swarm behaviors, core robotics concepts""
    }
  ],
  ""interdisciplinary_assessment"": {
    ""cross_disciplinary_score"": ""High"",
    ""bridging_domains"": [""Psychology"", ""Computer Science"", ""Engineering"", ""Cognitive Science""],
    ""integration_level"": ""Theoretical and Applied""
  },
  ""emerging_field_indicators"": {
    ""novelty_rating"": ""High"",
    ""trend_association"": ""Human-AI collaboration, Autonomous systems, Swarm intelligence, Adaptive automation"",
    ""future_trajectory"": ""Foundation for human supervision of large-scale autonomous systems, precursor to modern human-AI interaction research""
  },
  ""quality_metrics"": {
    ""analysis_confidence"": ""High"",
    ""ambiguity_level"": ""Low"",
    ""validation_suggestions"": ""Additional context on specific application domains or empirical studies would strengthen industry mapping precision""
  }
}
```"
A model of the air traffic controller's picture,"Niessen, C.; Eyferth, K.",Safety Science,2001.0,37,2-3,187-202,10.1016/S0925-7535(00)00048-5,"This paper reviews the development of a model of the air traffic controller's mental image, 'picture', or situation awareness, used for controlling air traffic. The computerised model's development, origins and theoretical basis are outlined, and the model is described in some detail in the context of current air traffic operations. The model can be utilised to explore the potential impacts of future automation on the cognitive performance of the air traffic controller. The general potential contributions of the area of cognitive modelling to system design and training in accelerating industries such as air traffic control, are also discussed. Copyright © 2001 Elsevier Science Ltd.; This paper reviews the development of a model of the air traffic controller's mental image, 'picture', or situation awareness, used for controlling air traffic. The computerised model's development, origins and theoretical basis are outlined, and the model is described in some detail in the context of current air traffic operations. The model can be utilised to explore the potential impacts of future automation on the cognitive performance of the air traffic controller. The general potential contributions of the area of cognitive modelling to system design and training in accelerating industries such as air traffic control, are also discussed. Copyright © 2001 Elsevier Science Ltd.",Air traffic control; Cognitive modelling; Dynamic changes; Picture; Situation awareness; Automation; Behavioral research; Mathematical models; Cognitive modeling; aircraft; anticipation; aviation; awareness; cognition; computer model; conflict; dynamics; human; model; operator; priority journal; review; training,ok,0.9997,"[{'domain': 'Cognitive Psychology', 'category': 'Core', 'confidence': 'High', 'evidence_basis': 'Focus on mental models, situation awareness, and cognitive performance of air traffic controllers', 'standard_classification': 'ACM CCS: H.1.2 User/Machine Systems; UNESCO: 6106 Psicología Experimental'}, {'domain': 'Human-Computer Interaction', 'category': 'Core', 'confidence': 'High', 'evidence_basis': 'Computerized modeling of cognitive processes and automation impacts on human operators', 'standard_classification': 'ACM CCS: H.5.2 User Interfaces; UNESCO: 3304 Tecnología de los ordenadores'}, {'domain': 'Aviation Psychology', 'category': 'Secondary', 'confidence': 'Medium', 'evidence_basis': 'Specific application to air traffic control context and operator performance', 'standard_classification': 'ACM CCS: J.4 Social and Behavioral Sciences; UNESCO: 3312 Tecnología espacial'}]","{'macro_level': 'Engineering & Technology', 'meso_level': 'Computer Science', 'micro_level': 'Human-Computer Interaction in Safety-Critical Systems'}","[{'method_domain': 'Cognitive Modeling', 'techniques': ['Computational modeling', 'Situation awareness assessment', 'Behavioral research methods'], 'contribution': ""Development of computerized model for simulating air traffic controller's mental picture""}, {'method_domain': 'Human Factors Engineering', 'techniques': ['System design evaluation', 'Automation impact analysis', 'Training effectiveness assessment'], 'contribution': 'Methodology for evaluating cognitive impacts of automation in complex systems'}]","[{'sector': 'Aviation Safety Systems', 'potential_impact': 'Improved air traffic control system design and operator training', 'implementation_scale': 'Organizational'}, {'sector': 'Human Performance Assessment', 'potential_impact': 'Enhanced understanding of cognitive workload in dynamic environments', 'implementation_scale': 'Individual'}, {'sector': 'Automation Design', 'potential_impact': 'Guidance for developing automation that supports rather than hinders human cognition', 'implementation_scale': 'Cross-sector'}]","[{'industry_sector': 'Aviation', 'relation_type': 'Direct', 'confidence': 'High', 'evidence_basis': 'Explicit focus on air traffic control operations and applications'}, {'industry_sector': 'Aerospace', 'relation_type': 'Indirect', 'confidence': 'Medium', 'evidence_basis': 'Related to aircraft operations and airspace management'}, {'industry_sector': 'Transportation Safety', 'relation_type': 'Direct', 'confidence': 'High', 'evidence_basis': 'Application to safety-critical transportation systems'}]","{'cross_disciplinary_score': 'High', 'bridging_domains': ['Psychology', 'Computer Science', 'Aviation Engineering'], 'integration_level': 'Methodological'}","{'novelty_rating': 'Medium', 'trend_association': 'Human-AI collaboration, cognitive systems engineering, human factors in automation', 'future_trajectory': 'Increasing relevance with growing automation in safety-critical domains'}","{'analysis_confidence': 'High', 'ambiguity_level': 'Low', 'validation_suggestions': 'Full paper text would provide additional methodological details and validation approaches'}","```json
{
  ""primary_domains"": [
    {
      ""domain"": ""Cognitive Psychology"",
      ""category"": ""Core"",
      ""confidence"": ""High"",
      ""evidence_basis"": ""Focus on mental models, situation awareness, and cognitive performance of air traffic controllers"",
      ""standard_classification"": ""ACM CCS: H.1.2 User/Machine Systems; UNESCO: 6106 Psicología Experimental""
    },
    {
      ""domain"": ""Human-Computer Interaction"",
      ""category"": ""Core"",
      ""confidence"": ""High"",
      ""evidence_basis"": ""Computerized modeling of cognitive processes and automation impacts on human operators"",
      ""standard_classification"": ""ACM CCS: H.5.2 User Interfaces; UNESCO: 3304 Tecnología de los ordenadores""
    },
    {
      ""domain"": ""Aviation Psychology"",
      ""category"": ""Secondary"",
      ""confidence"": ""Medium"",
      ""evidence_basis"": ""Specific application to air traffic control context and operator performance"",
      ""standard_classification"": ""ACM CCS: J.4 Social and Behavioral Sciences; UNESCO: 3312 Tecnología espacial""
    }
  ],
  ""hierarchical_mapping"": {
    ""macro_level"": ""Engineering & Technology"",
    ""meso_level"": ""Computer Science"",
    ""micro_level"": ""Human-Computer Interaction in Safety-Critical Systems""
  },
  ""methodological_approaches"": [
    {
      ""method_domain"": ""Cognitive Modeling"",
      ""techniques"": [""Computational modeling"", ""Situation awareness assessment"", ""Behavioral research methods""],
      ""contribution"": ""Development of computerized model for simulating air traffic controller's mental picture""
    },
    {
      ""method_domain"": ""Human Factors Engineering"",
      ""techniques"": [""System design evaluation"", ""Automation impact analysis"", ""Training effectiveness assessment""],
      ""contribution"": ""Methodology for evaluating cognitive impacts of automation in complex systems""
    }
  ],
  ""application_contexts"": [
    {
      ""sector"": ""Aviation Safety Systems"",
      ""potential_impact"": ""Improved air traffic control system design and operator training"",
      ""implementation_scale"": ""Organizational""
    },
    {
      ""sector"": ""Human Performance Assessment"",
      ""potential_impact"": ""Enhanced understanding of cognitive workload in dynamic environments"",
      ""implementation_scale"": ""Individual""
    },
    {
      ""sector"": ""Automation Design"",
      ""potential_impact"": ""Guidance for developing automation that supports rather than hinders human cognition"",
      ""implementation_scale"": ""Cross-sector""
    }
  ],
  ""industry_mapping"": [
    {
      ""industry_sector"": ""Aviation"",
      ""relation_type"": ""Direct"",
      ""confidence"": ""High"",
      ""evidence_basis"": ""Explicit focus on air traffic control operations and applications""
    },
    {
      ""industry_sector"": ""Aerospace"",
      ""relation_type"": ""Indirect"",
      ""confidence"": ""Medium"",
      ""evidence_basis"": ""Related to aircraft operations and airspace management""
    },
    {
      ""industry_sector"": ""Transportation Safety"",
      ""relation_type"": ""Direct"",
      ""confidence"": ""High"",
      ""evidence_basis"": ""Application to safety-critical transportation systems""
    }
  ],
  ""interdisciplinary_assessment"": {
    ""cross_disciplinary_score"": ""High"",
    ""bridging_domains"": [""Psychology"", ""Computer Science"", ""Aviation Engineering""],
    ""integration_level"": ""Methodological""
  },
  ""emerging_field_indicators"": {
    ""novelty_rating"": ""Medium"",
    ""trend_association"": ""Human-AI collaboration, cognitive systems engineering, human factors in automation"",
    ""future_trajectory"": ""Increasing relevance with growing automation in safety-critical domains""
  },
  ""quality_metrics"": {
    ""analysis_confidence"": ""High"",
    ""ambiguity_level"": ""Low"",
    ""validation_suggestions"": ""Full paper text would provide additional methodological details and validation approaches""
  }
}
```"
Management by consent in human-machine systems: when and why it breaks down,"Olson, W. A.; Sarter, N. B.",Hum Factors,2001.0,43,2,255-66,10.1518/001872001775900904,"This study examined the effects of conflict type, time pressure, and display design on operators' ability to make informed decisions about proposed machine goals and actions in a management-by-consent context. A group of 30 B757 pilots were asked to fly eight descent scenarios while responding to a series of air traffic control clearances. Each scenario presented pilots with a different conflict that arose from either incompatible goals contained in the clearance or inappropriate implementation of the clearance by automated flight deck systems. Pilots were often unable to detect these conflicts, especially under time pressure, and thus failed to disallow or intervene with proposed machine actions. Detection performance was particularly poor for conflicts related to clearance implementation. These conflicts were most likely to be missed when automated systems did more than the pilot expected of them. Performance and verbal protocol data indicate that the observed difficulties can be explained by a combination of poor system feedback and pilots' difficulties with generating expectations of future system behavior. Our results are discussed in terms of their implications for the choice and implementation of automation management strategies in general and, more specifically, with respect to risks involved in envisioned forms of digital air-ground communication in the future aviation system. Actual or potential applications of this research include the design of future data link systems and procedures, as well as the design of future automated systems in any domain that rely on operator consent as a mechanism for human-machine coordination.",Aviation/*organization & administration; Consumer Product Safety; *Cues; *Data Display; *Decision Making; Humans; *Man-Machine Systems; Mental Processes; Military Personnel; Organizational Objectives; Reaction Time; Regression Analysis; Risk; Sensitivity and Specificity; Task Performance and Analysis,ok,0.9999,"[{'domain': 'Human-Computer Interaction', 'category': 'Core', 'confidence': 'High', 'evidence_basis': 'Focus on human-machine systems, operator consent mechanisms, and system feedback design', 'standard_classification': 'ACM CCS: H.5.2 User Interfaces / Human Factors'}, {'domain': 'Aviation Psychology', 'category': 'Core', 'confidence': 'High', 'evidence_basis': 'Study conducted with B757 pilots, aviation-specific scenarios, and air traffic control context', 'standard_classification': 'UNESCO: 6106.08 Psicología del Trabajo / Ergonomía'}, {'domain': 'Cognitive Systems Engineering', 'category': 'Secondary', 'confidence': 'Medium', 'evidence_basis': 'Analysis of mental processes, expectation generation, and decision-making under time pressure', 'standard_classification': 'ACM CCS: H.1.2 User/Machine Systems / Human Factors'}]","{'macro_level': 'Engineering & Technology', 'meso_level': 'Human-Computer Interaction', 'micro_level': 'Aviation Human Factors and Automation Management'}","[{'method_domain': 'Experimental Psychology', 'techniques': ['Controlled scenario experiments', 'Performance metrics', 'Verbal protocol analysis', 'Regression analysis'], 'contribution': 'Empirical investigation of human-automation interaction in ecologically valid aviation contexts'}, {'method_domain': 'Human Factors Engineering', 'techniques': ['Task performance analysis', 'System design evaluation', 'Error detection measurement'], 'contribution': 'Applied methodology for assessing automation management strategies in safety-critical systems'}]","[{'sector': 'Aviation Systems Design', 'potential_impact': 'Improved safety and reliability of human-machine coordination in air traffic management', 'implementation_scale': 'Organizational'}, {'sector': 'Automation Interface Design', 'potential_impact': 'Enhanced design principles for consent-based human-machine systems across multiple domains', 'implementation_scale': 'Cross-sector'}, {'sector': 'Safety-Critical Systems', 'potential_impact': 'Reduced risk of automation-related errors in high-consequence environments', 'implementation_scale': 'Societal'}]","[{'industry_sector': 'Aviation', 'relation_type': 'Direct', 'confidence': 'High', 'evidence_basis': 'Explicit study with B757 pilots, air traffic control clearances, and aviation-specific automation systems'}, {'industry_sector': 'Military/Defense', 'relation_type': 'Indirect', 'confidence': 'Medium', 'evidence_basis': ""Keywords include 'Military Personnel' and potential applications in defense aviation systems""}, {'industry_sector': 'Robotics', 'relation_type': 'Indirect', 'confidence': 'Medium', 'evidence_basis': 'Principles applicable to human-robot interaction and consent-based coordination mechanisms'}, {'industry_sector': 'Transportation Systems', 'relation_type': 'Indirect', 'confidence': 'Medium', 'evidence_basis': 'Broader applications in automated transportation systems beyond aviation'}]","{'cross_disciplinary_score': 'High', 'bridging_domains': ['Psychology', 'Computer Science', 'Aviation Engineering', 'Human Factors'], 'integration_level': 'Methodological and Applied'}","{'novelty_rating': 'Medium', 'trend_association': 'Human-AI collaboration, Trust in Automation, Explainable AI, Human-Centered AI', 'future_trajectory': 'Increasing relevance with advancement in autonomous systems and AI-human teaming across domains'}","{'analysis_confidence': 'High', 'ambiguity_level': 'Low', 'validation_suggestions': 'Additional methodological details and specific system implementations would enhance classification precision'}","```json
{
  ""primary_domains"": [
    {
      ""domain"": ""Human-Computer Interaction"",
      ""category"": ""Core"",
      ""confidence"": ""High"",
      ""evidence_basis"": ""Focus on human-machine systems, operator consent mechanisms, and system feedback design"",
      ""standard_classification"": ""ACM CCS: H.5.2 User Interfaces / Human Factors""
    },
    {
      ""domain"": ""Aviation Psychology"",
      ""category"": ""Core"",
      ""confidence"": ""High"",
      ""evidence_basis"": ""Study conducted with B757 pilots, aviation-specific scenarios, and air traffic control context"",
      ""standard_classification"": ""UNESCO: 6106.08 Psicología del Trabajo / Ergonomía""
    },
    {
      ""domain"": ""Cognitive Systems Engineering"",
      ""category"": ""Secondary"",
      ""confidence"": ""Medium"",
      ""evidence_basis"": ""Analysis of mental processes, expectation generation, and decision-making under time pressure"",
      ""standard_classification"": ""ACM CCS: H.1.2 User/Machine Systems / Human Factors""
    }
  ],
  ""hierarchical_mapping"": {
    ""macro_level"": ""Engineering & Technology"",
    ""meso_level"": ""Human-Computer Interaction"",
    ""micro_level"": ""Aviation Human Factors and Automation Management""
  },
  ""methodological_approaches"": [
    {
      ""method_domain"": ""Experimental Psychology"",
      ""techniques"": [""Controlled scenario experiments"", ""Performance metrics"", ""Verbal protocol analysis"", ""Regression analysis""],
      ""contribution"": ""Empirical investigation of human-automation interaction in ecologically valid aviation contexts""
    },
    {
      ""method_domain"": ""Human Factors Engineering"",
      ""techniques"": [""Task performance analysis"", ""System design evaluation"", ""Error detection measurement""],
      ""contribution"": ""Applied methodology for assessing automation management strategies in safety-critical systems""
    }
  ],
  ""application_contexts"": [
    {
      ""sector"": ""Aviation Systems Design"",
      ""potential_impact"": ""Improved safety and reliability of human-machine coordination in air traffic management"",
      ""implementation_scale"": ""Organizational""
    },
    {
      ""sector"": ""Automation Interface Design"",
      ""potential_impact"": ""Enhanced design principles for consent-based human-machine systems across multiple domains"",
      ""implementation_scale"": ""Cross-sector""
    },
    {
      ""sector"": ""Safety-Critical Systems"",
      ""potential_impact"": ""Reduced risk of automation-related errors in high-consequence environments"",
      ""implementation_scale"": ""Societal""
    }
  ],
  ""industry_mapping"": [
    {
      ""industry_sector"": ""Aviation"",
      ""relation_type"": ""Direct"",
      ""confidence"": ""High"",
      ""evidence_basis"": ""Explicit study with B757 pilots, air traffic control clearances, and aviation-specific automation systems""
    },
    {
      ""industry_sector"": ""Military/Defense"",
      ""relation_type"": ""Indirect"",
      ""confidence"": ""Medium"",
      ""evidence_basis"": ""Keywords include 'Military Personnel' and potential applications in defense aviation systems""
    },
    {
      ""industry_sector"": ""Robotics"",
      ""relation_type"": ""Indirect"",
      ""confidence"": ""Medium"",
      ""evidence_basis"": ""Principles applicable to human-robot interaction and consent-based coordination mechanisms""
    },
    {
      ""industry_sector"": ""Transportation Systems"",
      ""relation_type"": ""Indirect"",
      ""confidence"": ""Medium"",
      ""evidence_basis"": ""Broader applications in automated transportation systems beyond aviation""
    }
  ],
  ""interdisciplinary_assessment"": {
    ""cross_disciplinary_score"": ""High"",
    ""bridging_domains"": [""Psychology"", ""Computer Science"", ""Aviation Engineering"", ""Human Factors""],
    ""integration_level"": ""Methodological and Applied""
  },
  ""emerging_field_indicators"": {
    ""novelty_rating"": ""Medium"",
    ""trend_association"": ""Human-AI collaboration, Trust in Automation, Explainable AI, Human-Centered AI"",
    ""future_trajectory"": ""Increasing relevance with advancement in autonomous systems and AI-human teaming across domains""
  },
  ""quality_metrics"": {
    ""analysis_confidence"": ""High"",
    ""ambiguity_level"": ""Low"",
    ""validation_suggestions"": ""Additional methodological details and specific system implementations would enhance classification precision""
  }
}
```"
Understanding socially intelligent agents -: A multilayered phenomenon,"Persson, P.; Laaksolahti, J.; Lönnqvist, P.",Ieee Transactions on Systems Man and Cybernetics Part a-Systems and Humans,2001.0,31,5,349-360,10.1109/3468.952710,"The ultimate purpose with socially intelligent agent (SIA) technology is not to simulate social intelligence per se, but to let an agent give an impression of social intelligence. Such user-centred SIA technology, must consider the everyday knowledge and expectations by which users make sense of real, fictive, or artificial social beings. This folk-theoretical understanding of other social beings involves several, rather independent levels such as expectations on behavior, expectations on primitive psychology, models of folk-psychology, understanding of traits, social roles, and empathy. The framework presented here allows us to analyze and reconstruct users' understanding of existing and future SIAs, as well as specifying the levels SIA technology models in order to achieve an impression of social intelligence.",intelligent systems; social factors; user-centered design; user; interfaces; determinants; perception; emotions; infants; belief; Computer Science,ok,0.9997,"[{'domain': 'Human-Computer Interaction', 'category': 'Core', 'confidence': 'High', 'evidence_basis': 'Focus on user-centered design, user perception, and interface design for socially intelligent agents', 'standard_classification': 'ACM CCS: H.5.2 User Interfaces; UNESCO: 1203.04 Interacción Persona-Ordenador'}, {'domain': 'Artificial Intelligence', 'category': 'Core', 'confidence': 'High', 'evidence_basis': 'Socially intelligent agent technology, intelligent systems, and modeling social intelligence', 'standard_classification': 'ACM CCS: I.2.0 Artificial Intelligence; UNESCO: 1203.04 Inteligencia Artificial'}, {'domain': 'Cognitive Psychology', 'category': 'Secondary', 'confidence': 'Medium', 'evidence_basis': 'References to folk psychology, perception, emotions, belief, and understanding of social beings', 'standard_classification': 'ACM CCS: J.4 Social and Behavioral Sciences; UNESCO: 6106.04 Psicología Cognitiva'}]","{'macro_level': 'Engineering & Technology', 'meso_level': 'Computer Science', 'micro_level': 'Human-Computer Interaction with Socially Intelligent Agents'}","[{'method_domain': 'User-Centered Design', 'techniques': ['Folk-theoretical analysis', 'Multi-level framework development', 'User expectation modeling'], 'contribution': ""Novel framework for analyzing users' understanding of social intelligence across multiple independent levels""}, {'method_domain': 'Conceptual Framework Development', 'techniques': ['Theoretical modeling', 'Level-based analysis', 'Interdisciplinary integration'], 'contribution': 'Multi-layered approach to reconstruct user understanding of artificial social beings'}]","[{'sector': 'Human-Computer Interaction', 'potential_impact': 'Improved design of socially intelligent interfaces and agents that better match user expectations', 'implementation_scale': 'Individual'}, {'sector': 'Robotics and AI Systems', 'potential_impact': 'Enhanced social robotics and virtual agents that create more natural and intuitive interactions', 'implementation_scale': 'Organizational'}, {'sector': 'User Experience Design', 'potential_impact': 'Framework for designing technology that gives credible impressions of social intelligence', 'implementation_scale': 'Cross-sector'}]","[{'industry_sector': 'Information Systems', 'relation_type': 'Direct', 'confidence': 'High', 'evidence_basis': ""Keywords include 'intelligent systems' and focus on user interfaces and perception""}, {'industry_sector': 'Robotics', 'relation_type': 'Indirect', 'confidence': 'Medium', 'evidence_basis': 'Socially intelligent agent technology applicable to social robotics and human-robot interaction'}, {'industry_sector': 'Education', 'relation_type': 'Indirect', 'confidence': 'Low', 'evidence_basis': 'Potential application in educational technology and intelligent tutoring systems'}]","{'cross_disciplinary_score': 'High', 'bridging_domains': ['Computer Science', 'Psychology', 'Cognitive Science'], 'integration_level': 'Theoretical and Methodological'}","{'novelty_rating': 'Medium', 'trend_association': 'Human-AI interaction, social robotics, affective computing', 'future_trajectory': 'Growing importance as AI systems become more socially interactive and integrated into daily life'}","{'analysis_confidence': 'High', 'ambiguity_level': 'Low', 'validation_suggestions': 'Full text review would provide additional methodological details and application examples'}","```json
{
  ""primary_domains"": [
    {
      ""domain"": ""Human-Computer Interaction"",
      ""category"": ""Core"",
      ""confidence"": ""High"",
      ""evidence_basis"": ""Focus on user-centered design, user perception, and interface design for socially intelligent agents"",
      ""standard_classification"": ""ACM CCS: H.5.2 User Interfaces; UNESCO: 1203.04 Interacción Persona-Ordenador""
    },
    {
      ""domain"": ""Artificial Intelligence"",
      ""category"": ""Core"",
      ""confidence"": ""High"",
      ""evidence_basis"": ""Socially intelligent agent technology, intelligent systems, and modeling social intelligence"",
      ""standard_classification"": ""ACM CCS: I.2.0 Artificial Intelligence; UNESCO: 1203.04 Inteligencia Artificial""
    },
    {
      ""domain"": ""Cognitive Psychology"",
      ""category"": ""Secondary"",
      ""confidence"": ""Medium"",
      ""evidence_basis"": ""References to folk psychology, perception, emotions, belief, and understanding of social beings"",
      ""standard_classification"": ""ACM CCS: J.4 Social and Behavioral Sciences; UNESCO: 6106.04 Psicología Cognitiva""
    }
  ],
  ""hierarchical_mapping"": {
    ""macro_level"": ""Engineering & Technology"",
    ""meso_level"": ""Computer Science"",
    ""micro_level"": ""Human-Computer Interaction with Socially Intelligent Agents""
  },
  ""methodological_approaches"": [
    {
      ""method_domain"": ""User-Centered Design"",
      ""techniques"": [""Folk-theoretical analysis"", ""Multi-level framework development"", ""User expectation modeling""],
      ""contribution"": ""Novel framework for analyzing users' understanding of social intelligence across multiple independent levels""
    },
    {
      ""method_domain"": ""Conceptual Framework Development"",
      ""techniques"": [""Theoretical modeling"", ""Level-based analysis"", ""Interdisciplinary integration""],
      ""contribution"": ""Multi-layered approach to reconstruct user understanding of artificial social beings""
    }
  ],
  ""application_contexts"": [
    {
      ""sector"": ""Human-Computer Interaction"",
      ""potential_impact"": ""Improved design of socially intelligent interfaces and agents that better match user expectations"",
      ""implementation_scale"": ""Individual""
    },
    {
      ""sector"": ""Robotics and AI Systems"",
      ""potential_impact"": ""Enhanced social robotics and virtual agents that create more natural and intuitive interactions"",
      ""implementation_scale"": ""Organizational""
    },
    {
      ""sector"": ""User Experience Design"",
      ""potential_impact"": ""Framework for designing technology that gives credible impressions of social intelligence"",
      ""implementation_scale"": ""Cross-sector""
    }
  ],
  ""industry_mapping"": [
    {
      ""industry_sector"": ""Information Systems"",
      ""relation_type"": ""Direct"",
      ""confidence"": ""High"",
      ""evidence_basis"": ""Keywords include 'intelligent systems' and focus on user interfaces and perception""
    },
    {
      ""industry_sector"": ""Robotics"",
      ""relation_type"": ""Indirect"",
      ""confidence"": ""Medium"",
      ""evidence_basis"": ""Socially intelligent agent technology applicable to social robotics and human-robot interaction""
    },
    {
      ""industry_sector"": ""Education"",
      ""relation_type"": ""Indirect"",
      ""confidence"": ""Low"",
      ""evidence_basis"": ""Potential application in educational technology and intelligent tutoring systems""
    }
  ],
  ""interdisciplinary_assessment"": {
    ""cross_disciplinary_score"": ""High"",
    ""bridging_domains"": [""Computer Science"", ""Psychology"", ""Cognitive Science""],
    ""integration_level"": ""Theoretical and Methodological""
  },
  ""emerging_field_indicators"": {
    ""novelty_rating"": ""Medium"",
    ""trend_association"": ""Human-AI interaction, social robotics, affective computing"",
    ""future_trajectory"": ""Growing importance as AI systems become more socially interactive and integrated into daily life""
  },
  ""quality_metrics"": {
    ""analysis_confidence"": ""High"",
    ""ambiguity_level"": ""Low"",
    ""validation_suggestions"": ""Full text review would provide additional methodological details and application examples""
  }
}
```"
Human centered processes and decision support systems,"Barthélemy, J. P.; Bisdorff, R.; Coppin, G.",European Journal of Operational Research,2002.0,136,2,233-252,10.1016/S0377-2217(01)00112-6,"This paper emphasizes the role of human factors in Decision Support Systems and related assisting tools that can be used in the Operational Research field. It links both historical information and real life realizations concerning the human centered processes. The historical points mentioned in the paper give only partial emphasis, according to the feeling of the authors. The aim, here, is essentially to review some tools (e.g., utility theory, cognitive modeling, etc.) that are or might be used to tackle new problems in the context of anthropocentered systems, especially when considering the recent Guilletevolution of Information Systems towards distributed ones. Several real-life problems (mostly in an industrial setting) are reviewed. They all concern applications on which the authors have worked (or are working) together. © 2002 Elsevier Science B.V. All rights reserved.",Applied decision making; Decision processes; Distributed decision; Human centered processes; Algorithms; Behavioral research; Cognitive systems; Decision making; Decision support systems; Information analysis; Operations research; Personnel selection; Human engineering,ok,0.9998,"[{'domain': 'Human-Computer Interaction', 'category': 'Core', 'confidence': 'High', 'evidence_basis': 'Focus on human-centered processes, cognitive modeling, and anthropocentered systems in information systems', 'standard_classification': 'ACM CCS: H.5.2 User Interfaces; UNESCO: 1203.04 Interacción Persona-Ordenador'}, {'domain': 'Operations Research', 'category': 'Core', 'confidence': 'High', 'evidence_basis': 'Explicit mention of Operational Research field, decision support systems, and applied decision making', 'standard_classification': 'ACM CCS: G.2.0 General; UNESCO: 1209.07 Investigación Operativa'}, {'domain': 'Cognitive Science', 'category': 'Secondary', 'confidence': 'Medium', 'evidence_basis': 'References to cognitive modeling, behavioral research, and human decision processes', 'standard_classification': 'ACM CCS: J.4 Social and Behavioral Sciences; UNESCO: 6106.04 Psicología Cognitiva'}]","{'macro_level': 'Engineering & Technology', 'meso_level': 'Information Systems & Computer Science', 'micro_level': 'Human-Centered Decision Support Systems'}","[{'method_domain': 'Decision Theory', 'techniques': ['Utility theory', 'Cognitive modeling', 'Algorithm design'], 'contribution': 'Integration of human factors with traditional OR methods for distributed systems'}, {'method_domain': 'Applied Behavioral Research', 'techniques': ['Human factors analysis', 'Personnel selection methods', 'Cognitive systems evaluation'], 'contribution': 'Bridging theoretical cognitive models with practical industrial applications'}]","[{'sector': 'Industrial Decision Support', 'potential_impact': 'Enhanced human-machine collaboration in complex industrial settings', 'implementation_scale': 'Organizational'}, {'sector': 'Distributed Information Systems', 'potential_impact': 'Improved design of human-centered distributed decision systems', 'implementation_scale': 'Organizational/Cross-sector'}]","[{'industry_sector': 'Manufacturing', 'relation_type': 'Direct', 'confidence': 'High', 'evidence_basis': ""Explicit mention of 'industrial setting' and real-life industrial applications""}, {'industry_sector': 'Information Systems', 'relation_type': 'Direct', 'confidence': 'High', 'evidence_basis': 'Focus on evolution of Information Systems towards distributed ones'}, {'industry_sector': 'Human Resources', 'relation_type': 'Indirect', 'confidence': 'Medium', 'evidence_basis': ""Keywords include 'personnel selection' and human factors engineering""}]","{'cross_disciplinary_score': 'High', 'bridging_domains': ['Computer Science', 'Psychology', 'Industrial Engineering', 'Management Science'], 'integration_level': 'Methodological and Applied'}","{'novelty_rating': 'Medium', 'trend_association': 'Early work in human-centered computing and distributed decision systems', 'future_trajectory': 'Foundation for contemporary human-AI collaboration and intelligent decision support systems'}","{'analysis_confidence': 'High', 'ambiguity_level': 'Low', 'validation_suggestions': 'Additional context about specific industrial applications would enhance industry mapping precision'}","```json
{
  ""primary_domains"": [
    {
      ""domain"": ""Human-Computer Interaction"",
      ""category"": ""Core"",
      ""confidence"": ""High"",
      ""evidence_basis"": ""Focus on human-centered processes, cognitive modeling, and anthropocentered systems in information systems"",
      ""standard_classification"": ""ACM CCS: H.5.2 User Interfaces; UNESCO: 1203.04 Interacción Persona-Ordenador""
    },
    {
      ""domain"": ""Operations Research"",
      ""category"": ""Core"",
      ""confidence"": ""High"",
      ""evidence_basis"": ""Explicit mention of Operational Research field, decision support systems, and applied decision making"",
      ""standard_classification"": ""ACM CCS: G.2.0 General; UNESCO: 1209.07 Investigación Operativa""
    },
    {
      ""domain"": ""Cognitive Science"",
      ""category"": ""Secondary"",
      ""confidence"": ""Medium"",
      ""evidence_basis"": ""References to cognitive modeling, behavioral research, and human decision processes"",
      ""standard_classification"": ""ACM CCS: J.4 Social and Behavioral Sciences; UNESCO: 6106.04 Psicología Cognitiva""
    }
  ],
  ""hierarchical_mapping"": {
    ""macro_level"": ""Engineering & Technology"",
    ""meso_level"": ""Information Systems & Computer Science"",
    ""micro_level"": ""Human-Centered Decision Support Systems""
  },
  ""methodological_approaches"": [
    {
      ""method_domain"": ""Decision Theory"",
      ""techniques"": [""Utility theory"", ""Cognitive modeling"", ""Algorithm design""],
      ""contribution"": ""Integration of human factors with traditional OR methods for distributed systems""
    },
    {
      ""method_domain"": ""Applied Behavioral Research"",
      ""techniques"": [""Human factors analysis"", ""Personnel selection methods"", ""Cognitive systems evaluation""],
      ""contribution"": ""Bridging theoretical cognitive models with practical industrial applications""
    }
  ],
  ""application_contexts"": [
    {
      ""sector"": ""Industrial Decision Support"",
      ""potential_impact"": ""Enhanced human-machine collaboration in complex industrial settings"",
      ""implementation_scale"": ""Organizational""
    },
    {
      ""sector"": ""Distributed Information Systems"",
      ""potential_impact"": ""Improved design of human-centered distributed decision systems"",
      ""implementation_scale"": ""Organizational/Cross-sector""
    }
  ],
  ""industry_mapping"": [
    {
      ""industry_sector"": ""Manufacturing"",
      ""relation_type"": ""Direct"",
      ""confidence"": ""High"",
      ""evidence_basis"": ""Explicit mention of 'industrial setting' and real-life industrial applications""
    },
    {
      ""industry_sector"": ""Information Systems"",
      ""relation_type"": ""Direct"",
      ""confidence"": ""High"",
      ""evidence_basis"": ""Focus on evolution of Information Systems towards distributed ones""
    },
    {
      ""industry_sector"": ""Human Resources"",
      ""relation_type"": ""Indirect"",
      ""confidence"": ""Medium"",
      ""evidence_basis"": ""Keywords include 'personnel selection' and human factors engineering""
    }
  ],
  ""interdisciplinary_assessment"": {
    ""cross_disciplinary_score"": ""High"",
    ""bridging_domains"": [""Computer Science"", ""Psychology"", ""Industrial Engineering"", ""Management Science""],
    ""integration_level"": ""Methodological and Applied""
  },
  ""emerging_field_indicators"": {
    ""novelty_rating"": ""Medium"",
    ""trend_association"": ""Early work in human-centered computing and distributed decision systems"",
    ""future_trajectory"": ""Foundation for contemporary human-AI collaboration and intelligent decision support systems""
  },
  ""quality_metrics"": {
    ""analysis_confidence"": ""High"",
    ""ambiguity_level"": ""Low"",
    ""validation_suggestions"": ""Additional context about specific industrial applications would enhance industry mapping precision""
  }
}
```"
3. Operators' automation usage decisions and the sources of misuse and disuse,"Beck, H. P.; Dzindolet, M. T.; Pierce, L. G.",Advances in Human Performance and Cognitive Engineering Research,2002.0,2,,37-78,10.1016/s1479-3601(02)02005-2,"This chapter focuses upon operators' automation usage decisions (AUDs), choices in which people have the option of relying on automation or employing a manual or less technologically advanced means of control. Misuse, the over-utilization of automation, and disuse, the under-utilization of automation, result from inappropriate AUDs. Three causes of misuse and disuse were identified. Operators may: (1) not recognize that both automated and manual alternatives are available (recognition errors), (2) inaccurately estimate the utilities of the automated and/or manual options (appraisal errors), or (3) knowingly select the alternative with the lowest expected outcome (action errors). A decision-making model was used to organize the literature, identify new areas of inquiry, and examine the effects of a number of variables known to affect AUDs. These included machine reliability and consistency, performance feedback, trust in automation, self-confidence in manual control, perceived utility, and the automation bias. © 2002.",,ok,0.9998,"[{'domain': 'Human Factors Psychology', 'category': 'Core', 'confidence': 'High', 'evidence_basis': ""Focus on operators' decision-making, automation usage patterns, and cognitive errors in human-automation interaction"", 'standard_classification': 'ACM CCS: H.1.2 User/Machine Systems; UNESCO: 6106 Psicología Experimental'}, {'domain': 'Industrial & Organizational Psychology', 'category': 'Secondary', 'confidence': 'Medium', 'evidence_basis': 'Examination of operator behavior in organizational/industrial settings with automation systems', 'standard_classification': 'ACM CCS: J.4 Social and Behavioral Sciences; UNESCO: 6109 Psicología Industrial'}, {'domain': 'Human-Computer Interaction', 'category': 'Secondary', 'confidence': 'Medium', 'evidence_basis': 'Analysis of human interaction with automated systems and decision-making processes', 'standard_classification': 'ACM CCS: H.5.2 User Interfaces; UNESCO: 1203 Ciencia de los Ordenadores'}]","{'macro_level': 'Social Sciences', 'meso_level': 'Psychology', 'micro_level': 'Human Factors & Cognitive Engineering'}","[{'method_domain': 'Cognitive Modeling', 'techniques': ['Decision-making modeling', 'Error classification', 'Literature synthesis'], 'contribution': 'Development of a structured framework for analyzing automation usage decisions and error typology'}, {'method_domain': 'Behavioral Research', 'techniques': ['Variable analysis', 'Psychological construct measurement', 'Theoretical framework development'], 'contribution': 'Systematic examination of psychological variables affecting automation usage decisions'}]","[{'sector': 'Human-Automation Systems', 'potential_impact': 'Improved design of automated systems and operator training to reduce misuse/disuse errors', 'implementation_scale': 'Organizational'}, {'sector': 'Safety-Critical Systems', 'potential_impact': 'Enhanced reliability and safety in environments where automation decisions have significant consequences', 'implementation_scale': 'Societal'}]","[{'industry_sector': 'Aviation', 'relation_type': 'Indirect', 'confidence': 'Medium', 'evidence_basis': ""Focus on operators' automation decisions suggests relevance to cockpit automation and air traffic control""}, {'industry_sector': 'Manufacturing', 'relation_type': 'Indirect', 'confidence': 'Medium', 'evidence_basis': 'Operator decisions in automated production environments align with manufacturing contexts'}, {'industry_sector': 'Nuclear Power', 'relation_type': 'Indirect', 'confidence': 'Medium', 'evidence_basis': 'Safety-critical automation decisions relevant to nuclear plant operations'}, {'industry_sector': 'Military/Defense', 'relation_type': 'Indirect', 'confidence': 'Medium', 'evidence_basis': 'Operator automation usage in command and control systems and unmanned systems'}]","{'cross_disciplinary_score': 'Medium', 'bridging_domains': ['Psychology', 'Engineering', 'Computer Science'], 'integration_level': 'Theoretical'}","{'novelty_rating': 'Medium', 'trend_association': 'Early work in human-automation interaction that preceded current AI/human collaboration research', 'future_trajectory': 'Foundation for contemporary research in human-AI teaming, trust calibration, and adaptive automation'}","{'analysis_confidence': 'Medium-High', 'ambiguity_level': 'Moderate (abstract provides clear conceptual framework but limited specific context)', 'validation_suggestions': 'Full text review needed for specific industry applications and methodological details; keywords would provide additional domain specificity'}","```json
{
  ""primary_domains"": [
    {
      ""domain"": ""Human Factors Psychology"",
      ""category"": ""Core"",
      ""confidence"": ""High"",
      ""evidence_basis"": ""Focus on operators' decision-making, automation usage patterns, and cognitive errors in human-automation interaction"",
      ""standard_classification"": ""ACM CCS: H.1.2 User/Machine Systems; UNESCO: 6106 Psicología Experimental""
    },
    {
      ""domain"": ""Industrial & Organizational Psychology"",
      ""category"": ""Secondary"",
      ""confidence"": ""Medium"",
      ""evidence_basis"": ""Examination of operator behavior in organizational/industrial settings with automation systems"",
      ""standard_classification"": ""ACM CCS: J.4 Social and Behavioral Sciences; UNESCO: 6109 Psicología Industrial""
    },
    {
      ""domain"": ""Human-Computer Interaction"",
      ""category"": ""Secondary"",
      ""confidence"": ""Medium"",
      ""evidence_basis"": ""Analysis of human interaction with automated systems and decision-making processes"",
      ""standard_classification"": ""ACM CCS: H.5.2 User Interfaces; UNESCO: 1203 Ciencia de los Ordenadores""
    }
  ],
  ""hierarchical_mapping"": {
    ""macro_level"": ""Social Sciences"",
    ""meso_level"": ""Psychology"",
    ""micro_level"": ""Human Factors & Cognitive Engineering""
  },
  ""methodological_approaches"": [
    {
      ""method_domain"": ""Cognitive Modeling"",
      ""techniques"": [""Decision-making modeling"", ""Error classification"", ""Literature synthesis""],
      ""contribution"": ""Development of a structured framework for analyzing automation usage decisions and error typology""
    },
    {
      ""method_domain"": ""Behavioral Research"",
      ""techniques"": [""Variable analysis"", ""Psychological construct measurement"", ""Theoretical framework development""],
      ""contribution"": ""Systematic examination of psychological variables affecting automation usage decisions""
    }
  ],
  ""application_contexts"": [
    {
      ""sector"": ""Human-Automation Systems"",
      ""potential_impact"": ""Improved design of automated systems and operator training to reduce misuse/disuse errors"",
      ""implementation_scale"": ""Organizational""
    },
    {
      ""sector"": ""Safety-Critical Systems"",
      ""potential_impact"": ""Enhanced reliability and safety in environments where automation decisions have significant consequences"",
      ""implementation_scale"": ""Societal""
    }
  ],
  ""industry_mapping"": [
    {
      ""industry_sector"": ""Aviation"",
      ""relation_type"": ""Indirect"",
      ""confidence"": ""Medium"",
      ""evidence_basis"": ""Focus on operators' automation decisions suggests relevance to cockpit automation and air traffic control""
    },
    {
      ""industry_sector"": ""Manufacturing"",
      ""relation_type"": ""Indirect"",
      ""confidence"": ""Medium"",
      ""evidence_basis"": ""Operator decisions in automated production environments align with manufacturing contexts""
    },
    {
      ""industry_sector"": ""Nuclear Power"",
      ""relation_type"": ""Indirect"",
      ""confidence"": ""Medium"",
      ""evidence_basis"": ""Safety-critical automation decisions relevant to nuclear plant operations""
    },
    {
      ""industry_sector"": ""Military/Defense"",
      ""relation_type"": ""Indirect"",
      ""confidence"": ""Medium"",
      ""evidence_basis"": ""Operator automation usage in command and control systems and unmanned systems""
    }
  ],
  ""interdisciplinary_assessment"": {
    ""cross_disciplinary_score"": ""Medium"",
    ""bridging_domains"": [""Psychology"", ""Engineering"", ""Computer Science""],
    ""integration_level"": ""Theoretical""
  },
  ""emerging_field_indicators"": {
    ""novelty_rating"": ""Medium"",
    ""trend_association"": ""Early work in human-automation interaction that preceded current AI/human collaboration research"",
    ""future_trajectory"": ""Foundation for contemporary research in human-AI teaming, trust calibration, and adaptive automation""
  },
  ""quality_metrics"": {
    ""analysis_confidence"": ""Medium-High"",
    ""ambiguity_level"": ""Moderate (abstract provides clear conceptual framework but limited specific context)"",
    ""validation_suggestions"": ""Full text review needed for specific industry applications and methodological details; keywords would provide additional domain specificity""
  }
}
```"
The effects of communication modes on performance and discourse organization with an adaptive interface,"Bubb-Lewis, C.; Scerbo, M. W.",Applied Ergonomics,2002.0,33,1,15-26,10.1016/S0003-6870(01)00046-1,"This paper reports a study of different communication patterns on performance with a simulated adaptive interface that created the impression of a talking and listening computer which would help participants solve problems with a computer. There were four levels of communication modes which differed in the restrictions placed on human-computer communication. Dependent measures included tasks completed per minute as well as participants' utterances, which were assessed for verbosity, disfluencies, and indices of common ground. The largest performance differences were found between the groups that could communicate freely and those where communication was restricted or denied. As restriction increased, performance decreased. Further, as restriction increased, the computer assumed greater control and verbosity decreased. Performance on the simple tasks declined as communication restriction increased, but no differences were observed for complex tasks. The results are discussed with respect to differences between human-human and human-computer communication as well as research on adaptive environments. © 2001 Elsevier Science Ltd. All rights reserved.",Adaptive automation; Discourse structure; Human-computer communication; Computers; Problem solving; Speech communication; Communication patterns; article; computer interface; computer network; computer simulation; human; human experiment; interpersonal communication; normal human; task performance; Ergonomics,ok,0.9998,"[{'domain': 'Human-Computer Interaction', 'category': 'Core', 'confidence': 'High', 'evidence_basis': 'Study focuses on communication patterns between humans and adaptive interfaces, measuring performance and discourse organization', 'standard_classification': 'ACM CCS: H.5.2 User Interfaces; UNESCO: 120304 Interacción persona-ordenador'}, {'domain': 'Cognitive Psychology', 'category': 'Secondary', 'confidence': 'High', 'evidence_basis': 'Examines problem solving, communication patterns, and cognitive measures like verbosity and disfluencies', 'standard_classification': 'ACM CCS: J.4 Social and Behavioral Sciences; UNESCO: 610601 Procesos cognitivos'}, {'domain': 'Computer Science - Adaptive Systems', 'category': 'Secondary', 'confidence': 'Medium', 'evidence_basis': 'Focuses on adaptive interfaces and automation, with computer simulation of talking/listening systems', 'standard_classification': 'ACM CCS: H.1.2 User/Machine Systems; UNESCO: 120324 Sistemas adaptativos'}]","{'macro_level': 'Engineering & Technology', 'meso_level': 'Computer Science', 'micro_level': 'Human-Computer Interaction with Adaptive Interfaces'}","[{'method_domain': 'Experimental Psychology', 'techniques': ['Controlled experiment', 'Performance metrics', 'Discourse analysis', 'Utterance assessment'], 'contribution': 'Comparative analysis of communication modes with systematic restriction variations'}, {'method_domain': 'Computational Linguistics', 'techniques': ['Speech communication analysis', 'Verbosity measurement', 'Disfluency assessment', 'Common ground indices'], 'contribution': 'Quantitative discourse structure analysis in HCI context'}]","[{'sector': 'Human-Computer Interface Design', 'potential_impact': 'Improved adaptive interface design for better user performance and communication efficiency', 'implementation_scale': 'Individual'}, {'sector': 'Intelligent Tutoring Systems', 'potential_impact': 'Enhanced educational technology through optimized human-computer communication patterns', 'implementation_scale': 'Organizational'}, {'sector': 'Assistive Technology', 'potential_impact': 'Better communication interfaces for users with disabilities or special needs', 'implementation_scale': 'Societal'}]","[{'industry_sector': 'Information Systems', 'relation_type': 'Direct', 'confidence': 'High', 'evidence_basis': 'Direct study of human-computer communication and interface design'}, {'industry_sector': 'Education Technology', 'relation_type': 'Indirect', 'confidence': 'Medium', 'evidence_basis': 'Problem-solving context and adaptive interfaces relevant to educational applications'}, {'industry_sector': 'Software Development', 'relation_type': 'Indirect', 'confidence': 'Medium', 'evidence_basis': 'Interface design principles applicable to software user experience'}]","{'cross_disciplinary_score': 'High', 'bridging_domains': ['Computer Science', 'Psychology', 'Linguistics'], 'integration_level': 'Methodological'}","{'novelty_rating': 'Medium', 'trend_association': 'Early adaptive interfaces research, precursor to conversational AI and intelligent systems', 'future_trajectory': 'Foundational work for modern voice interfaces, chatbots, and adaptive user experiences'}","{'analysis_confidence': 'High', 'ambiguity_level': 'Low', 'validation_suggestions': 'Additional context about specific application domains would strengthen industry mapping'}","```json
{
  ""primary_domains"": [
    {
      ""domain"": ""Human-Computer Interaction"",
      ""category"": ""Core"",
      ""confidence"": ""High"",
      ""evidence_basis"": ""Study focuses on communication patterns between humans and adaptive interfaces, measuring performance and discourse organization"",
      ""standard_classification"": ""ACM CCS: H.5.2 User Interfaces; UNESCO: 120304 Interacción persona-ordenador""
    },
    {
      ""domain"": ""Cognitive Psychology"",
      ""category"": ""Secondary"",
      ""confidence"": ""High"",
      ""evidence_basis"": ""Examines problem solving, communication patterns, and cognitive measures like verbosity and disfluencies"",
      ""standard_classification"": ""ACM CCS: J.4 Social and Behavioral Sciences; UNESCO: 610601 Procesos cognitivos""
    },
    {
      ""domain"": ""Computer Science - Adaptive Systems"",
      ""category"": ""Secondary"",
      ""confidence"": ""Medium"",
      ""evidence_basis"": ""Focuses on adaptive interfaces and automation, with computer simulation of talking/listening systems"",
      ""standard_classification"": ""ACM CCS: H.1.2 User/Machine Systems; UNESCO: 120324 Sistemas adaptativos""
    }
  ],
  ""hierarchical_mapping"": {
    ""macro_level"": ""Engineering & Technology"",
    ""meso_level"": ""Computer Science"",
    ""micro_level"": ""Human-Computer Interaction with Adaptive Interfaces""
  },
  ""methodological_approaches"": [
    {
      ""method_domain"": ""Experimental Psychology"",
      ""techniques"": [""Controlled experiment"", ""Performance metrics"", ""Discourse analysis"", ""Utterance assessment""],
      ""contribution"": ""Comparative analysis of communication modes with systematic restriction variations""
    },
    {
      ""method_domain"": ""Computational Linguistics"",
      ""techniques"": [""Speech communication analysis"", ""Verbosity measurement"", ""Disfluency assessment"", ""Common ground indices""],
      ""contribution"": ""Quantitative discourse structure analysis in HCI context""
    }
  ],
  ""application_contexts"": [
    {
      ""sector"": ""Human-Computer Interface Design"",
      ""potential_impact"": ""Improved adaptive interface design for better user performance and communication efficiency"",
      ""implementation_scale"": ""Individual""
    },
    {
      ""sector"": ""Intelligent Tutoring Systems"",
      ""potential_impact"": ""Enhanced educational technology through optimized human-computer communication patterns"",
      ""implementation_scale"": ""Organizational""
    },
    {
      ""sector"": ""Assistive Technology"",
      ""potential_impact"": ""Better communication interfaces for users with disabilities or special needs"",
      ""implementation_scale"": ""Societal""
    }
  ],
  ""industry_mapping"": [
    {
      ""industry_sector"": ""Information Systems"",
      ""relation_type"": ""Direct"",
      ""confidence"": ""High"",
      ""evidence_basis"": ""Direct study of human-computer communication and interface design""
    },
    {
      ""industry_sector"": ""Education Technology"",
      ""relation_type"": ""Indirect"",
      ""confidence"": ""Medium"",
      ""evidence_basis"": ""Problem-solving context and adaptive interfaces relevant to educational applications""
    },
    {
      ""industry_sector"": ""Software Development"",
      ""relation_type"": ""Indirect"",
      ""confidence"": ""Medium"",
      ""evidence_basis"": ""Interface design principles applicable to software user experience""
    }
  ],
  ""interdisciplinary_assessment"": {
    ""cross_disciplinary_score"": ""High"",
    ""bridging_domains"": [""Computer Science"", ""Psychology"", ""Linguistics""],
    ""integration_level"": ""Methodological""
  },
  ""emerging_field_indicators"": {
    ""novelty_rating"": ""Medium"",
    ""trend_association"": ""Early adaptive interfaces research, precursor to conversational AI and intelligent systems"",
    ""future_trajectory"": ""Foundational work for modern voice interfaces, chatbots, and adaptive user experiences""
  },
  ""quality_metrics"": {
    ""analysis_confidence"": ""High"",
    ""ambiguity_level"": ""Low"",
    ""validation_suggestions"": ""Additional context about specific application domains would strengthen industry mapping""
  }
}
```"
The perceived utility of human and automated aids in a visual detection task,"Dzindolet, M. T.; Pierce, L. G.; Beck, H. P.; Dawe, L. A.",Human Factors,2002.0,44,1,79-94,10.1518/0018720024494856,"Although increases in the use of automation have occurred across society, research has found that human operators often underutilize (disuse) and overly rely on (misuse) automated aids (R. Parasuraman & V. Riley, 1997). Nearly 275 Cameron University students participated in I of 3 experiments performed to examine the effects of perceived utility (M. T Dzindolet, H. P. Beck, L. G. Pierce, & L. A. Dawe, 2001) on automation use in a visual detection task and to compare reliance on automated aids with reliance on humans. Results revealed a bias for human operators to rely on themselves. Although self-report data indicate a bias toward automated aids over human aids, performance data revealed that participants were more likely to disuse automated aids than to disuse human aids. This discrepancy was accounted for by assuming human operators have a ""perfect automation"" schema. Actual or potential applications of this research include the design of future automated decision aids and training procedures for operators relying on such aids.",self-confidence; systems; trust; design; misuse; disuse; Behavioral Sciences; Engineering; Psychology,ok,0.9999,"[{'domain': 'Human Factors Psychology', 'category': 'Core', 'confidence': 'High', 'evidence_basis': 'Focus on human-automation interaction, trust, and decision-making in visual detection tasks', 'standard_classification': 'ACM CCS: H.1.2 User/Machine Systems; UNESCO: 6106.08 Psicología del Trabajo'}, {'domain': 'Human-Computer Interaction', 'category': 'Core', 'confidence': 'High', 'evidence_basis': 'Examination of automation use, reliance patterns, and aid design in human-machine systems', 'standard_classification': 'ACM CCS: H.5.2 User Interfaces; UNESCO: 3304.06 Diseño de Sistemas'}, {'domain': 'Cognitive Engineering', 'category': 'Secondary', 'confidence': 'Medium', 'evidence_basis': 'Study of human performance with automated decision aids and perfect automation schema concept', 'standard_classification': 'ACM CCS: H.1.2 User/Machine Systems; UNESCO: 3304.04 Ingeniería de Sistemas'}]","{'macro_level': 'Social Sciences & Engineering', 'meso_level': 'Psychology & Human Factors Engineering', 'micro_level': 'Human-Automation Interaction & Trust in Automated Systems'}","[{'method_domain': 'Experimental Psychology', 'techniques': ['Controlled laboratory experiments', 'Visual detection tasks', 'Performance metrics analysis', 'Self-report measures'], 'contribution': 'Comparative analysis of human vs. automated aid reliance using both behavioral and self-report data'}, {'method_domain': 'Human Factors Research', 'techniques': ['User studies', 'Reliance pattern analysis', 'Utility perception assessment'], 'contribution': 'Investigation of disuse/misuse phenomena in human-automation interaction'}]","[{'sector': 'Decision Support Systems', 'potential_impact': 'Improved design of automated aids and operator training procedures', 'implementation_scale': 'Organizational'}, {'sector': 'Human-Machine Systems', 'potential_impact': 'Enhanced human performance and reduced automation-related errors', 'implementation_scale': 'Individual'}]","[{'industry_sector': 'Aviation', 'relation_type': 'Indirect', 'confidence': 'High', 'evidence_basis': 'Visual detection tasks and automation reliance are critical in aviation systems (cockpit automation, air traffic control)'}, {'industry_sector': 'Military/Defense', 'relation_type': 'Indirect', 'confidence': 'High', 'evidence_basis': 'Command and control systems, surveillance, and target detection applications'}, {'industry_sector': 'Manufacturing', 'relation_type': 'Indirect', 'confidence': 'Medium', 'evidence_basis': 'Quality control systems and automated inspection processes'}, {'industry_sector': 'Healthcare', 'relation_type': 'Indirect', 'confidence': 'Medium', 'evidence_basis': 'Medical diagnostic systems and clinical decision support tools'}]","{'cross_disciplinary_score': 'High', 'bridging_domains': ['Psychology', 'Engineering', 'Computer Science'], 'integration_level': 'Theoretical and Applied'}","{'novelty_rating': 'Medium', 'trend_association': 'Human-AI collaboration, trust calibration, automated decision support', 'future_trajectory': 'Increasing relevance with AI/ML system proliferation and human-AI teaming applications'}","{'analysis_confidence': 'High', 'ambiguity_level': 'Low', 'validation_suggestions': 'Full text review would provide additional methodological details and specific application contexts'}","```json
{
  ""primary_domains"": [
    {
      ""domain"": ""Human Factors Psychology"",
      ""category"": ""Core"",
      ""confidence"": ""High"",
      ""evidence_basis"": ""Focus on human-automation interaction, trust, and decision-making in visual detection tasks"",
      ""standard_classification"": ""ACM CCS: H.1.2 User/Machine Systems; UNESCO: 6106.08 Psicología del Trabajo""
    },
    {
      ""domain"": ""Human-Computer Interaction"",
      ""category"": ""Core"",
      ""confidence"": ""High"",
      ""evidence_basis"": ""Examination of automation use, reliance patterns, and aid design in human-machine systems"",
      ""standard_classification"": ""ACM CCS: H.5.2 User Interfaces; UNESCO: 3304.06 Diseño de Sistemas""
    },
    {
      ""domain"": ""Cognitive Engineering"",
      ""category"": ""Secondary"",
      ""confidence"": ""Medium"",
      ""evidence_basis"": ""Study of human performance with automated decision aids and perfect automation schema concept"",
      ""standard_classification"": ""ACM CCS: H.1.2 User/Machine Systems; UNESCO: 3304.04 Ingeniería de Sistemas""
    }
  ],
  ""hierarchical_mapping"": {
    ""macro_level"": ""Social Sciences & Engineering"",
    ""meso_level"": ""Psychology & Human Factors Engineering"",
    ""micro_level"": ""Human-Automation Interaction & Trust in Automated Systems""
  },
  ""methodological_approaches"": [
    {
      ""method_domain"": ""Experimental Psychology"",
      ""techniques"": [""Controlled laboratory experiments"", ""Visual detection tasks"", ""Performance metrics analysis"", ""Self-report measures""],
      ""contribution"": ""Comparative analysis of human vs. automated aid reliance using both behavioral and self-report data""
    },
    {
      ""method_domain"": ""Human Factors Research"",
      ""techniques"": [""User studies"", ""Reliance pattern analysis"", ""Utility perception assessment""],
      ""contribution"": ""Investigation of disuse/misuse phenomena in human-automation interaction""
    }
  ],
  ""application_contexts"": [
    {
      ""sector"": ""Decision Support Systems"",
      ""potential_impact"": ""Improved design of automated aids and operator training procedures"",
      ""implementation_scale"": ""Organizational""
    },
    {
      ""sector"": ""Human-Machine Systems"",
      ""potential_impact"": ""Enhanced human performance and reduced automation-related errors"",
      ""implementation_scale"": ""Individual""
    }
  ],
  ""industry_mapping"": [
    {
      ""industry_sector"": ""Aviation"",
      ""relation_type"": ""Indirect"",
      ""confidence"": ""High"",
      ""evidence_basis"": ""Visual detection tasks and automation reliance are critical in aviation systems (cockpit automation, air traffic control)""
    },
    {
      ""industry_sector"": ""Military/Defense"",
      ""relation_type"": ""Indirect"",
      ""confidence"": ""High"",
      ""evidence_basis"": ""Command and control systems, surveillance, and target detection applications""
    },
    {
      ""industry_sector"": ""Manufacturing"",
      ""relation_type"": ""Indirect"",
      ""confidence"": ""Medium"",
      ""evidence_basis"": ""Quality control systems and automated inspection processes""
    },
    {
      ""industry_sector"": ""Healthcare"",
      ""relation_type"": ""Indirect"",
      ""confidence"": ""Medium"",
      ""evidence_basis"": ""Medical diagnostic systems and clinical decision support tools""
    }
  ],
  ""interdisciplinary_assessment"": {
    ""cross_disciplinary_score"": ""High"",
    ""bridging_domains"": [""Psychology"", ""Engineering"", ""Computer Science""],
    ""integration_level"": ""Theoretical and Applied""
  },
  ""emerging_field_indicators"": {
    ""novelty_rating"": ""Medium"",
    ""trend_association"": ""Human-AI collaboration, trust calibration, automated decision support"",
    ""future_trajectory"": ""Increasing relevance with AI/ML system proliferation and human-AI teaming applications""
  },
  ""quality_metrics"": {
    ""analysis_confidence"": ""High"",
    ""ambiguity_level"": ""Low"",
    ""validation_suggestions"": ""Full text review would provide additional methodological details and specific application contexts""
  }
}
```"
The scope and importance of human interruption in human-computer interaction design,"McFarlane, D. C.; Latorella, K. A.",Human-Computer Interaction,2002.0,17,1,1-61,10.1207/s15327051hci1701_1,"At first glance it seems absurd that busy people doing important jobs should want their computers to interrupt them. Interruptions are disruptive and people need to concentrate to make good decisions. However, successful job performance also frequently depends on people's abilities to (a) constantly monitor their dynamically changing information environments, (b) collaborate and communicate. with other people in the system, and (c) supervise background autonomous services. These critical abilities can require people to simultaneously query a large set of information sources, continuously monitor for important events, and respond to and communicate with other human operators. Automated monitoring and alerting systems minimize the need to constantly monitor, but they induce alerts that may interrupt other activities. Such interrupting technologies are already widespread and include concurrent multitasking; mixed-initiative interaction; support for delegation and supervisory control of automation, including intelligent agents; and other distributed, background services and technologies that increase human-human communication. People do not perform sustained, simultaneous, multichannel sampling well; however, they have great capacity to manage concurrent activities when given specific kinds of interface support. Literature from many domains shows deleterious consequences of human performance in interrupt-laden situations when interfaces do not support this aspect of the task environment. This article identifies why human interruption is an important human-computer interaction problem, and why it will continue to grow in ubiquity and importance. We provide examples of this problem in real-world systems, and we review theoretical tools for understanding human interruption. Based on interdisciplinary scientific results, we suggest potential approaches to user-interface design to help people effectively manage interruptions.",attention; behavior; model; communication; achievement; management; work; Computer Science,ok,0.9998,"[{'domain': 'Human-Computer Interaction', 'category': 'Core', 'confidence': 'High', 'evidence_basis': 'Explicit focus on HCI design, interface support, and human interaction with computing systems', 'standard_classification': 'CCS.H.5.2 User Interfaces; H.1.2 User/Machine Systems'}, {'domain': 'Cognitive Psychology', 'category': 'Core', 'confidence': 'High', 'evidence_basis': 'Focus on attention, interruption effects, human performance, and cognitive capabilities in multitasking environments', 'standard_classification': 'APA Classification: 2340 Cognitive Processes; UNESCO: 6106.04 Psicología del Trabajo'}, {'domain': 'Human Factors Engineering', 'category': 'Secondary', 'confidence': 'Medium', 'evidence_basis': 'Emphasis on task environment support, supervisory control, and human performance in complex systems', 'standard_classification': 'CCS.H.1.2 User/Machine Systems; UNESCO: 3306.09 Ergonomía'}]","{'macro_level': 'Engineering & Technology', 'meso_level': 'Computer Science', 'micro_level': 'Human-Computer Interaction with focus on Interruption Management'}","[{'method_domain': 'Theoretical Modeling', 'techniques': ['Literature Review', 'Theoretical Framework Development', 'Interdisciplinary Synthesis'], 'contribution': 'Integration of theories from multiple domains to understand interruption phenomena'}, {'method_domain': 'Design Science', 'techniques': ['Interface Design Principles', 'User-Centered Design', 'System Evaluation'], 'contribution': 'Development of design approaches for interruption management in HCI'}]","[{'sector': 'Decision Support Systems', 'potential_impact': 'Improved human performance in interrupt-laden decision-making environments', 'implementation_scale': 'Organizational'}, {'sector': 'Supervisory Control Systems', 'potential_impact': 'Enhanced human supervision of autonomous services and background processes', 'implementation_scale': 'Organizational'}, {'sector': 'Collaborative Work Environments', 'potential_impact': 'Better support for human-human communication and coordination in complex systems', 'implementation_scale': 'Organizational'}]","[{'industry_sector': 'Information Systems', 'relation_type': 'Direct', 'confidence': 'High', 'evidence_basis': 'Focus on human-computer interaction design and interface support systems'}, {'industry_sector': 'Aviation', 'relation_type': 'Indirect', 'confidence': 'Medium', 'evidence_basis': 'Mention of supervisory control and complex decision-making environments typical in aviation'}, {'industry_sector': 'Military/Defense', 'relation_type': 'Indirect', 'confidence': 'Medium', 'evidence_basis': 'Reference to complex monitoring systems and human operator performance in critical systems'}, {'industry_sector': 'Healthcare', 'relation_type': 'Indirect', 'confidence': 'Medium', 'evidence_basis': 'Monitoring and alerting systems mentioned are applicable to clinical environments'}]","{'cross_disciplinary_score': 'High', 'bridging_domains': ['Computer Science', 'Psychology', 'Human Factors Engineering'], 'integration_level': 'Theoretical and Applied'}","{'novelty_rating': 'Medium', 'trend_association': 'Human-AI interaction, attention-aware computing, intelligent interruption management', 'future_trajectory': 'Growing importance with increasing automation, AI systems, and complex information environments requiring sophisticated interruption handling'}","{'analysis_confidence': 'High', 'ambiguity_level': 'Low', 'validation_suggestions': 'Full text review would provide additional methodological details and specific application examples'}","```json
{
  ""primary_domains"": [
    {
      ""domain"": ""Human-Computer Interaction"",
      ""category"": ""Core"",
      ""confidence"": ""High"",
      ""evidence_basis"": ""Explicit focus on HCI design, interface support, and human interaction with computing systems"",
      ""standard_classification"": ""CCS.H.5.2 User Interfaces; H.1.2 User/Machine Systems""
    },
    {
      ""domain"": ""Cognitive Psychology"",
      ""category"": ""Core"",
      ""confidence"": ""High"",
      ""evidence_basis"": ""Focus on attention, interruption effects, human performance, and cognitive capabilities in multitasking environments"",
      ""standard_classification"": ""APA Classification: 2340 Cognitive Processes; UNESCO: 6106.04 Psicología del Trabajo""
    },
    {
      ""domain"": ""Human Factors Engineering"",
      ""category"": ""Secondary"",
      ""confidence"": ""Medium"",
      ""evidence_basis"": ""Emphasis on task environment support, supervisory control, and human performance in complex systems"",
      ""standard_classification"": ""CCS.H.1.2 User/Machine Systems; UNESCO: 3306.09 Ergonomía""
    }
  ],
  ""hierarchical_mapping"": {
    ""macro_level"": ""Engineering & Technology"",
    ""meso_level"": ""Computer Science"",
    ""micro_level"": ""Human-Computer Interaction with focus on Interruption Management""
  },
  ""methodological_approaches"": [
    {
      ""method_domain"": ""Theoretical Modeling"",
      ""techniques"": [""Literature Review"", ""Theoretical Framework Development"", ""Interdisciplinary Synthesis""],
      ""contribution"": ""Integration of theories from multiple domains to understand interruption phenomena""
    },
    {
      ""method_domain"": ""Design Science"",
      ""techniques"": [""Interface Design Principles"", ""User-Centered Design"", ""System Evaluation""],
      ""contribution"": ""Development of design approaches for interruption management in HCI""
    }
  ],
  ""application_contexts"": [
    {
      ""sector"": ""Decision Support Systems"",
      ""potential_impact"": ""Improved human performance in interrupt-laden decision-making environments"",
      ""implementation_scale"": ""Organizational""
    },
    {
      ""sector"": ""Supervisory Control Systems"",
      ""potential_impact"": ""Enhanced human supervision of autonomous services and background processes"",
      ""implementation_scale"": ""Organizational""
    },
    {
      ""sector"": ""Collaborative Work Environments"",
      ""potential_impact"": ""Better support for human-human communication and coordination in complex systems"",
      ""implementation_scale"": ""Organizational""
    }
  ],
  ""industry_mapping"": [
    {
      ""industry_sector"": ""Information Systems"",
      ""relation_type"": ""Direct"",
      ""confidence"": ""High"",
      ""evidence_basis"": ""Focus on human-computer interaction design and interface support systems""
    },
    {
      ""industry_sector"": ""Aviation"",
      ""relation_type"": ""Indirect"",
      ""confidence"": ""Medium"",
      ""evidence_basis"": ""Mention of supervisory control and complex decision-making environments typical in aviation""
    },
    {
      ""industry_sector"": ""Military/Defense"",
      ""relation_type"": ""Indirect"",
      ""confidence"": ""Medium"",
      ""evidence_basis"": ""Reference to complex monitoring systems and human operator performance in critical systems""
    },
    {
      ""industry_sector"": ""Healthcare"",
      ""relation_type"": ""Indirect"",
      ""confidence"": ""Medium"",
      ""evidence_basis"": ""Monitoring and alerting systems mentioned are applicable to clinical environments""
    }
  ],
  ""interdisciplinary_assessment"": {
    ""cross_disciplinary_score"": ""High"",
    ""bridging_domains"": [""Computer Science"", ""Psychology"", ""Human Factors Engineering""],
    ""integration_level"": ""Theoretical and Applied""
  },
  ""emerging_field_indicators"": {
    ""novelty_rating"": ""Medium"",
    ""trend_association"": ""Human-AI interaction, attention-aware computing, intelligent interruption management"",
    ""future_trajectory"": ""Growing importance with increasing automation, AI systems, and complex information environments requiring sophisticated interruption handling""
  },
  ""quality_metrics"": {
    ""analysis_confidence"": ""High"",
    ""ambiguity_level"": ""Low"",
    ""validation_suggestions"": ""Full text review would provide additional methodological details and specific application examples""
  }
}
```"
Human interaction with levels of automation and decision-aid fidelity in the supervisory control of multiple simulated unmanned air vehicles,"Ruff, H. A.; Narayanan, S.; Draper, M. H.",Presence: Teleoperators and Virtual Environments,2002.0,11,4,335-351,10.1162/105474602760204264,"The human interaction with levels of automation and decision-aid fidelity in the supervisory control of multiple simulated unmanned air vehicles was discussed. It was found that the automation level interacted with the other factors for subjective measures of workload, situation awareness and trust. The implications of remotely operated vehicles (ROV) interface design were also elaborated.",Decision making; Error analysis; Human computer interaction; Interfaces (computer); Remotely operated vehicles; Decision-aid fidelity; Computer control,ok,0.9997,"[{'domain': 'Human-Computer Interaction', 'category': 'Core', 'confidence': 'High', 'evidence_basis': 'Explicit mention in keywords and abstract focus on human interaction with automation and interfaces', 'standard_classification': 'ACM CCS: H.5.2 User Interfaces; UNESCO: 1203.04 Interacción Persona-Ordenador'}, {'domain': 'Cognitive Engineering', 'category': 'Core', 'confidence': 'High', 'evidence_basis': 'Focus on workload, situation awareness, trust, and decision-making in complex systems', 'standard_classification': 'ACM CCS: H.1.2 User/Machine Systems; UNESCO: 1203.14 Ergonomía Cognitiva'}, {'domain': 'Automation and Control Systems', 'category': 'Secondary', 'confidence': 'Medium', 'evidence_basis': 'Supervisory control of multiple unmanned vehicles and levels of automation', 'standard_classification': 'ACM CCS: H.5.m Miscellaneous; UNESCO: 3306.05 Control Automático'}]","{'macro_level': 'Engineering & Technology', 'meso_level': 'Computer Science and Human Factors Engineering', 'micro_level': 'Supervisory Control of Autonomous Systems'}","[{'method_domain': 'Human Factors Experimentation', 'techniques': ['Controlled experiments', 'Subjective measures (workload, SA, trust)', 'Performance metrics'], 'contribution': 'Experimental investigation of automation level interactions with decision-aid fidelity'}, {'method_domain': 'Simulation-based Research', 'techniques': ['Multiple UAV simulation', 'Interface prototyping', 'Scenario-based testing'], 'contribution': 'Use of simulated environments for studying complex human-automation interaction'}]","[{'sector': 'Unmanned Systems Operations', 'potential_impact': 'Improved interface design for supervisory control of multiple autonomous vehicles', 'implementation_scale': 'Organizational'}, {'sector': 'Human-Automation Interaction', 'potential_impact': 'Enhanced understanding of automation trust and situation awareness in complex systems', 'implementation_scale': 'Cross-sector'}, {'sector': 'Decision Support Systems', 'potential_impact': 'Optimization of decision-aid fidelity for improved human performance', 'implementation_scale': 'Organizational'}]","[{'industry_sector': 'Aviation', 'relation_type': 'Direct', 'confidence': 'High', 'evidence_basis': 'Explicit focus on unmanned air vehicles and ROV interface design'}, {'industry_sector': 'Military/Defense', 'relation_type': 'Direct', 'confidence': 'High', 'evidence_basis': 'Multiple UAV supervisory control has primary military/defense applications'}, {'industry_sector': 'Robotics', 'relation_type': 'Direct', 'confidence': 'Medium', 'evidence_basis': 'Remotely operated vehicles and autonomous systems control'}, {'industry_sector': 'Information Systems', 'relation_type': 'Indirect', 'confidence': 'Medium', 'evidence_basis': 'Human-computer interaction and interface design applications'}]","{'cross_disciplinary_score': 'High', 'bridging_domains': ['Psychology', 'Computer Science', 'Engineering'], 'integration_level': 'Methodological and Applied'}","{'novelty_rating': 'Medium', 'trend_association': 'Human-AI collaboration, Multi-agent systems, Autonomous systems supervision', 'future_trajectory': 'Increasing relevance with growth in autonomous systems and human-AI teaming applications'}","{'analysis_confidence': 'High', 'ambiguity_level': 'Low', 'validation_suggestions': 'Full paper text would provide additional methodological details and specific application contexts'}","```json
{
  ""primary_domains"": [
    {
      ""domain"": ""Human-Computer Interaction"",
      ""category"": ""Core"",
      ""confidence"": ""High"",
      ""evidence_basis"": ""Explicit mention in keywords and abstract focus on human interaction with automation and interfaces"",
      ""standard_classification"": ""ACM CCS: H.5.2 User Interfaces; UNESCO: 1203.04 Interacción Persona-Ordenador""
    },
    {
      ""domain"": ""Cognitive Engineering"",
      ""category"": ""Core"",
      ""confidence"": ""High"",
      ""evidence_basis"": ""Focus on workload, situation awareness, trust, and decision-making in complex systems"",
      ""standard_classification"": ""ACM CCS: H.1.2 User/Machine Systems; UNESCO: 1203.14 Ergonomía Cognitiva""
    },
    {
      ""domain"": ""Automation and Control Systems"",
      ""category"": ""Secondary"",
      ""confidence"": ""Medium"",
      ""evidence_basis"": ""Supervisory control of multiple unmanned vehicles and levels of automation"",
      ""standard_classification"": ""ACM CCS: H.5.m Miscellaneous; UNESCO: 3306.05 Control Automático""
    }
  ],
  ""hierarchical_mapping"": {
    ""macro_level"": ""Engineering & Technology"",
    ""meso_level"": ""Computer Science and Human Factors Engineering"",
    ""micro_level"": ""Supervisory Control of Autonomous Systems""
  },
  ""methodological_approaches"": [
    {
      ""method_domain"": ""Human Factors Experimentation"",
      ""techniques"": [""Controlled experiments"", ""Subjective measures (workload, SA, trust)"", ""Performance metrics""],
      ""contribution"": ""Experimental investigation of automation level interactions with decision-aid fidelity""
    },
    {
      ""method_domain"": ""Simulation-based Research"",
      ""techniques"": [""Multiple UAV simulation"", ""Interface prototyping"", ""Scenario-based testing""],
      ""contribution"": ""Use of simulated environments for studying complex human-automation interaction""
    }
  ],
  ""application_contexts"": [
    {
      ""sector"": ""Unmanned Systems Operations"",
      ""potential_impact"": ""Improved interface design for supervisory control of multiple autonomous vehicles"",
      ""implementation_scale"": ""Organizational""
    },
    {
      ""sector"": ""Human-Automation Interaction"",
      ""potential_impact"": ""Enhanced understanding of automation trust and situation awareness in complex systems"",
      ""implementation_scale"": ""Cross-sector""
    },
    {
      ""sector"": ""Decision Support Systems"",
      ""potential_impact"": ""Optimization of decision-aid fidelity for improved human performance"",
      ""implementation_scale"": ""Organizational""
    }
  ],
  ""industry_mapping"": [
    {
      ""industry_sector"": ""Aviation"",
      ""relation_type"": ""Direct"",
      ""confidence"": ""High"",
      ""evidence_basis"": ""Explicit focus on unmanned air vehicles and ROV interface design""
    },
    {
      ""industry_sector"": ""Military/Defense"",
      ""relation_type"": ""Direct"",
      ""confidence"": ""High"",
      ""evidence_basis"": ""Multiple UAV supervisory control has primary military/defense applications""
    },
    {
      ""industry_sector"": ""Robotics"",
      ""relation_type"": ""Direct"",
      ""confidence"": ""Medium"",
      ""evidence_basis"": ""Remotely operated vehicles and autonomous systems control""
    },
    {
      ""industry_sector"": ""Information Systems"",
      ""relation_type"": ""Indirect"",
      ""confidence"": ""Medium"",
      ""evidence_basis"": ""Human-computer interaction and interface design applications""
    }
  ],
  ""interdisciplinary_assessment"": {
    ""cross_disciplinary_score"": ""High"",
    ""bridging_domains"": [""Psychology"", ""Computer Science"", ""Engineering""],
    ""integration_level"": ""Methodological and Applied""
  },
  ""emerging_field_indicators"": {
    ""novelty_rating"": ""Medium"",
    ""trend_association"": ""Human-AI collaboration, Multi-agent systems, Autonomous systems supervision"",
    ""future_trajectory"": ""Increasing relevance with growth in autonomous systems and human-AI teaming applications""
  },
  ""quality_metrics"": {
    ""analysis_confidence"": ""High"",
    ""ambiguity_level"": ""Low"",
    ""validation_suggestions"": ""Full paper text would provide additional methodological details and specific application contexts""
  }
}
```"
Herbert Simon. Artificial intelligence as a framework for understanding intuition,"Frantz, R.",Journal of Economic Psychology,2003.0,24,2,265-277,10.1016/s0167-4870(02)00207-6,"Herbert Simon made overlapping substantive contributions to the fields of economics, psychology, cognitive science, artificial intelligence, decision theory, and organization theory. Simon's work was motivated by the belief that neither the human mind, human thinking and decision making, nor human creativity need be mysterious. It was after he helped create ""thinking"" machines that Simon came to understand human intuition as subconscious pattern recognition. In doing so he showed that intuition need not be associated with magic and mysticism, and that it is complementary with analytical thinking. This paper will show how the overlaps in his work and especially his work on AI-affected his view towards intuition. (C) 2003 Elsevier Science B.V. All rights reserved.",Herbert Simon; intuition; artificial intelligence; bounded rationality; economics and psychology; psychology; Business & Economics; Psychology,ok,0.9997,"[{'domain': 'Cognitive Science', 'category': 'Core', 'confidence': 'High', 'evidence_basis': 'Focus on understanding human intuition, thinking, decision making, and creativity as pattern recognition mechanisms', 'standard_classification': 'UNESCO 61 Psychology (specifically 6106 Cognitive Psychology)'}, {'domain': 'Artificial Intelligence', 'category': 'Core', 'confidence': 'High', 'evidence_basis': ""Explicit mention of AI as framework for understanding intuition and reference to 'thinking machines'"", 'standard_classification': 'ACM CCS I.2 Artificial Intelligence'}, {'domain': 'Behavioral Economics', 'category': 'Secondary', 'confidence': 'Medium', 'evidence_basis': 'Mention of bounded rationality, economics and psychology overlap, and decision theory', 'standard_classification': 'UNESCO 53 Economic Sciences (5302 Economic Theory)'}]","{'macro_level': 'Social Sciences & Engineering', 'meso_level': 'Cognitive Science & Artificial Intelligence', 'micro_level': 'Computational Models of Human Intuition and Decision Making'}","[{'method_domain': 'Computational Modeling', 'techniques': ['Pattern Recognition', 'Cognitive Architecture Modeling', 'Simulation of Thinking Processes'], 'contribution': 'Framework for understanding human intuition as subconscious pattern recognition through AI systems'}, {'method_domain': 'Interdisciplinary Theory Integration', 'techniques': ['Conceptual Synthesis', 'Cross-domain Theory Bridging', 'Comparative Analysis'], 'contribution': 'Integration of insights from multiple disciplines to demystify human cognitive processes'}]","[{'sector': 'Decision Support Systems', 'potential_impact': 'Improved understanding of human decision processes for better system design', 'implementation_scale': 'Organizational'}, {'sector': 'Human-Computer Interaction', 'potential_impact': 'Enhanced interface design based on understanding of human intuition patterns', 'implementation_scale': 'Individual'}, {'sector': 'Management Science', 'potential_impact': 'Better organizational decision-making processes through understanding intuition-analytics complementarity', 'implementation_scale': 'Organizational'}]","[{'industry_sector': 'Information Systems', 'relation_type': 'Direct', 'confidence': 'High', 'evidence_basis': 'AI systems and computational thinking machines directly referenced'}, {'industry_sector': 'Finance', 'relation_type': 'Indirect', 'confidence': 'Medium', 'evidence_basis': 'Decision theory and bounded rationality applications in economic contexts'}, {'industry_sector': 'Education', 'relation_type': 'Indirect', 'confidence': 'Medium', 'evidence_basis': 'Understanding human learning and thinking processes has educational implications'}]","{'cross_disciplinary_score': 'High', 'bridging_domains': ['Psychology', 'Computer Science', 'Economics', 'Management Science'], 'integration_level': 'Theoretical and Methodological'}","{'novelty_rating': 'Medium', 'trend_association': 'Cognitive AI, Explainable AI, Behavioral Economics, Decision Neuroscience', 'future_trajectory': 'Continued integration of cognitive science and AI for understanding human intelligence'}","{'analysis_confidence': 'High', 'ambiguity_level': 'Low', 'validation_suggestions': 'Full paper text would provide additional methodological details and application examples'}","```json
{
  ""primary_domains"": [
    {
      ""domain"": ""Cognitive Science"",
      ""category"": ""Core"",
      ""confidence"": ""High"",
      ""evidence_basis"": ""Focus on understanding human intuition, thinking, decision making, and creativity as pattern recognition mechanisms"",
      ""standard_classification"": ""UNESCO 61 Psychology (specifically 6106 Cognitive Psychology)""
    },
    {
      ""domain"": ""Artificial Intelligence"",
      ""category"": ""Core"",
      ""confidence"": ""High"",
      ""evidence_basis"": ""Explicit mention of AI as framework for understanding intuition and reference to 'thinking machines'"",
      ""standard_classification"": ""ACM CCS I.2 Artificial Intelligence""
    },
    {
      ""domain"": ""Behavioral Economics"",
      ""category"": ""Secondary"",
      ""confidence"": ""Medium"",
      ""evidence_basis"": ""Mention of bounded rationality, economics and psychology overlap, and decision theory"",
      ""standard_classification"": ""UNESCO 53 Economic Sciences (5302 Economic Theory)""
    }
  ],
  ""hierarchical_mapping"": {
    ""macro_level"": ""Social Sciences & Engineering"",
    ""meso_level"": ""Cognitive Science & Artificial Intelligence"",
    ""micro_level"": ""Computational Models of Human Intuition and Decision Making""
  },
  ""methodological_approaches"": [
    {
      ""method_domain"": ""Computational Modeling"",
      ""techniques"": [""Pattern Recognition"", ""Cognitive Architecture Modeling"", ""Simulation of Thinking Processes""],
      ""contribution"": ""Framework for understanding human intuition as subconscious pattern recognition through AI systems""
    },
    {
      ""method_domain"": ""Interdisciplinary Theory Integration"",
      ""techniques"": [""Conceptual Synthesis"", ""Cross-domain Theory Bridging"", ""Comparative Analysis""],
      ""contribution"": ""Integration of insights from multiple disciplines to demystify human cognitive processes""
    }
  ],
  ""application_contexts"": [
    {
      ""sector"": ""Decision Support Systems"",
      ""potential_impact"": ""Improved understanding of human decision processes for better system design"",
      ""implementation_scale"": ""Organizational""
    },
    {
      ""sector"": ""Human-Computer Interaction"",
      ""potential_impact"": ""Enhanced interface design based on understanding of human intuition patterns"",
      ""implementation_scale"": ""Individual""
    },
    {
      ""sector"": ""Management Science"",
      ""potential_impact"": ""Better organizational decision-making processes through understanding intuition-analytics complementarity"",
      ""implementation_scale"": ""Organizational""
    }
  ],
  ""industry_mapping"": [
    {
      ""industry_sector"": ""Information Systems"",
      ""relation_type"": ""Direct"",
      ""confidence"": ""High"",
      ""evidence_basis"": ""AI systems and computational thinking machines directly referenced""
    },
    {
      ""industry_sector"": ""Finance"",
      ""relation_type"": ""Indirect"",
      ""confidence"": ""Medium"",
      ""evidence_basis"": ""Decision theory and bounded rationality applications in economic contexts""
    },
    {
      ""industry_sector"": ""Education"",
      ""relation_type"": ""Indirect"",
      ""confidence"": ""Medium"",
      ""evidence_basis"": ""Understanding human learning and thinking processes has educational implications""
    }
  ],
  ""interdisciplinary_assessment"": {
    ""cross_disciplinary_score"": ""High"",
    ""bridging_domains"": [""Psychology"", ""Computer Science"", ""Economics"", ""Management Science""],
    ""integration_level"": ""Theoretical and Methodological""
  },
  ""emerging_field_indicators"": {
    ""novelty_rating"": ""Medium"",
    ""trend_association"": ""Cognitive AI, Explainable AI, Behavioral Economics, Decision Neuroscience"",
    ""future_trajectory"": ""Continued integration of cognitive science and AI for understanding human intelligence""
  },
  ""quality_metrics"": {
    ""analysis_confidence"": ""High"",
    ""ambiguity_level"": ""Low"",
    ""validation_suggestions"": ""Full paper text would provide additional methodological details and application examples""
  }
}
```"
The influence of task load and automation trust on deception detection,"Biros, D. P.; Daly, M.; Gunsch, G.",Group Decision and Negotiation,2004.0,13,2,173-189,10.1023/B:GRUP.0000021840.85686.57,"The purpose of this research was to investigate the effects that user task load level has on the relationship between an individual's trust in and subsequent use of a system's automation. Military decision-makers trust and use information system automation to make many tactical judgments and decisions. In situations of information uncertainty (information warfare environments), decision-makers must remain aware of information reliability issues and temperate their use of system automation if necessary. An individual's task load may have an effect on his use of a system's automation in environments of information uncertainty. It was hypothesized that user task load will have a moderating effect on the positive relationship between system automation trust and use of system automation. Specifically, in situations of information uncertainty (low trust), high task load will have a negative effect on the relationship. To test this hypothesis, an experiment in a simulated command and control micro-world was conducted in which system automation trust and individual task load were manipulated. The findings from the experiment support the positive relationship between automation trust and automation use found in previous research and suggest that task load does have a negative effect on the positive relationship between automation trust and automation use. Experiment participant who incurred a higher task load exhibited an over-reliance on their automated information systems to assist them in their decision-making activities. Such an over-reliance can lead to vulnerabilities of deception and suggests the need for automated deception detection capabilities.",,ok,0.9998,"[{'domain': 'Human-Computer Interaction', 'category': 'Core', 'confidence': 'High', 'evidence_basis': 'Focus on user trust, automation use, and decision-making with information systems', 'standard_classification': 'ACM CCS: H.5.m. Information interfaces and presentation (e.g., HCI): Miscellaneous'}, {'domain': 'Military Psychology', 'category': 'Core', 'confidence': 'High', 'evidence_basis': 'Study conducted with military decision-makers in command and control contexts', 'standard_classification': 'APA: Military Psychology; UNESCO: 6106.07 Psicología Militar'}, {'domain': 'Cognitive Engineering', 'category': 'Secondary', 'confidence': 'Medium', 'evidence_basis': 'Examination of task load effects on human-automation interaction and decision-making', 'standard_classification': 'ACM CCS: H.1.2 User/Machine Systems - Human factors'}]","{'macro_level': 'Social Sciences & Engineering', 'meso_level': 'Human Factors & Cognitive Engineering', 'micro_level': 'Automation Trust and Decision-Making in Military Contexts'}","[{'method_domain': 'Experimental Psychology', 'techniques': ['Controlled experiment', 'Task load manipulation', 'Trust manipulation', 'Simulated command and control micro-world'], 'contribution': 'Experimental validation of task load as moderating variable in trust-automation relationship'}, {'method_domain': 'Human Factors Research', 'techniques': ['Behavioral measurement', 'Decision-making analysis', 'System use quantification'], 'contribution': 'Applied experimental approach to real-world military decision scenarios'}]","[{'sector': 'Military Command and Control', 'potential_impact': 'Improved system design to prevent over-reliance and deception vulnerabilities', 'implementation_scale': 'Organizational'}, {'sector': 'Information Security', 'potential_impact': 'Development of automated deception detection capabilities', 'implementation_scale': 'Organizational'}, {'sector': 'Human-Automation Interaction', 'potential_impact': 'General principles for designing trustworthy automation systems under cognitive load', 'implementation_scale': 'Cross-sector'}]","[{'industry_sector': 'Military/Defense', 'relation_type': 'Direct', 'confidence': 'High', 'evidence_basis': 'Explicit mention of military decision-makers and command and control context'}, {'industry_sector': 'Information Systems', 'relation_type': 'Direct', 'confidence': 'High', 'evidence_basis': 'Focus on information system automation and deception detection capabilities'}, {'industry_sector': 'Cybersecurity', 'relation_type': 'Indirect', 'confidence': 'Medium', 'evidence_basis': 'Deception detection implications for information warfare environments'}]","{'cross_disciplinary_score': 'High', 'bridging_domains': ['Psychology', 'Computer Science', 'Military Science'], 'integration_level': 'Methodological and Applied'}","{'novelty_rating': 'Medium', 'trend_association': 'Human-AI collaboration, Trust in automation, Cognitive engineering', 'future_trajectory': 'Growing importance with increased automation in critical decision-making systems'}","{'analysis_confidence': 'High', 'ambiguity_level': 'Low', 'validation_suggestions': 'Additional keywords and full text would provide more precise methodological and disciplinary classification'}","```json
{
  ""primary_domains"": [
    {
      ""domain"": ""Human-Computer Interaction"",
      ""category"": ""Core"",
      ""confidence"": ""High"",
      ""evidence_basis"": ""Focus on user trust, automation use, and decision-making with information systems"",
      ""standard_classification"": ""ACM CCS: H.5.m. Information interfaces and presentation (e.g., HCI): Miscellaneous""
    },
    {
      ""domain"": ""Military Psychology"",
      ""category"": ""Core"",
      ""confidence"": ""High"",
      ""evidence_basis"": ""Study conducted with military decision-makers in command and control contexts"",
      ""standard_classification"": ""APA: Military Psychology; UNESCO: 6106.07 Psicología Militar""
    },
    {
      ""domain"": ""Cognitive Engineering"",
      ""category"": ""Secondary"",
      ""confidence"": ""Medium"",
      ""evidence_basis"": ""Examination of task load effects on human-automation interaction and decision-making"",
      ""standard_classification"": ""ACM CCS: H.1.2 User/Machine Systems - Human factors""
    }
  ],
  ""hierarchical_mapping"": {
    ""macro_level"": ""Social Sciences & Engineering"",
    ""meso_level"": ""Human Factors & Cognitive Engineering"",
    ""micro_level"": ""Automation Trust and Decision-Making in Military Contexts""
  },
  ""methodological_approaches"": [
    {
      ""method_domain"": ""Experimental Psychology"",
      ""techniques"": [""Controlled experiment"", ""Task load manipulation"", ""Trust manipulation"", ""Simulated command and control micro-world""],
      ""contribution"": ""Experimental validation of task load as moderating variable in trust-automation relationship""
    },
    {
      ""method_domain"": ""Human Factors Research"",
      ""techniques"": [""Behavioral measurement"", ""Decision-making analysis"", ""System use quantification""],
      ""contribution"": ""Applied experimental approach to real-world military decision scenarios""
    }
  ],
  ""application_contexts"": [
    {
      ""sector"": ""Military Command and Control"",
      ""potential_impact"": ""Improved system design to prevent over-reliance and deception vulnerabilities"",
      ""implementation_scale"": ""Organizational""
    },
    {
      ""sector"": ""Information Security"",
      ""potential_impact"": ""Development of automated deception detection capabilities"",
      ""implementation_scale"": ""Organizational""
    },
    {
      ""sector"": ""Human-Automation Interaction"",
      ""potential_impact"": ""General principles for designing trustworthy automation systems under cognitive load"",
      ""implementation_scale"": ""Cross-sector""
    }
  ],
  ""industry_mapping"": [
    {
      ""industry_sector"": ""Military/Defense"",
      ""relation_type"": ""Direct"",
      ""confidence"": ""High"",
      ""evidence_basis"": ""Explicit mention of military decision-makers and command and control context""
    },
    {
      ""industry_sector"": ""Information Systems"",
      ""relation_type"": ""Direct"",
      ""confidence"": ""High"",
      ""evidence_basis"": ""Focus on information system automation and deception detection capabilities""
    },
    {
      ""industry_sector"": ""Cybersecurity"",
      ""relation_type"": ""Indirect"",
      ""confidence"": ""Medium"",
      ""evidence_basis"": ""Deception detection implications for information warfare environments""
    }
  ],
  ""interdisciplinary_assessment"": {
    ""cross_disciplinary_score"": ""High"",
    ""bridging_domains"": [""Psychology"", ""Computer Science"", ""Military Science""],
    ""integration_level"": ""Methodological and Applied""
  },
  ""emerging_field_indicators"": {
    ""novelty_rating"": ""Medium"",
    ""trend_association"": ""Human-AI collaboration, Trust in automation, Cognitive engineering"",
    ""future_trajectory"": ""Growing importance with increased automation in critical decision-making systems""
  },
  ""quality_metrics"": {
    ""analysis_confidence"": ""High"",
    ""ambiguity_level"": ""Low"",
    ""validation_suggestions"": ""Additional keywords and full text would provide more precise methodological and disciplinary classification""
  }
}
```"
