Title,Authors,Journal,Year,Volume,Issue,Pages,DOI,Abstract,Keywords
Artificial Intelligence and Clinical Decision Making: The New Nature of Medical Uncertainty,"Harish, V.; Morgado, F.; Stern, A. D.; Das, S.",Acad Med,2021,96,1,31-36,10.1097/acm.0000000000003707,"Estimates in a 1989 study indicated that physicians in the United States were unable to reach a diagnosis that accounted for their patient's symptoms in up to 90% of outpatient patient encounters. Many proponents of artificial intelligence (AI) see the current process of moving from clinical data gathering to medical diagnosis as being limited by human analytic capability and expect AI to be a valuable tool to refine this process. The use of AI fundamentally calls into question the extent to which uncertainty in medical decision making is tolerated. Uncertainty is perceived by some as fundamentally undesirable and thus, for them, optimal decision making should be based on minimizing uncertainty. However, uncertainty cannot be reduced to zero; thus, relative uncertainty can be used as a metric to weigh the likelihood of various diagnoses being correct and the appropriateness of treatments. Here, the authors make the argument, using as examples the experiences of 2 AI systems, IBM Watson on Jeopardy and Watson for Oncology, that medical decision making based on relative uncertainty provides a better lens for understanding the application of AI to medicine than one that minimizes uncertainty. This approach to uncertainty has significant implications for how health care leaders consider the benefits and trade-offs of AI-assisted and AI-driven decision tools and ultimately integrate AI into medical practice.","Adult; Artificial Intelligence/*standards; Attitude to Computers; Clinical Decision-Making/*methods; *Decision Making, Computer-Assisted; Diagnosis, Computer-Assisted/*methods/*psychology; Female; Humans; Male; Middle Aged; Physicians/*psychology; *Uncertainty; United States"
WHEN AND HOW ARTIFICIAL INTELLIGENCE AUGMENTS EMPLOYEE CREATIVITY,"Jia, N.; Luo, X. M.; Fang, Z.; Liao, C. C.",Academy of Management Journal,2024,67,1,5-32,10.5465/amj.2022.0426,"Can artificial intelligence (AI) assist human employees in increasing employee creativity? Drawing on research on AI-human collaboration, job design, and employee creativity, we examine AI assistance in the form of a sequential division of labor within organizations: in a task, AI handles the initial portion, which is well-codified and repetitive, and employees focus on the subsequent portion, involving higher-level problem-solving. First, we provide causal evidence from a field experiment conducted at a telemarketing company. We find that AI assistance in generating sales leads, on average, increases employees' creativity in answering customers' questions during subsequent sales persuasion. Enhanced creativity leads to increased sales. However, this effect is much more pronounced for higher-skilled employees. Next, we conducted a qualitative study using semi-structured interviews with the employees. We found that AI assistance changes job design by intensifying employees' interactions with more serious customers. This change enables higher-skilled employees to generate innovative scripts and develop positive emotions at work, which are conducive to creativity. By contrast, with AI assistance, lower-skilled employees make limited improvements to scripts and experience negative emotions at work. We conclude that employees can achieve AI-augmented creativity, but this desirable outcome is skill-biased by favoring experts with greater job skills.",job complexity; decision-making; work; machine; time; ai; information; motivation; management; framework; Business & Economics
SUBSTITUTING HUMAN DECISION-MAKING WITH MACHINE LEARNING: IMPLICATIONS FOR ORGANIZATIONAL LEARNING,"Balasubramanian, N.; Ye, Y.; Xu, M. T.",Academy of Management Review,2022,47,3,448-465,10.5465/amr.2019.0470,"The richness of organizational learning relies on the ability of humans to develop diverse patterns of action by actively engaging with their environments and applying substantive rationality. The substitution of human decision-making with machine learning has the potential to alter this richness of organizational learning. Though machine learning is significantly faster and seemingly unconstrained by human cognitive limitations and inflexibility, it is not true sentient learning and relies on formal statistical analysis for decision-making. We propose that the distinct differences between human learning and machine learning risk decreasing the within-organizational diversity in organizational routines and the extent of causal, contextual, and general knowledge associated with routines. We theorize that these changes may affect organizational learning by exacerbating the myopia of learning, and highlight some important contingencies that may mute or amplify the risk of such myopia.",routines; environment; uncertainty; information; patterns; firm; Business & Economics
SafetyCube: Framework for potential pedestrian risk analysis using multi-dimensional OLAP,"Noh, B.; Yeo, H.",Accid Anal Prev,2021,155,,106104,10.1016/j.aap.2021.106104,"In the past decade, the number of road traffic accidents and fatalities has remained about the same level. One of strategies to protect vulnerable road users (VRUs) is to analyze the factors that cause traffic accident and then to deploy safety facilities. However, most traffic safety systems currently in operation rely on historical data, which is post-facto approach. Thus, it is necessary to prevent accident in advance and to respond in proactive manner before the accident. In this study, we propose a framework for potential pedestrian risk analysis using a multi-dimensional on-line analytical processing (OLAP), called SafetyCube, which enables decision-makers to understand the situations by scrutinizing interactive behaviors between vehicle and pedestrian. First, we collect the behavioral features of traffic-related objects (e.g., vehicles and pedestrians) extracted from closed circuit televisions (CCTVs) deployed on crosswalks throughout the overall urban, and accumulate them in a data warehouse over an extended period in order to construct a data cube model. Then, we conduct comprehensive analyses in multi-dimensional perspective using OLAP operations by varying the abstraction levels. Our analytical experiments are based on three scenarios, and the results show that the vehicle's movement patterns before entering the crosswalk, patterns of changes in speed of vehicles approaching to pedestrians, and so on. Through these results from the proposed analytical system, decision-makers can gain a better understanding of how the vehicles and pedestrians behave near the crosswalk by visualizing their interactions. Further, these insights would be reflected to improve the road environment safer. In order to validate the feasibility and applicability of the proposed system, we apply it to various crosswalks in Osan city, South Korea.","Accidents, Traffic/prevention & control; Humans; *Pedestrians; Republic of Korea; Risk Assessment; Safety; Walking; Data cube model; Intelligent transportation system; Multi-dimensional analysis; OLAP operations; Pedestrian safety; Potential traffic risk"
The effect of information from dash-based human-machine interfaces on drivers' gaze patterns and lane-change manoeuvres after conditionally automated driving,"Goncalves, R. C.; Louw, T. L.; Madigan, R.; Quaresma, M.; Romano, R.; Merat, N.",Accident Analysis and Prevention,2022,174,,12,10.1016/j.aap.2022.106726,"The goal of this paper was to measure the effect of Human-Machine Interface (HMI) information and guidance on drivers' gaze and takeover behaviour during transitions of control from automation. The motivation for this study came from a gap in the literature, where previous research reports improved performance of drivers' takeover based on HMI information, without considering its effect on drivers' visual attention distribution, and how drivers also use the information available in the environment to guide their response. This driving simulator study investigated drivers' lane-changing behaviour after resumption of control from automation. Different levels of information were provided on a dash-based HMI, prior to each lane change, to investigate how drivers distribute their attention between the surrounding environment and the HMI. The difficulty of the lane change was also manipulated by controlling the position of approaching vehicles in drivers' offside lane. Results indi-cated that drivers' decision-making time was sensitive to the presence of nearby vehicles in the offside lane, but not directly influenced by the information on the HMI. In terms of gaze behaviour, the closer the position of vehicles in the offside lane, the longer drivers looked in that direction. Drivers looked more at the HMI, and less towards the road centre, when the HMI presented information about automation status, and included an advisory message indicating it was safe to change lane. Machine learning techniques showed a strong relationship be-tween drivers' gaze to the information presented on the HMI, and decision-making time (DMT). These results contribute to our understanding of HMI design for automated vehicles, by demonstrating the attentional costs of an overly-informative HMI, and that drivers still rely on environmental information to perform a lane-change, even when the same information can be acquired by the HMI of the vehicle.","Vehicle automation; Gaze patterns; Transition of control; HMI design; Lane change; Eye-tracking; Decision-making time; visual-attention; eye-movements; behavior; model; loop; awareness; Engineering; Public, Environmental & Occupational Health; Social; Sciences - Other Topics; Transportation"
Modeling takeover behavior in level 3 automated driving via a structural equation model: Considering the mediating role of trust,"Jin, M.; Lu, G.; Chen, F.; Shi, X.; Tan, H.; Zhai, J.",Accident Analysis and Prevention,2021,157,,,10.1016/j.aap.2021.106156,"The takeover process in level 3 automated driving determines the controllability of the functions of automated vehicles and thereby traffic safety. In this study, we attempted to explain drivers’ takeover performance variation in a level 3 automated vehicle in consideration of the effects of trust, system characteristics, environmental characteristics, and driver characteristics with a structural equation model. The model was built by incorporating drivers’ takeover time and quality as endogenous variables. A theoretical framework of the model was hypothesized on the basis of the ACT-R cognitive architecture and relevant research results. The validity of the model was confirmed using data collected from 136 driving simulator samples under the condition of voluntary non-driving-related tasks. Results revealed that takeover time budget was the most critical factor in promoting the safety and stability of takeover process, which, together with traffic density, drivers’ age and manual driving experience, determined drivers’ takeover quality directly. In addition, the pre-existing experience with an automated system or a similar technology and self-confidence of the driver, as well as takeover time budget, strongly influenced the takeover time directly. Apart from the direct effects mentioned above, trust, as an intermediary variable, explained a major portion of the variance in takeover time. Theoretically, these findings suggest that takeover behavior could be comprehensively evaluated from the two dimensions of takeover time and quality through the combination of trust, driver characteristics, environmental characteristics, and vehicle characteristics. The influence mechanism of the above factors is complex and multidimensional. In addition to the form of direct influence, trust, as an intermediary variable, could reflect the internal mechanism of the takeover behavior variation. Practically, the findings emphasize the crucial role of trust in the change in takeover behavior through the dimensions of subjective trust level and monitoring strategy, which may provide new insights into the function design of takeover process. © 2021 Elsevier Ltd","Level 3 automation; Simulator experiment; Structural equation modeling; Takeover behavior variation; Trust; Accidents, Traffic; Automation; Automobile Driving; Humans; Man-Machine Systems; car driving; human; man machine interaction; prevention and control; traffic accident"
Impact of the connected vehicle environment on tunnel entrance zone,"Li, Z. L.; Xing, G. Y.; Zhao, X. H.; Li, H. J.",Accident Analysis and Prevention,2021,157,,14,10.1016/j.aap.2021.106145,"The drastic changes of the space environment at the tunnel entrance can lead to frequent accidents with higher levels. The connected vehicle environment provides drivers with surrounding traffic information and improve their driving behavior by helping them make safe decisions efficiently. As such, this study is to examine the effects of the connected vehicle environment on driving behavior and safety at the tunnel entrance zone. To this end, this research simulates a connected vehicle environment and provides driving aids through the HumanMachine Interface (HMI). Secondly, 40 participants with diverse backgrounds drove the simulator under two different driving conditions: HMI-OFF (traditional driving environment) and HMI-ON (connected vehicle environment). Finally, indicators are selected from speed control, stability and urgency to analyze the impact of the connected vehicle environment on drivers' behaviors and safety at the warning zone and tunnel entrance zone. The results show that in the connected vehicle environment, the drivers' speed control in the warning zone is improved and their deceleration behavior is advanced. The driver's speed control and stability are improved while the danger level of the accident is reduced 100 m ahead of the tunnel entrance. Besides, the driver's speed control and stability have been both improved 300 m after the tunnel entrance. Overall, in the connected vehicle environment, the driver can recognize the tunnel in advance and adjust his driving speed in time to ensure his safety at the tunnel entrance. The results of this study play a critical role in the design and research of warning systems in a connected vehicle environment, and will also guide vehicle manufacturers in designing safetyrelated functions of automated vehicles. In this research, a connected vehicle environment test platform based on driving simulation technology is constructed and tested in specific tunnel entrance scenarios, which provides a reference for realizing active protection of vehicles at the tunnel entrance.","Tunnel entrance zone; Connected vehicle environment; Safety; Driving; simulator; driving simulator; traffic accidents; assist system; driver; road; behavior; information; capture; times; Engineering; Public, Environmental & Occupational Health; Social; Sciences - Other Topics; Transportation"
A workload adaptive haptic shared control scheme for semi-autonomous driving,"Luo, R.; Weng, Y.; Wang, Y.; Jayakumar, P.; Brudnak, M. J.; Paul, V.; Desaraju, V. R.; Stein, J. L.; Ersal, T.; Yang, X. J.",Accident Analysis and Prevention,2021,152,,,10.1016/j.aap.2020.105968,"Haptic shared control is used to manage the control authority allocation between a human and an autonomous agent in semi-autonomous driving. Existing haptic shared control schemes, however, do not take full consideration of the human agent. To fill this research gap, this study presents a haptic shared control scheme that adapts to a human operator's workload, eyes on road and input torque in real time. We conducted human-in-the-loop experiments with 24 participants. In the experiment, a human operator and an autonomy module for navigation shared the control of a simulated notional High Mobility Multipurpose Wheeled Vehicle (HMMWV) at a fixed speed. At the same time, the human operator performed a target detection task. The autonomy could be either adaptive or non-adaptive to the above-mentioned human factors. Results indicate that the adaptive haptic control scheme resulted in significantly lower workload, higher trust in autonomy, better driving task performance and smaller control effort. © 2021 Elsevier Ltd","Accidents, Traffic; Adaptation, Physiological; Automobile Driving; Humans; Task Performance and Analysis; Workload; adaptation; car driving; human; task performance; traffic accident"
Design and evaluation of cooperative human-machine interface for changing lanes in conditional driving automation,"Muslim, H.; Leung, C. K.; Itoh, M.",Accident Analysis and Prevention,2022,174,,11,10.1016/j.aap.2022.106719,"This study analyzes the impact of cooperative human-machine interface designs on drivers' trust in and interaction with automated driving systems (ADSs) during lane changes on highways. While drivers' inappropriate trust in ADSs can affect their behavior toward the system, capability to detect inadequate system performance, and perception of surrounding traffic disturbances, their engagement in the automated process can improve their comprehension of the system and traffic conditions, which is necessary for the safe practice of automated driving. Forty drivers practiced conditional driving automation in a driving simulator and encountered traffic congestion on the main lane of a two-lane highway. Four ADS designs were proposed to bypass the congestion. ADS-1 detects the congestion and synchronizes the speed accordingly. ADS-2 requests the driver to resume manual control and overtake the congestion. ADS-3 requests the driver to push a button to let the system overtakes the congestion automatically. ADS-4 overtakes the congestion automatically after informing the driver, while the driver can cancel it by pushing a button within 6 s. In all these conditions, driver intervention was optional. Although the drivers preferred and trusted ADS-1 and ADS-2 more than ADS-3 and ADS-4, the results indicate significant improvements in the driving performance and system usage under ADS-3 and ADS-4. Driving with ADS-3 improved drivers' engagement and reduced the requirement for control transfer compared with other systems. However, the time headway between the subject and adjacent vehicles indicated that lane changes were more critical under ADS-3 and ADS-4 than ADS-1 and ADS-2. Such deficiency of alignment between driver perception and safe behaviors has implications for the design of future studies and systems that need to balance satisfaction and safety. These observations are likely to improve driver interaction with automated vehicles.","Automated vehicle; Human-machine interaction; Perception; Decision-making; Levels of automation; Lane change; adaptive cruise control; cognitive load; impact; workload; Engineering; Public, Environmental & Occupational Health; Social; Sciences - Other Topics; Transportation"
Towards common ethical and safe ‘behaviour’ standards for automated vehicles,"Papadimitriou, E.; Farah, H.; van de Kaa, G.; Santoni de Sio, F.; Hagenzieker, M.; van Gelder, P.",Accident Analysis and Prevention,2022,174,,,10.1016/j.aap.2022.106724,"Automated vehicles (AVs) aim to dramatically improve traffic safety by reducing or eliminating human error, which remains the leading cause of road crashes. However, commonly accepted standards for the ‘safe driving behaviour of machines’ are pending and urgently needed. Unless a common understanding of safety as a design value is achieved, different manufacturers’ driving styles may emerge, resulting in inconsistent, unpredictable and potentially unsafe ‘behaviour’ of AVs in certain situations. This paper aims to explore the main gaps and challenges towards establishing shared safety standards for the ‘behaviour’ of AVs, and contribute to their responsible traffic integration, by reviewing the state-of-the-art on AV safety in the core relevant disciplines: ethics of technology, safety science (engineering & human factors), and standardisation. The ethical and safety aspects investigated include the users’ perception of AV safety, the ethical trade-offs in critical decision-making contexts, the pertinence of data-driven approaches for AVs to mimic human behaviour, and the responsibilities of various actors. Moreover, the paper reviews the current safety patterns, metrics (surrogate measures of safety – SMoS) and their thresholds introduced in existing research for three use cases: mixed traffic of AV and conventional vehicles, AV interaction with pedestrians and cyclists, and transition of control from machine to human driver. The results reveal several knowledge gaps within each discipline and highlights the lack of common understanding of safety across disciplines. On the basis of the results, the paper proposes a framework for further research on AV safety, identifying concrete opportunities for interdisciplinary research, with common goals and methodologies, and explicitly indicating the path for transfer of knowledge between sectors. © 2022 The Author(s)","Automated vehicles; Ethics; Safety; Standardisation; Accidents, Traffic; Automobile Driving; Autonomous Vehicles; Humans; Pedestrians; Automation; Behavioral research; Economic and social effects; Ethical technology; Knowledge management; Standardization; Vehicles; Design value; Driving behaviour; Driving styles; Human errors; Road crash; Safe driving; Traffic safety; Unsafe behaviors; Vehicle safety; car driving; human; pedestrian; prevention and control; traffic accident; Decision making"
Transport safety and human factors in the era of automation: What can transport modes learn from each other?,"Papadimitriou, E.; Schneider, C.; Aguinaga Tello, J.; Damen, W.; Lomba Vrouenraets, M.; ten Broeke, A.",Accident Analysis and Prevention,2020,144,,,10.1016/j.aap.2020.105656,"One of the main aims of introducing automation in transport is to improve safety by reducing or eliminating human errors; it is often argued however that this may induce new types of errors. There is different level of maturity with automation in different transport modes (road, aviation, maritime and rail), however no systematic research has been conducted on the lessons learned in different sectors, so that they can be exploited for the design of safer automated systems. The aim of this paper is to review the impact of key human factors on the safety of automated transport systems, with focus on relevant experiences from different transport sectors. A systematic literature review is carried out on the following topics: the level of trust in automation – in particular the impact of mis-aligned trust, i.e. mistrust vs overreliance, the resulting impact on operator situation awareness (SA), the implications for takeover control from machine to human, and the role of experience and training on using automated transport systems. The results revealed several areas where experiences from the aviation and road domain can be transferable to other sectors. Experiences from maritime and rail transport, although limited, tend to confirm the general patterns. Remarkably, in the road sector where higher levels of automation are only recently introduced, there are clearer and more quantitative approaches to human factors, while other sectors focus only on mental modes. Other sectors could use similar approaches to define their own context-specific metrics. The paper makes a synthesis of key messages on automation safety in different transport sectors, and presents an assessment of their transferability. © 2020 Elsevier Ltd","Aviation; Human factors; Maritime; Rail; Road; Safety; Transport automation; Accidents; Accidents, Traffic; Automation; Automobile Driving; Awareness; Humans; Man-Machine Systems; Mental Processes; Psychomotor Performance; Reaction Time; Transportation; Trust; Human engineering; Personnel training; Roads and streets; User experience; Automated systems; Automated transport systems; Levels of automation; Quantitative approach; Situation awareness; Systematic literature review; Systematic research; Transport sectors; accident; car driving; human; man machine interaction; mental function; prevention and control; procedures; traffic accident; traffic and transport"
A proactive lane-changing risk prediction framework considering driving intention recognition and different lane-changing patterns,"Shangguan, Q. Q.; Fu, T.; Wang, J. H.; Fang, S. E.; Fu, L. P.",Accident Analysis and Prevention,2022,164,,14,10.1016/j.aap.2021.106500,"Proactive lane-changing (LC) risk prediction can assist driver's LC decision-making to ensure driving safety. However, most previous studies on LC risk prediction did not consider the driver's intention recognition, which made it difficult to guarantee the timeliness and practicability of LC risk prediction. Moreover, the difference in driving risks and its influencing factors between LC to left lane (LCL) and LC to right lane (LCR) have rarely been investigated. To bridge the above research gaps, this study proposes a proactive LC risk prediction framework which integrates the LC intention recognition module and LC risk prediction module. The Long Short-term Memory (LSTM) neural network with time-series input was employed to recognize the driver's LC intention. The Light Gradient Boosting Machine (LGBM) algorithm was then applied to predict the LC risk. Feature importance analysis was lastly conducted to obtain the key features that affect the LC risk. The highD trajectory dataset was used for framework validation. Results show that the recognition accuracy of the driver's LCL, LCR and lane-keeping (LK) intentions based on the proposed LSTM model are 97%, 96% and 97%, respectively. Meanwhile, the LGBM algorithm outperforms other machine learning algorithms in LC risk prediction. The results from feature importance analysis show that the interaction characteristics of the LC vehicle and its preceding vehicle in the current lane have the greatest impact on the LC risk. The proposed framework could potentially be implemented in advanced driver-assistance system (ADAS) or autonomous driving system for improved driving safety.","Lane-changing risk prediction; Long Short-term Memory (LSTM); Driving; intention recognition; Trajectory data; model; assistance; behavior; Engineering; Public, Environmental & Occupational Health; Social; Sciences - Other Topics; Transportation"
"Human and machine drivers: Sharing control, sharing responsibility","Zhai, S. M.; Wang, L.; Liu, P.",Accident Analysis and Prevention,2023,188,,11,10.1016/j.aap.2023.107096,"Machines are empowered with ever-increasing agency and decision-making authority to augment or even replace humans in various settings, making responsibility attribution less straightforward when they cause harm. Focusing on their applications in transportation, we consider human judgments of responsibility for automated vehicle crashes through a cross-national survey (N = 1657) and design hypothetical crashes after the 2018 Uber automated vehicle crash reportedly caused by a distracted human driver and an inaccurate machine driver. We examine the association between automation level-the human and machine drivers have different levels of agency (i.e., the human as a supervisor, backup driver, and mere passenger, respectively)-and human responsibility through the lens of perceived human controllability. We show the negative association between automation level and human responsibility, partly mediated by perceived human controllability, regardless of the involved responsibility metric (rating and allocation), the nationality of the involved participant (China and South Korea), and crash severity (injury and fatality). When the human and machine drivers in a conditionally automated vehicle jointly cause a crash (e.g., the 2018 Uber crash), the human driver and car manufacturer are asked to share responsibility. Our findings imply that the driver-centric tort law needs to be control-centric. They offer insights for attributing human responsibility for crashes involving automated vehicles.","Automated vehicle; Traffic crash; Responsibility attribution; Controllability; autonomous vehicles; experimental vignette; automated cars; attribution; responses; liability; mind; Engineering; Public, Environmental & Occupational Health; Social; Sciences - Other Topics; Transportation"
The 'invisible gorilla' during pedestrian-AV interaction: Effects of secondary tasks on pedestrians' reaction to eHMIs,"Zhao, X. Y.; Li, X. M.; Rakotonirainy, A.; Bourgeois-Bougrine, S.; Gruyer, D.; Delhomme, P.",Accident Analysis and Prevention,2023,192,,11,10.1016/j.aap.2023.107246,"In road traffic, mental overload often leads to a failure to notice new and distinctive stimuli. Such phenomenon is known as 'inattentional blindness'. Safe and efficient interaction between automated vehicles (AVs) and pedestrians is expected to rely heavily on external human-machine interfaces (eHMIs), a tool AVs are equipped with to communicate their intentions to pedestrians. This study seeks to explore the phenomenon of 'inattentional blindness' in the context of pedestrian-AV interactions. Specifically, the aim is to understand the effects of a warning eHMI on pedestrians' crossing decisions when they are engaged in a secondary task. In an experiment study with videos of pedestrian crossing scenarios filmed from the perspective of the crossing pedestrian, participants had to decide the latest point at which they would be willing to cross the road in front of an AV with an eHMI vs. an AV without an eHMI. Participants were also asked to predict the future behavior of the AV. 125 female and 9 male participants aged between 18 and 25 completed the experiment and a follow-up questionnaire. It was found that the presence of a warning eHMI on AVs contributes to a clearer understanding of pedestrians' inferences about the intention of AVs and helps deter late and dangerous crossing decisions made by pedestrians. However, the eHMI fail to help pedestrians avoid such decisions when they face a high mental workload induced by secondary task engagement.","Automated vehicles; Pedestrian behavior; External human-machine; interface (eHMI ); Mental workload; Inattentional blindness; Distraction; informal communication signal; inattentional blindness; autonomous; vehicles; crossing behaviors; automated vehicles; gap acceptance; distraction; willingness; talking; walking; Engineering; Public, Environmental & Occupational Health; Social; Sciences - Other Topics; Transportation"
Artificial intelligence based decision-making in accounting and auditing: ethical challenges and normative thinking,"Lehner, O. M.; Ittonen, K.; Silvola, H.; Ström, E.; Wuhrleitner, A.",Accounting Auditing & Accountability Journal,2022,35,9,109-135,10.1108/aaaj-09-2020-4934,"Purpose This paper aims to identify ethical challenges of using artificial intelligence (AI)-based accounting systems for decision-making and discusses its findings based on Rest's four-component model of antecedents for ethical decision-making. This study derives implications for accounting and auditing scholars and practitioners. Design/methodology/approach This research is rooted in the hermeneutics tradition of interpretative accounting research, in which the reader and the texts engage in a form of dialogue. To substantiate this dialogue, the authors conduct a theoretically informed, narrative (semi-systematic) literature review spanning the years 2015-2020. This review's narrative is driven by the depicted contexts and the accounting/auditing practices found in selected articles are used as sample instead of the research or methods. Findings In the thematic coding of the selected papers the authors identify five major ethical challenges of AI-based decision-making in accounting: objectivity, privacy, transparency, accountability and trustworthiness. Using Rest's component model of antecedents for ethical decision-making as a stable framework for our structure, the authors critically discuss the challenges and their relevance for a future human-machine collaboration within varying agency between humans and AI. Originality/value This paper contributes to the literature on accounting as a subjectivising as well as mediating practice in a socio-material context. It does so by providing a solid base of arguments that AI alone, despite its enabling and mediating role in accounting, cannot make ethical accounting decisions because it lacks the necessary preconditions in terms of Rest's model of antecedents. What is more, as AI is bound to pre-set goals and subjected to human made conditions despite its autonomous learning and adaptive practices, it lacks true agency. As a consequence, accountability needs to be shared between humans and AI. The authors suggest that related governance as well as internal and external auditing processes need to be adapted in terms of skills and awareness to ensure an ethical AI-based decision-making.",Rest; Artificial intelligence; Decision-making; Ethics; Accounting; big data; social media; trust; accountability; transparency; technology; market; surveillance; automation; management; Business & Economics
Survey on computational trust and reputation models,"De Siqueira Braga, D.; Niemann, M.; Hellingrath, B.; De Lima Neto, F. B.",Acm Computing Surveys,2019,51,5,,10.1145/3236008,"Over the recent years, computational trust and reputation models have become an invaluable method to improve computer-computer and human-computer interaction. As a result, a considerable amount of research has been published trying to solve open problems and improving existing models. This survey will bring additional structure into the already conducted research on both topics. After recapitulating the major underlying concepts, a new integrated review and analysis scheme for reputation and trust models is put forward. Using highly recognized review papers in this domain as a basis, this article will also introduce additional evaluation metrics to account for characteristics so far unstudied. A subsequent application of the new review schema on 40 top recent publications in this scientific field revealed interesting insights. While the area of computational trust and reputation models is still a very active research branch, the analysis carried out here was able to show that some aspects have already started to converge, whereas others are still subject to vivid discussions. © 2018 Association for Computing Machinery.",Human computer interaction; Trusted computing; Additional structures; Computational reputation models; Computational trust model; Evaluation metrics; Reputation modeling; Review papers; Scientific fields; Trust and reputation; Trust models; Surveys
A Survey of Algorithmic Recourse: Contrastive Explanations and Consequential Recommendations,"Karimi, A. H.; Barthe, G.; Schölkopf, B.; Valera, I.",Acm Computing Surveys,2023,55,5,,10.1145/3527848,"Machine learning is increasingly used to inform decision making in sensitive situations where decisions have consequential effects on individuals' lives. In these settings, in addition to requiring models to be accurate and robust, socially relevant values such as fairness, privacy, accountability, and explainability play an important role in the adoption and impact of said technologies. In this work, we focus on algorithmic recourse, which is concerned with providing explanations and recommendations to individuals who are unfavorably treated by automated decision-making systems. We first perform an extensive literature review, and align the efforts of many authors by presenting unified definitions, formulations, and solutions to recourse. Then, we provide an overview of the prospective research directions toward which the community may engage, challenging existing assumptions and making explicit connections to other ethical challenges such as security, privacy, and fairness. © 2022 Copyright held by the owner/author(s).",Algorithmic recourse; contrastive explanations and consequential recommendations; Ethical technology; Algorithmics; Automated decision making systems; Contrastive explanation and consequential recommendation; Decisions makings; Explicit connections; Literature reviews; Machine-learning; Prospectives; Security/privacy; Decision making
Explainable Deep Reinforcement Learning: State of the Art and Challenges,"Vouros, G. A.",Acm Computing Surveys,2023,55,5,39,10.1145/3527448,"Interpretability, explainability, and transparency are key issues to introducing artificial intelligence methods in many critical domains. This is important due to ethical concerns and trust issues strongly connected to reliability, robustness, auditability, and fairness, and has important consequences toward keeping the human in the loop in high levels of automation, especially in critical cases for decision making, where both (human and the machine) play important roles. Although the research community has given much attention to explainability of closed (or black) prediction boxes, there are tremendous needs for explainability of closed-box methods that support agents to act autonomously in the real world. Reinforcement learning methods, and especially their deep versions, are such closed-box methods. In this article, we aim to provide a review of state-of-the-art methods for explainable deep reinforcement learning methods, taking also into account the needs of human operators-that is, of those who make the actual and critical decisions in solving real-world problems. We provide a formal specification of the deep reinforcement learning explainability problems, and we identify the necessary components of a general explainable reinforcement learning framework. Based on these, we provide a comprehensive review of state-of-the-art methods, categorizing them into classes according to the paradigm they follow, the interpretable models they use, and the surface representation of explanations provided. The article concludes by identifying open questions and important challenges.",Deep learning; deep reinforcement learning; interpretability; explainability; transparency; Computer Science
Macro Ethics Principles for Responsible AI Systems: Taxonomy and Directions,"Woodgate, J.; Ajmeri, N.",Acm Computing Surveys,2024,56,11,37,10.1145/3672394,"Responsible AI must be able to make or support decisions that consider human values and can be justified by human morals. Accommodating values and morals in responsible decision making is supported by adopting a perspective of macro ethics, which views ethics through a holistic lens incorporating social context. Normative ethical principles inferred from philosophy can be used to methodically reason about ethics and make ethical judgements in specific contexts. Operationalising normative ethical principles thus promotes responsible reasoning under the perspective of macro ethics. We survey AI and computer science literature and develop a taxonomy of 21 normative ethical principles which can be operationalised in AI. We describe how each principle has previously been operationalised, highlighting key themes that AI practitioners seeking to implement ethical principles should be aware of. We envision that this taxonomy will facilitate the development of methodologies to incorporate normative ethical principles in reasoning capacities of responsible AI systems.",Normative ethics; responsible AI; values; machine ethics; fairness; Computer Science
The AI Ghostwriter Effect: When Users do not Perceive Ownership of AI-Generated Text but Self-Declare as Authors,"Draxler, F.; Werner, A.; Lehmann, F.; Hoppe, M.; Schmidt, A.; Buschek, D.; Welsch, R.",Acm Transactions on Computer-Human Interaction,2024,31,2,40,10.1145/3637875,"Human-AI interaction in text production increases complexity in authorship. In two empirical studies (n1 = 30 & n2 = 96), we investigate authorship and ownership in human-AI collaboration for personalized language generation. We show an AI Ghostwriter Effect: Users do not consider themselves the owners and authors of AI-generated text but refrain from publicly declaring AI authorship. Personalization of AI-generated texts did not impact the AI Ghostwriter Effect, and higher levels of participants' influence on texts increased their sense of ownership. Participants were more likely to attribute ownership to supposedly human ghostwriters than AI ghostwriters, resulting in a higher ownership-authorship discrepancy for human ghostwriters. Rationalizations for authorship in AI ghostwriters and human ghostwriters were similar. We discuss how our findings relate to psychological ownership and human-AI interaction to lay the foundations for adapting authorship frameworks and user interfaces in AI in text-generation tasks.",Ownership; authorship; large language models; text generation; credit; Computer Science
"It's Complicated: The Relationship between User Trust, Model Accuracy and Explanations in AI","Papenmeier, A.; Kern, D.; Englebienne, G.; Seifert, C.",Acm Transactions on Computer-Human Interaction,2022,29,4,33,10.1145/3495013,"Automated decision-making systems become increasingly powerful due to higher model complexity. While powerful in prediction accuracy, Deep Learning models are black boxes by nature, preventing users from making informed judgments about the correctness and fairness of such an automated system. Explanations have been proposed as a general remedy to the black box problem. However, it remains unclear if effects of explanations on user trust generalise over varying accuracy levels. In an online user study with 959 participants, we examined the practical consequences of adding explanations for user trust: We evaluated trust for three explanation types on three classifiers of varying accuracy. We find that the influence of our explanations on trust differs depending on the classifier's accuracy. Thus, the interplay between trust and explanations is more complex than previously reported. Our findings also reveal discrepancies between self-reported and behavioural trust, showing that the choice of trust measure impacts the results.",Explainable AI; machine learning; minimum explanations; user trust; explanation fidelity; automation; Computer Science
Measurable Decision Making with GSR and Pupillary Analysis for Intelligent User Interface,"Zhou, J. L.; Sun, J. J.; Chen, F.; Wang, Y.; Taib, R.; Khawaji, A.; Li, Z. D.",Acm Transactions on Computer-Human Interaction,2015,21,6,23,10.1145/2687924,"This article presents a framework of adaptive, measurable decision making for Multiple Attribute Decision Making (MADM) by varying decision factors in their types, numbers, and values. Under this framework, decision making is measured using physiological sensors such as Galvanic Skin Response (GSR) and eye-tracking while users are subjected to varying decision quality and difficulty levels. Following this quantifiable decision making, users are allowed to refine several decision factors in order to make decisions of high quality and with low difficulty levels. A case study of driving route selection is used to set up an experiment to test our hypotheses. In this study, GSR features exhibit the best performance in indexing decision quality. These results can be used to guide the design of intelligent user interfaces for decision-related applications in HCI that can adapt to user behavior and decision-making performance.",Decision making; GSR; eye-tracking; machine learning; emotion; future; Computer Science
Trust-Aware Decision Making for Human-Robot Collaboration: Model Learning and Planning,"Chen, M.; Nikolaidis, S.; Soh, H.; Hsu, D.; Srinivasa, S.",Acm Transactions on Human-Robot Interaction,2020,9,2,23,10.1145/3359616,"Trust in autonomy is essential for effective human-robot collaboration and user adoption of autonomous systems such as robot assistants. This article introduces a computational model that integrates trust into robot decision making. Specifically, we learn from data a partially observable Markov decision process (POMDP) with human trust as a latent variable. The trust-POMDP model provides a principled approach for the robot to (i) infer the trust of a human teammate through interaction, (ii) reason about the effect of its own actions on human trust, and (iii) choose actions that maximize team performance over the long term. We validated the model through human subject experiments on a table clearing task in simulation (201 participants) and with a real robot (20 participants). In our studies, the robot builds human trust by manipulating low-risk objects first. Interestingly, the robot sometimes fails intentionally to modulate human trust and achieve the best team performance. These results show that the trust-POMDP calibrates trust to improve human-robot team performance over the long term. Further, they highlight that maximizing trust alone does not always lead to the best performance.",Trust models; human-robot collaboration; partially observable Markov; decision process (POMDP); mutual adaptation; performance; tasks; Robotics
Brain-Behavior Relationships of Trust in Shared Space Human-Robot Collaboration,"Hopko, S. K.; Zhang, Y.; Yadav, A.; Pagilla, P. R.; Mehta, R. K.",Acm Transactions on Human-Robot Interaction,2024,13,1,,10.1145/3632149,"Trust in human-robot collaboration is an essential consideration that relates to operator performance, utilization, and experience. While trust's importance is understood, the state-of-The-Art methods to study trust in automation, like surveys, drastically limit the types of insights that can be made. Improvements in measuring techniques can provide a granular understanding of influencers like robot reliability and their subsequent impact on human behavior and experience. This investigation quantifies the brain-behavior relationships associated with trust manipulation in shared space human-robot collaboration to advance the scope of metrics to study trust. Thirty-eight participants, balanced by sex, were recruited to perform an assembly task with a collaborative robot under reliable and unreliable robot conditions. Brain imaging, psychological and behavioral eye-Tracking, quantitative and qualitative performance, and subjective experiences were monitored. Results from this investigation identify specific information processing and cognitive strategies that result in identified trust-related behaviors that were found to be sex specific. The use of covert measurements of trust can reveal insights that humans cannot consciously report, thus shedding light on processes systematically overlooked by subjective measures. Our findings connect a trust influencer (robot reliability) to upstream cognition and downstream human behavior and are enabled by the utilization of granular metrics. © 2024 Copyright held by the owner/author(s). Publication rights licensed to ACM.",Additional Key Words and PhrasesHuman-robot interaction; eye-Tracking; fnirs; sex; survey; Behavioral research; Brain mapping; Human robot interaction; Additional key word and phraseshuman-robot interaction; Essential considerations; Human behaviors; Human-robot collaboration; Key words; Robot interactions; Shared spaces; Eye tracking
Converging Measures and an Emergent Model: A Meta-Analysis of Human-Machine Trust Questionnaires,"Razin, Y. S.; Feigh, K. M.",Acm Transactions on Human-Robot Interaction,2024,13,4,,10.1145/3677614,"Trust is crucial for technological acceptance, continued usage, and teamwork. However, human-robot trust, and human-machine trust more generally, suffer from terminological disagreement and construct proliferation. By comparing, mapping, and analyzing well-constructed trust survey instruments, this work uncovers a consensus structure of trust in human–machine interaction. To do so, we identify the most frequently cited and best-validated human-machine and human-robot trust questionnaires as well as the best-established factors that form the dimensions and antecedents of such trust. To reduce both confusion and construct proliferation, we provide a detailed mapping of terminology between questionnaires. Furthermore, we perform a meta-analysis of the regression models which emerged from the experiments that employed multi-factorial survey instruments. Based on this meta-analysis, we provide the most complete, experimentally validated model of human-machine and human-robot trust to date. This convergent model establishes an integrated framework for future research. It determines the current boundaries of trust measurement and where further investigation and validation are necessary. We close by discussing how to choose an appropriate trust survey instrument and how to design for trust. By identifying the internal workings of trust, a more complete basis for measuring trust is developed that is widely applicable. © 2024 Copyright held by the owner/author(s)",Human-Robot Trust; Shared Mental Models; Human form models; Man machine systems; Human machine interaction; Human robots; Human-machine; Human-machine robots; Integrated frameworks; Meta-analysis; Regression modelling; Shared mental model; Survey instruments; Human robot interaction
Why or Why Not? The Effect of Justification Styles on Chatbot Recommendations,"Wilkinson, D.; Alkan, Ö; Liao, Q. V.; Mattetti, M.; Vejsbjerg, I.; Knijnenburg, B. P.; Daly, E.",ACM Transactions on Information Systems,2021,39,4,21,10.1145/3441715,"Chatbots or conversational recommenders have gained increasing popularity as a new paradigm for Recommender Systems (RS). Prior work on RS showed that providing explanations can improve transparency and trust, which are critical for the adoption of RS. Their interactive and engaging nature makes conversational recommenders a natural platform to not only provide recommendations but also justify the recommendations through explanations. The recent surge of interest inexplainable Al enables diverse styles of justification, and also invites questions on how styles of justification impact user perception. In this article, we explore the effect of ""why"" justifications and ""why not"" justifications on users' perceptions of explainability and trust. We developed and tested a movie-recommendation chatbot that provides users with different types of justifications for the recommended items. Our online experiment (n = 310) demonstrates that the ""why"" justifications (but not the ""why not"" justifications) have a significant impact on users' perception of the conversational recommender. Particularly, ""why"" justifications increase users' perception of system transparency, which impacts perceived control, trusting beliefs and in turn influences users' willingness to depend on the system's advice. Finally, we discuss the design implications for decision-assisting chatbots.",Conversational agent; chatbots; explanation; trust; human computer; interaction; user study; user interface; fit indexes; e-commerce; trust; agents; Computer Science
INN: An Interpretable Neural Network for AI Incubation in Manufacturing,"Chen, X. Y.; Zeng, Y. Y.; Kang, S. K.; Jin, R.",ACM Transactions on Intelligent Systems and Technology,2022,13,5,23,10.1145/3519313,"Both artificial intelligence (AI) and domain knowledge from human experts play an important role in manufacturing decision making. Smart manufacturing emphasizes a fully automated data-driven decision-making; however, the AI incubation process involves human experts to enhance AI systems by integrating domain knowledge for modeling, data collection and annotation, and feature extraction. Such an AI incubation process not only enhances the domain knowledge discovery but also improves the interpretability and trustworthiness of AI methods. In this article, we focus on the knowledge transfer from human experts to a supervised learning problem by learning domain knowledge as interpretable features and rules, which can be used to construct rule-based systems to support manufacturing decision making, such as process modeling and quality inspection. Although many advanced statistical and machine learning methods have shown promising modeling accuracy and efficiency, rule-based systems are still highly preferred and widely adopted due to their interpretability for human experts to comprehend. However, most of the existing rule-based systems are constructed based on deterministic human-crafted rules, whose parameters, such as thresholds of decision rules, are suboptimal. Yet the machine learning methods, such as tree models or neural networks, can learn a decision rule based structure without much interpretation or agreement with domain knowledge. Therefore, the traditional machine learning models and human experts' domain knowledge cannot be directly improved by learning from data. In this research, we propose an interpretable neural network (INN) model with a center-adjustable sigmoid activation function to efficiently optimize the rule-based systems. Using the rule-based system from domain knowledge to regulate the INN architecture not only improves the prediction accuracy with optimized parameters but also ensures the interpretability by adopting the interpretable rule-based systems from domain knowledge. The proposed INN will be effective for supervised learning problems when rule-based systems are available. The merits of the INN model are demonstrated via a simulation study and a real case study in the quality modeling of a semiconductor manufacturing process. The source code of this work is hosted here: https://github.com/XiaoyuChenUofL/Interpretable-Neural-Network.",AI incubation; interpretable neural network; multi-layer perceptron; rule-based systems; semiconductor manufacturing; fault-diagnosis; artificial-intelligence; regression; models; challenges; selection; system; tree; Computer Science
Trustworthy AI: A Computational Perspective,"Liu, H. C.; Wang, Y. Q.; Fan, W. Q.; Liu, X. R.; Li, Y. X.; Jain, S. L.; Liu, Y. H.; Jain, A. N.; Tang, J. L.",ACM Transactions on Intelligent Systems and Technology,2023,14,1,59,10.1145/3546872,"In the past few decades, artificial intelligence (AI) technology has experienced swift developments, changing everyone's daily life and profoundly altering the course of human society. The intention behind developing AI was and is to benefit humans by reducing labor, increasing everyday conveniences, and promoting social good. However, recent research and AI applications indicate that AI can cause unintentional harm to humans by, for example, making unreliable decisions in safety-critical scenarios or undermining fairness by inadvertently discriminating against a group or groups. Consequently, trustworthy AI has recently garnered increased attention regarding the need to avoid the adverse effects that AI could bring to people, so people can fully trust and live in harmony with AI technologies. A tremendous amount of research on trustworthy AI has been conducted and witnessed in recent years. In this survey, we present a comprehensive appraisal of trustworthy AI from a computational perspective to help readers understand the latest technologies for achieving trustworthy AI. Trustworthy AI is a large and complex subject, involving various dimensions. In this work, we focus on six of the most crucial dimensions in achieving trustworthy AI: (i) Safety & Robustness, (ii) Nondiscrimination & Fairness, (iii) Explainability, (iv) Privacy, (v) Accountability & Auditability, and (vi) Environmental Well-being. For each dimension, we review the recent related technologies according to a taxonomy and summarize their applications in real-world systems. We also discuss the accordant and conflicting interactions among different dimensions and discuss potential aspects for trustworthy AI to investigate in the future.",Artificial intelligence; Robustness; Fairness; Explainability; Privacy; Accountability; Environmental Well-being; black-box; artificial-intelligence; differential privacy; adversarial; attacks; neural-networks; machine; accelerator; models; bias; discrimination; Computer Science
A classification model for sensing human trust in machines using EEG and GSR,"Akash, K.; Hu, W. L.; Jain, N.; Reid, T.",Acm Transactions on Interactive Intelligent Systems,2018,8,4,,10.1145/3132743,"Today, intelligent machines interact and collaborate with humans in a way that demands a greater level of trust between human and machine. A first step toward building intelligent machines that are capable of building and maintaining trust with humans is the design of a sensor that will enable machines to estimate human trust level in real time. In this article, two approaches for developing classifier-based empirical trust-sensor models are presented that specifically use electroencephalography and galvanic skin response measurements. Human subject data collected from 45 participants is used for feature extraction, feature selection, classifier training, and model validation. The first approach considers a general set of psychophysiological features across all participants as the input variables and trains a classifier-based model for each participant, resulting in a trust-sensor model based on the general feature set (i.e., a “general trust-sensor model”). The second approach considers a customized feature set for each individual and trains a classifier-based model using that feature set, resulting in improved mean accuracy but at the expense of an increase in training time. This work represents the first use of real-time psychophysiological measurements for the development of a human trust sensor. Implications of the work, in the context of trust management algorithm design for intelligent machines, are also discussed. © 2018 Association for Computing Machinery.",Classifiers; EEG; GSR; Human-machine interaction; Intelligent system; Modeling; Psychophysiological measurement; Trust in automation; Classification (of information); Electroencephalography; Electrophysiology; Feature extraction; Intelligent systems; Models; Algorithm design; Classification models; Classifier training; Galvanic skin response; Human machine interaction; Intelligent machine; Model validation; Trust management; Structural design
Trusting virtual agents: The effect of personality,"Zhou, M. X.; Mark, G.; Li, J.; Yang, H.",Acm Transactions on Interactive Intelligent Systems,2019,9,2-3,,10.1145/3232077,"We present artificial intelligent (AI) agents that act as interviewers to engage with a user in a text-based conversation and automatically infer the user's personality traits. We investigate how the personality of an AI interviewer and the inferred personality of a user influences the user's trust in the AI interviewer from two perspectives: the user's willingness to confide in and listen to an AI interviewer. We have developed two AI interviewers with distinct personalities and deployed them in a series of real-world events. We present findings fromfour such deployments involving 1,280 users, including 606 actual job applicants. Notably, users are more willing to confide in and listen to an AI interviewer with a serious, assertive personality in a highstakes job interview. Moreover, users' personality traits, inferred from their chat text, along with interview context, influence their perception of and their willingness to confide in and listen to an AI interviewer. Finally, we discuss the design implications of our work on building hyper-personalized, intelligent agents. © 2019 Association for Computing Machinery.",AI interviewer; Big 5 personality; Chatbots; Computer personality; Conversational agents; Human-machine trust; Individual differences; Personality inference; Human computer interaction; Intelligent agents; Human-machine; Surveys
Multimodal Neurosymbolic Approach for Explainable Deepfake Detection,"Ul Haq, I.; Malik, K. M.; Muhammad, K.",Acm Transactions on Multimedia Computing Communications and Applications,2024,20,11,16,10.1145/3624748,"Deepfake detection has become increasingly important in recent years owing to the widespread availability of deepfake generation technologies. Existing deepfake detection methods present two primary limitations; i.e., they are trained on a specific type of deepfake dataset, which renders them vulnerable to unseen deep- fakes, and they regard deepfakes as a ""black box"" with limited explainability, making it difficult for non-AI experts to understand and trust the decisions. Hence, this article proposes a novel neurosymbolic deepfake detection framework that exploits the fact that human emotions cannot be imitated easily owing to their complex nature. We argue that deep fakes typically exhibit inter- or intra-modality inconsistencies in the emotional expressions of the person being manipulated. Thus, the proposed framework performs inter- and intra-modality reasoning on emotions extracted from audio and visual modalities using a psychological and arousal-valence model for deepfake detection. In addition to fake detection, the proposed framework provides textual explanations for its decisions. The results obtained using the Presidential Deepfakes Dataset and World Leaders Dataset of real and manipulated videos demonstrate the effectiveness of our approach in detecting deepfakes and highlight the potential of a neurosymbolic approach for expandability.",Social and professional topics- Social engineering attacks; Computing; methodologies; Biometrics; Deepfake detection; Emotion recognition; Knowledge base; Manipulation detection; Neurosymbolic; Scene anomaly; detection; Computer Science
Does artificial intelligence dream of non-terrestrial techno-signatures?,"De la Torre, G. G.",Acta Astronautica,2020,167,,280-285,10.1016/j.actaastro.2019.11.013,"Today, we live in the midst of a surge in the use of artificial intelligence in many scientific and technological applications, including the Search for Extraterrestrial Intelligence (SETI). However, human perception and decision-making is still the last part of the chain in any data analysis or interpretation of results or outcomes. One of the potential applications of artificial intelligence is not only to assist in big data analysis but to help to discern possible artificiality or oddities in patterns of either radio signals, megastructures or techno-signatures in general. In this study, we review the comparative results of an experiment based on geometric patterns reconnaissance and a perception task, performed by 163 human volunteers and an artificial intelligence convolutional neural network (CNN) computer vision model. To test the model, we used an image of the famous bright spots on the Occator crater on Ceres. We wanted to investigate how the search for techno-signatures or oddities might be influenced by our cognitive skills and consciousness, and whether artificial intelligence could help or not in this task. This article also discusses how unintentional human cognitive bias might affect the search for extraterrestrial intelligence and techno-signatures compared with artificial intelligence models, and how such artificial intelligence models might perform in this type of task. We discuss how searching for unexpected, irregular features might prevent us from detecting other nearside or in-plain-sight rare and unexpected signs. The results strikingly showed that a CNN trained to detect triangles and squares scored positive hits on these two geometric shapes as some humans did.",Engineering
AI and Uncertain Motivation: Hidden allies that impact EFL argumentative essays using the Toulmin Model,"Al Fraidan, A.",Acta Psychologica,2025,252,,18,10.1016/j.actpsy.2024.104684,"This study investigates the combined impact of artificial intelligence (AI) tools and Uncertain Motivation (UM) strategies on the argumentative writing performance of Saudi EFL learners, using the Toulmin Model. Sixty Saudi EFL students participated in four writing tasks, with results demonstrating significant improvements in essay quality, particularly in clarity, structure, and depth. AI tools provided real-time feedback, enhancing students' ability to refine claims, data, backing, and counterarguments. UM strategies, employing varied and unpredictable rewards, effectively sustained student motivation and engagement. However, a temporary decline was noted early in the study, attributed to the learning curve associated with both AI and the Toulmin model. Writing argumentative essays poses significant linguistic and cognitive challenges for EFL learners. By addressing these barriers, the study highlights the potential of AI to enhance EFL writing proficiency and underscores the motivational role of UM in maintaining student engagement. The findings emphasize the importance of integrating AI and UM thoughtfully into educational practices to maximize their effectiveness. Future research is encouraged to explore AI's long-term effects, address ethical considerations, and refine the integration of AI and UM strategies across diverse learning contexts.",Artificial intelligence; Uncertain Motivation; Argumentative writing; EFL learners; Toulmin model; dopamine; reward; Psychology
Is AI chatbot recommendation convincing customer? An analytical response based on the elaboration likelihood model,"Zhang, X.; Chen, A. L.; Piao, X.; Yu, M.; Zhang, Y.; Zhang, L.",Acta Psychologica,2024,250,,,10.1016/j.actpsy.2024.104501,"The integration of artificial intelligence (AI) technology in e-commerce has currently stimulated scholarly attention, however studies on AI and e-commerce generally relatively few. The current study aims to evaluate how artificial intelligence (AI) chatbots persuade users to consider chatbot recommendations in a web-based buying situation. Employing the theory of elaboration likelihood, the current study presents an analytical framework for identifying factors and internal mechanisms of consumers' readiness to adopt AI chatbot recommendations. The authors evaluated the model employing questionnaire responses from 411 Chinese AI chatbot consumers. The findings of present study indicated that chatbot recommendation reliability and accuracy is positively related to AI technology trust and have negative effect on perceived self-threat. In addition, AI technology trust is positively related to intention to adopt chatbot decision whereas perceived self-threat negatively related to intention to adopt chatbot decision. The perceived dialogue strengthens the significant relationship between AI-tech trust and intention to adopt chatbot decision and weakens the negative relationship between perceived self-threat and intention to adopt AI chatbot decisions. © 2024 The Authors",AI technology trust; Chatbot recommendation accuracy; Chatbot recommendation reliability; Intention to adopt AI chatbot decisions; Perceived dialogue; Perceived self-threat; Adult; Artificial Intelligence; Commerce; Consumer Behavior; Female; Humans; Intention; Internet; Male; Middle Aged; Persuasive Communication; Surveys and Questionnaires; Trust; Young Adult; behavior; commercial phenomena; consumer attitude; human; questionnaire
Developing crossmodal expression recognition based on a deep neural model,"Barros, P.; Wermter, S.",Adaptive Behavior,2016,24,5,373-396,10.1177/1059712316664017,"A robot capable of understanding emotion expressions can increase its own capability of solving problems by using emotion expressions as part of its own decision-making, in a similar way to humans. Evidence shows that the perception of human interaction starts with an innate perception mechanism, where the interaction between different entities is perceived and categorized into two very clear directions: positive or negative. While the person is developing during childhood, the perception evolves and is shaped based on the observation of human interaction, creating the capability to learn different categories of expressions. In the context of human-robot interaction, we propose a model that simulates the innate perception of audio-visual emotion expressions with deep neural networks, that learns new expressions by categorizing them into emotional clusters with a self-organizing layer. The proposed model is evaluated with three different corpora: The Surrey Audio-Visual Expressed Emotion (SAVEE) database, the visual Bi-modal Face and Body benchmark (FABO) database, and the multimodal corpus of the Emotion Recognition in the Wild (EmotiW) challenge. We use these corpora to evaluate the performance of the model to recognize emotional expressions, and compare it to state-of-the-art research.",Crossmodal learning; emotion expression recognition; convolution neural; network; self-organizing maps; emotion recognition; body gesture; face; networks; audio; Computer Science; Psychology; Social Sciences - Other Topics
Assessing machine volition: An ordinal scale for rating artificial and natural systems,"Chadderdon, G. L.",Adaptive Behavior,2008,16,4,246-263,10.1177/1059712308090535,"Volition, although often poorly defined, is a concept of interest and utility to both philosophers and researchers in artificial intelligence. In this article, a definition of volition is proposed and a functionally defined, physically grounded ordinal scale and a procedure by which volition might be measured are put forward: a type of Turing test for volition, but motivated by an explicit analysis of the concept being tested and providing results that are graded, rather than Boolean, so that candidate systems may be ranked according to their degree of volitional endowment. It is proposed that volition is a functional, aggregate property of certain physical systems and it is defined as the capacity for adaptive decision-making. The scale, similar in scope to Daniel Dennett's Kinds of Minds scale, is then outlined, as well as a set of progressive ""litmus tests"" for determining where a candidate system falls on the scale. Such a formulation may be useful for understanding volition and assessing the progress made in engineering intelligent, autonomous artificial organisms.",volition; free will; ordinal scale; Turing test; adaptive; decision-making; artificial intelligence; artificial life; computational model; prefrontal cortex; working-memory; selection; behavior; Computer Science; Psychology; Social Sciences - Other Topics
Modeling and risk assessment of workers’ situation awareness in human-machine collaborative construction operations: A computational cognitive modeling and simulation approach,"Li, J.; He, S.; Lu, H.; Xu, G.; Wang, H.",Advanced Engineering Informatics,2025,63,,,10.1016/j.aei.2024.102951,"Insufficient situation awareness (SA) among workers remains a prominent factor contributing to construction accidents in complex and high-risk human-machine collaborative construction operations. However, previous studies have not fully explored the impact of various internal and external factors on the formation of workers’ SA, making it difficult to understand the potential changes in SA and respond to its error risks in specific scenarios. To address this issue, this paper proposes a proactive analysis approach of worker's SA and the corresponding error risk based on computational cognitive modeling and simulation. This approach establishes a perception model by quantitatively depicting the mechanism underlying workers’ attention formation. Bayesian network is employed to represent the belief propagation process involved in worker's comprehension and projection of the situation. The Monte Carlo method is applied to dynamically analyze the uncertainty inherent in the formation of workers’ SA. To demonstrate the feasibility and validity of the proposed approach, a shield tunneling construction project was adopted as an example. The results indicate that crucial factors such as stress, mental fatigue, and risk preference significantly impact shield machine operation workers’ SA, revealing dynamic changes and interactions of cognitive components within the SA formation process. The findings suggest that the proposed approach can serve as a proactive analysis tool to offer new insights for predicting and controlling risks associated with workers’ SA errors. © 2024",Computational cognitive modeling; Human-machine collaborative construction; Monte Carlo method; Risk analysis; Situation awareness; Occupational risks; Risk assessment; Risk perception; Shielding; Cognitive simulations; Collaborative construction; Construction operations; Human-machine; MonteCarlo methods; Risk analyze; Workers'
Anxiety-based affective communication for implicit human-machine interaction,"Rani, P.; Sarkar, N.; Adams, J.",Advanced Engineering Informatics,2007,21,3,323-334,10.1016/j.aei.2006.11.009,"An implicit human-machine interaction framework that is sensitive to human anxiety is presented. The overall goal is to achieve detection and recognition of anxiety based on physiological signals. This involves building an anxiety-recognition system capable of interpreting the information contained in physiological processes to predict the probable anxiety state. Since anxiety plays an important role in various human-machine interaction tasks and can be related to task performance, the presented anxiety-recognition methods can be potentially applied to the design of advanced machines and engineering systems capable of intelligent decision-making while interacting with humans. Regression tree and fuzzy logic methodologies have been investigated for the above task. This paper presents the results of applying these two methods and discusses their comparative merits. Three human participant experiments were designed and trials were conducted with five participants. The experimental results demonstrate the feasibility of the proposed anxiety-recognition methods. To the best of our knowledge, our work is the first consolidated effort at fusing multiple physiological indices for robust, real-time detection of anxiety using pattern recognition methods such as fuzzy logic and regression trees. (c) 2007 Elsevier Ltd. All rights reserved.",affective computing; anxiety detection; physiological responses; human-machine interaction; regression trees; fuzzy logic; stress; workload; Computer Science; Engineering
Exploring the Human-Centric Interaction Paradigm: Augmented Reality-Assisted Head-Up Display Design for Collaborative Human-Machine Interface in Cockpit,"Yuan, X.; Ng, K. K. H.; Li, Q.; Yiu, C. Y.; Lau, C. K.; Fung, K. H.; Ng, L. H.",Advanced Engineering Informatics,2024,62,,,10.1016/j.aei.2024.102656,"Human-cybernetic interfaces (HCI) focuses on the integration and synergy of human-centric design, human factors (HFs) and economics, and human–machine interaction (HMI). The scrutiny of single pilot operations (SPO) approval from civil aviation authorities (CAAs) is subject to the aviation safety and pilot capability during exceptional handling and flight emergency. Airliners advocate the possibility from dual pilot operations (DPO) to SPO because of the financial considerations and captain shortage in the post-pandemic era. One could expect that SPO can only realise when reduced crew operations initiative is proven to be safe and airworthy. Public concerns pilot mental workload and potentially low situational awareness (SA) when handling overwhelmed multi-source information from the HMI in a cockpit, leading to degraded skills and flying performance. Advanced head up display (HUD) design, an integrated transparent display, can assist pilots in maintaining their optimal performance when SPO exercised. In this study, we are interested to design a SPO-favoured cockpit design with HUD and investigate the potential of integrating augmented reality (AR) and HUD in SPO in flight operations. An experiment involving 21 pilots was conducted to assess the effectiveness of AR-HUD on SA and workload in DPO, SPO, and SPO with AR-HUD scenarios. The Situation Awareness Present Assessment Method (SPAM) and a self-rated workload scale were used to evaluate SA and workload levels. Eye-tracking data was also collected to analyse behavioural performance. Results indicated that the AR-HUD scenario achieved optimal workload and SA levels and demonstrated superior performance in handling emergencies. Eye-tracking data revealed that AR-HUD facilitated a more equitable distribution of gaze between instruments and external view. In conclusion, the integration of AR in cockpit design introduces a human-centric interaction paradigm, contributing to aviation safety, SPO implementation and adaptive HMI design. © 2024 Elsevier Ltd",Collaborative human–machine interface; Human factors and ergonomics; Human-centric design; Human-cybernetic interface; Single pilot operations; Ergonomics; Eye tracking; Head-up displays; Head-UpDisplay; Heads-up-display; Human Machine Interface; Human-centric designs; Pilot operations; Single pilot operation; Situational awareness; Augmented reality
Social Interaction-Aware Dynamical Models and Decision-Making for Autonomous Vehicles,"Crosato, L.; Tian, K.; Shum, H. P. H.; Ho, E. S. L.; Wang, Y. F.; Wei, C. F.",Advanced Intelligent Systems,2024,6,3,23,10.1002/aisy.202300575,"Interaction-aware autonomous driving (IAAD) is a rapidly growing field of research that focuses on the development of autonomous vehicles (AVs) that are capable of interacting safely and efficiently with human road users. This is a challenging task, as it requires the AV to be able to understand and predict the behaviour of human road users. In this literature review, the current state of IAAD research is surveyed. Commencing with an examination of terminology, attention is drawn to challenges and existing models employed for modeling the behaviour of drivers and pedestrians. Next, a comprehensive review is conducted on various techniques proposed for interaction modeling, encompassing cognitive methods, machine-learning approaches, and game-theoretic methods. The conclusion is reached through a discussion of potential advantages and risks associated with IAAD, along with the illumination of pivotal research inquiries necessitating future exploration. Interaction-aware autonomous driving (IAAD) is a growing research field, focusing on autonomous vehicles (AVs) safely interacting with human road users. Understanding and predicting human behavior is crucial. This review assesses current IAAD research, examining terminology, challenges, and existing models for human road user interaction. Interaction modeling techniques, including cognitive, machine learning, and game theory methods, and potential advantages are discussed.image (c) 2023 WILEY-VCH GmbH",behavioral models; interaction-aware autonomous driving; multi-agent; interactions; pedestrians; socially-aware decision making; pedestrian gap acceptance; mid-block crosswalks; crossing behavior; implicit communication; deceleration parameters; automated vehicles; neural-network; visual control; force model; street; Automation & Control Systems; Computer Science; Robotics
"Will you listen to a robot? Effects of robot ability, task complexity, and risk on human decision-making","Huang, H. J.; Rau, P. L. P.; Ma, L.",Advanced Robotics,2021,35,19,1156-1166,10.1080/01691864.2021.1974940,"With the rapid development of new technology, robots are increasingly being introduced into decision-making such that people can receive advice from them. Decision-making involves many variables, which should be investigated together. In the current study, we explored human-robot interaction in decision-making from the perspectives of confidence, trust, decision change, and reciprocity. We also investigated the effects of robot ability, task complexity, and risk on human-robot interaction in decision-making. We conducted an experiment where participants received advice from robots in a length judgment task, for which the participants had to select the longest line among eight lines. The results showed that participants had higher trust and confidence when receiving advice from high-ability robots. However, the participants had less confidence, reduced trust in the robots, a lower tendency to change their decision, and shared more losses with robots during complex tasks. They placed less trust in the robots and shared fewer benefits with them in a high-risk condition. Additionally, the participants' self-construal was significantly correlated with trust and gender was significantly correlated with confidence, benefits shared with the robot, and decision change. These findings can aid researchers and designers in the development of service robots.",Human-robot interaction; trust; robot ability; task complexity; risk; negative attitudes; social robots; trust; self; automation; responsibility; information; attribution; computer; reliance; Robotics
An interpretable decision-making model for autonomous driving,"Li, Y. F.; Guan, H.; Jia, X.",Advances in Mechanical Engineering,2024,16,5,19,10.1177/16878132241255455,"Modeling the interactive behavior of human drivers is essential for achieving safe and fully autonomous vehicles. Unfortunately, most decision-making systems employed in current autonomous vehicles rely on complex deep neural network models that function as black boxes with opaque reasoning that hampers human interpretation. Drawing upon the needs theories endorsed by psychologists and driving-related psychological research, we summarize five fundamental driving needs underlying the driver's behavior: safety, dominance, achievement, order, and relatedness. Leveraging the behavior selection module from general cognitive architectures, we propose a decision-making model explicitly tailored for autonomous vehicles, comprising three distinct modules: needs assessment, motivation generation, and behavior selection. We conducted experiments to evaluate the proposed model using a self-developed 2D simulator based on Unity. The results intuitively visualized the motivation and behavior of self-driving vehicles. This model demonstrates remarkable proficiency in handling routine tasks, such as independent and complete driving tasks, intersection navigation, and maneuvering among multiple vehicles.",Decision-making; autonomous vehicles; interpretability; needs theory; cognitive architecture; intrinsic motivation; driver behavior; Thermodynamics; Engineering
Artificial Intelligence Based Emergency Identification Computer System,"Velychko, D.; Osukhivska, H.; Palaniza, Y.; Lutsyk, N.; Sobaszek, L.",Advances in Science and Technology-Research Journal,2024,18,2,296-304,10.12913/22998624/184343,"The use of Artificial Intelligence is currently being observed in many areas of life. In addition to assisting in intellectual work, solving complex computational problems, or analyzing various types of data, the aforementioned techniques can also be applied in the process of providing security to people. The paper proposes an emergency identification system based on Artificial Intelligence that aims to provide timely detection and notification of dangerous situations. The proposed solution consider the position of a person ""hands up"" as an emergency situation that will indicate a potential danger for a person. Because people in the face of potential danger are mostly forced to raise their hands up and this pose attracts attention, emphasizes the emotional reaction to certain events and is usually used as a sign of risk or as a means of subjugation. The system should recognize the pose of a person, detect it, and consequently inform about the threat. In this paper, an AI based emergency identification system was proposed to detect the human pose ""hands up"" for emergency identification using the PoseNet Machine Learning Model. The assumption consists that the utilization only of 6 key points made allows reducing the computing resources of the system since the conclusion is made taking into account a smaller amount of data. For the study, a dataset of 1510 images was created for training an Artificial Intelligence model, and the decisions were verified. Supervised Machine Learning methods are used to classify the definition of an emergency. Alternative methods: Support Vector Machine, Logistic Regression, Na & iuml;ve Bayes Classifier, Discriminant Analysis Classifier, and Knearest Neighbours Classifier based on the accuracy were evaluated. Overall, the paper presents a comprehensive and innovative approach to emergency identification for quick response to them using the proposed system.",artificial intelligence; deep learning; detection; emergency system; computer system; Engineering
Autonomy in unmanned air vehicles,"Platts, J. T.",Aeronautical Journal,2006,110,1104,97-105,10.1017/s0001924000001044,"The paper describes a key risk area threatening the widespread deployment of unmanned air vehicles (UAVs), that of attaining high levels of autonomy. Autonomy is loosely defined in the context of UAVs and the meaning of 'level of autonomy' discussed. The paper argues that the achievement of high levels of autonomy is not merely a function of increasing machine intelligence but also of maintaining the human operator's engagement with the decision making process and retaining human authority. An assumption is that a human being in the loop will be a requirement for safety, flight clearance and legal reasons on early systems. Therefore, developers of highly autonomous systems are presented with a paradox. It will be argued that the human must be placed at the centre of the design process and consequently human factors, the human machine interface and the system architecture become critical to achieving high levels of autonomy. This quality impacts on the entire knowledge acquisition and design cycle and broadens what is meant by that term placing it as a discipline firmly in the systems design community. The paper concludes by outlining the key barriers to the successful development of highly autonomous UAVs.",Engineering
Objective Detection of Trust in Automated Urban Air Mobility: A Deep Learning-Based ERP Analysis,"Li, Y.; Zhang, S.; He, R.; Holzapfel, F.",Aerospace,2024,11,3,,10.3390/aerospace11030174,"Urban Air Mobility (UAM) has emerged in response to increasing traffic demands. As UAM involves commercial flights in complex urban areas, well-established automation technologies are critical to ensure a safe, accessible, and reliable flight. However, the current level of acceptance of automation is insufficient. Therefore, this study sought to objectively detect the degree of human trust toward UAM automation. Electroencephalography (EEG) signals, specifically Event-Related Potentials (ERP), were employed to analyze and detect operators’ trust towards automated UAM, providing insights into cognitive processes related to trust. A two-dimensional convolutional neural network integrated with an attention mechanism (2D-ACNN) was also established to enable the end-to-end detection of trust through EEG signals. The results revealed that our proposed 2D-ACNN outperformed other state-of-the-art methods. This work contributes to enhancing the trustworthiness and popularity of UAM automation, which is essential for the widespread adoption and advances in the UAM domain. © 2024 by the authors.",automated vehicles; CNN; cognition; ergonomics; event-related potentials; trust in automation; UAM
The Impact of Automation on Air Traffic Controller's Behaviors,"Wang, Y. J.; Hu, R. J.; Lin, S. Y.; Schultz, M.; Delahaye, D.",Aerospace,2021,8,9,21,10.3390/aerospace8090260,"Air traffic controllers have to make quick decisions to keep air traffic safe. Their behaviors have a significant impact on the operation of the air traffic management (ATM) system. Automation tools have enhanced the ATM system's capability by reducing the controller's task-load. Much attention has been devoted to developing advanced automation in the last decade. However, less is known about the impact of automation on the behaviors of air traffic controllers. Here, we empirically tested the effects of three levels of automation-including manual, attention-guided, and automated-as well as varying traffic levels on eye movements, situation awareness and mental workload. The results showed that there are significant differences in the gaze and saccade behaviors between the attention-guided group and automated group. Traffic affected eye movements under the manual mode or under the attention-guided mode, but had no effect on eye movements under the automated mode. The results also supported the use of automation for enhancing situation awareness while reducing mental workload. Our work has potential implications for the design of automation and operation procedures.",air traffic controller; air transportation; human factors; automation; eye movements; situation awareness; eye-movements; strategies; color; Engineering
Artificial intelligence in farming: Challenges and opportunities for building trust,"Gardezi, M.; Joshi, B.; Rizzo, D. M.; Ryan, M.; Prutzer, E.; Brugler, S.; Dadkhah, A.",Agronomy Journal,2024,116,3,1217-1228,10.1002/agj2.21353,"Artificial intelligence (AI) represents technologies with human-like cognitive abilities to learn, perform, and make decisions. AI in precision agriculture (PA) enables farmers and farm managers to deploy highly targeted and precise farming practices based on site-specific agroclimatic field measurements. The foundational and applied development of AI has matured considerably over the last 30 years. The time is now right to engage seriously with the ethics and responsible practice of AI for the well-being of farmers and farm managers. In this paper, we identify and discuss both challenges and opportunities for improving farmers' trust in those providing AI solutions for PA. We highlight that farmers' trust can be moderated by how the benefits and risks of AI are perceived, shared, and distributed. We propose four recommendations for improving farmers' trust. First, AI developers should improve model transparency and explainability. Second, clear responsibility and accountability should be assigned to AI decisions. Third, concerns about the fairness of AI need to be overcome to improve human-machine partnerships in agriculture. Finally, regulation and voluntary compliance of data ownership, privacy, and security are needed, if AI systems are to become accepted and used by farmers.",big data; precision agriculture; innovation; Agriculture
Automated decision-making and the problem of evil,"Berber, A.",Ai & Society,2023,38,6,2125-2132,10.1007/s00146-023-01814-x,"The intention of this paper is to point to the dilemma humanity may face in light of AI advancements. The dilemma is whether to create a world with less evil or maintain the human status of moral agents. This dilemma may arise as a consequence of using automated decision-making systems for high-stakes decisions. The use of automated decision-making bears the risk of eliminating human moral agency and autonomy and reducing humans to mere moral patients. On the other hand, it also has the potential to bring tremendous benefits to humanity by decreasing human-induced harm in the world. After presenting how this dilemma may arise, I explore general avenues for addressing it. I will argue that we do not have to solve this dilemma in an all-or-nothing fashion and that a more nuanced approach may be suitable. However, the main point I want to highlight is that we need to have a principled way of addressing this dilemma, which is currently missing.",Automated decision-making; The problem of evil; Human moral agency; Machine paternalism; moral responsibility; distress; Computer Science
When something goes wrong: Who is responsible for errors in ML decision-making?,"Berber, A.; Sreckovic, S.",Ai & Society,2024,39,4,1891-1903,10.1007/s00146-023-01640-1,"Because of its practical advantages, machine learning (ML) is increasingly used for decision-making in numerous sectors. This paper demonstrates that the integral characteristics of ML, such as semi-autonomy, complexity, and non-deterministic modeling have important ethical implications. In particular, these characteristics lead to a lack of insight and lack of comprehensibility, and ultimately to the loss of human control over decision-making. Errors, which are bound to occur in any decision-making process, may lead to great harm and human rights violations. It is important to have a principled way of assigning responsibility for such errors. The integral characteristics of ML, however, pose serious difficulties in defining responsibility and regulating ML decision-making. First, we elaborate on these characteristics and their epistemic and ethical implications. We then analyze possible general strategies for resolving the assignment of moral responsibility and show that, due to the specific way in which ML functions, each potential solution is problematic, whether we assign responsibility to humans, machines, or using hybrid models. Then, we shift focus on an alternative approach that bypasses moral responsibility and attempts to define legal liability independently through solutions such as informed consent and the no-fault compensation system. Both of these solutions prove unsatisfactory because they leave too much room for potential abuses of ML decision-making. We conclude that both ethical and legal solutions are fraught with serious difficulties. These difficulties prompt us to re-weigh the costs and benefits of using ML for high-stake decisions.",Machine learning; Algorithmic decision-making; Opacity; Responsibility; Liability; Hybrid responsibility; Machine responsibility; moral responsibility; machine; systems; Computer Science
Moral judgment in realistic traffic scenarios: moving beyond the trolley paradigm for ethics of autonomous vehicles,"Cecchini, D.; Brantley, S.; Dubljevic, V.",Ai & Society,2023,,,12,10.1007/s00146-023-01813-y,"The imminent deployment of autonomous vehicles requires algorithms capable of making moral decisions in relevant traffic situations. Some scholars in the ethics of autonomous vehicles hope to align such intelligent systems with human moral judgment. For this purpose, studies like the Moral Machine Experiment have collected data about human decision-making in trolley-like traffic dilemmas. This paper first argues that the trolley dilemma is an inadequate experimental paradigm for investigating traffic moral judgments because it does not include agents' character-based considerations and is incapable of facilitating the investigation of low-stakes mundane traffic scenarios. In light of the limitations of the trolley paradigm, this paper presents an alternative experimental framework that addresses these issues. The proposed solution combines the creation of mundane traffic moral scenarios using virtual reality and the Agent-Deed-Consequences (ADC) model of moral judgment as a moral-psychological framework. This paradigm shift potentially increases the ecological validity of future studies by providing more realism and incorporating character considerations into traffic actions.",Traffic moral judgment; Moral machine experiment; Trolley problem; ADC; model; Computer Science
"Human autonomy, technological automation (and reverse)","Chiodo, S.",Ai & Society,2022,37,1,39-48,10.1007/s00146-021-01149-5,"We continuously talk about autonomous technologies. But how can words qualifying technologies be the very same words chosen by Kant to define what is essentially human, i.e. being autonomous? The article focuses on a possible answer by reflecting upon both etymological and philosophical issues, as well as upon the case of autonomous vehicles. Most interestingly, on the one hand, we have the notion of (human) ""autonomy"", meaning that there is a ""law"" that is ""self-given"", and, on the other hand, we have the notion of (technological) ""automation"", meaning that there is something ""offhand"" that is ""self-given"". Yet, we are experiencing a kind of twofold shift: on the one hand, the shift from defining technologies in terms of automation to defining technologies in terms of autonomy and, on the other hand, the shift from defining humans in terms of autonomy to defining humans in terms of automation. From a philosophical perspective, the shift may mean that we are trying to escape precisely from what autonomy founds, i.e. individual responsibility of humans that, in the Western culture, have been defined for millennia as rational and moral decision-makers, even when their decisions have been the toughest. More precisely, the shift may mean that we are using technologies, and in particular emerging algorithmic technologies, as scapegoats that bear responsibility for us by making decisions for us. Moreover, if we consider the kind of emerging algorithmic technologies that increasingly surround us, starting from autonomous vehicles, then we may argue that we also seem to create a kind of technological divine that, by being always with us through its immanent omnipresence, omniscience, omnipotence and inscrutability, can always be our technological scapegoat freeing us from the most unbearable burden of individual responsibility resulting from individual autonomy.",Autonomy; Automation; Emerging algorithmic technologies; Autonomous; vehicles; Anarchism; Computer Science
The psychological and ethological antecedents of human consent to techno-empowerment of autonomous office assistants,"Modlinski, A.",Ai & Society,2023,38,2,647-663,10.1007/s00146-022-01534-8,"Human organizations' adoption of the paradigm of the Fourth Industrial Revolution is associated with the growth of techno-empowerment, which is the process of transferring autonomy in decision-making to intelligent machines. Particular persuasive strategies have been identified that may coax people to use intelligent devices. However, there is a substantial research gap regarding what antecedents influence human intention to assign decision-making autonomy to artificial agents. In this study, ethological and evolutionary concepts are applied to explain the drivers for autonomous assistants' techno-empowerment. The method used in the study was a 4 x 2 between-subject experiment made with 278 persons. The research tool used to collect the data was an online survey. The results show that more positive attitudes and higher trust, perceived usefulness, and perceived ease of use are correlated with higher intention to allow the autonomous assistant independence in decision-making. Second, the results suggest that the more human-like a non-human agent is, the higher the intention to empower it-but only if this agent simultaneously provides functional and visual anthropomorphic cues explainable by the mimicry effect.",Human-machine interaction; Autonomous systems; Anthropomorphism; Ethology; Techno-empowerment; Management issues; decision-making; user acceptance; model; workplace; attitudes; design; agents; trust; Computer Science
"Law, artificial intelligence, and synaesthesia","Neuwirth, R. J.",Ai & Society,2024,39,3,901-912,10.1007/s00146-022-01615-8,"In 2021, 193 Member States at UNESCO's General Conference adopted the Recommendation on the Ethics of Artificial Intelligence as the first important step towards a future global standard-setting instrument on the subject. The text reflects an emerging consensus among the international community about the growing ethical concerns with artificial intelligence (AI). Among these concerns are also serious risks and dangers attributed to the manipulative effects of AI, which can be further exacerbated by the creative combination of AI with other innovative technologies or applications, such as brain-computer interfaces (BCIs), functional magnetic resonance imaging (fMRI), robotics, and big data. The risks for individuals and society as a whole caused by manipulation through AI are already well known and have recently also been addressed by the European Union having released a proposal for an Artificial Intelligence Act (AIA). Among multiple risks related to AI, the AIA singles out the specific dangers related to AI systems that deploy ""subliminal techniques beyond a person's consciousness to materially distort a person's behaviour in a manner that causes or is likely to cause that person or another person physical or psychological harm "". The present article thus aims to highlight the known and potential dangers related to AI systems manipulating human thoughts and behaviour through subliminal and supraliminal means and methods. To this end, it advocates the joint study of law and the senses captured by the concept of legal synaesthesia to correspond to the need for an interdisciplinary debate covering the complexity of the links between AI, related technologies, human perception based on the senses and the mind, as well as the role and instruments of law in the future organization of societies in this world.",Law; Artificial Intelligence; Synaesthesia; Society; Neurolaw; Augmented; and Virtual Reality; Legal Synaesthesia; Essentially Oxymoronic; Concepts; Legal Semiotics; virtual-reality; science; Computer Science
The carousel of ethical machinery,"Pereira, L. M.",Ai & Society,2021,36,1,185-196,10.1007/s00146-020-00994-0,"Human beings have been aware of the risks associated with knowledge or its associated technologies since the dawn of time. Not just in Greek mythology, but in the founding myths of Judeo-Christian religions, there are signs and warnings against these dangers. Yet, such warnings and forebodings have never made as much sense as they do today. This stems from the emergence of machines capable of cognitive functions performed exclusively by humans until recently. Besides those technical problems associated with its design and conceptualization, the cognitive revolution, brought about by the development of AI also gives rise to social and economic problems that directly impact humanity. Therefore, it is vital and urgent to examine AI from a moral point of view. The moral problems are two-fold: on the one hand, those associated with the type of society we wish to promote through automation, complexification and power of data processing available today; on the other, how to program decision-making machines according to moral principles acceptable to those humans who will share knowledge and action with them.",Machine ethics; Ethical AI; Evolutionary morality; Social impacts of AI; Computer Science
Immune moral models? Pro-social rule breaking as a moral enhancement approach for ethical AI,"Ramanayake, R.; Wicke, P.; Nallur, V.",Ai & Society,2023,38,2,801-813,10.1007/s00146-022-01478-z,"We are moving towards a future where Artificial Intelligence (AI) based agents make many decisions on behalf of humans. From healthcare decision-making to social media censoring, these agents face problems, and make decisions with ethical and societal implications. Ethical behaviour is a critical characteristic that we would like in a human-centric AI. A common observation in human-centric industries, like the service industry and healthcare, is that their professionals tend to break rules, if necessary, for pro-social reasons. This behaviour among humans is defined as pro-social rule breaking. To make AI agents more human-centric, we argue that there is a need for a mechanism that helps AI agents identify when to break rules set by their designers. To understand when AI agents need to break rules, we examine the conditions under which humans break rules for pro-social reasons. In this paper, we present a study that introduces a 'vaccination strategy dilemma' to human participants and analyzes their response. In this dilemma, one needs to decide whether they would distribute COVID-19 vaccines only to members of a high-risk group (follow the enforced rule) or, in selected cases, administer the vaccine to a few social influencers (break the rule), which might yield an overall greater benefit to society. The results of the empirical study suggest a relationship between stakeholder utilities and pro-social rule breaking (PSRB), which neither deontological nor utilitarian ethics completely explain. Finally, the paper discusses the design characteristics of an ethical agent capable of PSRB and the future research directions on PSRB in the AI realm. We hope that this will inform the design of future AI agents, and their decision-making behaviour.",Machine ethics; Pro-social rule breaking; Pro-social behaviour; Artificial Intelligence; simulation theory; Computer Science
Algorithms and dehumanization: a definition and avoidance model,"Schultz, M. D.; Clegg, M.; Hofstetter, R.; Seele, P.",Ai & Society,2024,,,21,10.1007/s00146-024-02123-7,"Dehumanization by algorithms raises important issues for business and society. Yet, these issues remain poorly understood due to the fragmented nature of the evolving dehumanization literature across disciplines, originating from colonialism, industrialization, post-colonialism studies, contemporary ethics, and technology studies. This article systematically reviews the literature on algorithms and dehumanization (n = 180 articles) and maps existing knowledge across several clusters that reveal its underlying characteristics. Based on the review, we find that algorithmic dehumanization is particularly problematic for human resource management and the future of work, managerial decision-making, consumer ethics, hard- and soft-law regulation, and basic values, including privacy and consumer rights. From the literature synthesis, we also derive the following definition of algorithmic dehumanization: the act of using algorithms and data in a way that results in the intentional or unintentional treatment of individuals and/or groups as less than fully human, thereby violating human rights, including liberty, equality, and dignity. Ultimately, we present a dehumanization avoidance model that serves as a structured research agenda and practical guide to address the challenges raised by algorithmic dehumanization. Thus, the model indicates promising pathways for future research at the intersection of AI and society and facilitates reflection on organizational processes that support improving corporate capabilities and managerial decision-making to avoid algorithmic dehumanization.",Algorithms; Dehumanization; Systematic interpretative review; Dehumanization avoidance model; artificial-intelligence; discourse ethics; machines; people; rights; patient; cyborgs; robots; transhumanism; automation; Computer Science
"Morals, ethics, and the technology capabilities and limitations of automated and self-driving vehicles","Siegel, J.; Pappas, G.",Ai & Society,2023,38,1,213-226,10.1007/s00146-021-01277-y,"We motivate the desire for self-driving and explain its potential and limitations, and explore the need for-and potential implementation of-morals, ethics, and other value systems as complementary ""capabilities"" to the Deep Technologies behind self-driving. We consider how the incorporation of such systems may drive or slow adoption of high automation within vehicles. First, we explore the role for morals, ethics, and other value systems in self-driving through a representative hypothetical dilemma faced by a self-driving car. Through the lens of engineering, we explain in simple terms common moral and ethical frameworks including utilitarianism, deontology, and virtue ethics before characterizing their relationship to the fundamental algorithms enabling self-driving. The concepts of behavior cloning, state-based modeling, and reinforcement learning are introduced, with some algorithms being more suitable for the implementation of value systems than others. We touch upon the contemporary cross-disciplinary landscape of morals and ethics in self-driving systems from a joint philosophical and technical perspective, and close with considerations for practitioners and the public, particularly as individuals may not appreciate the nuance and complexity of using imperfect information to navigate diverse scenarios and tough-to-quantify value systems, while ""typical"" software development reduces complex problems to black and white decision-making.",Self-driving; Autonomous vehicles; Automated vehicles; Ethics; Morals; Value systems; Artificial intelligence; Computer Science
Why machines cannot be moral,"Sparrow, R.",Ai & Society,2021,36,3,685-693,10.1007/s00146-020-01132-6,"The fact that real-world decisions made by artificial intelligences (AI) are often ethically loaded has led a number of authorities to advocate the development of ""moral machines"". I argue that the project of building ""ethics"" ""into"" machines presupposes a flawed understanding of the nature of ethics. Drawing on the work of the Australian philosopher, Raimond Gaita, I argue that ethical dilemmas are problems for particular people and not (just) problems for everyone who faces a similar situation. Moreover, the force of an ethical claim depends in part on the life history of the person who is making it. For both these reasons, machines could at best be engineered to provide a shallow simulacrum of ethics, which would have limited utility in confronting the ethical and policy dilemmas associated with AI.",Artificial intelligence; Ethics; Machine ethics; Moral authority; Raimond Gaita; Computer Science
The Digital Nexus: tracing the evolution of human consciousness and cognition within the artificial realm-a comprehensive review,"Wang, Z.; Wu, D. T.",Ai & Society,2024,39,6,2703-2713,10.1007/s00146-023-01753-7,"This paper endeavors to appraise scholarly works from the 1940s to the contemporary era, examining the scientific quest to transpose human cognition and consciousness into a digital surrogate, while contemplating the potential ramifications should humanity attain such an abstract level of intellect. The discourse commences with an explication of theories concerning consciousness, progressing to the Turing Test apparatus, and intersecting with Damasio's research on the human cerebrum, particularly in relation to consciousness, thereby establishing congruence between the Turing Test and Damasio's notions of consciousness. Subsequently, the narrative traverses the evolutionary chronology of transmuting human cognition into machine sapience, and delves into the fervent endeavors to metamorphose human minds into synthetic counterparts. Additionally, theoretical perspectives from the domains of philosophy, psychology, and neuroscience provide insight into the constraints intrinsic to AI implementations, contentious hypotheses, the perils concealed within artificial networks, and the ethical considerations necessitated by AI frameworks. Furthermore, contemplation of prospective repercussions facilitates the refinement of strategic approaches to safeguard our future Augmented Age Realities within AI, circumventing the prospect of inhabiting an intimidating technopolis where a mere 30% monopolize the intellect and ingenuity of the remaining 70% of human minds.",Machine intelligence; Human consciousness; Cognitive transmutation; Ethical considerations; Augmented age realities; intelligence; Computer Science
Trust and robotics: a multi-staged decision-making approach to robots in community,"Zhang, W. X.; Wong, W. L.; Findlay, M.",Ai & Society,2024,39,5,2463-2478,10.1007/s00146-023-01705-1,"With the desired outcome of social good within the wider robotics ecosystem, trust is identified as the central adhesive of the human-robot interaction (HRI) interface. However, building trust between humans and robots involves more than improving the machine's technical reliability or trustworthiness in function. This paper presents a holistic, community-based approach to trust-building, where trust is understood as a multifaceted and multi-staged looped relation that depends heavily on context and human perceptions. Building on past literature that identifies dispositional and learned stages of trust, our proposed decision to trust model considers more extensively the human and situational factors influencing how trust manifests within social relations. Priority is given to the human user of technology-the initiator of human-robot trust relations-at all stages of decision-making. The envisioned formation of optimal conditions in which trust emerges requires the collective participation of practitioners, policymakers, and members of the community. With trust facilitating the smooth transition of robots into more socially embedded roles, positive receptivity of the best engineering project arises from the presence of harmonious robot-human trust relations in community spaces.",Social robots; Acceptability and trust; Design and human factors; Ethics; and governance declarations; prospect-theory; social robots; automation; anthropomorphism; metaanalysis; challenges; economics; emotion; systems; humans; Computer Science
Artificial intelligence-related anomies and predictive policing: normative (dis)orders in liberal democracies,"Behnam Shad, K.",AI and Society,2023,,,,10.1007/s00146-023-01751-9,"This article links three rarely considered dimensions related to the implementation of artificial intelligence (AI)-based technologies in the form of predictive policing and discusses them in relation to liberal democratic societies. The three dimensions are the theoretical embedding and the workings of AI within anomic conditions (1), potential normative disorders emerging from them in the form of thinking errors and discriminatory practices (2) as well as the consequences of these disorders on the psychosocial, and emotional level (3). Against this background, AI-induced anomie is conceptualized as a field of tension that refers to a systematic deterioration of democratic norms that are supposed to create ‘normative orders’, but which, when implemented through AI-supported measures, can reproduce existing discriminations, and establish new kinds of discriminatory relations. In future, these AI-based measures have the potential to lead to opposing normative disorders by emerging in the form of false social norms to an equally false Second Nature. They deprive persons involved of the possibility of individual appropriation of social norms and the specific emotional development associated with it. © 2023, The Author(s).",Affects and emotions; Anomies; Artificial intelligence; Predictive policing; Social norms; Economic and social effects; Affect and emotion; Anomy; Condition; Discriminatory practices; Embeddings; Social norm; Three dimensions; Deterioration
Mediation and communication of information in the cultural interface,"Gill, S. P.",AI and Society,1999,13,3,218-234,10.1007/BF01174778,"In man-machine communication, there is a relationship between what may be described as tacit (human) and explicit (machine) knowledge. The tacit lies in practice and the explicit in the formulation of the processes and content of this practice. However, when a human communicates with another human face to face, we may describe them as communicating aspects of the tacit and explicit dimension of their knowledge, i.e. the expression and its background of meaning for the particular situation. When this is unsuccessful in being communicated, some mediator (not necessarily a third person) is needed to provide the bridge for the particular discrepant aspects of the tacit and explicit dimensions to meet. This is achieved by making the tacit nature of the discrepancy in the communication explicit to both participants such that they both understand the background to their discrepancy. Once they become aware, it is possible for them to begin to resolve it. In considering what has been termed here the 'cultural interface', i.e. communication across cultures, the paper will explore the nature of discrepancies in communication and the means by which we can accommodate to each other's differences, either via third party help or between ourselves. The interaction of each person's tacit (background of practices) and their interpretation, set against this background, of the explicit (the utterance, silence, gesture) needs to find some mutual ground, involving their cultural self. The operation of mediation and negotiation will be considered in this context. © 1999 Springer-Verlag London Limited.",Culture; Knowledge transfer; Mediation; Negotiation; Propositional knowledge; Tacit knowledge; Cell culture; Knowledge management
Public perceptions of the use of artificial intelligence in Defence: a qualitative exploration,"Hadlington, L.; Karanika-Murray, M.; Slater, J.; Binder, J.; Gardner, S.; Knight, S.",AI and Society,2024,,,,10.1007/s00146-024-01871-w,"There are a wide variety of potential applications of artificial intelligence (AI) in Defence settings, ranging from the use of autonomous drones to logistical support. However, limited research exists exploring how the public view these, especially in view of the value of public attitudes for influencing policy-making. An accurate understanding of the public’s perceptions is essential for crafting informed policy, developing responsible governance, and building responsive assurance relating to the development and use of AI in military settings. This study is the first to explore public perceptions of and attitudes towards AI in Defence. A series of four focus groups were conducted with 20 members of the UK public, aged between 18 and 70, to explore their perceptions and attitudes towards AI use in general contexts and, more specifically, applications of AI in Defence settings. Thematic analysis revealed four themes and eleven sub-themes, spanning the role of humans in the system, the ethics of AI use in Defence, trust in AI versus trust in the organisation, and gathering information about AI in Defence. Participants demonstrated a variety of misconceptions about the applications of AI in Defence, with many assuming that a variety of different technologies involving AI are already being used. This highlighted a confluence between information from reputable sources combined with narratives from the mass media and conspiracy theories. The study demonstrates gaps in knowledge and misunderstandings that need to be addressed, and offers practical insights for keeping the public reliably, accurately, and adequately informed about the capabilities, limitations, benefits, and risks of AI in Defence. © The Author(s) 2024.",Artificial intelligence; Attitudes; Defence; Emergent technologies
Do we want AI judges? The acceptance of AI judges’ judicial decision-making on moral foundations,"Kim, T.; Peng, W.",AI and Society,2024,,,,10.1007/s00146-024-02121-9,"This study explored the acceptance of artificial intelligence-based judicial decision-making (AI-JDM) as compared to human judges, focusing on the moral foundations of the cases involved using within-subject experiments. The study found a general aversion toward AI-JDM regarding perceived risk, permissibility, and social approval. However, when cases are rooted in the moral foundation of fairness, AI-JDM receives slightly higher social approval, though the effect size remains small. The study also found that demographic factors like racial/ethnic status and age significantly affect these attitudes. Especially, racial/ethnic minorities showed more social approval in AI-JDM than the racial/ethnic majority (i.e., non-Hispanic whites). These findings show the potential role of machine heuristics in the acceptance of AI-JDM and have practical implications for the implementation of AI in judicial systems, particularly suggesting a cautious approach and underscoring the need to inform the public, especially minority groups, about the limitations and potential biases of AI-JDM. © The Author(s), under exclusive licence to Springer-Verlag London Ltd., part of Springer Nature 2024.",Acceptance; Artificial intelligence; Machine heuristics; Moral foundations; Decision making; Economic and social effects; Ethical aspects; Decisions makings; Demographic factors; Effect size; Ethnic minorities; Hispanics; Machine heuristic; Moral foundation; Perceived risk; Subject experiment
Interdependence as the key for an ethical artificial autonomy,"Pianca, F.; Santucci, V. G.",AI and Society,2023,38,5,2045-2059,10.1007/s00146-021-01313-x,"Currently, the autonomy of artificial systems, robotic systems in particular, is certainly one of the most debated issues, both from the perspective of technological development and its social impact and ethical repercussions. While theoretical considerations often focus on scenarios far beyond what can be concretely hypothesized from the current state of the art, the term autonomy is still used in a vague or too general way. This reduces the possibilities of a punctual analysis of such an important issue, thus leading to often polarized positions (naive optimism or unfounded defeatism). The intent of this paper is to clarify what is meant by artificial autonomy, and what are the prerequisites that can allow the attribution of this characteristic to a robotic system. Starting from some concrete examples, we will try to indicate a way towards artificial autonomy that can hold together the advantages of developing adaptive and versatile systems with the management of the inevitable problems that this technology poses both from the viewpoint of safety and ethics. Our proposal is that a real artificial autonomy, especially if expressed in the social context, can only be achieved through interdependence with other social actors (human and otherwise), through continuous exchanges and interactions which, while allowing robots to explore the environment, guarantee the emergence of shared practices, behaviors, and ethical principles, which otherwise could not be imposed with a top-down approach, if not at the price of giving up the same artificial autonomy. © 2022, The Author(s).",Artificial autonomy; Ethics; Interdependence; Intrinsic motivations; Social robotics; Economic and social effects; Ethical technology; 'current; Artificial systems; Intrinsic motivation; Robotic systems; Social impact; State of the art; Technological development; Human robot interaction
We have to talk about emotional AI and crime,"Podoletz, L.",AI and Society,2023,38,3,1067-1082,10.1007/s00146-022-01435-w,"Emotional AI is an emerging technology used to make probabilistic predictions about the emotional states of people using data sources, such as facial (micro)-movements, body language, vocal tone or the choice of words. The performance of such systems is heavily debated and so are the underlying scientific methods that serve as the basis for many such technologies. In this article I will engage with this new technology, and with the debates and literature that surround it. Working at the intersection of criminology, policing, surveillance and the study of emotional AI this paper explores and offers a framework of understanding the various issues that these technologies present particularly to liberal democracies. I argue that these technologies should not be deployed within public spaces because there is only a very weak evidence-base as to their effectiveness in a policing and security context, and even more importantly represent a major intrusion to people’s private lives and also represent a worrying extension of policing power because of the possibility that intentions and attitudes may be inferred. Further to this, the danger in the use of such invasive surveillance for the purpose of policing and crime prevention in urban spaces is that it potentially leads to a highly regulated and control-oriented society. I argue that emotion recognition has severe impacts on the right to the city by not only undertaking surveillance of existing situations but also making inferences and probabilistic predictions about future events as well as emotions and intentions. © 2022, The Author(s).",Crime; Crime Prediction; Emotional AI; Policing; Predictive Policing; Public Security; Urban AI; Emotion Recognition; Monitoring; Data-source; Emerging technologies; Emotional state; Probabilistic prediction; Forecasting
Anthropomorphism in social robotics: empirical results on human–robot interaction in hybrid production workplaces,"Richert, A.; Müller, S.; Schröder, S.; Jeschke, S.",AI and Society,2018,33,3,413-424,10.1007/s00146-017-0756-x,"New forms of artificial intelligence on the one hand and the ubiquitous networking of “everything with everything” on the other hand characterize the fourth industrial revolution. This results in a changed understanding of human–machine interaction, in new models for production, in which man and machine together with virtual agents form hybrid teams. The empirical study “Socializing with robots” aims to gain insight especially into conditions of development and processes of hybrid human–machine teams. In the experiment, human–robot actions and interactions were closely observed in a virtual environment. Robots as partners differed in shape and behavior (reliable or faulty). Participants were instructed to achieve an objective that could only be achieved via close teamwork. This paper unites different aspects from core disciplines of social robotics and psychology contributing to anthropomorphization with the empirical insights of the experiment. It focuses on the psychological effects (e.g. reactions of different personality types) on anthropomorphization and mechanization, taking the inter- and transdisciplinary field of social robotics as a starting point. © 2017, Springer-Verlag London Ltd.",Anthropomorphism; Collaboration; Cyber-physical-systems; Human–machine interaction; Industry 4.0; Lightweight robotics; Personality; Problem solving behavior; Social robotics; Cyber Physical System; Economic and social effects; Embedded systems; Human form models; Machinery; Problem solving; Robotics; Virtual reality; Light-weight robotics; Human robot interaction
Organisational responses to the ethical issues of artificial intelligence,"Stahl, B. C.; Antoniou, J.; Ryan, M.; Macnish, K.; Jiya, T.",AI and Society,2022,37,1,23-37,10.1007/s00146-021-01148-6,"The ethics of artificial intelligence (AI) is a widely discussed topic. There are numerous initiatives that aim to develop the principles and guidance to ensure that the development, deployment and use of AI are ethically acceptable. What is generally unclear is how organisations that make use of AI understand and address these ethical issues in practice. While there is an abundance of conceptual work on AI ethics, empirical insights are rare and often anecdotal. This paper fills the gap in our current understanding of how organisations deal with AI ethics by presenting empirical findings collected using a set of ten case studies and providing an account of the cross-case analysis. The paper reviews the discussion of ethical issues of AI as well as mitigation strategies that have been proposed in the literature. Using this background, the cross-case analysis categorises the organisational responses that were observed in practice. The discussion shows that organisations are highly aware of the AI ethics debate and keen to engage with ethical issues proactively. However, they make use of only a relatively small subsection of the mitigation strategies proposed in the literature. These insights are of importance to organisations deploying or using AI, to the academic AI ethics debate, but maybe most valuable to policymakers involved in the current debate about suitable policy developments to address the ethical issues raised by AI. © 2021, The Author(s).",AI policy; Artificial intelligence; Case study; Ethics; Organisational response; Philosophical aspects; Case analysis; Case-studies; Empirical findings; Ethical issues; Mitigation strategy; Organisational; Policy development; Policy makers
"Moral distance, AI, and the ethics of care","Villegas-Galaviz, C.; Martin, K.",AI and Society,2024,39,4,1695-1706,10.1007/s00146-023-01642-z,"This paper investigates how the introduction of AI to decision making increases moral distance and recommends the ethics of care to augment the ethical examination of AI decision making. With AI decision making, face-to-face interactions are minimized, and decisions are part of a more opaque process that humans do not always understand. Within decision-making research, the concept of moral distance is used to explain why individuals behave unethically towards those who are not seen. Moral distance abstracts those who are impacted by the decision and leads to less ethical decisions. The goal of this paper is to identify and analyze the moral distance created by AI through both proximity distance (in space, time, and culture) and bureaucratic distance (derived from hierarchy, complex processes, and principlism). We then propose the ethics of care as a moral framework to analyze the moral implications of AI. The ethics of care brings to the forefront circumstances and context, interdependence, and vulnerability in analyzing algorithmic decision making. © The Author(s) 2023.",AI; AI ethics; Artificial intelligence; Ethics of care; Moral distance; Ethical technology; AI ethic; Algorithmics; Complex Processes; Decisions makings; Ethic of care; Face-to-face interaction; Spacetime; Decision making
Methods of AI for Multimodal Sensing and Action for Complex Situations,"Blasch, E.; Cruise, R.; Aved, A.; Majumder, U.; Rovito, T.",AI Magazine,2019,40,4,50-65,10.1609/aimag.v40i4.4813,"Artificial intelligence (AI) seeks to emulate human reasoning, but is still far from achieving such results for actionable sensing in complex situations. Instead of emulating human situation understanding, machines can amplify intelligence by accessing large amounts of data, filtering unimportant information, computing relevant context, and prioritizing results (for example, answers to human queries) to provide human-machine shared context. Intelligence support can come from many contextual sources that augment data reasoning through physical, environmental, and social knowledge. We propose a decisions-to-data multimodal sensor and action through contextual agents (human or machine) that seek, combine, and make sense of relevant data. Decisions-to-data combines AI computational capabilities with human reasoning to manage data collections, perform data fusion, and assess complex situations (that is, context reasoning). Five areas of AI developments for context-based AI that cover decisions-to-data include: (1) situation modeling (data at rest), (2) measurement control (data in motion), (3) statistical algorithms (data in collect), (4) software computing (data in transit), and (5) human-machine AI (data in use). A decisions-to-data example is presented of a command-guided swarm requiring contextual data analysis, systems-level design, and user interaction for effective and efficient multimodal sensing and action.",Computer Science
AI Rebel Agents,"Coman, A.; Aha, D. W.",AI Magazine,2018,39,3,16-26,10.1609/aimag.v39i3.2762,"The ability to say ""no"" in a variety of ways and contexts is an essential part of being sociocognitively human. Rebel agents are artificially intelligent agents that can refuse assigned goals and plans, or oppose the behavior or attitudes of other agents. Rebel agents can serve purposes such as ethics, safety, task execution correctness, and providing or supporting diverse points of view. Through several examples, we show that, despite ominous portrayals in science fiction, such AI agents with human-inspired noncompliance abilities have many potential benefits. We present a framework to help categorize and design rebel agents, discuss their social and ethical implications, and assess their potential benefits and the risks they may pose. In recognition of the fact that, in human psychology, noncompliance has profound sociocognitive implications, we also explore sociocognitive dimensions of AI rebellion: social awareness and counternarrative intelligence.",Computer Science
Negotiating Agents,"Jonker, C. M.; Hindriks, K. V.; Wiggers, P.; Broekens, J.",AI Magazine,2012,33,3,79-91,10.1609/aimag.v33i3.2421,"Negotiation is a complex emotional decision-making process aiming to reach an agreement to exchange goods or services. From an agent technological perspective creating negotiating agents that can support humans with their negotiations is an interesting challenge. After more than a decade of research, negotiating agents can outperform human beings (in terms of deal optimality) if the negotiation space is well understood. However, the inherent semantic problem and the emotional issues involved mean that negotiation cannot be handled by artificial intelligence alone, and a human-machine collaborative system is required. This article presents research goals, challenges, and an approach to create the next generation of negotiation support agents.",preference elicitation; models; Computer Science
Certifiable trust in autonomous systems: Making the intractable tangible,"Lyons, J. B.; Clark, M. A.; Wagner, A. R.; Schuelke, M. J.",AI Magazine,2017,38,3,37-49,10.1609/aimag.v38i3.2717,"Advances in robotics may reshape the landscape of daily life, yet those in the military have been part of the robotics revolution for some time now. One cannot traverse far within military echelons nor listen to the popular press without hearing planning, discussion, and for some, a great deal of concern regarding the military's latest push toward autonomous systems. The military's use of drones (uninhabited aerial systems, or UASs) has been a ubiquitous topic of discussion/criticism within the popular media for several years since their highly publicized use in regions such as Pakistan, Yemen, and Afghanistan. Much of the chagrin surrounding these systems, despite the fact they are currently teleoperated with human oversight and command, has to do with whether or not we can or should trust them in a combat environment. Robotic systems within the military may be operated in hostile, complex situations and may, someday, be given the authority to execute lethal decisions within the battle space (Arkin 2009). However, future concept of operations (CONOPS) will likely inject greater autonomy for understanding the trust dynamics that exist between humans and machines. As will be discussed in this article, the challenge of understanding these trust dynamics is more complicated than simply increasing the system's reliability.into these systems that will ultimately increase the need. © 2017, Association for the Advancement of Artificial Intelligence.",Antennas; Audition; Aerial systems; Autonomous systems; Combat environments; Concept of operations; Human oversight; Robotic systems; Teleoperated; Trust dynamics; Robotics
Building Bridges between AI and Cognitive Psychology,"Reed, S. K.",AI Magazine,2019,40,2,17-28,10.1609/aimag.v40i2.2853,"My goal in this article is to encourage greater integration of the fields of AI and cognitive psychology by reviewing work on shared interests. I begin with examples that link my early research related to AI with my current efforts to organize knowledge in the cognitive sciences. I then describe how cognitive psychologists have contributed to the methods explained in The Master Algorithm: How the Quest for the Ultimate Learning Machine Will Remake Our World (Domingos, 2015), including how these methods can be combined. The final section discusses three benefits of building bridges: using computational models in AI as theoretical models in cognitive psychology, solving joint computational problems, and facilitating the interactions between people and machines.",artificial-intelligence; model; connectionist; similarity; mind; Computer Science
Integrating context into artificial intelligence: Research from the robotics collaborative technology alliance,"Schaefer, K. E.; Oh, J.; Aksaray, D.; Barber, D.",AI Magazine,2019,40,3,28-40,10.1609/aimag.v40i3.2865,"I ntegrating context to support AI development provides a number of potential benefits for efficient teaming and collaborative task accomplishment for human-robot teams. For military teams in particular, integration of context into AI architectures is essential to facilitate collaboration and successful operation in complex and dynamic environments. Take, for example, when a soldier reports that a hostile threat is in a target area. Given this information, a robot could be expected to change how it navigates to the target environment, make its primary objective enemy detection, and provide guidance for the movements and future actions of both friendly and adversarial human counterparts so that team members can remain undetected. However, a human teammate's interpretation of the robot's behaviors is directly influenced by the robot's ability to adequately communicate reasoning for its own previous and current actions. Otherwise, its behavior may appear ambiguous or incorrect from a human perspective. Therefore, the robot needs to understand both how context will or could affect its own decisions as well as how it could affect team members' decisions. Integrating contextual understanding allows shared situation awareness and shared mental model development, improves joint decision making and categorization of data, provides better processing times, and enhances learning both online and offline for the team. Copyright © 2019, Association for the Advancement of Artificial intelligence.",Decision making; Collaborative tasks; Collaborative technologies; Contextual understanding; Dynamic environments; Joint decision making; Potential benefits; Shared mental model; Situation awareness; Robots
The Case for Explicit Ethical Agents,"Scheutz, M.",AI Magazine,2017,38,4,57-64,10.1609/aimag.v38i4.2746,"Morality is a fundamentally human trait that permeates all levels of human society, from basic etiquette and normative expectations of social groups, to formalized legal principles upheld by societies. Hence, future interactive AI systems, in particular, cognitive systems on robots deployed in human settings, will have to meet human normative expectations, for otherwise these system risk causing harm. While the interest in machine ethics has increased rapidly in recent years, there are only very few current efforts in the cognitive systems community to investigate moral and ethical reasoning. And there is currently no cognitive architecture that has even rudimentary moral or ethical competence, that is, the ability to judge situations based on moral principles such as norms and values and make morally and ethically sound decisions. We hence argue for the urgent need to instill moral and ethical competence in all cognitive system intended to be employed in human social contexts.",Computer Science
Improve robustness of machine learning via efficient optimization and conformal prediction,"Yan, Y.",AI Magazine,2024,45,2,270-279,10.1002/aaai.12173,"The advance of machine learning (ML) systems in real-world scenarios usually expects safe deployment in high-stake applications (e.g., medical diagnosis) for critical decision-making process. To this end, provable robustness of ML is usually required to measure and understand how reliable the deployed ML system is and how trustworthy their predictions can be. Many studies have been done to enhance the robustness in recent years from different angles, such as variance-regularized robust objective functions and conformal prediction (CP) for uncertainty quantification on testing data. Although these tools provably improve the robustness of ML model, there is still an inevitable gap to integrate them into an end-to-end deployment. For example, robust objectives usually require carefully designed optimization algorithms, while CP treats ML models as black boxes. This paper is a brief introduction to our recent research focusing on filling this gap. Specifically, for learning robust objectives, we designed sample-efficient stochastic optimization algorithms that achieves the optimal (or faster compared to existing algorithms) convergence rates. Moreover, for CP-based uncertainty quantification, we established a framework to analyze the expected prediction set size (smaller size means more efficiency) of CP methods in both standard and adversarial settings. This paper elaborates the key challenges and our exploration towards efficient algorithms with details of background methods, notions for robustness measure, concepts of algorithmic efficiency, our proposed algorithms and results. All of them further motivate our future research on risk-aware ML that can be critical for AI-human collaborative systems. The future work mainly targets designing conformal robust objectives and their efficient optimization algorithms.",Computer Science
Fuzzy Bayesian based bow-tie risk assessment of runway overrun: a method for airline flight operations,"Acarbay, C.; Kiyak, E.",Aircraft Engineering and Aerospace Technology,2022,94,10,1706-1719,10.1108/aeat-09-2021-0272,"Purpose The purpose of this paper is to improve risk assessment processes in airline flight operations by introducing a dynamic risk assessment method. Design/methodology/approach Fuzzy logic and Bayesian network are used together to form a dynamic structure in the analysis. One of the most challenging factors of the analyses in aviation is to get quantitative data. In this study, the fuzzy data quantification technique is used to perform dynamic risk assessment. Dynamic structure in the analysis is obtained by transforming the bow-tie model into a Bayesian network equivalent. Findings In this study, the probability of top-event from fault tree analysis is calculated as 1.51 x 10(-6). Effectiveness of the model is measured by comparing the analysis with the safety performance indicator data that reflects past performance of the airlines. If two data are compared with each other, they are at the same order of value, with small difference (0.6 x 10(-7)). Originality/value This study proposes a dynamic model to be used in risk assessment processes in airline flight operations. A dynamic model for safety analysis provides real-time, autonomous and faster risk assessment. Moreover, it can help in the decision-making process and reduce airline response time to undesired states, which means that the proposed model can contribute to the efficiency of the risk management process in airline flight operations.",Aviation risk management; Aviation safety management system; Dynamic; risk assessment; Flight safety management; Probabilistic risk assessment; safety analysis; fault-tree; network; systems; future; logic; Engineering
"From Artificial Intelligence (AI) to Intelligence Augmentation (IA): Design Principles, Potential Risks, and Emerging Issues","Zhou, L.; Rudin, C.; Gombolay, M.; Spohrer, J.; Zhou, M.; Paul, S.",AIS Transactions on Human-Computer Interaction,2023,15,1,111-135,10.17705/1thci.00185,"We typically think of artificial intelligence (AI) as focusing on empowering machines with human capabilities so that they can function on their own, but, in truth, much of AI focuses on intelligence augmentation (IA), which is to augment human capabilities. We propose a framework for designing intelligent augmentation (IA) systems and it addresses six central questions about IA: why, what, who/whom, how, when, and where. To address the how aspect, we introduce four guiding principles: simplification, interpretability, human-centeredness, and ethics. The what aspect includes an IA architecture that goes beyond the direct interactions between humans and machines by introducing their indirect relationships through data and domain. The architecture also points to the directions for operationalizing the IA design simplification principle. We further identify some potential risks and emerging issues in IA design and development to suggest new questions for future IA research and to foster its positive impact on humanity. © 2023 by the Association for Information Systems.",Artificial Intelligence; Design Principle; Human-AI Interaction; Intelligence Augmentation; Interpretability; Risks; Simplification
User Perceptions of AI-Based Comment Filtering Technology,"Oh, Y. W.; Park, C. H.",American Behavioral Scientist,2024,68,10,1308-1324,10.1177/00027642231174331,"As artificial intelligence (AI)-powered technology enables the efficient processing of large volumes of comments, more companies, including news publications, are experimenting with and adopting AI moderation to manage their commenting platforms. However, the resulting user experiences have been largely underexplored in relation to these technical advances in comments section management. This study used an experiment to examine the impact of AI filters on individuals’ perceptions about comments sections (i.e., bias, credibility, positive and negative affect, and use intention). The findings indicate that AI moderation had statistically significant impacts on perceived credibility and use intention. Beyond the main effects, priming with a deceptive comment issue moderated the impacts of comment filtering on user perceptions as well. © 2023 SAGE Publications.",AI moderation; comment filtering; comments section; use intention; user perception
Some principles for the design of decision systems: a review of six years of research on a command-control system simulation. AMRL-TR-67-136,"Howell, W. C.",AMRL-TR. Aerospace Medical Research Laboratories (U.S.),1967,,,1-32,,"A set of general principles for guidance in decision system development is presented based upon research findings obtained in a simulated (but highly generalized) command-control system. The chief objective of the research was evaluation of an automated procedure for assisting man in making diagnostic decisions. Briefly, this procedure involved aggregation by the machine of human evaluations of a number of separate items of reconnaissance data. Comparisons were made between performance of the system in assessing environmental states (e.g., enemy strategies) when the automated procedure was and was not in effect under a variety of task circumstances (e.g., load, level of information fidelity, feedback, etc.). The 13 principles thus formulated generally support the use of an automated aggregation procedure in diagnosis. Furthermore, they show that machine aggregation is most beneficial in circumstances which produce large amounts of low-quality data or those in which the human is placed under some sort of stress. Several of the principles suggest possible limitations.",*Decision Making. *Engineering. Humans. Man-Machine Systems. Probability; Index Medicus; Space Life Science; Behavioral Sciences; Psychology; Engineering; Mathematics (provided by Clarivate Analytics)
A structure of man-machine diagnostic information systems: implications for human engineering research and design. AMRL-TR-68-134,"Mills, R. G.",AMRL-TR. Aerospace Medical Research Laboratories (U.S.),1969,,,1-14,,"A conceptual framework for describing and analyzing man-machine diagnostic systems (e.g., maintenance and check-out, command and control systems) is suggested. Emphasis is placed on 'information,' its nature and its flow within such systems. The more prominent variables affecting diagnostic processes and performance (i.e, inferential decision-making) and their topological interrelationships are described. A graphic representation of the processes involved in these systems is provided in terms of a generalized flow diagram. Information parameters are critical in determining the quality of diagnostic performance in man-machine diagnostic systems. It is concluded that research concerning the relationships between information parameters and diagnostic performance, as well as the more traditional (i.e., display/control) research, is required to develop human engineering criteria applicable to the design of diagnostic systems. Several examples of relevant human engineering research problems are discussed.",*Decision Making. *Ergonomics. *Information Theory. Man-Machine Systems; Index Medicus; Space Life Science; Psychology; Behavioral Sciences; Information Science & Library Science; Engineering (provided by Clarivate Analytics)
Aided human processing of inconclusive evidence in diagnostic systems: a summary of experimental evaluations. AMRL-TR-69-11,"Schum, D. A.; Southard, J. F.; Wombolt, L. F.",AMRL-TR. Aerospace Medical Research Laboratories (U.S.),1969,,,1-58,,"The report describes three experimental evaluations of a procedure for aiding men in combining probabilistic (inconclusive) information. The procedure is called 'Semi PIP' (Probabilistic Information Processing). In the semi PIP procedures, a computer relieves man of part of the task of combining probabilistic evidence. The experiments involved a simulated military threat-diagnosis task in which probabilistic data are used as a basis for deciding among alternative hypothesized threats. The Semi PIP was compared with an unaided procedure called POP (Posterior Probability), and both procedures compared with a mathematically ideal combination of evidence (Bayes' theorem). It was found from the three experiments that: (1) overall, the difference between Semi PIP and POP performance was very slight; (2) POP was best when a small total amount of evidence accumulated very rapidly; and, (3) Semi PIP was slightly, though consistently, superior when the total amount of evidence to be evaluated was large, when the total diagnostic impact in a set of evidence was large, or when both these conditions prevailed. Specific implications of the results for diagnostic system design and for research on basic human inference processes are summarized. A glossary of key terms from Bayesian decision theory is included in the report. (Author)","*Decision Making. *Ergonomics. *Information Theory. Man-Machine Systems. Models, Theoretical; Index Medicus; Space Life Science; Psychology; Behavioral Sciences; Information Science & Library Science; Engineering (provided by Clarivate Analytics)"
A Reputation Game Simulation: Emergent Social Phenomena from Information Theory,"Ensslin, T.; Kainz, V.; Boehm, C.",Annalen Der Physik,2022,534,5,46,10.1002/andp.202100277,"Reputation is a central element of social communications, be it with human or artificial intelligence (AI), and as such can be the primary target of malicious communication strategies. There is already a vast amount of literature on trust networks and their dynamics using Bayesian principles and involving Theory of Mind models. An issue for these simulations can be the amount of information that can be stored and managed using discretizing variables and hard thresholds. Here a novel approach to the way information is updated that accounts for knowledge uncertainty and is closer to reality is proposed. Agents use information compression techniques to capture their complex environment and store it in their finite memories. The loss of information that results from this leads to emergent phenomena, such as echo chambers, self-deception, deception symbiosis, and freezing of group opinions. Various malicious strategies of agents are studied for their impact on group sociology, like sycophancy, egocentricity, pathological lying, and aggressiveness. Our set-up already provides insights into social interactions and can be used to investigate the effects of various communication strategies and find ways to counteract malicious ones. Eventually this work should help to safeguard the design of non-abusive AI systems.",artificial intelligence; computational psychology; dynamical systems; information theory; reputation dynamics; sociophysics; dark triad; trust; model; manipulation; personality; narcissism; sociology; judgment; Physics
The Saudi Community View of the Use of Artificial Intelligence in Health Care,"Albinsaad, L. S.; Alkhawajah, A. A.; Abuageelah, B. M.; Alkhalaf, R. A.; Alfaifi, M. H.; Oberi, I. A.; Alnajjad, A. I.; Albalawi, I. A.; Alessa, M. Y.; Khan, A.",Annals of African Medicine,2024,23,3,343-351,10.4103/aam.aam_192_23,"Objectives: Artificial intelligence (AI) holds the promise to revolutionize the field of medicine and enhance the well-being of countless patients. Its capabilities span various areas, including disease prevention, accurate diagnosis, and the development of innovative treatments. Moreover, AI has the potential to streamline health-care delivery and lower expenses. The community should be aware of the potential applications of AI in health care, so that they can advocate for its development and adoption. Hence, the objective of this study is to assess the community's perspectives regarding the utilization of AI in health care. Methods: A cross-sectional, questionnaire-based study was conducted in Saudi Arabia during the period of June to October 2023. The questionnaire was distributed to people on various social media platforms using a convenience sampling method. The collected data were analyzed using Statistical Package for the Social Sciences. Results: The study included 771 individuals, with 42.5% having a positive outlook on the use of AI in health care, 31.8% having a neutral view, and 7.5% having a negative view. The only factor associated with a positive opinion was regional differences (P = 0.006). Moreover, participants who used medical apps or programs (P = 0.026), wearables (P = 0.027), felt more confident in using technology (P < 0.001), enjoyed using technology (P < 0.001), found it easier to familiarize themselves with new devices or programs (P < 0.001), and had more knowledge about AI (P < 0.001) had more positive opinions regarding the use of AI in health care. Conclusions: The study found that most Saudis, especially those who were familiar with the use of technology, support the use of AI in health care, with a positive or neutral view. Yet, targeted campaigns in certain regions are needed to educate the entire community about AI's potential benefits.",Artificial intelligence; health care; medical technology; public; opinion; Saudi Arabia; General & Internal Medicine
Preferences in artificial intelligence,"Pigozzi, G.; Tsoukiàs, A.; Viappiani, P.",Annals of Mathematics and Artificial Intelligence,2016,77,3-4,361-401,10.1007/s10472-015-9475-5,"The paper presents a focused survey about the presence and the use of the concept of “preferences” in Artificial Intelligence. Preferences are a central concept for decision making and have extensively been studied in disciplines such as economy, operational research, decision analysis, psychology and philosophy. However, in the recent years it has also become an important topic both for research and applications in Computer Science and more specifically in Artificial Intelligence, in fields spanning from recommender systems to automatic planning, from non monotonic reasoning to computational social choice and algorithmic decision theory. The survey essentially covers the basics of preference modelling, the use of preference in reasoning and argumentation, the problem of compact representations of preferences, preference learning and the use of non conventional preference models based on extended logical languages. It aims at providing a general reference for all researchers both in Artificial Intelligence and Decision Analysis interested in this exciting interdisciplinary topic. © 2015, Springer International Publishing Switzerland.",Non classical preference models; Non-monotonic logic; Preference elicitation; Preference-based systems; Preferences; Preferences in logic; Reasoning about preferences; Representation of preferences; Utility elicitation
Conversational commerce: entering the next stage of AI-powered digital assistants,"Balakrishnan, J.; Dwivedi, Y. K.",Annals of Operations Research,2024,333,2-3,653-687,10.1007/s10479-021-04049-5,"Digital assistant is a recent advancement benefited through data-driven innovation. Though digital assistants have become an integral member of user conversations, but there is no theory that relates user perception towards this AI powered technology. The purpose of the research is to investigate the role of technology attitude and AI attributes in enhancing purchase intention through digital assistants. A conceptual model is proposed after identifying three major AI factors namely, perceived anthropomorphism, perceived intelligence, and perceived animacy. To test the model, the study employed structural equation modeling using 440 sample. The results indicated that perceived anthropomorphism plays the most significant role in building a positive attitude and purchase intention through digital assistants. Though the study is built using technology-related variables, the hypotheses are proposed based on various psychology-related theories such as uncanny valley theory, the theory of mind, developmental psychology, and cognitive psychology theory. The study’s theoretical contributions are discussed within the scope of these theories. Besides the theoretical contribution, the study also offers illuminating practical implications for developers and marketers’ benefit. © The Author(s) 2021.",Animacy; Anthropomorphism; Artificial intelligence; Digital assistants; Intelligence; Purchase intention
The future of information systems,"Simon, H. A.",Annals of Operations Research,1997,71,,3-14,10.1023/a:1018975616482,"Today, the improvement of organizations and the information systems in them is not a matter of making more information available, but of conserving scarce human attention so that it can focus on the information that is most important and most relevant to the decisions that have to be made. To do this, we must draw upon OR and artificial intelligence, but also on what has been learned in the past forty years of cognitive psychology about the information capabilities of human beings.",
Appraisals of harms and injustice trigger an eerie feeling that decreases trust in artificial intelligence systems,"Sullivan, Y.; de Bourmont, M.; Dunaway, M.",Annals of Operations Research,2022,308,1-2,525-548,10.1007/s10479-020-03702-9,"As artificial intelligence (AI) becomes more pervasive, the concern over how users can trust artificial agents is more important than ever before.In this research, we seek to understand the trust formation between humans and artificial agents from the morality and uncanny theory perspective.We conducted three studies to carefully examine the effect of two moral foundations: perceptions of harm and perceptions of injustice, as well as reported wrongdoing on uncanniness and examine the effect of uncanniness on trust in artificial agents. In Study 1, we found perceived injustice was the primary determinant of uncanniness and uncanniness had a negative effect on trust. Studies 2 and 3 extended these findings using two different scenarios of wrongful acts involving an artificial agent. In addition to explaining the contribution of moral appraisals to the feeling of uncanny, the latter studies also uncover substantial contributions of both perceived harm and perceived injustice. The results provide a foundation for establishing trust in artificial agents and designing an AI system by instilling moral values in it. © 2020, Springer Science+Business Media, LLC, part of Springer Nature.",Artificial intelligence; Perceptions of harm; Perceptions of injustice; Trust; Uncanniness
"In the era of responsible artificial intelligence and digitalization: business group digitalization, operations and subsidiary performance","Sun, W.; Ren, S.; Tang, G.",Annals of Operations Research,2025,,,,10.1007/s10479-024-06453-z,"With the rapid development of digital technologies, responsible AI has become a critical focus for ensuring ethical and socially conscious advancements in business and operations management. The integration of responsible AI practices in business groups’ digital transformations is essential to mitigate potential risks and maximize the positive impact on operational efficiency, supply chain performance, and subsidiary performance. This study aims to examine the consequences and mechanisms through which responsible group digitalization influences business group’s operation management, as manifested in subsidiary performance within the context of the digital economy. Analyzing data from 202 affiliated subsidiaries, we examine the role of HRM collaboration and technological turbulence in facilitating group digitalization. This study enriches the operations management literature and expands the application of ethical and responsible AI practices in digitalization by investigating the relationship between business group digitalization and business operations. Furthermore, this study provides practical implications pertaining to how ethical and responsible practices can guide group digital transformations, business operations and enhance the performance of subsidiaries. © The Author(s) 2024.",Business group; Business operations; Digital responsibility; Parent-subsidiary human resource management collaboration; Subsidiary performance; Technological turbulence
Predictive models for human-AI nexus in group decision making,"Askarisichani, O.; Bullo, F.; Friedkin, N. E.; Singh, A. K.",Annals of the New York Academy of Sciences,2022,1514,1,70-81,10.1111/nyas.14783,"Machine learning (ML) and artificial intelligence (AI) have had a profound impact on our lives. Domains like health and learning are naturally helped by human-AI interactions and decision making. In these areas, as ML algorithms prove their value in making important decisions, humans add their distinctive expertise and judgment on social and interpersonal issues that need to be considered in tandem with algorithmic inputs of information. Some questions naturally arise. What rules and regulations should be invoked on the employment of AI, and what protocols should be in place to evaluate available AI resources? What are the forms of effective communication and coordination with AI that best promote effective human-AI teamwork? In this review, we highlight factors that we believe are especially important in assembling and managing human-AI decision making in a group setting.",decision making; human-AI teams; machine learning; transactive memory-systems; social networks; performance; knowledge; field; autonomy; wisdom; choice; communication; expertise; Science & Technology - Other Topics
Double-sided messages improve the acceptance of chatbots,"Meng, L.; Li, T. M.; Shi, X. L.; Huang, X.",Annals of Tourism Research,2023,102,,18,10.1016/j.annals.2023.103644,"Customers may not wish to use an artificial intelligence (AI) chatbot after knowing its nonhu-man identity. Based on the inoculation theory, this study explores how to increase customers' willingness to communicate with AI chatbots by adopting a double-sided message strategy after AI's nonhuman identity is disclosed through one field experiment in a hotel and three on -line vignette experiments. Results indicate that a double-sided message strategy enhances cus-tomers' willingness to interact with AI chatbots via the mediating role of perceived authenticity. Furthermore, the study highlights that customers' attitudes toward interacting with AI chatbots are moderated by customer demand types-complaints and inquiries. This study proposes an effective solution to customers' rejection of AI chatbots.(c) 2023 Elsevier Ltd. All rights reserved.",AI chatbot adoption; Double-sided message strategy; The inoculation; theory; AI's nonhuman identity disclosure; Perceived authenticity.; service; customers; consequences; attitudes; impact; Social Sciences - Other Topics; Sociology
Tourists and AI: A political ideology perspective,"van Esch, P.; Cui, Y. Y.; Das, G.; Jain, S. P.; Wirtz, J.",Annals of Tourism Research,2022,97,,14,10.1016/j.annals.2022.103471,"The tourism industry has adopted AI agents as substitutes for human contact. We examine how tourists respond to AI in hotel service settings during a pandemic. Four studies show that ser-vices featuring human interaction is preferred to AI enabled interaction. Moreover, subjective happiness is identified as the underlying causal mechanism that drives this effect. We provide further nuanced insights by showing that politically conservative tourists discriminate between service agent types more. Theoretically we contribute to a more fine-grained understanding of tourists' responses towards AI by examining an affective and an individual difference factor (political ideology). Practically, marketers are encouraged to incorporate tourists' ideologies and psychographics into segmentation, targeting, and positioning considerations, thereby en-hancing their marketing effectiveness.(c) 2022 Elsevier Ltd. All rights reserved.",Arti ficial intelligence; AI; Liberal -conservative; Political ideology; Service robots; Subjective happiness; Tourists; service robots; artificial-intelligence; system justification; happiness; Social Sciences - Other Topics; Sociology
Artificial intelligence humor in service recovery,"Xu, X. A.; Liu, J.",Annals of Tourism Research,2022,95,,20,10.1016/j.annals.2022.103439,"With the growing prevalence of artificial intelligence (AI) technologies in the tourism and hospitality industry, the phenomenon of AI service failure emerges, which merits empirical attention. Via six scenario-based experiments, this study verifies why and how humorous responses from AI agents affect customers' tolerance of AI service failure. Findings confirm the positive impact of humorous response on customer tolerance. Results further reveal the mediating effects of perceived warmth and perceived competence along with boundaries (customer inoculation and time pressure) of the humor effect. These findings enhance knowledge of AI service failure and recovery by delineating the recovery effect of AI agents' humorous responses. This research also offers tourism companies a new tool, humorous response, for resolving AI service failures. (c) 2022 Elsevier Ltd. All rights reserved.",Artificial intelligence; Service failure and recovery; Humorous; response; Customer tolerance; robots; responses; advisers; failure; tourism; usage; Social Sciences - Other Topics; Sociology
Cognitive Science as a Source of Forward and Inverse Models of Human Decisions for Robotics and Control,"Ho, M. K.; Griffiths, T. L.",Annual Review of Control Robotics and Autonomous Systems,2022,5,,33-53,10.1146/annurev-control-042920-015547,"Those designing autonomous systems that interact with humans will invariably face questions about how humans think and make decisions. Fortunately, computational cognitive science offers insight into human decision-making using tools that will be familiar to those with backgrounds in optimization and control (e.g., probability theory, statistical machine learning, and reinforcement learning). Here, we review some of this work, focusing on how cognitive science can provide forward models of human decision-making and inverse models of how humans think about others' decision-making. We highlight relevant recent developments, including approaches that synthesize black box and theory-driven modeling, accounts that recast heuristics and biases as forms of bounded optimality, and models that characterize human theory of mind and communication in decision-theoretic terms. In doing so, we aim to provide readers with a glimpse of the range of frameworks, methodologies, and actionable insights that lie at the intersection of cognitive science and control research.",cognitive science; robotics; psychology; decision-making; theory of mind; computational rationality; prospect-theory; mind; representation; communication; intentions; principles; rewards; choice; costs; Automation & Control Systems; Robotics
The Moral Psychology of Artificial Intelligence,"Bonnefon, J. F.; Rahwan, I.; Shariff, A.",Annual Review of Psychology,2024,75,,653-675,10.1146/annurev-psych-030123-113559,"Moral psychology was shaped around three categories of agents and patients: humans, other animals, and supernatural beings. Rapid progress in artificial intelligence has introduced a fourth category for our moral psychology to deal with: intelligent machines. Machines can perform as moral agents, making decisions that affect the outcomes of human patients or solving moral dilemmas without human supervision. Machines can be perceived as moral patients, whose outcomes can be affected by human decisions, with important consequences for human-machine cooperation. Machines can be moral proxies that human agents and patients send as their delegates to moral interactions or use as a disguise in these interactions. Here we review the experimental literature on machines as moral agents, moral patients, and moral proxies, with a focus on recent findings and the open questions that they suggest.",psychology; morality; artificial intelligence; AI; agent; patient; algorithmic bias; blame; ethical dilemmas; value alignment; cooperation; humanization; delegation; AI-mediated communication; machines; drivers; motorcyclists; fairness; behavior; dilemma; trolley; humans; safety; robots; Psychology
Cognitive systems and interoperability in the enterprise: A systematic literature review,"Ali, J. A. H.; Gaffinet, B.; Panetto, H.; Naudet, Y.",Annual Reviews in Control,2024,57,,,10.1016/j.arcontrol.2024.100954,"The transition from automated processes to mechanisms that manifest intelligence through cognitive abilities such as memorisation, adaptability and decision-making in uncertain contexts, has marked a turning point in the field of industrial systems, particularly in the development of cyber–physical systems and digital twins. This evolution, supported by advances in cognitive science and artificial intelligence, has opened the way to a new era in which systems are able to adapt and evolve autonomously, while offering more intuitive interaction with human users. This article proposes a systematic literature review to gather and analyse current research on Cognitive Cyber–Physical Systems (CCPS), Cognitive Digital Twins (CDT), and cognitive interoperability, which are pivotal in a contemporary Cyber–Physical Enterprise (CPE). From this review, we first seek to understand how cognitive capabilities that are traditionally considered as human traits have been defined and modelled in cyber–physical systems and digital twins in the context of Industry 4.0/5.0, and what cognitive functions they implement. We explore their theoretical foundations, in particular in relation to cognitive psychology and humanities definitions and theories. Then we analyse how interoperability between cognitive systems has been considered, leading to cognitive interoperability, and we highlight the role of knowledge representation and reasoning. © 2024 The Authors",Cognition; Cognitive cyber–physical systems; Cognitive Digital Twin; Cognitive interoperability; Cognitive systems; Automation; Decision making; Knowledge representation; Automated process; Cognitive ability; Cognitive cybe–physical system; Cybe-physical systems; Cyber-physical systems; Decisions makings; Systematic literature review; Interoperability
Autonomous Vehicles and Embedded Artificial Intelligence: The Challenges of Framing Machine Driving Decisions,"Cunneen, M.; Mullins, M.; Murphy, F.",Applied Artificial Intelligence,2019,33,8,706-731,10.1080/08839514.2019.1600301,"With the advent of autonomous vehicles society will need to confront a new set of risks which, for the first time, includes the ability of socially embedded forms of artificial intelligence to make complex risk mitigation decisions: decisions that will ultimately engender tangible life and death consequences. Since AI decisionality is inherently different to human decision-making processes, questions are therefore raised regarding how AI weighs decisions, how we are to mediate these decisions, and what such decisions mean in relation to others. Therefore, society, policy, and end-users, need to fully understand such differences. While AI decisions can be contextualised to specific meanings, significant challenges remain in terms of the technology of AI decisionality, the conceptualisation of AI decisions, and the extent to which various actors understand them. This is particularly acute in terms of analysing the benefits and risks of AI decisions. Due to the potential safety benefits, autonomous vehicles are often presented as significant risk mitigation technologies. There is also a need to understand the potential new risks which autonomous vehicle driving decisions may present. Such new risks are framed as decisional limitations in that artificial driving intelligence will lack certain decisional capacities. This is most evident in the inability to annotate and categorise the driving environment in terms of human values and moral understanding. In both cases there is a need to scrutinise how autonomous vehicle decisional capacity is conceptually framed and how this, in turn, impacts a wider grasp of the technology in terms of risks and benefits. This paper interrogates the significant shortcomings in the current framing of the debate, both in terms of safety discussions and in consideration of AI as a moral actor, and offers a number of ways forward.",social amplification; technology; responsibility; governance; systems; risk; cars; Computer Science; Engineering
Integration of warrior artificial intelligence and leadership reflexivity to enhance decision-making,"Matli, W.",Applied Artificial Intelligence,2024,38,1,22,10.1080/08839514.2024.2411462,"In the emerging literature on artificial intelligence (AI) and leadership, there is increasing recognition of the importance played by advanced technologies in decision-making. AI is viewed as the next frontier to improve decision-making processes and as a result enhance human decision-making in general. However, existing literature lacks studies on how AI, operating as a ""warrior"" or innovator in business, can in turn enhance leadership reflexivity, and thereby improve decision-making outcomes. This study is aimed at addressing this gap by drawing on the reflexivity perspective and existing research on AI and leadership to examine the integration of the concepts of warrior AI with leadership reflexivity to improve decision-making. The study used a systematic literature review to identify and map articles using specified inclusion and exclusion criteria to achieve this. Selected articles were included for in-depth analysis to address the issue under investigation. The study explored the potential benefits of blending advanced AI with reflective leadership strategies, offering insights into how organizations can optimize their decision-making processes through this innovative approach. A comprehensive literature review was thus the foundation for our investigation into how warrior AI may enhance human decision-making especially under high-stress conditions by providing real-time data analysis capabilities, pattern recognition skills, and predictive simulations. Our work emphasizes how leadership reflexivity plays a critical role in assessing AI-driven recommendations to ensure ethical soundness and contextual appropriateness of the decisions being taken. Based on our findings, we suggest that integrating AI capabilities with reflective leadership practices can lead to more effective and adaptable decision-making frameworks, particularly when swift yet well-informed action is necessary. This study adds to the existing body of knowledge by illustrating that, with the aid of a flow diagram, the integration of warrior AI into the reflective process can potentially amplify the benefits of AI, offering data-driven insights for leaders to reflect upon, thereby reinforcing the decision-making process with a more rigorous, ethical, and nuanced approach in alignment with organizational objectives and societal values. It is recommended that leadership actively engage in discussions regarding ethical AI use, ensuring alignment with organizational values and ethics. Ultimately, this study contributes valuable insights to discussions around AI and leadership by underscoring the significance of maintaining a balanced relationship between machine efficiency and human wisdom.",Computer Science; Engineering
Two-Stage stochastic optimization for operating a Renewable-Based Microgrid,"Abunima, H.; Park, W. H.; Glick, M. B.; Kim, Y. S.",Applied Energy,2022,325,,12,10.1016/j.apenergy.2022.119848,"Carbon emissions are increasing as a result of urbanization and population growth all over the world. Scientists agree that these emissions are one of the main causes of climate change and global warming. The power industry is shifting to renewable energy sources (RES) such as solar power (PV) and employing different Energy Storage Systems (ESS) to enable a clean energy future and compensate for the scarcity of fossil fuel. However, the intermittent behaviour of renewable resources causes some obstacles such as power fluctuation, committing extra reserve units, and load shedding. Microgrid (MG) technology is introduced as a promising solution for integrating different RES and loads into the grid. Operating the MG in islanded mode with a limited ESS capacity requires a sophisticated scheduling method. Previous studies on MG addressed the operation issue, neglecting the supply-demand uncertainty or adopting the worst-case scenario. Uncertainty is an inherent characteristic in power systems; on the other hand, considering the worst-case scenario may unnecessarily increase the operation and planning costs. To address the uncertainty and fluctuant characteristics of RES-based MG, this paper proposes a two-stage stochastic optimization integrated with a novel ANN-based prediction model. A new model for PV power prediction is proposed by which the predicted data is in a probability density function (PDF) form. A stochastic optimization (SO) method is proposed to minimize the operation cost and load shedding during the islanding mode. In the proposed SO, the optimal scheduling decision is made in the current moment taking into account the probability of potential supply, load, and ESS capacities in the near future. For this purpose, an ANNbased prediction model is developed to represent the PV output uncertainty in the SO problem. The proposed prediction model proves efficient in the prediction with nRMSE of 9.7% and nMAE of 9.1%. The proposed method is applied to a real Microgrid designed by the Natural Energy Laboratory of Hawaii Authority (NELHA) and compared to a conventional optimization method. The proposed scheduling method reduces both the average Energy Not Supplied (ENS) and operation costs by 19.4% and 18.8%, respectively, with no additional investment cost. A sensitivity study is also conducted to assess the performance of the proposed method in terms of ENS, cost, and simulation time.",Stochastic Optimization; Microgrid; Optimal scheduling; Energy Storage; Systems; Photovoltaic; energy-storage; robust optimization; design; performance; decision; systems; price; Energy & Fuels; Engineering
"Stress, computer-based work monitoring and measurement systems: a conceptual overview","Amick Iii, B. C.; Smith, M. J.",Applied Ergonomics,1992,23,1,6-16,10.1016/0003-6870(92)90005-G,"The design and implementation of computer-based work monitoring systems can result in changes in the organization, job and task. Electronic performance monitoring (EPM) systems are one type of change based on principles of work simplification and work rationalization. In this new work arrangement, control and coordination functions are allocated to the computer. The supervisor becomes a monitor of information and primarily provides negative performance feedback to the employee. The employee is constrained in his/her ability to use either job resources or social resources to meet the greater demands resulting from the system controlling the pace of work. It is proposed that these work arrangements provoke stress responses in employees that can result in short-term illness and potentially long-term changes in health status. Information enriched work environments are proposed as an alternative. These new work arrangements could improve job resources and social resources to manage job demands and reduce the potentially damaging stress responses. To provide a frame of reference we focus on the impact of EPM systems on the organizational and job elements involved in provoking individual stress responses. The impact of EPM systems on individual health is described using a psychosocial stress framework. Ergonomics interventions discussed include: participation in the design process; allocation of control and coordination functions between the computer and the employee; development of feedback systems; and work measurement and the development of performance appraisal systems. © 1992.",Computers; electronic monitoring; performance assessment; stress; work measurement
Modelling and supporting flight crew decision-making during aircraft engine malfunctions: developing design recommendations from cognitive work analysis,"Asmayawati, S.; Nixon, J.",Applied Ergonomics,2020,82,,,10.1016/j.apergo.2019.102953,"In this article, we analyse flight crew response to an in-flight powerplant system malfunction (PSM) using control task analysis. We demonstrate the application of the decision ladder template and the skills, rules, and knowledge (SRK) framework to this new area of inquiry. Despite the high reliability of turbofan engines, accidents and incidents involving PSM still occur. During these unusual events, flight crew have not always responded appropriately, leading to a reduction in safety margins or disruption of operations. This article proposes recommendations for technological and information system that can support flight crew in responding safely and appropriately to a PSM. These recommendations focus on new ways in which information from engine health monitoring system and other sources of data can be utilised and displayed. Firstly, we conducted knowledge elicitation using Critical Decision Method (CDM) interviews with airline pilots who have experienced real or simulated PSM events. We then developed generic decision ladders using the interview data, operations manual, training manual, and other guideline documents. The generic decision ladders characterise the different stages of responding to PSM identified as part of the research. These stages include: regaining and maintaining control of aircraft, identifying PSM and selecting appropriate checklists to secure the engine, and modifying the flight plan. Using the decision ladders and insights from the CDM interviews, we were able to identify cognitive processes and states that are more prone to errors and therefore more likely to generate an inappropriate response. Using the SRK framework, we propose design recommendations for technological and information systems to minimise the likelihood of such inappropriate response. We conclude that this combination of methods provides a structured and reliable approach to identifying system improvements in complex and dynamic work situations. Our specific contributions are the application of these techniques in the unrepresented area of flight operations, and the development of evidence-based design recommendations to improve flight crew response to in-flight powerplant system malfunctions. © 2019 Elsevier Ltd","Aircraft engine malfunction; Cognitive work analysis; Flight crew decision-making; Accidents, Aviation; Adult; Aircraft; Cognition; Decision Making; Equipment Design; Humans; Middle Aged; Pilots; Task Performance and Analysis; Aircraft accidents; Aircraft engines; Engines; Information systems; Information use; Job analysis; Ladders; Training aircraft; Cognitive process; Design recommendations; Engine health monitoring; Evidence-based designs; Flight crews; Generic decisions; Identifying system; accident; airplane crew; airplane pilot; article; checklist; human; human experiment; information system; interview; practice guideline; reliability; simulation; skill; aircraft accident; prevention and control; psychology; task performance; Turbofan engines"
"Impact of automation: Measurement of performance, workload and behaviour in a complex control environment","Balfe, N.; Sharples, S.; Wilson, J. R.",Applied Ergonomics,2015,47,,52-64,10.1016/j.apergo.2014.08.002,"This paper describes an experiment that was undertaken to compare three levels of automation in rail signalling; a high level in which an automated agent set routes for trains using timetable information, a medium level in which trains were routed along pre-defined paths, and a low level where the operator (signaller) was responsible for the movement of all trains. These levels are described in terms of a Rail Automation Model based on previous automation theory (Parasuraman etal., 2000). Performance, subjective workload, and signaller activity were measured for each level of automation running under both normal operating conditions and abnormal, or disrupted, conditions. The results indicate that perceived workload, during both normal and disrupted phases of the experiment, decreased as the level of automation increased and performance was most consistent (i.e. showed the least variation between participants) with the highest level of automation. The results give a strong case in favour of automation, particularly in terms of demonstrating the potential for automation to reduce workload, but also suggest much benefit can achieved from a mid-level of automation potentially at a lower cost and complexity. © 2014 Elsevier Ltd and The Ergonomics Society.",Automation; Performance; Rail human factors; Workload; Behavior; Computer Simulation; Humans; Male; Perception; Railroads; Task Performance and Analysis; Experiments; Human computer interaction; Level of automations; Levels of automation; Normal operating conditions; Subjective workload; Time-table information; analysis of variance; Article; awareness; decision making; human; human experiment; information processing; interpersonal communication; job experience; mathematical analysis; mathematical model; normal human; railway; railway employee; simulation; visual display unit; work environment; comparative study; psychology; task performance
Keep the driver in control: Automating automobiles of the future,"Banks, V. A.; Stanton, N. A.",Applied Ergonomics,2016,53,,389-395,10.1016/j.apergo.2015.06.020,"Automated automobiles will be on our roads within the next decade but the role of the driver has not yet been formerly recognised or designed. Rather, the driver is often left in a passive monitoring role until they are required to reclaim control from the vehicle. This research aimed to test the idea of driver-initiated automation, in which the automation offers decision support that can be either accepted or ignored. The test case examined a combination of lateral and longitudinal control in addition to an auto-overtake system. Despite putting the driver in control of the automated systems by enabling them to accept or ignore behavioural suggestions (e.g. overtake), there were still issues associated with increased workload and decreased trust. These issues are likely to have arisen due to the way in which the automated system has been designed. Recommendations for improvements in systems design have been made which are likely to improve trust and make the role of the driver more transparent concerning their authority over the automated system. (C) 2015 Elsevier Ltd and The Ergonomics Society. All rights reserved.",Automation; Driver trust; Driver workload; Thematic analysis; adaptive cruise control; vehicle automation; situation awareness; mental; workload; task; performance; cognition; Engineering; Psychology
Who is in responsible for automated driving? A macro-level insight into automated driving in the United Kingdom using the Risk Management Framework and Social Network Analysis,"Banks, V. A.; Stanton, N. A.; Plant, K. L.",Applied Ergonomics,2019,81,,,10.1016/j.apergo.2019.102904,"To date, vehicle manufacturers have largely been left to their own initiatives when it comes to the design, development and implementation of automated driving features. Whilst this has enabled developments within the field to accelerate at a rapid pace, we are also now beginning to see the negative aspects of automated design (e.g., driver complacency, automation misuse and ethical dilemmas). It is therefore becoming increasingly important to identify systemic aspects that can address some of these Human Factors challenges. This paper applies the principles of the Risk Management Framework to explore the wider systemic issues associated with automated driving in the United Kingdom through the novel application of network metrics. The authors propose a number of recommendations targeted at each level of the Risk Management Framework that seek to shift the power of influence away from vehicle manufacturers and back into the hands of governing bodies. © 2019 Elsevier Ltd",Driving automation; Network analysis; Risk management framework; Social network analysis; Automation; Automobile Driving; Automobiles; Ergonomics; Humans; Risk Management; Social Networking; Systems Analysis; United Kingdom; Automobile manufacture; Electric network analysis; Outsourcing; Risk analysis; Risk assessment; Social networking (online); Automated design; Automated driving; Ethical dilemma; Governing bodies; Network metrics; Novel applications; Vehicle manufacturers; article; human; social network; car; car driving; ethics; legislation and jurisprudence; psychology; system analysis
Support systems for cyclists in automated traffic: A review and future outlook,"Berge, S. H.; de Winter, J.; Hagenzieker, M.",Applied Ergonomics,2023,111,,,10.1016/j.apergo.2023.104043,"Interaction with vulnerable road users in complex urban traffic environments poses a significant challenge for automated vehicles. Solutions to facilitate safe and acceptable interactions in future automated traffic include equipping automated vehicles and vulnerable road users, such as cyclists, with awareness or notification systems, as well as connecting road users to a network of motorised vehicles and infrastructure. This paper provides a synthesis of the current literature on communication technologies, systems, and devices available to cyclists, including technologies present in the environment and on motorised interaction partners such as vehicles, and discusses the outlook for technology-driven solutions in future automated traffic. The objective is to identify, classify, and count the technologies, systems, and devices that have the potential to aid cyclists in traffic with automated vehicles. Additionally, this study aims to extrapolate the potential benefits of these systems and stimulate discourse on the implications of connected vulnerable road users. We analysed and coded 92 support systems using a taxonomy of 13 variables based on the physical, communicational, and functional attributes of the systems. The discussion frames these systems into four categories: cyclist wearables, on-bike devices, vehicle systems, and infrastructural systems, and highlights the implications of the visual, auditory, motion-based, and wireless modes of communication of the devices. The most common system was cyclist wearables (39%), closely followed by on-bike devices (38%) and vehicle systems (33%). Most systems communicated visually (77%). We suggest that interfaces on motorised vehicles accommodate cyclists with visibility all around the car and incorporate two-way communication. The type of system and the effect of communication modality on performance and safety needs further research, preferably in complex and representative test scenarios with automated vehicles. Finally, our study highlights the ethical implications of connected road users and suggests that the future outlook of transport systems may benefit from a more inclusive and less car-centred approach, shifting the burden of safety away from vulnerable road users and promoting more cyclist-friendly solutions. © 2023 The Authors","Automated vehicles; Cyclist; Support systems; Accidents, Traffic; Attitude; Bicycling; Communication; Humans; Technology; Automation; Complex networks; Motor transportation; Vehicle to vehicle communications; Vehicles; Wearable technology; Awareness systems; Motorized vehicles; Road users; Technology system; Traffic environment; Urban traffic; Vehicle system; article; human; motion; motor vehicle; synthesis; taxonomy; visibility; cycling; interpersonal communication; prevention and control; traffic accident; Roads and streets"
Effect of automation transparency in the management of multiple unmanned vehicles,"Bhaskara, A.; Duong, L.; Brooks, J.; Li, R. Y.; McInerney, R.; Skinner, M.; Pongracic, H.; Loft, S.",Applied Ergonomics,2021,90,,14,10.1016/j.apergo.2020.103243,"Automated decision aids can undoubtedly benefit system performance, but have the potential to provide incorrect advice, creating the possibility for automation disuse or misuse. This paper examined the extent to which increased automation transparency could improve the accuracy of automation use in a simulation of unmanned vehicle control. Participants were required to assign the best unmanned vehicle to complete missions. An automated recommender system provided advice but was not always reliable. Three levels of automation transparency were manipulated between-participants. Providing transparency regarding the reasoning underlying automated recommendations improved the accuracy of automation use, with no cost to decision time or subjective workload. Higher transparency in the form of projected decision outcome visualizations led to faster decisions, but less accurate automation use and an automation bias. Implications for the design of transparent interfaces to improve human-autonomy teaming outcomes in time-pressured environments are discussed.",Automation; Human-autonomy teaming; Unmanned vehicles; agent transparency; interface design; trust; impact; reliability; performance; information; Engineering; Psychology
The effects of communication modes on performance and discourse organization with an adaptive interface,"Bubb-Lewis, C.; Scerbo, M. W.",Applied Ergonomics,2002,33,1,15-26,10.1016/S0003-6870(01)00046-1,"This paper reports a study of different communication patterns on performance with a simulated adaptive interface that created the impression of a talking and listening computer which would help participants solve problems with a computer. There were four levels of communication modes which differed in the restrictions placed on human-computer communication. Dependent measures included tasks completed per minute as well as participants' utterances, which were assessed for verbosity, disfluencies, and indices of common ground. The largest performance differences were found between the groups that could communicate freely and those where communication was restricted or denied. As restriction increased, performance decreased. Further, as restriction increased, the computer assumed greater control and verbosity decreased. Performance on the simple tasks declined as communication restriction increased, but no differences were observed for complex tasks. The results are discussed with respect to differences between human-human and human-computer communication as well as research on adaptive environments. © 2001 Elsevier Science Ltd. All rights reserved.",Adaptive automation; Discourse structure; Human-computer communication; Computers; Problem solving; Speech communication; Communication patterns; article; computer interface; computer network; computer simulation; human; human experiment; interpersonal communication; normal human; task performance; Ergonomics
Acceptance of truck platooning by professional drivers on German highways. A mixed methods approach,"Castritius, S. M.; Hecht, H.; Möller, J.; Dietz, C. J.; Schubert, P.; Bernhard, C.; Morvilius, S.; Haas, C. T.; Hammer, S.",Applied Ergonomics,2020,85,,,10.1016/j.apergo.2019.103042,"Truck platoon driving is a current branch of automated driving, which has the potential to radically change the work routine of professional drivers. In a platoon system, one truck (semi-)automatically follows a lead truck with a reduced distance, which produces significant savings in fuel and enables better traffic flow. In a current application of truck platoon driving, the following vehicle operates at level-2 automation. Thus, the driver of the following truck merely has to supervise the semi-automated system, which takes over steering and speed control when engaged. Level-2 truck platoon driving had not been tested with professional drivers in real traffic before. We hypothesized that user acceptance would improve after the experience of platoon driving. Quantitative questionnaires and qualitative interviews were conducted with 10 drivers before and after an extensive Autobahn experience. The results show a clear increase of acceptance after the experience. Platoon driving was evaluated to be more useful, easier to use, and safer after the experience. Besides perceived driving safety, the prestige of truck platooning, the perceived usefulness of the system, and general technology affinity co-determined user acceptance. © 2019 Elsevier Ltd",Professional driver; Technology acceptance; Truck platoon driving; Adult; Automation; Automobile Driving; Behavior; Germany; Humans; Male; Man-Machine Systems; Middle Aged; Motor Vehicles; Qualitative Research; Surveys and Questionnaires; Young Adult; Industrial trucks; Professional aspects; Surveys; Automated driving; Following vehicle; Perceived usefulness; Professional drivers; Qualitative interviews; Semi-automated systems; Truck platoons; article; highway; human; human experiment; interview; questionnaire; velocity; car driving; man machine interaction; motor vehicle; procedures; psychology
"System reliability, performance and trust in adaptable automation","Chavaillaz, A.; Wastell, D.; Sauer, J.",Applied Ergonomics,2016,52,,333-342,10.1016/j.apergo.2015.07.012,"The present study examined the effects of reduced system reliability on operator performance and automation management in an adaptable automation environment. 39 operators were randomly assigned to one of three experimental groups: low (60%), medium (80%), and high (100%) reliability of automation support. The support system provided five incremental levels of automation which operators could freely select according to their needs. After 3 h of training on a simulated process control task (AutoCAMS) in which the automation worked infallibly, operator performance and automation management were measured during a 2.5-h testing session. Trust and workload were also assessed through questionnaires. Results showed that although reduced system reliability resulted in lower levels of trust towards automation, there were no corresponding differences in the operators' reliance on automation. While operators showed overall a noteworthy ability to cope with automation failure, there were, however, decrements in diagnostic speed and prospective memory with lower reliability. © 201.",Adaptable automation; Performance; Reliability; Trust; Adolescent; Adult; Automation; Computer Simulation; Female; Humans; Male; Surveys and Questionnaires; Task Performance and Analysis; Workload; Young Adult; Human computer interaction; Personnel training; Surveys; Automation failures; Automation management; Experimental groups; Levels of automation; Operator performance; System reliability; Article; controlled study; coping behavior; human; human experiment; information system; man machine interaction; normal human; process control; prospective memory; questionnaire; self esteem; task performance; psychology; standards
Effects of extended lay-off periods on performance and operator trust under adaptable automation,"Chavaillaz, A.; Wastell, D.; Sauer, J.",Applied Ergonomics,2016,53,,241-251,10.1016/j.apergo.2015.10.006,"Little is known about the long-term effects of system reliability when operators do not use a system during an extended lay-off period. To examine threats to skill maintenance, 28 participants operated twice a simulation of a complex process control system for 2.5 h, with an 8-month retention interval between sessions. Operators were provided with an adaptable support system, which operated at one of the following reliability levels: 60%, 80% or 100%. Results showed that performance, workload, and trust remained stable at the second testing session, but operators lost self-confidence in their system management abilities. Finally, the effects of system reliability observed at the first testing session were largely found again at the second session. The findings overall suggest that adaptable automation may be a promising means to support operators in maintaining their performance at the second testing session. © 2015 Elsevier Ltd and The Ergonomics Society.",Adaptable automation; Lay-off period; Skill retention; System reliability; Trust; Adolescent; Adult; Automation; Computer Simulation; Female; Humans; Male; Man-Machine Systems; Retention (Psychology); Return to Work; Self Efficacy; Task Performance and Analysis; Time Factors; Unemployment; Workload; Young Adult; Reliability; Complex Processes; Long-term effects; Reliability level; System management; clinical article; human; long term memory; man machine interaction; psychology; self concept; task performance; time factor
Identifying interaction types and functionality for automated vehicle virtual assistants: An exploratory study using speech acts cluster analysis,"Clark, J. R.; Large, D. R.; Shaw, E.; Nichele, E.; Galvez Trigo, M. J.; Fischer, J. E.; Burnett, G.; Stanton, N. A.",Applied Ergonomics,2024,114,,,10.1016/j.apergo.2023.104152,"Onboard virtual assistants with the ability to converse with users are gaining favour in supporting effective human-machine interaction to meet safe standards of operation in automated vehicles (AVs). Previous studies have highlighted the need to communicate situation information to effectively support the transfer of control and responsibility of the driving task. This study explores ‘interaction types’ used for this complex human-machine transaction, by analysing how situation information is conveyed and reciprocated during a transfer of control scenario. Two human drivers alternated control in a bespoke, dual controlled driving simulator with the transfer of control being entirely reliant on verbal communication. Handover dialogues were coded based on speech-act classifications, and a cluster analysis was conducted. Four interaction types were identified for both virtual assistants (i.e., agent handing over control) - Supervisor, Information Desk, Interrogator and Converser, and drivers (i.e., agent taking control) - Coordinator, Perceiver, Inquirer and Silent Receiver. Each interaction type provides a framework of characteristics that can be used to define driver requirements and implemented in the design of future virtual assistants to support the driver in maintaining and rebuilding timely situation awareness, whilst ensuring a positive user experience. This study also provides additional insight into the role of dialogue turns and takeover time and provides recommendations for future virtual assistant designs in AVs. © 2023 The Authors","Automated vehicles; Autonomous vehicles; Communication; Interface design; Natural language interfaces; Virtual assistant; Accidents, Traffic; Automation; Automobile Driving; Humans; Reaction Time; Speech; Cluster analysis; Man machine systems; Natural language processing systems; User interfaces; Virtual reality; Exploratory studies; Human machine interaction; Interface designs; Situation information; Speech acts; Transfer of controls; Virtual assistants; adult; Article; car driving; controlled study; female; human; human experiment; male; natural language processing; normal human; verbal communication; autonomous vehicle; traffic accident"
Simple manipulations of anthropomorphism fail to induce perceptions of humanness or improve trust in an automated agent,"Cockram, L.; Bartlett, M. L.; McCarley, J. S.",Applied Ergonomics,2023,111,,8,10.1016/j.apergo.2023.104027,"Although automation is employed as an aid to human performance, operators often interact with automated decision aids inefficiently. The current study investigated whether anthropomorphic automation would engender higher trust and use, subsequently improving human-automation team performance. Participants performed a multi-element probabilistic signal detection task in which they diagnosed a hypothetical nuclear reactor as in a state of safety or danger. The task was completed unassisted and assisted by a 93%-reliable agent varying in anthropomorphism. Results gave no evidence that participants' perceptions of anthropomorphism differed between conditions. Further, anthropomorphic automation failed to bolster trust and automation-aided performance. Findings suggest that the benefits of anthropomorphism may be limited in some contexts.",Automation; Anthropomorphism; Signal detection; collective decision-making; individual-differences; increases trust; performance; information; reliance; search; system; aids; confidence; Engineering; Psychology
Cognitive and behavioral markers for human detection error in AI-assisted bridge inspection,"Dalilian, F.; Nembhard, D.",Applied Ergonomics,2024,121,,,10.1016/j.apergo.2024.104346,"Integrating Artificial Intelligence (AI) and drone technology into bridge inspections offers numerous advantages, including increased efficiency and enhanced safety. However, it is essential to recognize that this integration changes the cognitive ergonomics of the inspection task. Gaining a deeper understanding of how humans process information and behave when collaborating with drones and AI systems is necessary for designing and implementing effective AI-assisted inspection drones. To further understand human-drone-AI intricate dynamics, an experiment was conducted in which participants’ biometric and behavioral data were collected during a simulated drone-enabled bridge inspection under two conditions: with an 80% accurate AI assistance and with no AI assistance. Results indicate that cognitive and behavioral factors, including vigilance, cognitive processing intensity, gaze patterns, and visual scanning efficiency can influence inspectors' performance respectively in either condition. This highlights the importance of designing inspection protocols, drones and AI systems based on a comprehensive understanding of the cognitive processes required in each condition to prevent cognitive overload and minimize errors. We also remark on the visual scanning and gaze patterns associated with a higher chance of missing critical information in each condition, insights that inspectors can use to enhance their inspection performance. © 2024 Elsevier Ltd",Design; Future of work; Human robot interaction; Technology; Adult; Artificial Intelligence; Attention; Cognition; Ergonomics; Female; Humans; Male; Man-Machine Systems; Task Performance and Analysis; Young Adult; Behavioral research; Bridges; Cognitive systems; Drones; Inspection; Machine design; Artificial intelligence systems; Bridge inspection; Condition; Detection error; Future of works; Human detection; Humans-robot interactions; Performance; Visual scanning; alertness; article; diagnosis; drone; gaze; human; human experiment; intelligence; protocol; simulation; man machine interaction; procedures; task performance; Efficiency
Cognitive conflict in human-automation interactions: A psychophysiological study,"Dehais, F.; Causse, M.; Vachon, F.; Tremblay, S.",Applied Ergonomics,2012,43,3,588-595,10.1016/j.apergo.2011.09.004,"The review of literature in sociology and distributed artificial intelligence reveals that the occurrence of conflict is a remarkable precursor to the disruption of multi-agent systems. The study of this concept could be applied to human factors concerns, as man-system conflict appears to provoke perseveration behavior and to degrade attentional abilities with a trend to excessive focus. Once entangled in such conflicts, the human operator will do anything to succeed in his current goal even if it jeopardizes the mission. in order to confirm these findings, an experimental setup, composed of a real unmanned ground vehicle, a ground station is developed. A scenario involving an authority conflict between the participants and the robot is proposed. Analysis of the effects of the conflict on the participants' cognition and arousal is assessed through heart-rate measurement (reflecting stress level) and eye-tracking techniques (index of attentional focus). Our results clearly show that the occurrence of the conflict leads to perseveration behavior and can induce higher heart rate as well as excessive attentional focus. These results are discussed in terms of task commitment issues and increased arousal. Moreover, our results suggest that individual differences may predict susceptibility to perseveration behavior. (C) 2011 Elsevier Ltd and The Ergonomics Society. All rights reserved.",Human-automation conflicts; Robotic; Perseveration behavior; Attentional; shrinking; Eye tracking; Physiological measurement; error; performance; responses; emotion; mode; Engineering; Psychology
Design of systems for productivity and well being,"Edwards, K.; Jensen, P. L.",Applied Ergonomics,2014,45,1,26-32,10.1016/j.apergo.2013.03.022,"It has always been an ambition within the ergonomic profession to ensure that design or redesign of production systems consider both productivity and employee well being, but there are many approaches to how to achieve this. This paper identifies the basic issues to be addressed in light of some research activities at DTU, especially by persons responsible for facilitating design processes. Four main issues must be addressed: (1) determining the limits and scope of the system to be designed; (2) identifying stakeholders related to the system and their role in the system design; (3) handling the process' different types of knowledge; and (4) emphasizing that performance management systems, key performance indicators (KPIs), and leadership are also part of the system design and must be given attention. With the examples presented, we argue that knowledge does exist to help system design facilitators address these basic issues. © 2013.",Complexity management; Production system design; Stakeholder perspective; Efficiency; Human Engineering; Humans; Knowledge; Leadership; Occupational Health; Organizational Objectives; Systems Theory; Task Performance and Analysis; Benchmarking; Design; Management; Production engineering; Productivity; Design process; Key performance indicators; Performance management systems; Production system; Production system designs; Research activities; article; conceptual framework; decision making; employee; ergonomics; human; performance; wellbeing; Systems analysis
Updating design guidelines for cognitive ergonomics in human-centred collaborative robotics applications: An expert survey,"Gualtieri, L.; Fraboni, F.; Brendel, H.; Pietrantoni, L.; Vidoni, R.; Dallasega, P.",Applied Ergonomics,2024,117,,,10.1016/j.apergo.2024.104246,"Within the framework of Industry 5.0, human factors are essential for enhancing the work conditions and well-being of operators interacting with even more advanced and smart manufacturing systems and machines and increasing production performances. Nevertheless, cognitive ergonomics is often underestimated when implementing advanced industrial human-robot interaction. Thus, this work aims to systematically update, develop, and validate guidelines to assist non-experts in the early stages of the design of anthropocentric and collaborative assembly applications by focusing on the main features that have positively influenced workers' cognitive responses. A methodology for structured development has been proposed. The draft guidelines have been created starting from the outcomes of a systematic and extended screening of the scientific literature. Preliminary validation has been carried out with the help of researchers working in the field. Inputs on comprehensibility and relevance have been gathered to enhance the guidelines. Lastly, a survey was used to examine in depth how international experts in different branches can interpret such guidelines. In total, 108 responders were asked to qualitatively and quantitatively evaluate the guideline's comprehensibility and provide general comments or suggestions for each guideline. Based on the survey's results, the guidelines have been validated and some have been reviewed and re-written in their final form. The present work highlights that integrating human factors into the design of collaborative applications can significantly bolster manufacturing operations' resilience through inclusivity and system adaptability by enhancing worker safety, ergonomics, and wellbeing. © 2024 The Authors",Cognitive ergonomics; Collaborative robotics; Human-centred design; Human-robot interaction; Industry 5.0; Ergonomics; Humans; Industry; Robotics; Surveys and Questionnaires; Collaborative robots; Man machine systems; Advanced manufacturing; Expert survey; Human-centred designs; Humans-robot interactions; Robotics applications; Smart manufacturing; Well being; Work condition; adult; Article; artificial intelligence; consensus; controlled study; decision making; feedback system; female; human; job performance; Likert scale; male; practice guideline; risk assessment; social aspect; social sustainability; task performance; validation study; wellbeing; procedures; questionnaire; Machine design
"Automation reliability, human–machine system performance, and operator compliance: A study with airport security screeners supported by automated explosives detection systems for cabin baggage screening","Huegli, D.; Merks, S.; Schwaninger, A.",Applied Ergonomics,2020,86,,,10.1016/j.apergo.2020.103094,"Using a simulated X-ray screening task, we tested 122 airport security screeners working with the support of explosives detection systems for cabin baggage screening (EDSCB) as low-level automation. EDSCB varied systematically on three automation reliability measures: accuracy, d', and positive predictive value (PPV). Results showed that when unaided performance was high, operator confidence was high, and automation provided only small benefits. When unaided performance was lower, operator confidence was lower, and automation with higher d' provided large benefits. Operator compliance depended on the PPV of automation: We found lower compliance for lower PPV. Automation with a high false alarm rate of 20% and a low PPV of .3 resulted in operators ignoring about one-half of the true automation alarms on difficult targets—a strong cry-wolf effect. Our results suggest that automation reliability described by d' and PPV is more valid than using accuracy alone. When the PPV is below .5, operators should receive clear instructions on how to respond to automation alarms. © 2020 The Authors",Airport security baggage screening; Human–automation interaction; Visual search; Adult; Airports; Automation; Computer Simulation; Explosive Agents; Female; Humans; Male; Man-Machine Systems; Predictive Value of Tests; Reproducibility of Results; Security Measures; Task Performance and Analysis; X-Rays; Alarm systems; Explosives; Explosives detection; Reliability; X ray screens; explosive; Airport security screeners; Automation reliabilities; Baggage screening; Explosives detection systems; False alarm rate; Positive predictive values; X-ray screening; accuracy; airport; algorithm; Article; cabin baggage screening; human; human experiment; operator; practice guideline; predictive value; safety; screening; sensitivity and specificity; strategic planning; X ray analysis; controlled study; man machine interaction; organization and management; randomized controlled trial; reproducibility; task performance; X ray; Airport security
Effectiveness and driver acceptance of a semi-autonomous forward obstacle collision avoidance system,"Itoh, M.; Horikome, T.; Inagaki, T.",Applied Ergonomics,2013,44,5,756-763,10.1016/j.apergo.2013.01.006,"This paper proposes a semi-autonomous collision avoidance system for the prevention of collisions between vehicles and pedestrians and objects on a road. The system is designed to be compatible with the human-centered automation principle, i.e., the decision to perform a maneuver to avoid a collision is made by the driver. However, the system is partly autonomous in that it turns the steering wheel independently when the driver only applies the brake, indicating his or her intent to avoid the obstacle. With a medium-fidelity driving simulator, we conducted an experiment to investigate the effectiveness of this system for improving safety in emergency situations, as well as its acceptance by drivers. The results indicate that the system effectively improves safety in emergency situations, and the semi-autonomous characteristic of the system was found to be acceptable to drivers. (C) 2013 Elsevier Ltd and The Ergonomics Society. All rights reserved.",Advanced driver assistance systems; Adaptive automation; Collision; avoidance; adaptive automation; performance; humans; trust; Engineering; Psychology
A user-centred design approach for introducing computer-based process information systems,"Kontogiannis, T.; Embrey, D.",Applied Ergonomics,1997,28,2,109-119,10.1016/S0003-6870(96)00041-5,"There has been an increasing tendency to use computer-based process information systems as the main interface through which operators interact with complex industrial systems. Although the new technology has produced greater hardware reliability and maintainability, the corresponding potential benefits for operability have not always been achieved. Automation has introduced new forms of design and operating errors. One of the major reasons for this problem has been the lack of human factors advice and user participation early in the design process. This paper discusses a user-centred design approach to increase operability and user acceptance of new technologies and working practices. Application of this approach in the context of a chemical plant indicates its promise, but also highlights the difficulties involved in gaining user participation and management commitment.",Display design; Human error; Process control; Process information systems; Task analysis; User participation; automation; chemical industry; computer; error; human; information system; reliability; review; technology
Human-factors engineering for smart transport: Decision support for car drivers and train traffic controllers,"Lenior, D.; Janssen, W.; Neerincx, M.; Schreibers, K.",Applied Ergonomics,2006,37,4,479-490,10.1016/j.apergo.2006.04.021,"The theme Smart Transport can be described as adequate human-system symbiosis to realize effective, efficient and human-friendly transport of goods and information. This paper addresses how to attune automation to human (cognitive) capacities (e.g. to take care of information uncertainty, operator trust and mutual man-machine adaptations). An introduction to smart transport is presented, including examples of best practice for engineering human factors in the vehicle ergonomics and train traffic control domain. The examples are representative of an ongoing trend in automation and they show how the human role changes from controller to supervisor. Section 2 focuses on the car driver and systems that support, or sometimes even take over, critical parts of the driving task. Due to the diversity of driver ability, driving context and dependence between driver and context factors, there is a need for personalised, adaptive and integrated support. Systematic research is needed to establish sound systems. Section 3 focuses on the train dispatcher support systems that predict train movements, detect potential conflicts and show the dispatcher the possibilities available to solve the detected problems. Via thorough analysis of both the process to be controlled and the dispatcher's tasks and cognitive needs, support functions were developed as part of an already very complex supervision and control system. The two examples, although from a different field, both show the need for further development in cognitive modelling as well as for the value of sound ergonomics task analysis in design practice. (c) 2006 Elsevier Ltd. All rights reserved.",traffic control; decision support; supervision; adaptive systems; cognitive engineering; trust; Engineering; Psychology
To delegate or not to delegate: A review of control frameworks for autonomous cars,"Richards, D.; Stedmon, A.",Applied Ergonomics,2016,53,,383-388,10.1016/j.apergo.2015.10.011,"There have been significant advances in technology and automated systems that will eventually see the use of autonomous cars as commonplace on our roads. Various systems are already available that provide the driver with different levels of decision support. This paper highlights the key human factors issues associated with the interaction between the user and an autonomous system, including assistive decision support and the delegation of authority to the automobile. The level of support offered to the driver can range from traditional automated assistance, to system generated guidance that offers advice for the driver to act upon, and even more direct action that is initiated by the system itself without driver intervention. In many of these instances the role of the driver is slowly moving towards a supervisory role within a complex system rather than one of direct control of the vehicle. Different paradigms of interaction are considered and focus is placed on the partnership that takes place between the driver and the vehicle. Drawing on the wealth of knowledge that exists within the aviation domain and research literature that examines technology partnerships within the cockpit, this paper considers important factors that will assist the automotive community to understand the underlying issues of the human and their interaction within complex systems. (C) 2015 Elsevier Ltd and The Ergonomics Society. All rights reserved.",Autonomy; Automation; Control; Human factors; automation; vigilance; Engineering; Psychology
Impact of alarm management and automation on abnormal operations: A human-in-the-loop simulation study,"Simonson, R. J.; Keebler, J. R.; Blickensderfer, E. L.; Besuijen, R.",Applied Ergonomics,2022,100,,,10.1016/j.apergo.2021.103670,"Process control consists of complex states of performance that require a significant amount of operator attention and skill to manage. Automation and smart alarms can enhance these processes. This study investigated the effects of alarm management and automation on process control operator workload (NASA-TLX) and performance via material lost through flaring outcomes. Eleven console qualified operators participated in a human-in-the-loop, high-fidelity simulation-based training exercise. Three levels of alarm management (no rationalization, rationalization, and state-based smart alarm) and two levels of automation (no automation and automation) conditions were implemented using six scenarios. A repeated measures two-way MANOVA indicated that both alarm management schema and automation significantly affected operator workload and performance. These results indicate that state-based smart alarm management and automation schemas may assist operators in reducing workload and material lost through flare release during abnormal operating conditions. © 2021",Alarm rationalization; Automation; Flare; Process control; Workload; Attention; Computer Simulation; Humans; Task Performance and Analysis; NASA; Personnel training; Abnormal operation; Alarm management; Human-in-the-loop simulations; Operator workload; Performance; Rationalisation; State based; article; defense mechanism; exercise; high fidelity simulation training; human; multivariate analysis of variance; task performance; Alarm systems
In robot we trust? The effect of emotional expressions and contextual cues on anthropomorphic trustworthiness,"Song, Y.; Tao, D.; Luximon, Y.",Applied Ergonomics,2023,109,,10,10.1016/j.apergo.2023.103967,"Following the evolution of technology and its application in various daily contexts, social robots work as an advanced artificial intelligence (AI) system to interact with humans. However, limited research has been done to discuss the role of emotional expressions and contextual cues in influencing anthropomorphic trustworthiness, especially from the design perspective. To address this research gap, the current study designed a specific robot prototype and conducted two lab experiments to explore the effect of emotional expressions and contextual cues on trustworthiness via a combination of subjective ratings and physiological measures. Results showed that: 1) positive (vs. negative) emotional expressions enjoyed a higher level of anthropomorphic trustworthiness and visual attention; 2) regulatory fit was expanded in parasocial interaction and worked as a prime to activate anthropomorphic trustworthiness for social robots. Theoretical contributions and design implications were also discussed in this study.",Social robot; Emotional expressions; Anthropomorphic trustworthiness; Eye tracking; Electrodermal activity (EDA); skin-conductance responses; facial expressions; regulatory focus; psychological reactance; electrodermal activity; social cues; faces; recognition; judgments; prevention; Engineering; Psychology
Do concurrent task demands impact the benefit of automation transparency?,"Tatasciore, M.; Bowden, V.; Loft, S.",Applied Ergonomics,2023,110,,,10.1016/j.apergo.2023.104022,"Automated decision aids typically improve decision-making, but incorrect advice risks automation misuse or disuse. We examined the novel question of whether increased automation transparency improves the accuracy of automation use under conditions with/without concurrent (non-automated assisted) task demands. Participants completed an uninhabited vehicle (UV) management task whereby they assigned the best UV to complete missions. Automation advised the best UV but was not always correct. Concurrent non-automated task demands decreased the accuracy of automation use, and increased decision time and perceived workload. With no concurrent task demands, increased transparency which provided more information on how the automation made decisions, improved the accuracy of automation use. With concurrent task demands, increased transparency led to higher trust ratings, faster decisions, and a bias towards agreeing with automation. These outcomes indicate increased reliance on highly transparent automation under conditions with concurrent task demands and have potential implications for human-automation teaming design. © 2023 The Authors",Automation transparency; Concurrent task demands; Decision support systems; Uninhabited vehicle control; Automation; Bias; Humans; Man-Machine Systems; Task Performance and Analysis; Trust; Workload; Artificial intelligence; Concurrency control; Control system synthesis; Decision making; Transparency; Automated decision aid; Concurrent task demand; Concurrent tasks; Condition; Decisions makings; Task demand; Vehicle Control; Vehicles managements; adult; article; decision support system; female; human; human experiment; male; man machine interaction; statistical bias; task performance
Enhancing the effectiveness of human-robot teaming with a closed-loop system,"Teo, G.; Reinerman-Jones, L.; Matthews, G.; Szalma, J.; Jentsch, F.; Hancock, P.",Applied Ergonomics,2018,67,,91-103,10.1016/j.apergo.2017.07.007,"With technological developments in robotics and their increasing deployment, human-robot teams are set to be a mainstay in the future. To develop robots that possess teaming capabilities, such as being able to communicate implicitly, the present study implemented a closed-loop system. This system enabled the robot to provide adaptive aid without the need for explicit commands from the human teammate, through the use of multiple physiological workload measures. Such measures of workload vary in sensitivity and there is large inter-individual variability in physiological responses to imposed taskload. Workload models enacted via closed-loop system should accommodate such individual variability. The present research investigated the effects of the adaptive robot aid vs. imposed aid on performance and workload. Results showed that adaptive robot aid driven by an individualized workload model for physiological response resulted in greater improvements in performance compared to aid that was simply imposed by the system. © 2017 Elsevier Ltd",Adaptive systems; Inter-individual variability; Workload model; Humans; Man-Machine Systems; Robotics; Task Performance and Analysis; Teach-Back Communication; Workload; Closed loop systems; Physiological models; Physiology; Human robots; Human-robot-team; Individual variability; Physiological response; Taskload; Technological development; Work-load models; human; interpersonal communication; man machine interaction; procedures; task performance; Robots
Emotional and cognitive influences in air traffic controller tasks: An investigation using a virtual environment?,"Truschzinski, M.; Betella, A.; Brunnett, G.; Verschure, Pfmj",Applied Ergonomics,2018,69,,1-9,10.1016/j.apergo.2017.12.019,"Air traffic controllers are required to perform complex tasks which require attention and high precision. This study investigates how the difficulty of such tasks influences emotional states, cognitive workload and task performance. We use quantitative and qualitative measurements, including the recording of pupil dilation and changes in affect using questionnaires. Participants were required to perform a number of air traffic control tasks using the immersive human accessible Virtual Reality space in the ""eXperience Induction Machine"". Based on the data collected, we developed and validated a model which integrates personality, workload and affective theories. Our results indicate that the difficulty of an air traffic control task has a direct influence on cognitive workload as well as on the self-reported mood; whereas both mood and workload seem to change independently. In addition, we show that personality, in particular neuroticism, affects both mood and performance of the participants.",Air traffic control; Personality; Workload; Mood; Virtual reality; personality dimensions; decision-making; mental workload; working-memory; reality; performance; neuroticism; paradigm; stress; mood; Engineering; Psychology
Machine learning for automation usage prediction: identifying critical factors in driver decision-making,"Bustamante Orellana, C.; Rodriguez Rodriguez, L.; Huang, L.; Cooke, N.; Kang, Y.",Applied Intelligence,2025,55,1,,10.1007/s10489-024-06052-2,"Inappropriate automation usage is a common cause of incidents in semi-autonomous vehicles. Predicting and understanding the factors influencing this usage is crucial for safety. This study aims to evaluate machine learning models in predicting automation usage from behavioral data; and analyze how workload, environment, performance, and risk influence automation usage for different conditions. An existing dataset from a driving simulator study with 16 participants across four automation conditions (Speed High, Speed Low, Full High, and Full Low) was used. Five machine learning models were trained, using different splitting techniques, to predict automation usage. The input to these models were features related to workload, environment, performance, and risk, pre-processed and optimized to reduce computational time. The best-performing model was used to analyze the impact of each factor on automation usage. Random Forest models consistently demonstrated the highest prediction power, with accuracy exceeding 79% for all conditions, providing a robust foundation for enhancing vehicle safety and optimizing human-automation collaboration. Additionally, factors influencing automation usage ranked: Workload>Environment>Performance>Risk., contrasting with literature on pre-drive intentions to use automation. This study offers insights into real-time prediction of automation usage in semi-autonomous vehicles and quantifies the importance of key factors across different automation conditions. The findings reveal variations in prediction accuracy and factor importance across conditions, providing valuable implications for adaptive automated driving system design. Additionally, the hierarchy of factors influencing automation usage reveals a contrast between real-time decisions and pre-drive intentions, emphasizing the need for adaptive systems in dynamic driving conditions. © The Author(s), under exclusive licence to Springer Science+Business Media, LLC, part of Springer Nature 2024.",Automation usage prediction; Factors influencing automation usage; Machine learning; Varied automation conditions; Adversarial machine learning; Automobile driver simulators; Automobile simulators; Contrastive Learning; Magnetic levitation vehicles; Prediction models; Risk analysis; Automation conditions; Condition; Critical factors; Factor influencing automation usage; Machine learning models; Machine-learning; Performance; Semi-autonomous vehicles; Varied automation condition; Risk assessment
Social decision-making in a large-scale MultiAgent system considering the influence of empathy,"Chen, J. Z.; Liu, B.; Zhang, D. L.; Qu, Z. S.; Wang, C. H.",Applied Intelligence,2023,53,9,10068-10095,10.1007/s10489-022-03933-2,"Empathy is the ability to spontaneously or purposefully place oneself in another's situation. Under the continuous effect of empathy, an individual's preference for things will inevitably be affected by the local and non-local social environment. Inspired by neuropsychology, this paper constructs an extended empathy model to compensate for the shortcomings of previous models in describing the global preference (utility) coupling between individuals, and analyzes how to make efficient decisions based on this model in a large-scale multiagent system. Empathy is abstracted as a random experience process in the form of nonstationary Markov chains, and empathetic utility is defined as the expectation of preference experienced under the corresponding transition probability distribution. By structurally introducing the self-other separation mechanism and energy attenuation mechanism, the model can exhibit social attributes, including absorbency, inhibition, and anisotropy. An extended iterative candidate elimination (EICE) algorithm is designed for the decision problem defined by the proposed model. This algorithm correlates the error upper bound of the objective function with that of the empathy utility to perform the iterative estimation of the candidate strategies. For a polynomial objective function, the EICE under affective empathy can reduce the algorithm complexity from O (n(x)) to O (n(y)) (1 <= y <= 2 <= x <= 3). In terms of application prospects, the model and the corresponding decision algorithm are proved to be not only suitable for human society but also able to match the engineering application scenarios such as human-machine interaction and unmanned aerial vehicle (UAV) formation under specific requirements.",Decision-making; Empathy; Nonstationary Markov chain; Multiagent system; altruism; Computer Science
Modeling adaptive empathy based on neutral assessment: a way to enhance the prosocial behaviors of socialized agents under the premise of self-security,"Chen, J. Z.; Zhang, D. L.; Qu, Z. S.; Wang, C. H.",Applied Intelligence,2022,52,6,6692-6722,10.1007/s10489-021-02712-9,"Ethical concerns over artificial intelligence (AI) have recently drawn extensive interest in both academia and industry. According to behavioral economics and neuropsychology, empathy may be an inherent mechanism to elicit prosocial behaviors. Therefore, we establish a three-layer general framework of empathetic AI (eAI) with emotion, empathy, and decision-making. By introducing different sub-models, three learning structures based on eAI are proposed, including a gradient ascent (GA)-based structure, an adaptive learning structure, and a practical learning structure. The dynamics of the first two structures are analyzed theoretically, and the practical dynamics are tested in games. We prove that in the prisoner's dilemma (PD) environment, the GA-based eAI with neutral assessment can carry out adaptive cooperation and competition under the premise of self-security. In addition, although the modeling of empathy by extracting the emotional contagion and limited cognitive regulation is simplified and primitive, tests in the prisoner's dilemma, the ultimatum game, and a multi-agent dilemma game, show that the eAI structure successfully elicits prosocial behaviors including altruism, cooperation and fairness. Compared with other socialized algorithms, the eAI structure has a more comprehensive coverage in terms of convergence, fairness, security, adaptability, and structural expansibility. Therefore, we believe this work can provide novel methods and insights for regulating the behaviors of socialized agents, as well as artificial subjects in psychological and economic experiments.",Adaptive empathy; Prosocial behaviors; Multi-agent reinforcement; learning; Cooperation and competition; decision-making; evolution; happiness; altruism; emotion; income; game; Computer Science
Integrating short-term stochastic production planning updating with mining fleet management in industrial mining complexes: an actor-critic reinforcement learning approach,"de Carvalho, J. P.; Dimitrakopoulos, R.",Applied Intelligence,2023,53,20,23179-23202,10.1007/s10489-023-04774-3,"Short-term production planning in industrial mining complexes involves defining daily, weekly or monthly decisions that aim to achieve production targets established by long-term planning. Operational requirements must be considered when defining fleet allocation and production scheduling decisions. Thus, this paper presents an actor-critic reinforcement learning (RL) method to make mining equipment allocation and production scheduling decisions that maximize the profitability of a mining operation. Two RL agents are proposed. The first agent allocates shovels to mining fronts by considering some operational requirements. The second agent defines the processing destination and the number of trucks required for transportation. A simulator of mining complex operations is proposed to forecast the material flow from the mining fronts to the destinations. This simulator provides new states and rewards to the RL agents, so shovel allocation and production scheduling decisions can be improved. Additionally, as the mining complex operates, sensors collect ore quality data, which are used to update the uncertainty associated with the orebody models. The improvement in material supply characterization allows the RL agents to make more informed decisions. A case study applied at a copper mining complex highlights the method's ability to make informed decisions while collecting new data. The results show a 47% improvement in cash flow by adapting the shovel and truck allocation and material destination compared to a base case with predefined fleet assignments.",Mining complexes; Adaptive stochastic short-term planning; Mining fleet; management; Data assimilation; Reinforcement learning; optimization; simulation; information; go; Computer Science
Adaptive and dynamic ant colony search algorithm for optimal distribution systems reinforcement strategy,"Favuzza, S.; Graditi, G.; Sanseverino, E. R.",Applied Intelligence,2006,24,1,31-42,10.1007/s10489-006-6927-y,"The metaheuristic technique of Ant Colony Search has been revised here in order to deal with dynamic search optimization problems having a large search space and mixed integer variables. The problem to which it has been applied is an electrical distribution systems management problem. This kind of issues is indeed getting increasingly complicated due to the introduction of new energy trading strategies, new environmental constraints and new technologies. In particular, in this paper, the problem of finding the optimal reinforcement strategy to provide reliable and economic service to customers in a given time frame is investigated. Utilities indeed need efficient software tools to take decisions in this new complex scenario. In past times, utilities project the load growth for several years and then estimate when the capacity limit will be exceeded. Designers then consider some feasible alternatives and select the optimal one in terms of performance and costs.",
Explaining predictions and attacks in federated learning via random forests,"Haffar, R.; Sánchez, D.; Domingo-Ferrer, J.",Applied Intelligence,2023,53,1,169-185,10.1007/s10489-022-03435-1,"Artificial intelligence (AI) is used for various purposes that are critical to human life. However, most state-of-the-art AI algorithms are black-box models, which means that humans cannot understand how such models make decisions. To forestall an algorithm-based authoritarian society, decisions based on machine learning ought to inspire trust by being explainable. For AI explainability to be practical, it must be feasible to obtain explanations systematically and automatically. A usual methodology to explain predictions made by a (black-box) deep learning model is to build a surrogate model based on a less difficult, more understandable decision algorithm. In this work, we focus on explaining by means of model surrogates the (mis)behavior of black-box models trained via federated learning. Federated learning is a decentralized machine learning technique that aggregates partial models trained by a set of peers on their own private data to obtain a global model. Due to its decentralized nature, federated learning offers some privacy protection to the participating peers. Nonetheless, it remains vulnerable to a variety of security attacks and even to sophisticated privacy attacks. To mitigate the effects of such attacks, we turn to the causes underlying misclassification by the federated model, which may indicate manipulations of the model. Our approach is to use random forests containing decision trees of restricted depth as surrogates of the federated black-box model. Then, we leverage decision trees in the forest to compute the importance of the features involved in the wrong predictions. We have applied our method to detect security and privacy attacks that malicious peers or the model manager may orchestrate in federated learning scenarios. Empirical results show that our method can detect attacks with high accuracy and, unlike other attack detection mechanisms, it can also explain the operation of such attacks at the peers' side.",Explainability; Attack detection; Machine learning; Federated learning; Surrogate model; Random decision forests; Computer Science
Methods for operations planning in airport decision support systems,"Herrero, J. G.; Berlanga, A.; Molina, J. M.; Casar, J. R.",Applied Intelligence,2005,22,3,183-206,10.1007/s10791-005-6618-z,"Simulation and decision support tools can help airport ground controllers to improve surface operations and safety, leading to enhancements in the process of traffic flow management. In this paper, two planning approaches for automatically finding the best routes and sequences for demanded operations are proposed and analyzed. These approaches are integrated into a general decision support system architecture. The problem addressed is the global management of departure operations, moving aircraft along airport taxiways between gate positions and runways. Two global optimization approaches have been developed together with a suitable problem representation: a modified time-space flow algorithm and a genetic algorithm, both aimed at minimizing the total ground delay. The capability and performance of these planning techniques have been illustrated on simulated samples of ground operations at Madrid Barajas International Airport.",airport traffic control; flow management; stochastic optimization; planning; landings; Computer Science
A meta-heuristic approach to estimate and explain classifier uncertainty,"Houston, A.; Cosma, G.",Applied Intelligence,2025,55,4,20,10.1007/s10489-024-06127-0,"Trust is a crucial factor affecting the adoption of machine learning (ML) models. Qualitative studies have revealed that end-users, particularly in the medical domain, need models that can express their uncertainty in decision-making allowing users to know when to ignore the model's recommendations. However, existing approaches for quantifying decision-making uncertainty are not model-agnostic, or they rely on complex mathematical derivations that are not easily understood by laypersons or end-users, making them less useful for explaining the model's decision-making process. This work proposes a set of class-independent meta-heuristics that can characterise the complexity of an instance in terms of factors that are mutually relevant to both human and ML decision-making. The measures are integrated into a meta-learning framework that estimates the risk of misclassification. The proposed framework outperformed predicted probabilities and entropy-based methods of identifying instances at risk of being misclassified. Furthermore, the proposed approach resulted in uncertainty estimates that proves more independent of model accuracy and calibration than existing approaches. The proposed measures and framework demonstrate promise for improving model development for more complex instances and provides a new means of model abstention and explanation.",Uncertainty quantification; Meta-learning; Fuzzy clustering; Complexity; theory; Explainable AI; imbalanced data; framework; Computer Science
Explaining deep reinforcement learning decisions in complex multiagent settings: towards enabling automation in air traffic flow management,"Kravaris, T.; Lentzos, K.; Santipantakis, G.; Vouros, G. A.; Andrienko, G.; Andrienko, N.; Crook, I.; Garcia, J. M. C.; Martinez, E. I.",Applied Intelligence,2023,53,4,4063-4098,10.1007/s10489-022-03605-1,"With the objective to enhance human performance and maximize engagement during the performance of tasks, we aim to advance automation for decision making in complex and large-scale multi-agent settings. Towards these goals, this paper presents a deep multi agent reinforcement learning method for resolving demand - capacity imbalances in real-world Air Traffic Management settings with thousands of agents. Agents comprising the system are able to jointly decide on the measures to be applied to resolve imbalances, while they provide explanations on their decisions: This information is rendered and explored via appropriate visual analytics tools. The paper presents how major challenges of scalability and complexity are addressed, and provides results from evaluation tests that show the abilities of models to provide high-quality solutions and high-fidelity explanations.",Air traffic management; Multi-agent deep reinforcement learning; Interpretability; Stochastic decision trees; Explainability; Visualization; conventions; emergence; systems; Computer Science
An intelligent man-machine dialogue system based on AI planning,"Kuijpers, B.; Dockx, K.",Applied Intelligence,1998,8,3,235-245,10.1023/a:1008268417191,"We describe the modular architecture of a generic dialogue system that assists a user/operator in performing a task with a tool. This coaching system is named CALLIOPE after the Greek goddess of eloquence. It aims at being an active partner in an intelligent man-machine dialogue. The intelligent dimension of the coaching system is reflected by its ability to adapt to the user and the situation at hand. The CALLIOPE system contains an explicit user model and world model to situate its dialogue actions. A plan library allows it to follow loosely predetermined dialogue scenarios. The heart of the coaching system is an Al planning module, which plans a series of dialogue actions. We present a coherent set of three dialogue or speech actions that will make up the physical form of the man-machine communication. The use of the AI planning paradigm as a basis for man-machine interaction is motivated by research in various disciplines, as e.g., AI, Cognitive Science and Social Sciences. Starting from the man-man communication metaphor, we can view the ""thinking before speaking"" of a human communication partner as constructing an underlying plan which is responsible for the purposiveness, the organisation and the relevance of the communication. CALLIOPE has been fully implemented and tested on theoretical examples. At present, also three tailored versions of CALLIOPE are in operational use in different industrial application domains: operator support for remedying-tasks in chemical process industry, operator support for a combined task of planning, plan execution and process control in the area of chemical process development, and thirdly decision support in production scheduling.",man-machine interaction; dialogue planning; AI planning; scenarios; Computer Science
F-DQN: an optimized DQN for decision-making of generator start-up sequence after blackout,"Li, C. C.; Wu, Z. R.",Applied Intelligence,2024,54,7,5521-5535,10.1007/s10489-024-05392-3,"The decision-making of generator start-up sequence plays a pivotal role in the power system restoration process following the blackout. In this paper, an optimized deep Q-learning network (DQN) algorithm is proposed to address this challenge. The generator start-up process is modeled as a Markov Decision Process (MDP) based on its characteristics. The DQN is tasked with deciding both the generator start-up sequence and the corresponding restoration path. To address the limitations of DQN, such as low exploration efficiency and slow convergence, the study incorporates the Artificial Potential Field (APF) algorithm to refine the reward function of it. This integration results in the development of the F-DQN (APF-DQN) algorithm, which enhances training efficiency. The effectiveness of this proposed method is demonstrated through the IEEE 39-bus test system. The results reveal that the DQN algorithm is capable of efficiently solving the model of the generator start-up sequence after the blackout. Moreover, the F-DQN algorithm exhibits superior learning efficiency, faster convergence, and higher-quality optimal solutions compared to the DQN. This paper also discusses the applicability of this method under partial blackouts. When compared to other decision-making algorithms, the proposed method offers a restoration scheme that is both time-efficient and results in increased electricity generation.",Power system restoration; Generator start-up sequence; Blackout; Deep; Q-learning; Artificial potential field; power; restoration; Computer Science
Video prediction for driving scenes with a memory differential motion network model,"Li, C. M.; Chen, X. H.",Applied Intelligence,2023,53,4,4784-4800,10.1007/s10489-022-03813-9,"Accurate video prediction is critical for human drivers and self-driving cars to make informed decisions. To overcome the limitations of existing deep learning-based video prediction methods in driving scenes, such as inaccurate relative position prediction, high latency, and blurred multi-frame image prediction, we propose a Memory Differential Motion Network (MDMNet) model with a convolutional auto-encoder and a spatiotemporal information learning module, based on an improved Memory In Memory Network (MIM). One prominent characteristic of this newly constructed model is that in each time step, it can learn richer spatiotemporal representation features in each frame, and each layer computes the attention weight of the global spatiotemporal information collected, recalling and focusing on the crucial component. First, inspired by the notion of inter-frame differentiation, the network model incorporates motion filters and differential operations inside the unit, which makes it easier to extract the complex relative motion changes and trends of multiple objects in the scene. Second, an innovative global attention module between pictures and states is implemented to ensure global motion information integrity. Finally, to improve the quality of generated pictures, an adaptive convolutional auto-encoder is created. The MDMNet model outperforms other baseline prediction models in Mean Squared Error (MSE), Mean Absolute Error (MAE), Structural Similarity (SSIM), and Peak Signal to Noise Ratio (PSNR) when tested on D-2-city and BDD100K datasets.",Video prediction; Deep learning; Convolutional auto-encoder; Memory in; memory network; Spatiotemporal information; dynamics; Computer Science
Many-objective emergency aided decision making based on knowledge graph,"Li, X. X.; Zhao, T. H.; Wen, J.; Cai, X. J.",Applied Intelligence,2024,54,17-18,7733-7749,10.1007/s10489-024-05557-0,"After emergencies occur, decision-makers can reference historical cases with similar causes to take similar emergency response measures. However, information about emergencies is usually recorded and stored in textual form, and it is difficult for decision-makers to obtain effective information from large amounts of textual data and make decisions that balance various factors. To address these issues, this paper presents an emergency assisted decision-making model based on a knowledge graph and many-objective optimization. First, we preprocess the information by extracting entities to construct a knowledge graph of emergencies to make the event information more structured and easier to use. A knowledge graph is also used to narrow the range of matching historical events. Second, we construct a many-objective model with four objectives: similarity, diversity, processing time, and resource cost. Finally, combining the model characteristics, we design genetic operations for duplicate location matching and substitution removal strategies to obtain the nonrepetitive VaEA algorithm. This algorithm is used to optimize the model and generate a list of reference cases in the reduced matching range to provide rescue strategy suggestions for the current situation. The experimental results show that the algorithm outperforms the comparison algorithms under all four evaluation metrics. This indicates that the method in this paper can match the higher-quality historical emergency solutions applicable to the current decision-making situation in the case base and provide support for decision-makers to respond reasonably in emergencies.",Emergency-assisted decision-making; Knowledge graph; Optimization; Many-objective evolutionary algorithm; algorithm; construction; rescue; model; Computer Science
Personalized emotion analysis based on fuzzy multi-modal transformer model,"Liu, J.; Ang, M. C.; Chaw, J. K.; Ng, K. W.; Kor, A. L.",Applied Intelligence,2025,55,3,,10.1007/s10489-024-05954-5,"Analyzing and detecting human intensions and emotions are important means to improve the communication between users and machines in the areas of human-computer interaction (HCI) and human-robot interaction (HRI). Despite significant progress in utilizing state-of-the-art (SOTA) Transformer-based models, various obstacles persist in managing complicated input interdependencies and extracting intricate contextual semantics. Moreover, it lacks practical applicability and struggles to accurately capture and effectively manage the inherent complexity and unpredictability of human emotions. In recognition of the identified research gaps, we introduce a robust and innovative fuzzy multi-modal Transformer (FMMT) model. Our novel fuzzy Transformer model uniquely heightens the comprehension of emotional contexts by concurrently analyzing audio, visual, and text data through three distinct branches. By incorporating fuzzy mathematic theory and introducing a unique temporal embedding technique to trace the evolution of emotional states, it effectively handles the inherent uncertainty in human emotions, thereby filling a significant void in emotional AI. Building upon the FMMT model, we further explored the emotion expression approach. Furthermore, performance comparison analysis with SOTA baseline methods and detailed ablation study were performed. The results show that the proposed FMMT performs better than the baseline methods. Finally, we conducted detailed experimental verification and empirical analyses of the practicality of the designed method by verifying uncertainty emotion and analyzing emotional state transitions combined with personalized factor. Overall, our research makes a significant contribution to emotion analysis through the implementation of a novel fuzzy Transformer model. This model enhances emotion perception and advances the methods for analyzing emotional expression, thus setting an edge over prior studies. © The Author(s), under exclusive licence to Springer Science+Business Media, LLC, part of Springer Nature 2024.",Emotion analysis; FMMT; HCI; HRI; Personalized factor; Emotion Recognition; Human engineering; Human robot interaction; Industrial robots; Modal analysis; Computer interaction; Emotional state; Fuzzy multi-modal transformer; Human emotion; Humans-robot interactions; Multi-modal; State of the art; Transformer modeling; Semantics
Fair-satisfied-based group decision making with prospect theory under DHLTS: The application in enterprise human resource allocation,"Liu, X.; Gou, X.; Xu, Z.",Applied Intelligence,2024,54,3,2783-2797,10.1007/s10489-023-05222-y,"Group decision making (GDM) can make full use of information in the group and consider perspectives of multiple stakeholders, which matches the characteristic of enterprise human resource (HR) allocation. This paper tries to optimize the enterprise HR allocation by establishing a fair-satisfied-based GDM model with two objectives of fairness and satisfaction respectively. Firstly, double hierarchy linguistic term set is used to collect the evaluation information of decision makers (DMs). Then, two quantification methods for DMs’ satisfaction perception and fairness perception are respectively provided respectively based on the Prospect theory. Moreover, combining with the Pareto optimal idea, the fair-satisfied-based GDM model is designed and applied to deal with an enterprise HR allocation problem. Finally, some comprehensive analyses are made to validate the proposed method. Graphic abstract: (Figure presented.). © The Author(s), under exclusive licence to Springer Science+Business Media, LLC, part of Springer Nature 2024.",Double hierarchy linguistic term set; Fairness; Human resource allocation; Prospect theory; Satisfaction; Decision making; Decision theory; Group theory; Information use; Linguistics; Pareto principle; Enterprise human resource; Group Decision Making; Group decision-making models; Linguistic terms; Multiple stakeholders; Resource allocation
Using extended siamese networks to provide decision support in aquaculture operations,"Mathisen, B. M.; Bach, K.; Aamodt, A.",Applied Intelligence,2021,51,11,8107-8118,10.1007/s10489-021-02251-3,"Aquaculture as an industry is quickly expanding. As a result, new aquaculture sites are being established at more exposed locations previously deemed unfit because they are more difficult and resource demanding to safely operate than are traditional sites. To help the industry deal with these challenges, we have developed a decision support system to support decision makers in establishing better plans and make decisions that facilitate operating these sites in an optimal manner. We propose a case-based reasoning system called aquaculture case-based reasoning (AQCBR), which is able to predict the success of an aquaculture operation at a specific site, based on previously applied and recorded cases. In particular, AQCBR is trained to learn a similarity function between recorded operational situations/cases and use the most similar case to provide explanation-by-example information for its predictions. The novelty of AQCBR is that it uses extended Siamese neural networks to learn the similarity between cases. Our extensive experimental evaluation shows that extended Siamese neural networks outperform state-of-the-art methods for similarity learning in this task, demonstrating the effectiveness and the feasibility of our approach.",Machine learning; Extended siamese neural networks; Siamese neural; networks; Case-based reasoning; Decision support systems; explanation; Computer Science
A hybrid multi-criteria decision making approach for assessing health-care waste management technologies based on soft likelihood function and D-numbers,"Mi, X. J.; Tian, Y.; Kang, B. Y.",Applied Intelligence,2021,51,10,6708-6727,10.1007/s10489-020-02148-7,"Health-care waste (HCW) management is an important issue, especially in developing countries. How to choose the best management technology is a challenging and open subject in this issue. Limited work has been done, but there is still a lack of a technical approach that not only takes into account multi-granular linguistic terminology, but also considers the attitude characters of decision makers (DMs). To adress the above problem, in this paper a hybrid multi-criteria decision making scheme is proposed based on soft likelihood function and D-numbers. First, the D-numbers is used to characterize complex multi-grained decision information. Secondly, a novel soft likelihood function based on power ordered weighted averaging operator (POWA) is designed to effectively take into account the DMs' preferences, which is then integrated into the proposed HCW management approach. Eventually, the effectiveness and superiority of the proposed approach is demonstrated through an application example. In particular, an intuitive advantage has been confirmed that the proposed method can adjust the gap between adjacent alternatives through decision preference to distinguish differences. This is expected to provide a reliable fault-tolerant interval for decision-making in HCW management, and further improve the reliability of the algorithm. In addition, the analysis and evaluation also confirm the reliability and practicality of the proposed technology.",Health-care waste (HCW) management; HCW treatment technology; Soft; likelihood function; D-numbers; Multi-criteria decision making; Computer Science
Machine learning for automation usage prediction: identifying critical factors in driver decision-making,"Orellana, C. B.; Rodriguez, L. R.; Huang, L. X.; Cooke, N.; Kang, Y.",Applied Intelligence,2025,55,1,21,10.1007/s10489-024-06052-2,"Inappropriate automation usage is a common cause of incidents in semi-autonomous vehicles. Predicting and understanding the factors influencing this usage is crucial for safety. This study aims to evaluate machine learning models in predicting automation usage from behavioral data; and analyze how workload, environment, performance, and risk influence automation usage for different conditions. An existing dataset from a driving simulator study with 16 participants across four automation conditions (Speed High, Speed Low, Full High, and Full Low) was used. Five machine learning models were trained, using different splitting techniques, to predict automation usage. The input to these models were features related to workload, environment, performance, and risk, pre-processed and optimized to reduce computational time. The best-performing model was used to analyze the impact of each factor on automation usage. Random Forest models consistently demonstrated the highest prediction power, with accuracy exceeding 79% for all conditions, providing a robust foundation for enhancing vehicle safety and optimizing human-automation collaboration. Additionally, factors influencing automation usage ranked: Workload>Environment>Performance>Risk., contrasting with literature on pre-drive intentions to use automation. This study offers insights into real-time prediction of automation usage in semi-autonomous vehicles and quantifies the importance of key factors across different automation conditions. The findings reveal variations in prediction accuracy and factor importance across conditions, providing valuable implications for adaptive automated driving system design. Additionally, the hierarchy of factors influencing automation usage reveals a contrast between real-time decisions and pre-drive intentions, emphasizing the need for adaptive systems in dynamic driving conditions.",Automation usage prediction; Varied automation conditions; Machine; learning; Factors influencing automation usage; user acceptance; trust; humans; misuse; disuse; utaut; Computer Science
Decision making for autonomous vehicles in highway scenarios using Harmonic SK Deep SARSA,"Rais, M. S.; Boudour, R.; Zouaidia, K.; Bougueroua, L.",Applied Intelligence,2023,53,3,2488-2505,10.1007/s10489-022-03357-y,"The complexity of taking decisions for an autonomous vehicle (AV) to avoid road accident fatalities, provide safety, comfort, and reduce traffic raises the need for improvements in the field of decision making. To solve these challenges, many algorithms and techniques were applied, and the most common ones were reinforcement learning (RL) algorithms combined with deep learning techniques. Therefore, in this paper we proposed a novel extension of the popular ""SARSA"" (State-Action-Reward-State-Action) RL technique called ""Harmonic SK Deep SARSA"" that takes advantage of the stability which SARSA algorithm provides and uses the notion of similar and cumulative states saved in an alternative memory to enhance the stability of the algorithm and achieve remarkable performance that SARSA could not accomplish due to its on policy nature. Through the investigation of our novel extension the adaptability of the algorithm to unexpected situations during learning and to unforeseen changes in the environment was proved while reducing the computational load in the learning process and increasing the convergence rate that plays a key role in upgrading decision making application that require numerous real time consecutive decisions, including autonomous vehicles, industrial robots, gaming, aerial navigation... The novel algorithm was tested in a gym environment simulator called ""Highway-env"" with multiple highway situations (multiple lanes configurations, highway with dynamic number of lanes (from 4-lane to 2-lane, from 4-lane to 6-lane), merge) with numerous dynamic obstacles. For the purpose of comparison, we used a benchmark of cutting edge algorithms known for their prominent performance. The experimental results showed that the proposed algorithm outperformed the comparison algorithms in learning stability and performance that were validated by the following metrics: average loss value per episode, average accuracy per episode, maximum speed value reached per episode, average speed per episode, and the total reward per episode.",Reinforcement learning; Deep learning; Human inspired meta-heuristics; Decision making; Autonomous vehicles; Computer Science
Green supplier selection based on probabilistic dual hesitant fuzzy sets: A process integrating best worst method and superiority and inferiority ranking,"Wang, X. Y.; Wang, H.; Xu, Z. S.; Ren, Z. L.",Applied Intelligence,2022,52,7,8279-8301,10.1007/s10489-021-02821-5,"China's equipment manufacturing industry is increasingly important due to the development of economic globalization. Selecting the proper suppliers, taking into consideration the economic and environmental benefits, is strategic due to its impacts on the operation and competitiveness of an enterprise. Uncertainty in the selection of suppliers creates challenges for managers. The probabilistic dual hesitant fuzzy sets (PDHFSs) are powerful and effective tools to handle uncertain information, which integrate the strengths of both the dual hesitant fuzzy sets and probabilistic hesitant fuzzy sets. Considering that the best worst method (BWM) is an efficient weight-determination method, which can simplify the calculation process and improve the consistency degree of the results. The superiority and inferiority ranking (SIR) integrates the strengths of most multi-criteria decision making methods in handling unquantifiable, cardinal and ordinal data. In this paper, we developed an integrated group BWM and SIR to help managers select the optimum suppliers in which the evaluation is expressed in PDHFSs. In this multi-criteria group decision making (MCGDM) problem, the BWM with PDHFSs is investigated to obtain the weights of experts and criteria. A consistency reaching method based on the input-based consistency ratio is proposed to overcome the barrier of the low consistencyrelied on the pairwise comparison and reduce the computation complexity. Furthermore, with the weights of criteria and experts acquired by the PDHFS-BWM, the SIR is extended to the probabilistic dual hesitant fuzzy information environment. A numerical example is given to verify the validity and feasibility of the proposed method, and comparison are conducted to show its advantage.",Probabilistic dual hesitant fuzzy sets; Best worst method; Superiority; and inferiority ranking; Multi-criteria group decision making; Supplier; selection; decision-making method; sir method; consensus; dematel; model; Computer Science
Human-machine co-intelligence through symbiosis in the SMV space,"Yao, Y.",Applied Intelligence,2023,53,3,2777-2797,10.1007/s10489-022-03574-5,"Recent years have witnessed a rapidly-growing research agenda that explores the combined, integrated, and collective intelligence of humans and machines working together as a team. This paper contributes to the same line of research with three main objectives: a) to introduce the concept of the SMV (Symbols-Meaning-Value) space for describing, understanding, and representing human/machine perception, cognition, and action, b) to revisit the notion of human-machine symbiosis, and c) to outline a conceptual framework of human-machine co-intelligence (i.e., the third intelligence) through human-machine symbiosis in the SMV space. By following the principle of three-way decision as thinking in threes, triads of three things are used for building an easy-to-understand, simple-to-remember, and practical-to-use framework. The three elements of the SMV space, namely, Symbols, Meaning, and Value, are closely related to the three basic human/machine functions of perception, cognition, and action, which can be metaphorically described as the seeing-knowing-doing triad or concretely interpreted as the data-knowledge-wisdom (DKW) hierarchy. Human-machine co-intelligence emerges from human-machine symbiosis in the SMV space. As the third intelligence, human-machine co-intelligence relies on and combines human intelligence and machine intelligence, is a higher level of intelligence above either human intelligence or machine intelligence alone, and is greater than the sum of human intelligence and machine intelligence. There are three basic principles of human-machine symbiosis, i.e., unified oneness, division of labor, and coevolution, for nurturing human-machine co-intelligence. © 2022, The Author(s), under exclusive licence to Springer Science+Business Media, LLC, part of Springer Nature.",Human-machine co-intelligence; Human-machine coevolution; Human-machine collaboration; Human-machine integration; Human-machine symbiosis; Three-way decision; Artificial intelligence; Co-evolution; Human-machine; Machine Perception
"Effective machine learning, Meta-heuristic algorithms and multi-criteria decision making to minimizing human resource turnover","Pourkhodabakhsh, Nima; Mamoudan, Mobina Mousapour; Bozorgi-Amiri, Ali","Applied intelligence (Dordrecht, Netherlands)",2023,53,12,16309-16331,10.1007/s10489-022-04294-6,"Employee turnover is one of the most important issues in human resource management, which is a combination of soft and hard skills. This makes it difficult for managers to make decisions. In order to make better decisions, this article has been devoted to identifying factors affecting employee turnover using feature selection approaches such as Recursive Feature Elimination algorithm and Mutual Information and Meta-heuristic algorithms such as Gray Wolf Optimizer and Genetic Algorithm. The use of Multi-Criteria Decision-Making techniques is one of the other approaches used to identify the factors affecting the employee turnover in this article. Our expert has used the Best-Worst Method to evaluate each of these variables. In order to check the performance of each of the above methods and to identify the most significant factors on employee turnover, the results are used in some machine learning algorithms to check their accuracy in predicting the employee turnover. These three methods have been implemented on the human resources dataset of a company and the results show that the factors identified by the Mutual Information algorithm can show better results in predicting the employee turnover. Also, the results confirm that managers need a support tool to make decisions because the possibility of making mistakes in their decisions is high. This approach can be used as a decision support tool by managers and help managers and organizations to have a correct insight into the departure of their employees and adopt policies to retain and optimize their employees. © The Author(s), under exclusive licence to Springer Science+Business Media, LLC, part of Springer Nature 2022. Springer Nature or its licensor (e.g. a society or other partner) holds exclusive rights to this article under a publishing agreement with the author(s) or other rightsholder(s); author self-archiving of the accepted manuscript version of this article is solely governed by the terms of such publishing agreement and applicable law.",Data mining; Employee turnover; Human resource management; Machine learning; Meta-heuristic algorithms; Multi-criteria decision making
Flexible Job Shop Scheduling Problem with Sequence Dependent Setup Time and Job Splitting: Hospital Catering Case Study,"Abderrabi, F.; Godichaud, M.; Yalaoui, A.; Yalaoui, F.; Amodeo, L.; Qerimi, A.; Thivet, E.",Applied Sciences-Basel,2021,11,4,27,10.3390/app11041504,This paper aims to study a real case of an optimization problem derived from a hospital supply chain. The present work focuses on developing operational decision support models and algorithms for production process scheduling in hospital catering. The addressed production system is considered as a flexible job shop system. The objective is to minimize the total flow time. A novel mathematical model and two metaheuristics for the production scheduling of multi-product and multi-stage food processes are developed. These methods have proven their effectiveness for the scheduling of operations of the food production processes and allowed significant improvements in the performance of the studied production system.,hospital catering; production scheduling; flexible job shop problem; mathematical model; genetic algorithm; local search method; iterated; local search algorithm; genetic algorithm; optimization; model; Chemistry; Engineering; Materials Science; Physics
Ethics of Artificial Intelligence in Medicine and Ophthalmology,"Abdullah, Y. I.; Schuman, J. S.; Shabsigh, R.; Caplan, A.; Al-Aswad, L. A.",Asia-Pacific Journal of Ophthalmology,2021,10,3,289-298,10.1097/apo.0000000000000397,"Background: This review explores the bioethical implementation of artificial intelligence (AI) in medicine and in ophthalmology. AI, which was first introduced in the 1950s, is defined as ""the machine simulation of human mental reasoning, decision making, and behavior"". The increased power of computing, expansion of storage capacity, and compilation of medical big data helped the AI implementation surge in medical practice and research. Ophthalmology is a leading medical specialty in applying AI in screening, diagnosis, and treatment. The first Food and Drug Administration approved autonomous diagnostic system served to diagnose and classify diabetic retinopathy. Other ophthalmic conditions such as age-related macular degeneration, glaucoma, retinopathy of prematurity, and congenital cataract, among others, implemented AI too. Purpose: To review the contemporary literature of the bioethical issues of AI in medicine and ophthalmology, classify ethical issues in medical AI, and suggest possible standardizations of ethical frameworks for AI implementation. Methods: Keywords were searched on Google Scholar and PubMed between October 2019 and April 2020. The results were reviewed, cross-referenced, and summarized. A total of 284 references including articles, books, book chapters, and regulatory reports and statements were reviewed, and those that were relevant were cited in the paper. Results: Most sources that studied the use of AI in medicine explored the ethical aspects. Bioethical challenges of AI implementation in medicine were categorized into 6 main categories. These include machine training ethics, machine accuracy ethics, patient-related ethics, physician-related ethics, shared ethics, and roles of regulators. Conclusions: There are multiple stakeholders in the ethical issues surrounding AI in medicine and ophthalmology. Attention to the various aspects of ethics related to AI is important especially with the expanding use of AI. Solutions of ethical problems are envisioned to be multifactorial.",algorithms; artificial intelligence; bioethics; deep learning; machine; learning; big data; international committee; care; performance; retinopathy; ownership; privacy; empathy; era; Ophthalmology
Traversing the Ethical Terrain of AI: A Conceptual Framework for Practicing Research and Publication in the AI Era,"Akila, S.; Mohanbabu, B.; Balraj, B.; Sivakumar, C.",Asian Journal of Interdisciplinary Research,2024,7,4,19-54,10.54392/ajir2443,"The ethical concerns of AI research and dissemination must be carefully considered in accordance with the large impact of AI on communities and enterprises. This research explores the complicated ethical framework that has been impacted by recent advancements in AI. It examines concerns raised in research and publication through an extensive literature on AI ethics. Researchers, academics, and politicians can address the challenges of AI research and dissemination with the help of this research guide. It highlights the need of guidelines for ensuring responsible and ethical behaviour AI research. This guide is an important resource for AI stakeholders. It promotes an ethical and responsible culture in the rapidly evolving field of AI research and publication. © The Author(s) 2024.",AI Ethics; Artificial intelligence; Decision Making; Framework; Publication; Transparency
Evaluation of a trust-modulated argumentation-based interactive decision-making tool,"Sklar, E. I.; Parsons, S.; Li, Z.; Salvit, J.; Perumal, S.; Wall, H.; Mangels, J.",Autonomous Agents and Multi-Agent Systems,2016,30,1,136-173,10.1007/s10458-015-9289-1,"The interactive ArgTrust application is a decision-making tool that is based on an underlying formal system of argumentation in which the evidence that influences a recommendation, or conclusion, is modulated according to values of trust that the user places in that evidence. This paper presents the design and analysis of a user study which was intended to evaluate the effectiveness of ArgTrust in a collaborative human–agent decision-making task. The results show that users’ interactions with ArgTrust helped them consider their decisions more carefully than without using the software tool. © 2015, The Author(s).",Argumentation; Human–agent interaction; Trust; Agent interaction; Decision making tool; Design and analysis; Formal systems; Interactive decision making; User study; Decision making
Recent advances in leveraging human guidance for sequential decision-making tasks,"Zhang, R. H.; Torabi, F.; Warnell, G.; Stone, P.",Autonomous Agents and Multi-Agent Systems,2021,35,2,39,10.1007/s10458-021-09514-w,"A longstanding goal of artificial intelligence is to create artificial agents capable of learning to perform tasks that require sequential decision making. Importantly, while it is the artificial agent that learns and acts, it is still up to humans to specify the particular task to be performed. Classical task-specification approaches typically involve humans providing stationary reward functions or explicit demonstrations of the desired tasks. However, there has recently been a great deal of research energy invested in exploring alternative ways in which humans may guide learning agents that may, e.g., be more suitable for certain tasks or require less human effort. This survey provides a high-level overview of five recent machine learning frameworks that primarily rely on human guidance apart from pre-specified reward functions or conventional, step-by-step action demonstrations. We review the motivation, assumptions, and implementation of each framework, and we discuss possible future research directions.",Learning from demonstration; Imitation learning; Reinforcement learning; Human feedback; Hierarchical learning; Imitation from observation; Attention; arcade learning-environment; trajectory-tracking; reinforcement; gaze; imitation; level; go; behaviors; framework; robotics; Automation & Control Systems; Computer Science
TIP: A trust inference and propagation model in multi-human multi-robot teams,"Guo, Y.; Yang, X. J.; Shi, C.",Autonomous Robots,2024,48,7,,10.1007/s10514-024-10175-3,"Trust is a crucial factor for effective human–robot teaming. Existing literature on trust modeling predominantly focuses on dyadic human-autonomy teams where one human agent interacts with one robot. There is little, if not no, research on trust modeling in teams consisting of multiple human and robotic agents. To fill this important research gap, we present the Trust Inference and Propagation (TIP) model to model and estimate human trust in multi-human multi-robot teams. In a multi-human multi-robot team, we postulate that there exist two types of experiences that a human agent has with a robot: direct and indirect experiences. The TIP model presents a novel mathematical framework that explicitly accounts for both types of experiences. To evaluate the model, we conducted a human-subject experiment with 15 pairs of participants (N=30). Each pair performed a search and detection task with two drones. Results show that our TIP model successfully captured the underlying trust dynamics and significantly outperformed a baseline model. To the best of our knowledge, the TIP model is the first mathematical framework for computational trust modeling in multi-human multi-robot teams. © The Author(s) 2024.",Human-agent teaming; Human-robot interaction (HRI); Human-robot teaming; Multi-agent teams; Multi-human multi-robot teams; Chatbots; Industrial robots; Intelligent robots; Man machine systems; Microrobots; Multi agent systems; Multipurpose robots; Nanorobotics; Nanorobots; Human robots; Human-robot interaction; Humans-robot interactions; Multi-human multi-robot team; Multi-robot teams; Multiagent teams; Trust inferences; Trust propagation; Human robot interaction
Exploring stakeholder attitudes towards AI in clinical practice,"Scott, I. A.; Carter, S. M.; Coiera, E.",Bmj Health & Care Informatics,2021,28,1,7,10.1136/bmjhci-2021-100450,"Objectives Different stakeholders may hold varying attitudes towards artificial intelligence (AI) applications in healthcare, which may constrain their acceptance if AI developers fail to take them into account. We set out to ascertain evidence of the attitudes of clinicians, consumers, managers, researchers, regulators and industry towards AI applications in healthcare. Methods We undertook an exploratory analysis of articles whose titles or abstracts contained the terms 'artificial intelligence' or 'AI' and 'medical' or 'healthcare' and 'attitudes', 'perceptions', 'opinions', 'views', 'expectations'. Using a snowballing strategy, we searched PubMed and Google Scholar for articles published 1 January 2010 through 31 May 2021. We selected articles relating to non-robotic clinician-facing AI applications used to support healthcare-related tasks or decision-making. Results Across 27 studies, attitudes towards AI applications in healthcare, in general, were positive, more so for those with direct experience of AI, but provided certain safeguards were met. AI applications which automated data interpretation and synthesis were regarded more favourably by clinicians and consumers than those that directly influenced clinical decisions or potentially impacted clinician-patient relationships. Privacy breaches and personal liability for AI-related error worried clinicians, while loss of clinician oversight and inability to fully share in decision-making worried consumers. Both clinicians and consumers wanted AI-generated advice to be trustworthy, while industry groups emphasised AI benefits and wanted more data, funding and regulatory certainty. Discussion Certain expectations of AI applications were common to many stakeholder groups from which a set of dependencies can be defined. Conclusion Stakeholders differ in some but not all of their attitudes towards AI. Those developing and implementing applications should consider policies and processes that bridge attitudinal disconnects between different stakeholders.",artificial intelligence; decision making; computer-assisted; machine; learning; patient-centered care; artificial-intelligence; Health Care Sciences & Services; Medical Informatics
A New Decision-Making Model Based on Plithogenic Set for Supplier Selection,"Abdel-Basset, M.; Mohamed, R.; Smarandache, F.; Elhoseny, M.",Cmc-Computers Materials & Continua,2021,66,3,2751-2769,10.32604/cmc.2021.013092,"Supplier selection is a common and relevant phase to initialize the supply chain processes and ensure its sustainability. The choice of supplier is a multi-criteria decision making (MCDM) to obtain the optimal decision based on a group of criteria. The health care sector faces several types of problems, and one of the most important is selecting an appropriate supplier that fits the desired performance level. The development of service/product quality in health care facilities in a country will improve the quality of the life of its population. This paper proposes an integrated multi-attribute border approximation area comparison (MABAC) based on the best-worst method (BWM), plithogenic set, and rough numbers. BWM is applied to regulate the weight vector of the measures in group decision-making problems with a high level of consistency. For the treatment of uncertainty, a plithogenic set and rough number (RN) are used to improve the accuracy of results. Plithogenic set operations are used to deal with information in the desired manner that handles uncertainty and vagueness. Then, based on the plithogenic aggregation and the results of BWM evaluation, we use MABAC to find the optimal alternative according to defined criteria. To examine the proposed integrated algorithm, an empirical example is produced to select an optimal supplier within five options in the healthcare industry.",Supplier selection; rough set theory; MABAC; MCDM; BWM; plithogenic set; intuitionistic fuzzy; neutrosophic sets; Computer Science; Materials Science
Development of an Appropriate Uncertainty Model with an Application to Solid Waste Management Planning,"Abd Elazeem, A. E. M.; El-Wahed Khalifa, H. A.; Pamucar, D.; Kacem, A. H.; Afifi, W. A.",Comput Intell Neurosci,2022,2022,,6988306,10.1155/2022/6988306,"The purpose of this study is to achieve a novel and efficient method for treating the interval coefficient linear programming (ICLP) problems. The problem is used for modeling an uncertain environment that represents most real-life problems. Moreover, the optimal solution of the model represents a decision under uncertainty that has a risk of selecting the correct optimal solution that satisfies the optimality and the feasibility conditions. Therefore, a proposed algorithm is suggested for treating the ICLP problems depending on novel measures such as the optimality ratio, feasibility ratio, and the normalized risk factor. Depending upon these measures and the concept of possible scenarios, a novel and effective analysis of the problem is done. Unlike other algorithms, the proposed algorithm involves an important role for the decision-maker (DM) in defining a satisfied optimal solution by using a utility function and other required parameters. Numerical examples are used for comparing and illustrating the robustness of the proposed algorithm. Finally, applying the algorithm to treat a Solid Waste Management Planning is introduced.","Algorithms; Models, Theoretical; Programming, Linear; *Solid Waste; Uncertainty; *Waste Management/methods"
Computer vision assisted human computer interaction for logistics management using deep learning,"Abosuliman, S. S.; Almagrabi, A. O.",Computers & Electrical Engineering,2021,96,,12,10.1016/j.compeleceng.2021.107555,"Human-Computer Interaction is the secret to technological advancement in the area of logistics and supply chain. The key challenges are the degree of energy transferred to devices, like automated vehicles and robotic equipment, and lack of belief in intelligent decision-making, which may overrule the system in the event of misperceptions of automated decisions. This paper presents an efficient Logistics Management Framework Using Deep Learning (eLMF-DL) to implement the computer vision-assisted Human-Computer Interaction (HCI) in the logistic management sector. With a hybrid CNN-LSTM network, eLMF-DL implements a single-stage or one-step convergence optimum decision-support design model that intelligently combines production maximization and demand forecasting. The architecture with the integration of convolutional neural network and long short-term memory network models the machine dynamics and relationships in assorted diverse logistics services demand. To determine uncertainties through dynamic delivery and optimal decisions on allocating logistical service power, the eLMFDL results in the highest performance.",Deep learning; Human-computer interaction; Long short term memory; Logistics management; Decision making; framework; Computer Science; Engineering
Reliable supply chain network design for 3PL providers using consolidation hubs under disruption risks considering product perishability: An application to a pharmaceutical distribution network,"Abbasi, Sepehr; Saboury, Ali; Jabalameli, Mohammad Saeed",Computers & Industrial Engineering,2021,152,,107019,https://doi.org/10.1016/j.cie.2020.107019,"Today, organizations outsource their logistics activities to third-party logistics (3PL) providers to focus more on their key capabilities. A 3PL company is an external provider that controls, manages, and provides logistics services for the manufacture. The success of a 3PL company tremendously depends on the design of its logistics network. This paper studies the problem of designing a reliable hub-and-spoke network using consolidation hubs considering disruption risks and product perishability. To lessen network failure risks, disruption is dealt with using backup facilities, fortification of facilities, and multiple sourcing simultaneously. This problem is formulated as a bi-objective MINLP model that decides on the location, number, and fortification of main and backup hubs and distribution centers, the location of backup facilities, the inventory of perishable products and the back-ordering of products to minimize the cost and time of the supply chain network simultaneously. One of the highlights of this model is that disruption of hubs and distribution centers, which have the role of storing and distributing products, affects product perishability because the storing and distributing conditions and requirements are not met under facilities disruption. The model is linearized, and the uncertainty of facility disruption probabilities is dealt with by using credibility-based possibilistic programming so that an optimal solution can be provided. A major pharmaceutical distribution 3PL company in Iran is considered as a practical application of the model to validate and solve it. Numerical results reveal the relation between product perishability and disruption of the storing facilities and the 3PL policy in distribution, storage, back-ordering, and fortification.",Third-party logistics; Reliable network design; Hub location problem; Disruption; Perishability
THE IMPACT OF ALTERNATE DECISION TECHNIQUES ON USER BEHAVIOR,"Robey, D.",Decision Sciences,1976,7,1,93-105,10.1111/j.1540-5915.1976.tb00661.x,"The quantitative disciplines have focused their efforts primarily upon more complete and efficient methods for analyzing decision problems. Almost totally neglected in these efforts is the interplay between a decision technique and its ultimate user. This interface is of crucial importance to the continued success of the decision sciences in organizations. Data are presented to support the contention that decision techniques and their resultant impact on job content interact with psychological variables to cause variation in user satisfaction and performance. These results are similar to the effects hypothesized to occur at blue collar levels in organizations. Copyright © 1976, Wiley Blackwell. All rights reserved",
PROBLEMS FOR AREA ELECTRICITY BOARDS IN DEVELOPING USE OF COMPUTERS WITH WIDE EXPERIENCE IN DATA PROCESSING NEXT STAGE IN APPLICATION IS TO DECISION-MAKING,"Grindrod, F. S.",Electrical Review,1970,187,22,763-&,,,Engineering
Developing a sustainability assessment framework for integrated management of water resources systems using distributed zoning and system dynamics approaches,"Abdi-Dehkordi, M.; Bozorg-Haddad, O.; Salavitabar, A.; Goharian, E.",Environment Development and Sustainability,2021,23,11,16246-16282,10.1007/s10668-021-01340-0,"The management of large-scale water resources systems requires including of different stakeholders and users from municipal, agricultural, industrial and environmental sectors. This has baffled the process of decision making for integrated water resource systems. In such systems, the interactions between various stakeholders must be carefully taken into account with the goal of aggregating interests around the sustainability concept. In this study, first, the integrated water resources systems of Big Karun Watershed, Iran, have been modeled using the system dynamics approach. The system dynamics model represents the interactions between different components of the system, including water transfer projects, dams, urban, industry, agriculture and fish farming, and environmental demands. Vensim software has been used for the system dynamics modeling. Vensim simulates the dynamics behavior of the sub-systems and overall performance of the system by comparing the current operation policies with the future management scenarios. A wide range of performance indices, such as quantitative and qualitative water stress, income, cost, and productivity, have been used here to represent different aspects of sustainability goals. Finally, the performance of the systems has been evaluated by developing a sustainability index using distributed zoning model in order to identify proper management policies for this watershed. The results indicate that downstream users demand cannot be fully met by solely considering inter-basin water transfer and agricultural development projects. The sustainable and integrated management of the whole system ties into enhancement in both infrastructure systems and the operation of the whole system. It is expected that the sustainability of the basin improves if a water market schema exists and the gained money would be used to enhance the efficiency of existing irrigation networks.",Integrated water resources management; Sustainability; System dynamics; approach; Big Karun basin; Science & Technology - Other Topics; Environmental Sciences & Ecology
Statistical modelling of networked human-automation performance using working memory capacity,"Ahmed, N.; de Visser, E.; Shaw, T.; Mohamed-Ameen, A.; Campbell, M.; Parasuraman, R.",Ergonomics,2014,57,3,295-318,10.1080/00140139.2013.855823,"This study examines the challenging problem of modelling the interaction between individual attentional limitations and decision-making performance in networked human-automation system tasks. Analysis of real experimental data from a task involving networked supervision of multiple unmanned aerial vehicles by human participants shows that both task load and network message quality affect performance, but that these effects are modulated by individual differences in working memory (WM) capacity. These insights were used to assess three statistical approaches for modelling and making predictions with real experimental networked supervisory performance data: classical linear regression, non-parametric Gaussian processes and probabilistic Bayesian networks. It is shown that each of these approaches can help designers of networked human-automated systems cope with various uncertainties in order to accommodate future users by linking expected operating conditions and performance from real experimental data to observable cognitive traits like WM capacity. Practitioner Summary: Working memory (WM) capacity helps account for inter-individual variability in operator performance in networked unmanned aerial vehicle supervisory tasks. This is useful for reliable performance prediction near experimental conditions via linear models; robust statistical prediction beyond experimental conditions via Gaussian process models and probabilistic inference about unknown task conditions/WM capacities via Bayesian network models.","Aircraft; *Attention; Bayes Theorem; Computer Simulation; *Decision Making; Female; Humans; Linear Models; Male; *Man-Machine Systems; *Memory, Short-Term; Regression Analysis; Robotics; Statistics, Nonparametric; Task Performance and Analysis; Workload/psychology"
Altering user' acceptance of automation through prior automation exposure,"Bekier, M.; Molesworth, B. R. C.",Ergonomics,2017,60,6,745-753,10.1080/00140139.2016.1216610,"Air navigation service providers worldwide see increased use of automation as one solution to overcome the capacity constraints imbedded in the present air traffic management (ATM) system. However, increased use of automation within any system is dependent on user acceptance. The present research sought to determine if the point at which an individual is no longer willing to accept or cooperate with automation can be manipulated. Forty participants underwent training on a computer-based air traffic control programme, followed by two ATM exercises (order counterbalanced), one with and one without the aid of automation. Results revealed after exposure to a task with automation assistance, user acceptance of high(er) levels of automation (tipping point') decreased; suggesting it is indeed possible to alter automation acceptance.Practitioner Summary: This paper investigates whether the point at which a user of automation rejects automation (i.e. tipping point') is constant or can be manipulated. The results revealed after exposure to a task with automation assistance, user acceptance of high(er) levels of automation decreased; suggesting it is possible to alter automation acceptance.",Automation; automation acceptance; decision-making; tipping point; air; traffic management; task-technology fit; decision-aids; trust; system; management; Engineering; Psychology
Defining the drivers for accepting decision making automation in air traffic management,"Bekier, M.; Molesworth, B. R. C.; Williamson, A.",Ergonomics,2011,54,4,347-356,10.1080/00140139.2011.558635,"Air Traffic Management (ATM) operators are under increasing pressure to improve the efficiency of their operation to cater for forecasted increases in air traffic movements. One solution involves increasing the utilisation of automation within the ATM system. The success of this approach is contingent on Air Traffic Control Operators' (ATCOs) willingness to accept increased levels of automation. The main aim of the present research was to examine the drivers underpinning ATCOs' willingness to accept increased utilisation of automation within their role. Two fictitious scenarios involving the application of two new automated decision-making tools were created. The results of an online survey revealed traditional predictors of automation acceptance such as age, trust and job satisfaction explain between 4 and 7% of the variance. Furthermore, these predictors varied depending on the purpose in which the automation was to be employed. These results are discussed from an applied and theoretical perspective. Statement of Relevance: Efficiency improvements in ATM are required to cater for forecasted increases in air traffic movements. One solution is to increase the utilisation of automation within Air Traffic Control. The present research examines the drivers underpinning air traffic controllers' willingness to accept increased levels of automation in their role. © 2011 Taylor & Francis.",Age; Air traffic control; Air traffic management; Automation acceptance; Decision making; Job satisfaction; Trust; Usability; Adult; Automation; Aviation; Diffusion of Innovation; Female; Humans; Male; Middle Aged; Questionnaires; Advanced traffic management systems; Air navigation; Automatic teller machines; Control towers; Internet protocols; Traffic surveys; Underpinnings; Air traffic control operators; Air traffic controller; Air traffic movements; ATM systems; Decision making automation; Efficiency improvement; Levels of automation; Online surveys; article; human; mass communication; methodology; questionnaire
"Automation in visual inspection tasks: X-ray luggage screening supported by a system of direct, indirect or adaptable cueing with low and high system reliability","Chavaillaz, A.; Schwaninger, A.; Michel, S.; Sauer, J.",Ergonomics,2018,61,10,1395-1408,10.1080/00140139.2018.1481231,"The present study evaluated three automation modes for improving performance in an X-ray luggage screening task. One hundred and forty participants were asked to detect the presence of prohibited items in X-ray images of cabin luggage. Twenty participants conducted this task without automatic support (control group), whereas the others worked with either indirect cues (system indicated the target presence without specifying its location), or direct cues (system pointed out the exact target location) or adaptable automation (participants could freely choose between no cue, direct and indirect cues). Furthermore, automatic support reliability was manipulated (low versus high). The results showed a clear advantage for direct cues regarding detection performance and response time. No benefits were observed for adaptable automation. Finally, high automation reliability led to better performance and higher operator trust. The findings overall confirmed that automatic support systems for luggage screening should be designed such that they provide direct, highly reliable cues.Practitioner summary: The present study confirmed previous findings showing better detection performance in X-ray images of luggage when supported by automation providing direct, highly reliable cues. Furthermore, participants used adaptable automation only to select their preferred level of automation. This behaviour did not provide the benefits expected under adaptable automation. © 2018, © 2018 The Author(s). Published by Informa UK Limited, trading as Taylor & Francis Group.","Adaptable automation; airport security; performance; system reliability; visual inspection; Adolescent; Adult; Airports; Automation; Female; Humans; Male; Radiography; Security Measures; Vision, Ocular; Young Adult; Detection performance; Improving performance; Level of automations; Prohibited items; Visual inspection task; airport; article; controlled study; human; human experiment; major clinical study; physician; reaction time; reliability; trust; X ray; organization and management; vision"
Automation complacency on the road,"Chu, Y.; Liu, P.",Ergonomics,2023,66,11,1730-1749,10.1080/00140139.2023.2210793,"Given that automation complacency, a hitherto controversial concept, is already used to blame and punish human drivers in current accident investigations and courts, it is essential to map complacency research in driving automation and determine whether current research can support its legitimate usage in these practical fields. Here, we reviewed its status quo in the domain and conducted a thematic analysis. We then discussed five fundamental challenges that might undermine its scientific legitimation: conceptual confusion exists in whether it is an individual versus systems problem; uncertainties exist in current evidence of complacency; valid measures specific to complacency are lacking; short-term laboratory experiments cannot address the long-term nature of complacency and thus their findings may lack external validity; and no effective interventions directly target complacency prevention. The Human Factors/Ergonomics community has a responsibility to minimise its usage and defend human drivers who rely on automation that is far from perfect. Practitioner summary: Human drivers are accused of complacency and overreliance on driving automation in accident investigations and courts. Our review work shows that current academic research in the driving automation domain cannot support its legitimate usage in these practical fields. Its misuse will create a new form of consumer harms. © 2023 Informa UK Limited, trading as Taylor & Francis Group.","complacency; driving automation; overreliance; responsibility attribution; Traffic crash; Accidents, Traffic; Automation; Automobile Driving; Ergonomics; Humans; Man-Machine Systems; Social Behavior; Accidents; 'current; Accident investigation; Human drivers; Status quo; Thematic analysis; Traffic crashes; accident; article; blame (psychology); consumer; court; external validity; human; physician; responsibility; uncertainty; car driving; man machine interaction; prevention and control; traffic accident"
From human – machine interaction to human – machine cooperation,"Hoc, J. M.",Ergonomics,2000,43,7,833-843,10.1080/001401300409044,"Since the 1960s, the rapid growth of information systems has led to the wide development of research on human—computer interaction (HCI) that aims at the designing of human-computer interfaces presenting ergonomic properties, such as friendliness, usability, transparency, etc. Various work situations have been covered—clerical work, computer programming, design, etc. However, they were mainly static in the sense that the user fully controls the computer. More recently, public and private organizations have engaged themselves in the enterprise of managing more and more complex and coupled systems by the means of automation. Modern machines not only process information, but also act on dynamic situations as humans have done in the past, managing stock exchange, industrial plants, aircraft, etc. These dynamic situations are not fully controlled and are affected by uncertain factors. Hence, degrees of freedom must be maintained to allow the humans and the machine to adapt to unforeseen contingencies. A human-machine cooperation (HMC) approach is necessary to address the new stakes introduced by this trend. This paper describes the possible improvement of HCI by HMC, the need for a new conception of function allocation between humans and machines, and the main problems encountered within the new forms of human—machine relationship. It proposes a conceptual framework to study HMC from a cognitive point of view in highly dynamic situations like aircraft piloting or air-traffic control, and concludes on the design of ‘cooperative’ machines. © 2000 Taylor & Francis Group, LLC.",Automation; Dynamic situations; HCI; Human-machine cooperation; Reliability; adaptation; biomedical technology assessment; cognition; computer aided design; conference paper; cooperation; dynamics; ergonomics; human; information processing; man machine interaction; office worker
Automation transparency: implications of uncertainty communication for human-automation interaction and interfaces,"Kunze, A.; Summerskill, S. J.; Marshall, R.; Filtness, A. J.",Ergonomics,2019,62,3,345-360,10.1080/00140139.2018.1547842,"Operators of highly automated driving systems may exhibit behaviour characteristic for overtrust issues due to an insufficient awareness of automation fallibility. Consequently, situation awareness in critical situations is reduced and safe driving performance following emergency takeovers is impeded. A driving simulator study was used to assess the impact of dynamically communicating system uncertainties on monitoring, trust, workload, takeovers, and physiological responses. The uncertainty information was conveyed visually using a stylised heart beat combined with a numerical display and users were engaged in a visual search task. Multilevel analysis results suggest that uncertainty communication helps operators calibrate their trust and gain situation awareness prior to critical situations, resulting in safer takeovers. In addition, eye tracking data indicate that operators can adjust their gaze behaviour in correspondence with the level of uncertainty. However, conveying uncertainties using a visual display significantly increases operator workload and impedes users in the execution of non-driving related tasks. Practitioner Summary: This article illustrates how the communication of system uncertainty information helps operators calibrate their trust in automation and, consequently, gain situation awareness. Multilevel analysis results of a driving simulator study affirm the benefits for trust calibration and highlight that operators adjust their behaviour according to multiple uncertainty levels.",Adult; *Attention/physiology; *Automobile Driving; Communication; Computer Simulation; Eye Movements; Female; Heart Rate/physiology; Humans; Male; Man-Machine Systems; Middle Aged; Multilevel Analysis; Reaction Time/*physiology; Task Performance and Analysis; Trust; *Uncertainty; User-Computer Interface; Workload; Vehicle ergonomics; attention and vigilance; attitudes and behaviour; human-computer-interaction; information displays
Revisiting human-machine trust: a replication study of Muir and Moray (1996) using a simulated pasteurizer plant task,"Lee, J.; Yamani, Y.; Long, S. K.; Unverricht, J.; Itoh, M.",Ergonomics,2021,64,9,1132-1145,10.1080/00140139.2021.1909752,"This study aimed to replicate Muir and Moray that demonstrated operators' trust in automated machines developing from faith, then dependability, and lastly predictability. Following the procedure of Muir and Moray, we asked undergraduate participants to complete a training program in a simulated pasteuriser plant and an experimental program including various errors in the pasteuriser. Results showed that the best predictor of overall trust was not faith but dependability, and that dependability consistently governed trust throughout the interaction with the pasteuriser. Thus, the obtained data patterns were inconsistent with those reported in Muir and Moray. We observed that operators in the current study used automatic control more frequently than manual control to successfully produce performance scores contrary to the operators in Muir and Moray. The results imply that dependability is a critical predictor of human-machine trust, which automation designer may focus on. More extensive future research using more modern automated technologies is necessary for understanding what factors control human-autonomy trust in modern ages. Practitioner Summary: The results suggest that dependability is a key factor that shapes human-machine trust across the time course of the trust development. This replication study suggests a new perspective for designing effective human-machine systems for untrained users who do not go through extensive training programs on automated systems.",Trust; automation; human-machine trust; supervisory control; human-machine interaction; default bayes factors; Engineering; Psychology
AIDING DECISION MAKER - A DECISION PROCESS MODEL,"Schrenk, L. P.",Ergonomics,1969,12,4,543-&,10.1080/00140136908931079,"Despite an increasing capability for automating various tasks there continues to be a requirement for man to serve as the decision element in many complex systems. The complexity and far-reaching consequences of many decisions impels a concern for improving decision-making performance in man-machine systems. In this paper current knowledge regarding human decision behaviour and methods for aiding this behaviour are briefly reviewed. A tentative, conceptual model of an idealized process of decision making is presented. This model, which is based on both empirical and theoretical research, contains throe phases. These are (1) problem recognition, (2) problem diagnosis, and (3) action selection. The model is intended primarily to provide a guide to system designers in structuring decision tasks and a framework for organizing knowledge about decision-making behaviour. © 1969 Walter de Gruyter. All rights reserved.",Engineering; Psychology
Artificial-Intelligence-Based Clinical Decision Support Systems in Primary Care: A Scoping Review of Current Clinical Implementations,"Gomez-Cabello, C. A.; Borna, S.; Pressman, S.; Haider, S. A.; Haider, C. R.; Forte, A. J.",Eur J Investig Health Psychol Educ,2024,14,3,685-698,10.3390/ejihpe14030045,"Primary Care Physicians (PCPs) are the first point of contact in healthcare. Because PCPs face the challenge of managing diverse patient populations while maintaining up-to-date medical knowledge and updated health records, this study explores the current outcomes and effectiveness of implementing Artificial Intelligence-based Clinical Decision Support Systems (AI-CDSSs) in Primary Healthcare (PHC). Following the PRISMA-ScR guidelines, we systematically searched five databases, PubMed, Scopus, CINAHL, IEEE, and Google Scholar, and manually searched related articles. Only CDSSs powered by AI targeted to physicians and tested in real clinical PHC settings were included. From a total of 421 articles, 6 met our criteria. We found AI-CDSSs from the US, Netherlands, Spain, and China whose primary tasks included diagnosis support, management and treatment recommendations, and complication prediction. Secondary objectives included lessening physician work burden and reducing healthcare costs. While promising, the outcomes were hindered by physicians' perceptions and cultural settings. This study underscores the potential of AI-CDSSs in improving clinical management, patient satisfaction, and safety while reducing physician workload. However, further work is needed to explore the broad spectrum of applications that the new AI-CDSSs have in several PHC real clinical settings and measure their clinical outcomes.",artificial intelligence; clinical decision support systems; machine learning; primary healthcare
Remote Health Monitoring in Clinical Trial using Machine Learning Techniques: A Conceptual Framework,"Abiodun, T. N.; Okunbor, D.; Osamor, V. C.",Health and Technology,2022,12,2,359-364,10.1007/s12553-022-00652-z,"Monitoring any process is crucial and very necessary, this is to ensure that standard protocols and procedures are strictly adhered to, monitoring clinical trials is not an exception. It is one of the most crucial processes that should be monitored because human subjects are involved. In trying to monitor clinical trial, information and communication technology techniques can be deployed to facilitate the process and hence improve accuracy. This research formulates a new conceptual framework for monitoring clinical trial using Support Vector Machine and Artificial Neural Network classifiers with physiological datasets from a wearable device. The proposed framework prototype consists of data collection module, data transmission module, and data analysis and prediction module. The data analytic and prediction module is the core section of the proposed framework tailored with data analysis. These datasets are preprocessed and transformed and then used to train and test the system, through different experimental analysis including bagging Support Vector Machine (SVM) and Artificial Neural Network (ANN). The outcome of the analysis presents classification into three different categories, such as fit, unfit, and undecided participants. These various classifications are used to determine if a participant should be allowed to continue in the trial or not. This research provides a framework that is useful in monitoring clinical trial remotely, thereby informing the decision-making process of the research team.",Clinical trial; Framework; Monitoring; Physiological data; Wearable; device; Medical Informatics
"A technique for assessing attrition, absenteeism and lateness among nursing personnel","Wolfe, H.",Health Serv Res,1967,2,2,140-53,,"As part of the normal everyday operation of a hospital, vast amounts of nursing personnel data are generated and recorded in a nearly irretrievable form as a result of ineffective processing of employees' time cards. A major purpose of this investigation is to demonstrate how, with a small amount of additional effort, any hospital using a computerized accounting system can develop this data into forms useful for decision making. In this study, certain performance characteristics—terminations, lateness, sickness, absenteeism—of nursing personnel were related to their personal and job characteristics. The results recommend standards for hiring and allocating personnel to diminish these problems.","*Absenteeism; Adult; Aged; Computers; Female; Humans; Male; Middle Aged; *Nursing Staff, Hospital; *Personnel Administration, Hospital; Records"
Trusting Automation: Designing for Responsivity and Resilience,"Chiou, E. K.; Lee, J. D.",Human Factors,2023,65,1,137-165,10.1177/00187208211009995,"Objective: This paper reviews recent articles related to human trust in automation to guide research and design for increasingly capable automation in complex work environments. Background: Two recent trends—the development of increasingly capable automation and the flattening of organizational hierarchies—suggest a reframing of trust in automation is needed. Method: Many publications related to human trust and human–automation interaction were integrated in this narrative literature review. Results: Much research has focused on calibrating human trust to promote appropriate reliance on automation. This approach neglects relational aspects of increasingly capable automation and system-level outcomes, such as cooperation and resilience. To address these limitations, we adopt a relational framing of trust based on the decision situation, semiotics, interaction sequence, and strategy. This relational framework stresses that the goal is not to maximize trust, or to even calibrate trust, but to support a process of trusting through automation responsivity. Conclusion: This framing clarifies why future work on trust in automation should consider not just individual characteristics and how automation influences people, but also how people can influence automation and how interdependent interactions affect trusting automation. In these new technological and organizational contexts that shift human operators to co-operators of automation, automation responsivity and the ability to resolve conflicting goals may be more relevant than reliability and reliance for advancing system design. Application: A conceptual model comprising four concepts—situation, semiotics, strategy, and sequence—can guide future trust research and design for automation responsivity and more resilient human–automation systems. © Copyright 2021, Human Factors and Ergonomics Society.",adaptive automation; autonomy; human–automation interaction; intelligent agents; intersubjectivity; trust; Automation; Humans; Man-Machine Systems; Motivation; Reproducibility of Results; Autonomous agents; Semiotics; Human-automation interactions; Organisational; Recent trends; Reframing; Responsivity; Work environments; article; conceptual model; human; narrative; neglect; physiological stress; reliability; work environment; man machine interaction; reproducibility
Trust Mediating Reliability-Reliance Relationship in Supervisory Control of Human-Swarm Interactions,"Hussein, A.; Elsawah, S.; Abbass, H. A.",Human Factors,2020,62,8,1237-1248,10.1177/0018720819879273,"Objective: This work aims to further test the theory that trust mediates the interdependency between automation reliability and the rate of human reliance on automation. Background: Human trust in automation has been the focus of many research studies. Theoretically, trust has been proposed to impact human reliance on automation by mediating the relationship between automation reliability and the rate of human reliance. Experimentally, however, the results are contradicting as some confirm the mediating role of trust, whereas others deny it. Hence, it is important to experimentally reinvestigate this role of trust and understand how the results should be interpreted in the light of existing theory. Method: Thirty-two subjects supervised a swarm of unmanned aerial vehicles (UAVs) in foraging missions in which the swarm provided recommendations on whether or not to collect potential targets, based on the information sensed by the UAVs. By manipulating the reliability of the recommendations, we observed changes in participants' trust and their behavioral responses. Results: A within-subject mediation analysis revealed a significant mediation role of trust in the relationship between swarm reliability and reliance rate. High swarm reliability increased the rate of correct acceptances, but decreased the rate of correct rejections. No significant effect of reliability was found on response time. Conclusion: Trust is not a mere by-product of the interaction; it possesses a predictive power to estimate the level of reliance on automation. Application: The mediation role of trust confirms the significance of trust calibration in determining the appropriate level of reliance on swarm automation.",human-automation interaction; human-swarm interaction; design of; experiments; foraging; within-subject mediation analysis; recommender; systems; automation; model; Behavioral Sciences; Engineering; Psychology
Trust in automation: Designing for appropriate reliance,"Lee, J. D.; See, K. A.",Human Factors,2004,46,1,50-80,10.1518/hfes.46.1.50.30392,"Automation is often problematic because people fail to rely upon it appropriately. Because people respond to technology socially, trust influences reliance on automation. In particular, trust guides reliance when complexity and unanticipated situations make a complete understanding of the automation impractical. This review considers trust from the organizational, sociological, interpersonal, psychological, and neurological perspectives. It considers how the context, automation characteristics, and cognitive processes affect the appropriateness of trust. The context in which the automation is used influences automation performance and provides a goal-oriented perspective to assess automation characteristics along a dimension of attributional abstraction. These characteristics can influence trust through analytic, analogical, and affective processes. The challenges of extrapolating the concept of trust in people to trust in automation are discussed. A conceptual model integrates research regarding trust in automation and describes the dynamics of trust, the role of context, and the influence of display characteristics. Actual or potential applications of this research include improved designs of systems that require people to manage imperfect automation.",ecological interface design; decision-making; interpersonal-trust; self-confidence; field-theory; model; system; technology; operator; machine; Behavioral Sciences; Engineering; Psychology
Supporting trust calibration and the effective use of decision aids by presenting dynamic system confidence information,"McGuirl, J. M.; Sarter, N. B.",Human Factors,2006,48,4,656-665,10.1518/001872006779166334,"Objective: To examine whether continually updated information about a system's confidence in its ability to perform assigned tasks improves operators' trust calibration in, and use of, an automated decision support system (DSS). Background: The introduction of decision aids often leads to performance breakdowns that are related to automation bias and trust miscalibration. This can be explained, in part, by the fact that operators are informed about overall system reliability only, which makes it impossible for them to decide on a case-by-case basis whether to follow the system's advice. Method: The application for this research was a neural net-based decision aid that assists pilots with detecting and handling in-flight icing encounters. A multifactorial experiment was carried out with two groups of 15 instructor pilots each flying a series of 28 approaches in a motion-base simulator. One group was informed about the system's overall reliability only, whereas the other group received updated system confidence information. Results: Pilots in the updated group experienced significantly fewer icing-related stalls and were more likely to reverse their initial response to an icing condition when it did not produce desired results. Their estimate of the system's accuracy was more accurate than that of the fixed group. Conclusion: The presentation of continually updated system confidence information can improve trust calibration and thus lead to better performance of the human-machine team. Application: The findings from this research can inform the design of decision support systems in a variety of event-driven high-tempo domains.",Behavioral Sciences; Engineering; Psychology
Not all trust is created equal: Dispositional and history-based trust in human-automation interactions,"Merritt, S. M.; Ilgen, D. R.",Human Factors,2008,50,2,194-210,10.1518/001872008x288574,"Objective: We provide an empirical demonstration of the importance of attending to human user individual differences in examinations of trust and automation use. Background: Past research has generally supported the notions that machine reliability predicts trust in automation, and trust in turn predicts automation use. However, links between user personality and perceptions of the machine with trust in automation have not been empirically established. Method: On our X-ray screening task, 255 students rated trust and made automation use decisions while visually searching for weapons in X-ray images of luggage. Results: We demonstrate that individual differences affect perceptions of machine characteristics when actual machine characteristics are constant, that perceptions account for 52% of trust variance above the effects of actual characteristics, and that perceptions mediate the effects of actual characteristics on trust. Importantly, we also demonstrate that when administered at different times, the same six trust items reflect two types of trust (dispositional trust and history-based trust) and that these two trust constructs are differentially related to other variables. Interactions were found among user characteristics, machine characteristics, and automation use. Conclusion: Our results suggest that increased specificity in the conceptualization and measurement of trust is required, future researchers should assess user perceptions of machine characteristics in addition to actual machine characteristics, and incorporation of user extraversion and propensity to trust machines can increase prediction of automation use decisions. Application: Potential applications include the design of flexible automation training programs tailored to individuals who differ in systematic ways.",self-confidence; validation; allocation; errors; misuse; disuse; Behavioral Sciences; Engineering; Psychology
"Humans and Automation: Use, misuse, disuse, abuse","Parasuraman, R.; Riley, V.",Human Factors,1997,39,2,230-253,10.1518/001872097778543886,"This paper addresses theoretical, empirical, and analytical studies pertaining to human use, misuse, disuse, and abuse of automation technology. Use refers to the voluntary activation or disengagement of automation by human operators. Trust, mental workload, and risk can influence automation use, but interactions between factors and large individual differences make prediction of automation use difficult. Misuse refers to overreliance on automation, which can result in failures of monitoring or decision biases. Factors affecting the monitoring of automation include workload, automation reliability and consistency, and the saliency of automation state indicators. Disuse, or the neglect or underutilization of automation, is commonly caused by alarms that activate falsely. This often occurs because the base rate of the condition to be detected is not considered in setting the trade-off between false alarms and omissions. Automation abuse, or the automation of functions by designers and implementation by managers without due regard for the consequences for human performance, tends to define the operator's roles as by-products of the automation. Automation abuse can also promote misuse and disuse of automation by human operators. Understanding the factors associated with each of these aspects of human use of automation can lead to improved system design, effective training methods, and judicious policies and procedures involving automation use.",expert-system; behavior; technology; displays; computer; pilots; design; trust; Behavioral Sciences; Engineering; Psychology
Trust with increasing and decreasing reliability,"Rittenberg, B. S. P.; Holland, C. W.; Barnhart, G. E.; Gaudreau, S. M.; Neyedli, H. F.",Human Factors,2024,66,12,2569-2589,10.1177/00187208241228636,"Objective The primary purpose was to determine how trust changes over time when automation reliability increases or decreases. A secondary purpose was to determine how task-specific self-confidence is associated with trust and reliability level.Background Both overtrust and undertrust can be detrimental to system performance; therefore, the temporal dynamics of trust with changing reliability level need to be explored.Method Two experiments used a dominant-color identification task, where automation provided a recommendation to users, with the reliability of the recommendation changing over 300 trials. In Experiment 1, two groups of participants interacted with the system: one group started with a 50% reliable system which increased to 100%, while the other used a system that decreased from 100% to 50%. Experiment 2 included a group where automation reliability increased from 70% to 100%.Results Trust was initially high in the decreasing group and then declined as reliability level decreased; however, trust also declined in the 50% increasing reliability group. Furthermore, when user self-confidence increased, automation reliability had a greater influence on trust. In Experiment 2, the 70% increasing reliability group showed increased trust in the system.Conclusion Trust does not always track the reliability of automated systems; in particular, it is difficult for trust to recover once the user has interacted with a low reliability system.Applications This study provides initial evidence into the dynamics of trust for automation that gets better over time suggesting that users should only start interacting with automation when it is sufficiently reliable.",trust in automation; human-automation interaction; levels of automation; automation; decision making; self-confidence; automation; performance; reliance; model; Behavioral Sciences; Engineering; Psychology
Human versus automation in responding to failures: An expected-value analysis,"Sheridan, T. B.; Parasuraman, R.",Human Factors,2000,42,3,403-407,10.1518/001872000779698123,"A simple analytical criterion is provided for deciding whether a human or automation is best for a failure detection task. The method is based on expected value decision theory in much the same way as is signal detection. It requires specification of the probabilities of misses (false negatives) and false alarms (false positives) for both human and automation being considered, as well as factors independent of the choice - namely, costs and benefits of incorrect and correct decisions as well as the prior probability of failure, The method can also serve as a basis for comparing different modes of automation. Some limiting cases of application are discussed, as are some decision criteria other than expected value. Actual or potential applications include the design and evaluation of any system in which either humans or automation are being considered.",Behavioral Sciences; Engineering; Psychology
A framework to guide the assessment of human-machine systems,"Stowers, K.; Oglesby, J.; Sonesh, S.; Leyva, K.; Iwig, C.; Salas, E.",Human Factors,2017,59,2,172-188,10.1177/0018720817695077,"Objective: We have developed a framework for guiding measurement in human-machine systems. Background: The assessment of safety and performance in human-machine systems often relies on direct measurement, such as tracking reaction time and accidents. However, safety and performance emerge from the combination of several variables. The assessment of precursors to safety and performance are thus an important part of predicting and improving outcomes in human-machine systems. Method: As part of an in-depth literature analysis involving peer-reviewed, empirical articles, we located and classified variables important to human-machine systems, giving a snapshot of the state of science on human-machine system safety and performance. Using this information, we created a framework of safety and performance in human-machine systems. Results: This framework details several inputs and processes that collectively influence safety and performance. Inputs are divided according to human, machine, and environmental inputs. Processes are divided into attitudes, behaviors, and cognitive variables. Each class of inputs influences the processes and, subsequently, outcomes that emerge in human-machine systems. Conclusion: This framework offers a useful starting point for understanding the current state of the science and measuring many of the complex variables relating to safety and performance in human-machine systems. Application: This framework can be applied to the design, development, and implementation of automated machines in spaceflight, military, and health care settings. We present a hypothetical example in our write-up of how it can be used to aid in project success.",Human-computer interaction; Human-machine interaction; Human-robot interaction; Performance; Safety; Humans; Man-Machine Systems; Accident prevention; Human computer interaction; Human reaction time; Automated machines; Cognitive variables; Complex variable; Direct measurement; Human machine interaction; Literature analysis; Several variables; accident; army; behavior; human; machine; precursor; reaction time; robotics; space flight; man machine interaction; Human robot interaction
A Security-by-Design Decision-Making Model for Risk Management in Autonomous Vehicles,"Abdel-Basset, M.; Gamal, A.; Moustafa, N.; Abdel-Monem, A.; El-Saber, N.",Ieee Access,2021,9,,107657-107679,10.1109/ACCESS.2021.3098675,"Autonomous/self-driving vehicles have gained significant attention these days, as one of the intelligent transportation systems. However, those vehicles have risks related to their physical implementation and security against cyber threats. Therefore, this study proposes a new security-by-design model for estimating the uncertainty of autonomous vehicles and measuring cyber risks; thus it assists decision-makers in addressing the risks of the physical design and their attack surfaces. The proposed model is developed using neutrosophic sets that efficiently tackle multi-criteria decision-making (MCDM) problems with extensive conflicting criteria and alternatives. The proposed model integrates MCDM, Analytic Hierarchy Process (AHP), Multi-Attributive Border Approximation Area Comparison (MABAC), and Preference Ranking Organization Method for Enrichment Evaluations II (PROMETHEE II), along with single-valued neutrosophic sets (SVNSs). An illustrative case considering ten risks in self-driving vehicles is used to validate the feasibility of the proposed model. Compared to the state-of-the-art methods, the proposed model is considered consistent and reliable to deal with and represent uncertainty and incomplete risk information using neutrosophic sets. © 2013 IEEE.",AHP; attack surfaces; Autonomous vehicles; cyber threat; MABAC; MCDM; PROMETHEE II; ranking risks; Analytic hierarchy process; Intelligent systems; Risk management; Risk perception; Uncertainty analysis; Analytic hierarchy process (ahp); Design decision-making; Enrichment evaluation; Intelligent transportation systems; Multi-criteria decision making; Neutrosophic sets; Preference ranking; State-of-the-art methods
Subject-Dependent Emotion Recognition System Based on Multidimensional Electroencephalographic Signals: A Riemannian Geometry Approach,"Abdel-Ghaffar, E. A.; Wu, Y. J.; Daoudi, M.",Ieee Access,2022,10,,14993-15006,10.1109/access.2022.3147461,"Emotion recognition plays an important role in human computer interaction systems as it helps the computer in understanding human behavior and their decision making process. Using Electroencephalographic (EEG) signals in emotion recognition offers a direct assessment on the inner state of human mind. This study aims to build a subject dependent emotion recognition system that differentiate between high and low levels of valance and arousal, using multidimensional EEG signals. Our system offers a transfer learning- minimum distance to Riemannian mean (TL-MDRM) framework. In this work, we perform two pre-processing stages. In the first stage, we analyze the EEG signals to investigate their non-Gaussianity and determine the most appropriate signal distribution. Using several statistical and goodness of fit tests, T-distribution was found to be the most appropriate distribution. Covariance matrix estimations plays a crucial step in manifold learning technique, based on the most suitable signal distribution the covariance matrix estimation technique is chosen. In the second stage, we perform transfer learning to deal with cross-session variability by generating a unique reference point for each participant and performing affine transformation for the covariance matrices on the symmetric positive definite (SPD) manifold around this point. The results show that, TL process improved the performance even when assuming Gaussian distribution, while assuming T-distribution with TL improved the performance further.",Covariance matrices; Electroencephalography; Manifolds; Transfer; learning; Feature extraction; Emotion recognition; Symmetric matrices; Covariance matrix estimation; emotion recognition; multidimensional EEG; signals; Riemannian manifold; signal analysis; SPD matrices; transfer; learning; eeg; fit; Computer Science; Engineering; Telecommunications
Fake Online Reviews: A Unified Detection Model Using Deception Theories,"Abdulqader, M.; Namoun, A.; Alsaawy, Y.",Ieee Access,2022,10,,128622-128655,10.1109/ACCESS.2022.3227631,"Online reviews influence consumers' purchasing decisions. However, identifying fake online reviews automatically remains a complex problem, and current detection approaches are inefficient in preventing the spread of fake reviews. The literature on fake reviews detection lacks a comprehensive and interpretable theory-based model with high performance, which enables us to understand the phenomenon from a psychological perspective and analyze reviews based on user-generated content as well as consumer behavior. In this research, we synthesized ten well-founded deception theories from psychology, namely leakage theory, four-factor theory, interpersonal deception theory, self-presentational theory, reality monitoring theory, criteria-based content analysis, scientific content analysis, verifiability approach, truth-default theory, and information manipulation theory, and selected nine relevant constructs to develop a unified model for detecting fake online reviews. These constructs include specificity, quantity, non-immediacy, affect, uncertainty, informality, consistency, source credibility, and deviation in behavior. We characterized the selected constructs using verbal and non-verbal features to validate the proposed model empirically. Subsequently, we extracted features from the Yelp datasets and used them to train four machine learning algorithms, specifically Logistic Regression, Naïve Bayes, Decision Tree, and Random Forest. We demonstrated that quantity, non-immediacy, affect, informality, consistency, source credibility, and deviation in behavior are essential constructs for detecting fake reviews. To our surprise, we discovered that non-verbal features are more important than verbal features and that combining features from both types improves the prediction performance. Our theory-based model outperformed most of the state-of-the-art fake review detection models and yielded high interpretability and low complexity. © 2013 IEEE.",deception detection; deception theories; Fake review detection; feature extraction; machine learning; online reviews; Consumer behavior; Data mining; Decision trees; E-learning; Extraction; Fake detection; Learning algorithms; Learning systems; Behavioral science; Deception theory; Fake news; Fake review detections; Features extraction; Machine-learning; Psychology
Predicting Discharge Destination of Critically Ill Patients Using Machine Learning,"Abad, Z. S. H.; Maslove, D. M.; Lee, J.",Ieee Journal of Biomedical and Health Informatics,2021,25,3,827-837,10.1109/jbhi.2020.2995836,"Decision making about discharge destination for critically ill patients is a highly subjective and multidisciplinary process, heavily reliant on the ICU care team, patients and their caregivers' preferences, resource demand, staffing, and bed capacity. Timely identification of discharge disposition can be useful in care planning, and as a surrogate for functional status outcomes following critical illness. Although prior research has proposed methods to predict discharge destination in a critical care setting, they are limited in scope and in the generalizability of their findings. We proposed and implemented different machine learning architectures to determine the efficacy of the Acute Physiology and Chronic Health Evaluation (APACHE) IV score as well as the patient characteristics that comprise it to predict the discharge destination for critically ill patients within 24 hours of ICU admission. We conducted a retrospective study of ICU admissions within the eICU Collaborative Research Database (eICU-CRD) populated with de-identified clinical data from adult patients admitted to an ICU between 2014 and 2015. Machine learning models were developed to predict four discharge categories: death, home, nursing facility, and rehabilitation. These models were trained and tested on 115,248 unique ICU admissions. To mitigate class imbalance, we used synthetic minority over-sampling techniques. Hierarchical and ensemble classifiers were used to further study the impact of imbalanced testing set on the performance of our predictive models. Amongst all of the tested models, XGBoost provided the best discrimination performance with an area under the receiver operating characteristic curve of 90% (recall: 71%, F1: 70%). Our findings indicate that the variables used in the APACHE IV model for estimating patient severity of illness are better predictors of hospital discharge destination than the APACHE IV score alone. Incorporating these models into clinical decision support systems may assist patients, caregivers, and the ICU team to begin disposition planning as early as possible during the hospitalization.",Discharges (electric); Hospitals; Predictive models; Machine learning; Data models; Informatics; Ensemble and hierarchical learning; health; informatics; machine learning; patient outcome prediction; model; Computer Science; Mathematical & Computational Biology; Medical; Informatics
HUMAN OPERATOR DECISION-MAKING IN MANUAL CONTROL,"Cohen, H. S.; Ferrell, W. R.",Ieee Transactions on Man-Machine Systems,1969,MM10,2,41-&,10.1109/tmms.1969.299895,"To decide whether or not to attempt a given maneuver, an operator must consider the likelihood of his success as well as the costs or values of the possible outcomes. Detecting the future success of a maneuver from the physical circumstances that make it more or less difficult to achieve and from past experience is formally like detecting signals in noise. Two experiments are described, which indicate that the basic decision model and ROC analysis used for signal detection can also be applied to manual control decisions. Results are given comparing the decision performance of operators who execute the maneuvers with the performance of observers who only watch them.",Computer Science; Psychology
ADAPTIVE ALLOCATION OF DECISION-MAKING RESPONSIBILITY BETWEEN HUMAN AND COMPUTER IN MULTITASK SITUATIONS,"Chu, Y. Y.; Rouse, W. B.",Ieee Transactions on Systems Man and Cybernetics,1979,9,12,769-778,10.1109/tsmc.1979.4310128,"As human and computer come to have overlapping decisionmaking abilities, a dynamic or adaptive allocation ofresponsibilities may be the best mode of human-computer interaction. It is suggested that the computer serve as a backup decisionmaker, accepting responsibility when human workload becomes excessive and relinquishing responsibility when workload becomes acceptable. A queueing theory formulation of multitask decisionmaking is used and a threshold policy for turning the computer on/off is proposed. This policy minimizes event-waiting cost subject to human workload constraints. An experiment was conducted with a balanced design of several subject runs within a computer-aided multitask flight management situation with different task demand levels. It was found that computer aiding enhanced subsystem performance as well as subjective ratings The queueing model appears to be an adequate representation of the multitask decisionmaking situation, and to be capable of predicting system performance in terms of average waiting time and server occupancy.",Computer Science; Engineering
System Evaluation Methodologies: Combined Multidimensional Scaling and Ordering Techniques,"Erlandson, R. F.","IEEE Transactions on Systems, Man and Cybernetics",1978,8,6,421-432,10.1109/TSMC.1978.4309995,"The results of a study designed to test a combination of methodologies for evaluation of systems, identification of a workable set of system evaluation attributes, and most importantly, specification of the interrelationships between these attributes as “seen” by the evaluators is reported. Twenty attributes were chosen which covered those areas deemed most important in systems evaluation and which reflected the thinking of a cross section of experts in the area of telecommunications. Multidimensional scaling and rank-order techniques were used to determine the interrelationships between attributes. The multidimensional scaling (MDS) results identified four dimensions: 1) system structure (from stable to dynamic), 2) system functions or service (service done on the system versus service performed by the system), 3) human-system interactions (human-system versus system-system interaction), and 4) system control (from “local” machine-oriented controls to “global” societal-oriented controls). Three different rank-ordering procedures were used, statistical, majority rule, and the Copeland method. This was followed by a partial ordering technique which synthesized these different viewpoints. The resultant partial order had ten levels with reliability deemed the most important attribute by all evaluators. This was followed at the next level by two attributes, performance and economy. The attribute deemed least important by all evaluators was observability. The MDS and rank-order results were then integrated into a unified conceptional framework. This framework reflected the importance of each attribute relative to its placement in the four-dimensional attribute space. Therefore, the resultant conceptual framework essentially specified the value system of the evaluators and thereby became a reference point for systems evaluation. Copyright © 1978 by The Institute of Electrical and Electronics Engineers, Inc.",computer analysis; digital computer; human cell; man machine interaction; mathematical model; methodology; nonbiological model; normal human; task performance; SYSTEMS SCIENCE AND CYBERNETICS
Exploring patient perspectives on telemedicine monitoring within the operating room,"Abraham, J.; Meng, A.; Holzer, K. J.; Brawer, L.; Casarella, A.; Avidan, M.; Politi, M. C.",Int J Med Inform,2021,156,,104595,10.1016/j.ijmedinf.2021.104595,"BACKGROUND: Clinical decision support systems and telemedicine for remote monitoring can together support clinicians' intraoperative decision-making and management of surgical patients' care. However, there has been limited investigation on patient perspectives about advanced health information technology use in intraoperative settings, especially an electronic OR (eOR) for remote monitoring and management of surgical patients. PURPOSE: Our study objectives were: (1) to identify participant-rated items contributing to patient attitudes, beliefs, and level of comfort with eOR monitoring; and (2) to highlight barriers and facilitators to eOR use. METHODS: We surveyed 324 individuals representing surgical patients across the United States using Amazon Mechanical Turk, an online platform supporting internet-based work. The structured survey questions examined the level of agreement and comfort with eOR for remote patient monitoring. We calculated descriptive statistics for demographic variables and performed a Wilcoxon matched-pairs signed-rank test to assess whether participants were more comfortable with familiar clinicians from local hospitals or health systems monitoring their health and safety status during surgery than clinicians from hospitals or health systems in other regions or countries. We also analyzed open-ended survey responses using a thematic approach informed by an eight-dimensional socio-technical model. RESULTS: Participants' average age was 34.07 (SD = 10.11). Most were white (80.9%), male (57.1%), and had a high school degree or more (88.3%). Participants reported a higher level of comfort with clinicians they knew monitoring their health and safety than clinicians they did not know, even within the same healthcare system (z = -4.012, p < .001). They reported significantly higher comfort levels with clinicians within the same hospital or health system in the United States than those in a different country (z = -10.230, p < .001). Facilitators and barriers to eOR remote monitoring were prevalent across four socio-technical dimensions: 1) organizational policies, procedures, environment, and culture; 2) people; 3) workflow and communication; and 4) hardware and software. Facilitators to eOR use included perceptions of improved patient safety through a safeguard system and perceptions of streamlined care. Barriers included fears of incorrect eOR patient assessments, decision-making conflicts between care teams, and technological malfunctions. CONCLUSIONS: Participants expressed significant support for intraoperative telemedicine use and greater comfort with local telemedicine systems instead of long-distance telemedicine systems. Reservations centered on organizational policies, procedures, environment, culture; people; workflow and communication; and hardware and software. To improve the buy-in and acceptability of remote monitoring by an eOR team, we offer a few evidence-based guidelines applicable to telemedicine use within the context of OR workflow. Guidelines include backup plans for technical challenges, rigid care, and privacy standards, and patient education to increase understanding of telemedicine's potential to improve patient care.","Adult; Communication; Female; Hospitals; Humans; Male; Monitoring, Physiologic; *Operating Rooms; *Telemedicine; United States; Operating room; Remote monitoring; Surgery; Telemedicine"
Can robots be teammates? Benchmarks in human-robot teams,"Groom, V.; Nass, C.",Interaction Studies,2007,8,3,483-500,10.1075/is.8.3.10gro,"The team has become a popular model to organize joint human-robot behavior. Robot teammates are designed with high-levels of autonomy and well-developed coordination skills to aid humans in unpredictable environments. In this paper, we challenge the assumption that robots will succeed as teammates alongside humans. Drawing from the literature on human teams, we evaluate robots' potential to meet the requirements of successful teammates. We argue that lacking humanlike mental models and a sense of self, robots may prove untrustworthy and will be rejected from human teams. Benchmarks for evaluating human-robot teams are included, as are guidelines for defining alternative structures for human-robot groups. © John Benjamins Publishing Company.",Human-robot interaction; Psychological benchmarks; Robot teams; Social robotics; Teamwork; Trust
Inertia-weight local-search-based TLBO algorithm for energy management in isolated micro-grids with renewable resources,"Abaeifar, A.; Barati, H.; Tavakoli, A. R.",International Journal of Electrical Power & Energy Systems,2022,137,,13,10.1016/j.ijepes.2021.107877,"Integration of distributed generators and loads in the form of a microgrid enhances the supply reliability and reduces the generation costs and greenhouse gas emissions. Microgrids should be properly managed via an energy management system (EMS) to minimize the overall costs of the system. In this paper, an Inertia-Weight Local-Search based Teaching-Learning-Based Optimization (named IWLS-TLBO), is proposed as an exploration-exploitation balanced metaheuristic algorithm to solve the EMS problem. The proposed IWLS-TLBO algorithm is inspired by the principles of human learning based on self-perceptual and self-regulatory abilities of people in facing various problems and adopting the best decision based on the previous experiences. By emphasizing of the IWLS-TLBO algorithm on both exploration (ability to search for new solutions) and exploitation (ability to exploit from existing solutions), the search space can be more effectively investigated than the original TLBO algorithm. In order to justify the performance of the proposed IWLS-TLBO algorithm, obtained results on different bench-mark functions are compared with those of achieved by the original TLBO and other metaheuristics. Then, the IWLS-TLBO is applied to optimize the EMS problem which is formulated based on a unit commitment problem in an isolated microgrid with renewable energy resources. Simulation results demonstrate the superiority of the proposed IWLS-TLBO algorithm against the existing metaheuristic algorithms, in terms of solution quality and convergence speed.",Microgrids; Renewable energy resources; Energy management system; Unit; commitment; Teaching-learning-based optimization; learning-based optimization; real-time operation; generation; system; strategy; Engineering
Algorithmic search in management decision systems,"Madeo, L. A.; Schriber, T. J.",International Journal of Man-Machine Studies,1980,13,4,423-435,10.1016/S0020-7373(80)80004-6,"Research on computer-based management decision systems has analyzed such factors as cognitive style, organizational influences, and format of output. This paper contributes to that set of research by proposing a combination of human (trial-and-error) search with algorithmic search. The combination, called guided search, is described together with an experimental setting for testing the usefulness of guided search. Phase I of the experiment involved decision making in the context of four decision variables. In this phase, there was no significant difference in achieved objective function value between those with human search and those with guided search. Phase II took place with 11 decision variables. The subjects with guided search obtained significantly better decisions than did the subjects with human search. Although the subjects with guided search required more central processor time than did their counterparts, they used no more elapsed time and did not enter more user input. The experimental results support the belief that in complex situations guided search can be an effective aid in decision making. © 1980, Academic Press Inc. (London) Limited. All rights reserved.",Decision theory and analysis; computer analysis; decision making; methodology; Management science
A simple empirical model for blood platelet production and inventory management under uncertainty,"Abbaspour, A.; Jahan, A.; Rezaiee, M.",Journal of Ambient Intelligence and Humanized Computing,2021,12,2,1783-1799,10.1007/s12652-020-02254-x,"The purpose of this study is to develop a pragmatic method for managing the inventory and production of blood platelets in places with inappropriate infrastructure. Thus far, we can find a rich number of papers regarding the optimization of blood products supply chain but most of them are impractical due to utilizing so many mathematical formulas and parameters. Hence, as an interdisciplinary study, we should develop a comprehensible method for medical workers and doctors to optimize the supply chain, maintain the quality of services and overcome the challenges. The inventory manager has to cope with multifaceted problems, among those are limited availability of donors, the uncertainty of demand, maintaining the quality and quantity of the products at a reasonable level and on-time response to medical centers and finally yet importantly avoid waste caused by overproduction. To tackle these problems, we employed Markov decision process and simulation to ensure the accountability of the model. Eventually, the real managerial insight provided through gathering data regarding the number of casualties caused by road accidents in Semnan province, Iran, and the number of blood platelet ordered by the hospitals and coordination between medical centers and the Blood Transfusion Center. The results indicate the accessibility of the model by inventory manager and physicians in the transfusion center and the reduction of waste due to appropriate production planning.",Platelet concentrates; Simulation; Supply chain; Inventory control; Dynamic planning; Operation research in healthcare systems; Markov; decision process; supply chain network; optimization model; minimize wastage; routing; method; design; implementation; allocation; internet; strategy; demand; Computer Science; Telecommunications
FEEDBACK IN A COMPLEX MULTIMAN-MACHINE SYSTEM,"Goldstein, I. L.; Southard, J. F.; Schum, D. A.",Journal of Applied Psychology,1967,51,4P1,346-+,10.1037/h0024789,"DECISION MAKERS PROVIDED HYPOTHESES AND MADE DIAGNOSES, IN THE FORM OF CONDITIONAL PROBABILITY JUDGMENTS, TO ACCOUNT FOR THE OCCURRENCE OF CERTAIN CRITICAL EVENTS IN A SIMULATED HOSTILE ENVIRONMENT. THE DECISION MAKERS' ESTIMATES WERE COMPARED WITH SIMILAR ESTIMATES PROVIDED BY A BAYESIAN MODEL FOR SEVERAL LEVELS OF PERCENTAGE OF KNOWLEDGE OF RESULTS (KOR) AND 2 LEVELS OF SPECIFICITY OF KOR (ACCESS OR NO ACCESS TO MODEL ESTIMATES). THERE WERE NO SIGNIFICANT DIFFERENCES IN THE PROBABILISTIC ESTIMATES PROVIDED FOR 33%, 67%, AND 100% KOR BUT ALL 3 WERE SUPERIOR TO 0% KOR. DECISION MAKERS WITH ACCESS TO BAYESIAN MODEL ESTIMATES AS FEEDBACK WERE NOT ABLE TO IMPROVE THEIR JUDGMENTS SIGNIFICANTLY EVEN THOUGH THE MODEL-GENERATED SOLUTIONS WERE SIGNIFICANTLY SUPERIOR TO HUMAN ESTIMATES AT ALL KOR LEVELS ABOVE 0%.",Psychology; Business & Economics
Impact of VR-Based Training on Human-Robot Interaction for Remote Operating Construction Robots,"Adami, P.; Rodrigues, P. B.; Woods, P. J.; Becerik-Gerber, B.; Soibelman, L.; Copur-Gencturk, Y.; Lucas, G.",Journal of Computing in Civil Engineering,2022,36,3,,10.1061/(ASCE)CP.1943-5487.0001016,"Despite the increased interest in automation and the expanded deployment of robots in the construction industry, using robots in a dynamic and unstructured working environment has caused safety concerns in operating construction robots. Improving human-robot interaction (HRI) can increase the adoption of robots on construction sites; for example, increasing trust in robots could help construction workers to accept new technologies. Confidence in operation (or self-efficacy), mental workload, and situational awareness are among other key factors that help such workers to remote operate robots safely. However, construction workers have very few opportunities to practice with robots to build trust, self-efficacy, and situational awareness, as well as resistance against increasing mental workload, before interacting with them on job sites. Virtual reality (VR) could afford a safer place to practice with the robot; thus, we tested if VR-based training could improve these four outcomes during the remote operation of construction robots. We measured trust in the robot, self-efficacy, mental workload, and situational awareness in an experimental study where construction workers remote-operated a demolition robot. Fifty workers were randomly assigned to either VR-based training or traditional in-person training led by an expert trainer. Results show that VR-based training significantly increased trust in the robot, self-efficacy, and situational awareness, compared to traditional in-person training. Our findings suggest that VR-based training can allow for significant increases in beneficial cognitive factors over more traditional methods and has substantial implications for improving HRI using VR, especially in the construction industry. © 2022 American Society of Civil Engineers.",Human-robot interaction (HRI); Mental workload; Robot operation self-efficacy; Situational awareness; Trust in the robot; VR-based training; Accident prevention; Construction industry; Man machine systems; Virtual reality; Construction robots; Human-robot interaction; Humans-robot interactions; Robot operations; Self efficacy; Virtual reality-based training; Human robot interaction
Artificial Intelligence for Thermal Energy Storage Enhancement: A Comprehensive Review,"Chekifi, T.; Boukraa, M.; Benmoussa, A.",Journal of Energy Resources Technology-Transactions of the Asme,2024,146,6,18,10.1115/1.4065197,"Thermal energy storage (TES) plays a pivotal role in a wide array of energy systems, offering a highly effective means to harness renewable energy sources, trim energy consumption and costs, reduce environmental impact, and bolster the adaptability and dependability of power grids. Concurrently, artificial intelligence (AI) has risen in prominence for optimizing and fine-tuning TES systems. Various AI techniques, such as particle swarm optimization, artificial neural networks, support vector machines, and adaptive neurofuzzy inference systems, have been extensively explored in the realm of energy storage. This study provides a comprehensive overview of how AI, across diverse applications, categorizes, and optimizes energy systems. The study critically evaluates the effectiveness of these AI technologies, highlighting their impressive accuracy in achieving a range of objectives. Through a thorough analysis, the paper also offers valuable recommendations and outlines future research directions, aiming to inspire innovative concepts and advancements in leveraging AI for TESS. By bridging the gap between TES and AI techniques, this study contributes significantly to the progress of energy systems, enhancing their efficiency, reliability, and sustainability. The insights gleaned from this research will be invaluable for researchers, engineers, and policymakers, aiding them in making well-informed decisions regarding the design, operation, and management of energy systems integrated with TES.",thermal energy storage; artificial intelligence; design optimization; energy systems performance prediction and TES control; energy; conversion/systems; energy storage systems; renewable energy; trough solar collectors; phase-change materials; heat-transfer analysis; of-the-art; neural-network; cooling system; thermophysical properties; numerical-simulation; optimal-design; performance; Energy & Fuels
Integration of BIM and advanced digital technologies to the end of life decision-making process: a paradigm of future opportunities,"Abruzzini, A.; Abrishami, S.","Journal of Engineering, Design and Technology",2022,20,2,388-413,10.1108/JEDT-12-2020-0524,"Purpose: At the end of a building’s lifecycle, there are several limitations to the decision-making process (DMP). There is a lack of data available from the building’s history, the difficulty in assessing the condition of a building and the variety of stakeholders’ needs that have to be satisfied. The purpose of this paper is to answer the question: how would end-of-life (EOL) DMP change when buildings will have been digitally built? The answer will be illustrated through a conceptual framework. Design/methodology/approach: A qualitative analysis of the existing literature has been performed to identify the elements within building information modelling (BIM) and advanced digital technologies that could be of support to the DMP. The findings have been collected and summarised in a conceptual framework that has been validated and enhanced through online interviews with industry experts. Findings: The enhanced framework has identified that BIM technology would bring the benefit of providing the initial digital data source, from which machine learning and data analytics would then extract the relevant data needed to measure accurately the criteria during the analysis of the EOL options put on the table. Originality/value: The findings of this research could contribute to developing the software modules making the bridge between BIM and machine learning technologies, to implement them in the EOL DMP. © 2021, Emerald Publishing Limited.",Big data; BIM; Circular economy; Decision-making process; End of life; IoT; Machine learning; Sensors; Data Analytics; Decision making; Life cycle; Building Information Modelling; Conceptual frameworks; Design/methodology/approach; Digital technologies; Machine learning technology; Online interviews; Qualitative analysis; Architectural design
AI’s call: Jordan’s MSMEs answer with intent,"Abaddi, S.",Journal of Entrepreneurship in Emerging Economies,2025,17,2,357-393,10.1108/JEEE-11-2023-0446,"Purpose: Artificial intelligence (AI) is a powerful and promising technology that can foster the performance, and competitiveness of micro, small and medium enterprises (MSMEs). However, the adoption of AI among MSMEs is still low and slow, especially in developing countries like Jordan. This study aims to explore the elements that influence the intention to adopt AI among MSMEs in Jordan and examines the roles of firm innovativeness and government support within the context. Design/methodology/approach: The study develops a conceptual framework based on the integration of the technology acceptance model, the resource-based view, the uncertainty reduction theory and the communication privacy management. Using partial least squares structural equation modeling – through AMOS and R studio – and the importance–performance map analysis techniques, the responses of 471 MSME founders were analyzed. Findings: The findings reveal that perceived usefulness, perceived ease of use and facilitating conditions are significant drivers of AI adoption, while perceived risks act as a barrier. AI autonomy positively influences both firm innovativeness and AI adoption intention. Firm innovativeness mediates the relationship between AI autonomy and AI adoption intention, and government support moderates the relationship between facilitating conditions and AI adoption intention. Practical implications: The findings provide valuable insights for policy formulation and strategy development aimed at promoting AI adoption among MSMEs. They highlight the need to address perceived risks and enhance facilitating conditions and underscore the potential of AI autonomy and firm innovativeness as drivers of AI adoption. The study also emphasizes the role of government support in fostering a conducive environment for AI adoption. Originality/value: As in many emerging nations, the AI adoption research for MSMEs in Jordan (which constitute 99.5% of businesses), is under-researched. In addition, the study adds value to the entrepreneurship literature and integrates four theories to explore other significant factors such as firm innovativeness and AI autonomy. © 2024, Emerald Publishing Limited.",AI adoption; Artificial autonomy; Artificial intelligence; IPMA; MSMEs in Jordan; PLS-SEM
"A review on voice pathology: Taxonomy, diagnosis, medical procedures and detection techniques, open challenges, limitations, and recommendations for future directions","Abdulmajeed, N. Q.; Al-Khateeb, B.; Mohammed, M. A.",Journal of Intelligent Systems,2022,31,1,855-875,10.1515/jisys-2022-0058,"Speech is a primary means of human communication and one of the most basic features of human conduct. Voice is an important part of its subsystems. A speech disorder is a condition that affects the ability of a person to speak normally, which occasionally results in voice impairment with psychological and emotional consequences. Early detection of voice problems is a crucial factor. Computer-based procedures are less costly and easier to administer for such purposes than traditional methods. This study highlights the following issues: recent studies, methods of voice pathology detection, machine learning and deep learning (DL) methods used in data classification, main datasets utilized, and the role of Internet of things (IoT) systems employed in voice pathology diagnosis. Moreover, this study presents different applications, open challenges, and recommendations for future directions of IoT systems and artificial intelligence (AI) approaches in the voice pathology diagnosis. Finally, this study highlights some limitations of voice pathology datasets in comparison with the role of IoT in the healthcare sector, which shows the urgent need to provide efficient approaches and easy and ideal medical diagnostic procedures and treatments of disease identification for doctors and patients. This review covered voice pathology taxonomy, detection techniques, open challenges, limitations, and recommendations for future directions to provide a clear background for doctors and patients. Standard databases, including the Massachusetts Eye and Ear Infirmary, Saarbruecken Voice Database, and the Arabic Voice Pathology Database, were used in most articles reviewed in this article. The classes, features, and main purpose for voice pathology identification are also highlighted. This study focuses on the extraction of voice pathology features, especially speech analysis, extends feature vectors comprising static and dynamic features, and converts these extended feature vectors into solid vectors before passing them to the recognizer.",voice pathology; deep learning algorithms; classification; voice; pathology detection; voice pathology databases; IoT systems; feature; extraction; machine learning; health-care; internet; things; classification; iot; integration; prevalence; analytics; pattern; systems; Computer Science
Crowdsourcing for Machine Learning in Public Health Surveillance: Lessons Learned From Amazon Mechanical Turk,"Abad, Z. S. H.; Butler, G. P.; Thompson, W.; Lee, J.",Journal of Medical Internet Research,2022,24,1,17,10.2196/28749,"Background: Crowdsourcing services, such as Amazon Mechanical Turk (AMT), allow researchers to use the collective intelligence of a wide range of web users for labor-intensive tasks. As the manual verification of the quality of the collected results is difficult because of the large volume of data and the quick turnaround time of the process, many questions remain to be explored regarding the reliability of these resources for developing digital public health systems. Objective: This study aims to explore and evaluate the application of crowdsourcing, generally, and AMT, specifically, for developing digital public health surveillance systems. Methods: We collected 296,166 crowd-generated labels for 98,722 tweets, labeled by 610 AMT workers, to develop machine learning (ML) models for detecting behaviors related to physical activity, sedentary behavior, and sleep quality among Twitter users. To infer the ground truth labels and explore the quality of these labels, we studied 4 statistical consensus methods that are agnostic of task features and only focus on worker labeling behavior. Moreover, to model the meta-information associated with each labeling task and leverage the potential of context-sensitive data in the truth inference process, we developed 7 ML models, including traditional classifiers (offline and active), a deep learning-based classification model, and a hybrid convolutional neural network model. Results: Although most crowdsourcing-based studies in public health have often equated majority vote with quality, the results of our study using a truth set of 9000 manually labeled tweets showed that consensus-based inference models mask underlying uncertainty in data and overlook the importance of task meta-information. Our evaluations across 3 physical activity, sedentary behavior, and sleep quality data sets showed that truth inference is a context-sensitive process, and none of the methods studied in this paper were consistently superior to others in predicting the truth label. We also found that the performance of the ML models trained on crowd-labeled data was sensitive to the quality of these labels, and poor-quality labels led to incorrect assessment of these models. Finally, we have provided a set of practical recommendations to improve the quality and reliability of crowdsourced data. Conclusions: Our findings indicate the importance of the quality of crowd-generated labels in developing ML models designed for decision-making purposes, such as public health surveillance decisions. A combination of inference models outlined and analyzed in this study could be used to quantitatively measure and improve the quality of crowd-generated labels for training ML models.",crowdsourcing; machine learning; digital public health surveillance; public health database; social media analysis; physical-activity; social media; Health Care Sciences & Services; Medical Informatics
A novel hybrid DEMATEL-K-means clustering algorithm for modeling the barriers of green computing adoption in the Philippines,"Abellana, D. P. M.; Mayol, P. E.",Journal of Modelling in Management,2022,17,2,486-517,10.1108/jm2-06-2020-0161,"Purpose This paper aims to propose a novel hybrid-decision-making trial and evaluation laboratory-K means clustering algorithm as a decision-making framework for analyzing the barriers of green computing adoption. Design/methodology/approach A literature review is conducted to extract relevant green computing barriers. An expert elicitation process is performed to finalize the barriers and to establish their corresponding interrelationships. Findings The proposed approach offers a comprehensive framework for modeling the barriers of green computing adoption. Research limitations/implications The results of this paper provide insights on how the barriers of green computing adoption facilitate the adoption of stakeholders. Moreover, the paper provides a framework for analyzing the structural relationships that exist between factors in a tractable manner. Originality/value The paper is one of the very first attempts to analyze the barriers of green computing adoption. Furthermore, it is the first to offer lenses in a Philippine perspective. The paper offers a novel algorithm that can be useful in modeling the barriers of innovation, particularly, in green computing adoption.",Decision-making; Algorithms; Decision support systems; Data mining; Computing; Operations research; supply chain management; personality; drivers; ism; Business & Economics
Lean simulations in production and operations management - a systematic literature review and bibliometric analysis,"Abideen, A. Z.; Mohamad, F. B.; Fernando, Y.",Journal of Modelling in Management,2021,16,2,623-650,10.1108/jm2-05-2019-0103,"Purpose Recently, much research about the effects of simulation on an organization's operational performance and efficiency has been carried out. But still, there is a need for lean-based simulations rather than just modelling the system. However, these studies still lack systematization. Consequently, the purpose of this paper is to systematize the literature on lean simulations in the area of production and operations management. Design/methodology/approach A systematic analysis was performed on 93 articles extracted from the Clarivate Analytics Web of Science (WoS) Core Collection database. The analysis was limited to only articles that come under the ""Engineering industrial,"" ""Engineering Manufacturing"" and ""Operations Research and Management"" subject category in WoS Core Collection database. Later, a bibliometric analysis was integrated with the literature review for deeper literature categorization. Findings A bibliometric analysis displayed the relevance of selected literature (keywords, authors and sources). The systematic literature review helped to clarify each clusters' content and purpose. Research limitations/implications This study portrays the gaps in the lean simulation integration methods and techniques through a detailed systematic and bibliometric review. Practical implications Lean managers can get various insights and ideas on implementing lean and simulation integration methods in real-time process improvement scenarios. Social implications This study demonstrates the best future recommendations for lean based modelling for both consumers and organizations that shall address the social and economic issues. Originality/value To the best of the authors' knowledge, minimal attention has been paid to systematizing the literature on lean simulation in industrial, manufacturing and operations management. This study contributes to close this gap.",Production; Operations management; Optimization; Manufacturing; Modelling; Simulation; supply-chain; manufacturing systems; green strategies; impact; model; game; time; optimization; performance; dynamics; Business & Economics
Performance in the Workplace: a Critical Evaluation of Cognitive Enhancement,"Acarturk, C.; Mucen, B.",NanoEthics,2022,16,1,107-114,10.1007/s11569-021-00407-6,"The popular debates about the future organization of work through artificial intelligence technologies focus on the replacement of human beings by novel technologies. In this essay, we oppose this statement by closely following what has been developed as AI technologies and analyzing how they work, specifically focusing on research that may impact work organizations. We develop this argument by showing that the recent research and developments in AI technologies focus on developing accurate and precise performance models, which in turn shapes organizational patterns of work. We propose that the increased interest in the relationship between human cognition and performance will shortly bring human cognition to the focus on AI systems in workplaces. More specifically, we claim that the cognitive load measurement will shape human performance in manufacturing systems shortly. © 2022, The Author(s).",Artificial intelligence; Cognitive enhancement; Cognitive sciences; Mind as a machine; Performance
Cybernetic approach to investment decision making,"Felsen, J.",Omega,1978,6,3,237-247,10.1016/0305-0483(78)90081-6,"This paper summarizes the results of our research into applications of cybernetic concepts and artificial intelligence techniques to investment analysis: it outlines the philosophy underlying the cybernetic approach to market forecasting and investment selection. This approach is computer oriented-it enables us to automate or program directly the complex judgmental aspects of investment decision making. The cybernetic approach alleviates some deficiencies of conventional statistical methods. Specifically, it (1) explicitly includes the time dimension into investment analysis, (2) is based on methods for decision making under uncertainty rather than risk, (3) yields computationally feasible methods for coping with the high complexity in investment analysis, and (4) yields decisions that are optimal rather than satisficing, i.e. performance of the Cybernetic Investment Decision System (CIDS) gradually improves during its operation through learning from past experience. A simplified CIDS has been implemented and tested in actual investment analysis. The experimental results of these tests indicate that through the cybernetic approach quality of investment decisions can be improved. © 1978.",
AN AUTOMATIC MODEL FOR PURCHASE DECISIONS,"Cantellow, D. G.; Burton, S. L.; Laing, R. M.",Operational Research Quarterly,1969,20,,25-+,10.2307/3008675,"The paper describes a decision-making model to control the entire expenditure by Rolls-Royce Aero Engine Division with outside suppliers. The project began as an “investigation into economic order quantities”, and expanded into an automatic decision-making package for determining the size of orders to be placed on suppliers, the length of time into the future these orders should stretch, the best price break information to ask for, and the extent to which changes in demand within Rolls-Royce should be suppressed to cushion the suppliers from unnecessary fluctuations. A conservative estimate of savings which result from implementing a model of this nature is that the purchase bill is reduced by at least 5 per cent and the inventory by somewhere in the region of 15 per cent.",Business & Economics; Operations Research & Management Science
DECISIONS FOR GROWTH - ANALYSIS BY SIMULATION,"Goslin, L. N.",Operational Research Quarterly,1969,20,2,187-&,10.2307/3008558,"The introduction of computer systems and their relationship with the host organization have been studied by various approaches-such as case methods and survey techniques. This article examines the use of the analogue computer to simulate the effect of certain management decisions upon the growth of a computer department. The history of the department, a description of the model, the operation and some results of the simulation are presented. The managerial advantages of simulation approach are examined.",Business & Economics; Operations Research & Management Science
PREDICTIVE MODEL OF AN OPERATOR IN A DECISION-MAKING TASK,"Packer, J. S.",Proceedings of the Institution of Electrical Engineers-London,1972,119,1,88-&,10.1049/piee.1972.0016,A model is described in the paper which simulates the behaviour of an operator in a decision-making task where successive decisions must be made at a faster rate as the task proceeds. The model has provided a possible explanation for the discrete-data nature of the human transfer function.,Engineering
Risk-based and predictive maintenance planning of engineering infrastructure: Existing quantitative techniques and future directions,"Abbassi, R.; Arzaghi, E.; Yazdi, M.; Aryai, V.; Garaniya, V.; Rahnamayiezekavat, P.",Process Safety and Environmental Protection,2022,165,,776-790,10.1016/j.psep.2022.07.046,"Engineering infrastructure incorporate complex systems, hazardous materials and often operated by human beings, making them prone to catastrophic accidents. Continuously improving system safety of the facilities and their operations requires a well-established asset management practices. The history of hazardous events in some domains such as process facilities suggest that many accidents have occurred due to ineffective maintenance planning strategies. Thus, to ensure an acceptable level of system safety and availability, it is essential to adopt optimal programs and practical procedures in maintenance planning engineering assets. The lessons learnt from previous accidents have helped operators, classification societies and regulators to develop viable standards and guidelines for employing quantitative methods in Operation and Maintenance (O&M) planning. The current work aims to present the existing attempts and identify the gaps, needs, and challenges of maintenance planning in engineering facilities. It then integrates the empirical and theoretical conclusions, highlighting the capabilities and drawbacks of the state-of-the-arts and explaining research opportunities and challenges. The decisionmakers, operators, and managers in engineering infrastructure can exploit the present work from theoretical and practical perspectives.",Maintenance operations; Process industry; Risk analysis; System safety; Decision-making; optimal preventive maintenance; human reliability assessment; texas city; refinery; human error; fault; optimization; methodology; model; inspection; uncertainty; Engineering
Pricing in Service Systems with Rational Balking and Abandonment of Time-Sensitive Customers,"Abouee-Mehrizi, H.; Zare, A. G.; Konrad, R. A.",Production and Operations Management,2022,31,2,495-510,10.1111/poms.13555,"The current literature on pricing in service systems with time-sensitive customers predominately ignores the rational abandonment of customers with mixed-risk attitude. The goal of this study is to address this gap. We consider an unobservable queueing system with a nonlinear waiting cost function, which is concave up to a certain point and then becomes convex, capturing the mixed-risk attitude of customers observed in empirical studies. We assume that customers are sensitive with respect to waiting time (delay) and strategic regarding their balking and abandonment decisions. We characterize the optimal pricing policy that maximizes the service provider's revenue. We show that the pricing policies studied in the literature, including the joint service and cancellation (entrance) fee policy, are suboptimal and cannot induce the socially optimal behavior. We demonstrate that while the cancellation fee can regulate a customer's balking strategy, the service fee cannot effectively control a customer's abandonment decision. We then provide conditions under which the joint service and cancellation fee policy is optimal. We finally prove that the service provider should compensate customers for their waiting in order to efficiently control the abandonment of customers. We propose a pricing policy, which includes entrance, service, and wait time (delay) fees, that maximizes the provider's revenue. We derive the optimal fees and show that, under the proposed optimal pricing policy, customers pay service and cancellation fees while they are partially compensated for the time spent waiting for service.",pricing; service systems; queueing; strategic behavior; mixed-risk; attitude; equilibrium strategies; queues; quotation; costs; Engineering; Operations Research & Management Science
APPLYING SIMULATION TO HIGHWAY INTERSECTION DESIGN,"Varol, Y. L.; Kaufman, A. A.; Hanani, M. Z.",Simulation,1977,28,4,97-105,10.1177/003754977702800402,"This paper describes a simulation model of driver- vehicle behaviour at an intersection and two versions (one batch, one interactive) of its implementation. The model offers the user considerable flexibility in specifying the intersection, the traffic control techniques, and the volume and other characteristics of the traffic. It incorporates some of the latest findings of human factors research concerning the driving task, and represents the driver's perceptual, decision-making, and response processes as the driver approaches, passes through, and leaves the intersec tion. Driver behaviour is based on various percep tual cues and on psychophysical judgements derived from them.",Computer Science
A case study on the use of a conceptual modeling framework for construction simulation,"Abdelmegid, M. A.; O'Sullivan, M.; González, V. A.; Walker, C. G.; Poshdar, M.",Simulation-Transactions of the Society for Modeling and Simulation International,2022,98,5,433-460,10.1177/00375497211056087,"Construction simulation has been an active area of research in the last six decades. Nevertheless, there has been a gap between academia and industry in realizing the capabilities of simulation to support decision-making in construction. One of the well-recognized reasons is the difficulty of undertaking comprehensive simulation studies by construction practitioners, who usually lack sufficient knowledge and skills to adequately build simulation models. Efforts to bridge this gap have been focused on simplifying the computer coding and model implementation stages of construction simulation studies with limited research on the early stage of defining the model and abstracting the system, i.e., conceptual modeling. The conceptual modeling stage is known to be one of the most difficult tasks in a simulation study. Thus, several frameworks to support building conceptual models have been proposed in simulation literature. This study contributes to the research efforts to promote simulation in the construction industry through the adoption of a conceptual modeling framework. It demonstrates the application of the proposed conceptual modeling framework in a case study of piling operations. The findings of this paper reinforced the significance of conceptual modeling by confirming the role of the conceptual model as a communication link between stakeholders. Moreover, the conceptual model was used as a specification document for developing a flexible model that can be replicated in other settings. The use of a documented conceptual model assisted in managing the overall simulation study efficiently, which, in turn, lead to reductions in time and effort for different modeling activities.",Construction simulation; piling; conceptual modeling; discrete-event-simulation; ontology; systems; management; projects; Computer Science
Decision Support Concept for Improvement of Sustainability-Related Competences,"Abina, A.; Batkovic, T.; Cestnik, B.; Kikaj, A.; Lukman, R. K.; Kurbus, M.; Zidansek, A.",Sustainability,2022,14,14,21,10.3390/su14148539,"In this paper, we derived competences from previously developed competence models, ensuring the effective use of advanced technologies in future factories to improve the sustainability of their business models and strategies. Based on the analysis of the Hogan competence model and competence models for sustainability and leadership, we compiled a selection of competences for digitalisation, automation, robotics, artificial intelligence, and soft competences such as emotional intelligence and cultural literacy. We also included competences required for sustainability, corporate social responsibility, and circular economy. The selected competences formed the core for the conceptual development of a decision support tool for the individualised selection of training for employees. The concept was tested in customised training to improve employees' skills and motivation for lifelong learning at the selected industrial partner. The developed assessment algorithm was used to monitor the progress of individual employees' skills development before and after their training participation. The results of the assessment help human resource departments make decisions for selecting the most effective and optimal training for employees to improve their sustainability-related competences. Such a systematic approach can improve and evaluate competences that companies need to transition to a circular economy.",circular economy; sustainability; competence development; employee; training plan; decision support; expert-system; Science & Technology - Other Topics; Environmental Sciences & Ecology
Go cashless! Determinants of continuance intention to use E-wallet apps: A hybrid approach using PLS-SEM and fsQCA,"Abbasi, G. A.; Sandran, T.; Ganesan, Y.; Iranmanesh, M.",Technology in Society,2022,68,,,10.1016/j.techsoc.2022.101937,"This study aims to examine the influence of quality and confirmation dimensions on users' continuance intentions to use e-wallet apps. Besides the partial least squares-structural equation modeling (PLS-SEM) technique, an asymmetrical analytical approach through fuzzy set qualitative comparative analysis (fsQCA) was used to examine the combination effects of quality dimensions and confirmations on continuance intention. Symmetrical findings revealed that service quality is the most important factor in gaining users’ continuance intention. However, according to the fsQCA findings, service quality is not an essential factor, and a combination of information quality, system quality, usefulness confirmation, ease of use confirmation, and security confirmation is needed to achieve the highest level of continuance intention. The study extends the literature by investigating drivers of continuance intention, decomposing confirmation, testing the relationship between quality dimensions and confirmations, and using the fsQCA technique. The findings provide more accurate insights into the relationships between quality, confirmation, and continuance intention, and enable managers to make better managerial decisions. © 2022 Elsevier Ltd",Mobile payment; Payment systems; Post-adoption; Quality dimensions; S-O-R model; User behaviour; Behavioral research; Electronic money; Global system for mobile communications; Managers; Quality of service; Continuance intentions; Fuzzy Set Qualitative Comparative Analysis; Intention to use; Post adoptions; Quality dimension; R models; User behaviors; computer simulation; fuzzy mathematics; innovation; mobile phone; scanning electron microscopy; technological development; Least squares approximations
Influence of service quality on consumer loyalty: a mediation analysis of health insurance,"Abdel Fattah, F. A. M.; Dahleez, K. A.; Darwazeh, R. N.; Al Alawi, A. M. M.",TQM Journal,2021,33,8,1787-1805,10.1108/TQM-09-2020-0219,"Purpose: This study aims to examine the influence of service quality (SQ) on customer loyalty (CL) and the mediating role of customer satisfaction (CS) and customer perceived value (CPV) in health insurance products in Malaysia. Design/methodology/approach: Data were conveniently collected through a self-administered questionnaire from subscribers to health insurance products and services in Malaysia. A total of 456 available questionnaires were used in the analysis. Partial least square (PLS) structural equation modelling (V3.3) was used to obtain the study results. Findings: A positive relationship is observed amongst the studied variables. In addition, CPV partially mediates the proposed relationship and also indirectly mediates the relationship between SQ and CS. Lastly, CS partially mediates the proposed relationship. Hence, all proposed direct and indirect relationships are significant and positive. Research limitations/implications: This research increases the authors’ understanding of the role of CS, SQ and CPV on CL in the health insurance industry in a developing country. The study also shows that insurance companies must establish positive relationships between insurers and customers by providing excellent SQ to maintain CS and loyalty. Practical implications: This research will help managers and guide the policymakers to establish a national health financing scheme. Furthermore, these results will guide industry players on how to maintain existing and targeting customers. Social implications: This study has attempted to provide a comprehensive understanding of CL in the Malaysian health insurance industry. Considering the limited research in the Malaysian health insurance context, this study can provide theoretical contribution and a managerial basis for future studies, including implications for the managers. However, to date, research in this sector under the Malaysian context is not adequate to consider SQ, perceived values and CL factors. Originality/value: This study has attempted to provide a comprehensive understanding of CL in the Malaysian health insurance industry. Considering the limited research in the Malaysian health insurance context, this study can provide theoretical contribution and a managerial basis for future studies, including implications for the managers. © 2021, Emerald Publishing Limited.",Customer loyalty; Customer perceived value; Customer satisfaction; Health insurance; Malaysia; Service quality; Developing countries; Health; Managers; Product design; Quality control; Quality of service; Sales; Surveys; Customer perceived values; Design/methodology/approach; Insurance companies; Partial least square (PLS); Products and services; Self-administered questionnaire; Social implication; Structural equation modelling
