phrase,cluster_label
commerce sector continues,0
relations strengthen augments instead,0
operational success ai,0
having potential significant economic,0
successful ai services,0
agent demand shorter takeover times,0
condition complied takeover request tor,0
agents delivering information different,0
vehicle agents,0
automation collaboration especially,0
bias agreeing automation,0
strategic options,0
advised best,0
research limitations implications review,0
risks automation misuse disuse,0
important societal issues individual societal,0
agent isa,0
intelligent software agent,0
modern institutions deep,0
control theory game theory,0
creating automation,0
automation systems,0
automation interaction autonomous,0
agenda psychometric modeling eye,0
strategy switching,0
eye movements,0
advances psychometric econometric,0
moderate relationship choice decision effectiveness,0
using scopus,0
enable information advantage truly,0
autonomous technology needs tended,0
manipulators avs,0
improve work design daily business,0
communication styles service,0
increasingly utilized,0
2019 ifac,0
hosting elsevier,0
stages takeover strategies key,0
francis group,0
agents widely,0
agents benefit steering,0
video games news recommendation,0
communication approach relies user information,0
language processing induce users deem,0
depending perceived agent task fit,0
economics need interdisciplinary,0
oversight ai systems tasked deployed,0
relation theory,0
agents integrated social,0
building accurate models cognitive behavioural,0
agent facial bodily expressions,0
angry robot induce,0
psychological construct model internal mental,0
utility levels automation,0
automation loa,0
reliable agent contributing overall team,0
agent teams time pressured continuous,0
alternatively agent,0
approaches incorporating physiological data,0
school business,0
robot human group completed,0
agency attribution,0
nonhuman agents induce,0
relationship voice capabilities artifact users,0
recommendation aggregation engines,0
popularity virtual conversational,0
agents vcas,0
rate avs,0
provide suitable recommendations,0
wearables factories,0
agents personality effect personality different,0
thai communication modality,0
ease use reliability significant factors,0
conversational agents ca,0
giving way communication helps people,0
nature economic wealth creation,0
democratic societies fundamental change,0
levels information disclosure,0
effective aid,0
francis group,0
automated insulin delivery,0
automated information,0
robots work advanced,0
empirical study conducted,0
squares structural,0
perceived usefulness,0
organisations adopt anticipatory strategies,0
qualitative data,0
churned themes qualitative,0
robots divided datasets participated,0
robot behaviors,0
diagram formation assistance hamie robot,0
robot offers varying levels information,0
institute new,0
emphasizing study contributions implications limitations,0
public concerns regulating,0
ai technologies implementing responsible guidelines,0
emotional societal impacts developing,0
francis group,0
engagement robotic,0
study enhances understanding human robot,0
impact willingness interact robots,0
models taxonomies human automation,0
valuethis study seeks understand,0
values triggered promoting,0
beliefs reduced,0
responsibility agents lack time,0
participants collaborated automated agents varying,0
automated aids,0
great value,0
offer great,0
designing automation mimic basic human,0
robots increasingly present,0
uncanny valley theory,0
enhancing purchase intention,0
themes qualitative,0
automation conundrum,0
advancement benefited data,0
using middle,0
shape successful adoption ai decision,0
avs varying levels reliability,0
ai adoption advocating,0
critical humanization automation,0
technology fit perceived leadership,0
observers know human agent theoretically,0
user conversations theory relates user,0
business indiana,0
standard deviation,0
agents collaborative human,0
perform trade study,0
automation success engenders,0
varying automation,0
recognition received recommendation automated,0
fourth industrial revolution witnessing fast,0
moment interaction automation,0
external station,0
eye movement results indicated compensatory,0
autonomous agent factor,0
francis group,0
differences model empirically test formulated,0
computer agents,0
experiment neurophysiological measurements used investigate,0
agents affective processes,0
critical smart service,0
offers picture,0
draws cognitive appraisal theory,0
assess ai suitability task,0
mediating role attribution,0
relationships showed differences male,0
francis group,0
involving teleoperation,0
usefulness plays mediating role,0
agent decision process mitigate misperceptions,0
purchase intention,0
squares structural,0
perspectives regarding human automation,0
robot interaction hri particularly,0
robots influence expectations acceptance emerging,0
participants equipped eye tracker,0
like intelligent robots,0
av systems promote effective human,0
remotely controlled robotic arm,0
expand understanding av explanation,0
commons attribution,0
faults automation conditions,0
predict effects different automation,0
societal ramifications exemplified challenges,0
point actors business reverse engineering,0
adoption human like intelligent,0
human robot interaction human experiment,0
loop modeling based,0
organizations automate knowledge,0
provide accurate mental model,0
agents interaction including explainable artificial,0
francis group,0
attitude robots robot usage,0
learning task subjective usability,0
suggests judgments robot,0
robot responsibility hinge perceived,0
automation evolved,0
using simulated autonomous,0
francis group,0
monetary value,0
empirically investigate compliance,0
game used,0
xai recommender systems,0
adoption future ai,0
adoption ai,0
automation 47 reduces,0
user needs collaborate agent having,0
perceived usefulness performance,0
francis group,0
application conversational agents,0
robot lower experience vs,0
relates perceived ease use credence,0
social information processing theory,0
human employees online shopping remains,0
conceptual model,0
ai services,0
automation technology,0
responsible decisions ai discuss,0
implications suggested practitioners improve,0
distinction disembodied conversational,0
robots disembodied,0
perceived utility,0
application conversational agents,0
implications suggested practitioners improve,0
distinction disembodied conversational,0
robots disembodied,0
providing users advice working,0
expectations affect perceived value,0
systematic synthesis limiting understanding user,0
infiltrate industries decade,0
automation irreversible instantaneous,0
provides predictors avs acceptance,0
ease use shown,0
employed stimulus organism response,0
exists robots,0
limitations implications findings study,0
inductive deductive need employed strengthen,0
human robot work,0
study limited shopping,0
emerging market retail,0
theory help retailers understand,0
actions attribute blame robot,0
odds collective profit robot advance,0
participants played tit tat strategy,0
cooperate robot,0
using prisoner dilemma games manipulating,0
robots increasingly important machines,0
francis group,0
computerized agents,0
francis group,0
partner inner,0
include example skillful eye scan,0
francis group,0
clausewitzian notion military,0
levels warfare strategic,0
inform strategic decisions,0
ease use perceived,0
empirical validation model partial squares,0
partial squares structural equation,0
knowledge application perceived,0
empathy suitable interactive conversational agents,0
university students examined lens structural,0
francis group,0
alleviated positively influencing ai adoption,0
colleague produces lower,0
understanding agents,0
awareness automation currently handling,0
colleague produces lower,0
robots owing certain fears example,0
collaborative robots,0
partial squares structural equation,0
francis group,0
collaborative robots,0
era rapidly,0
network externalities present conceptual,0
technology fit network,0
adoption ai,0
avoid uncanny valley effect,0
agents respond slower users,0
analysing user utterance,0
experiment 496 adults conversation,0
identity disclosure willingness donate,0
automation bias societal,0
bias job automation,0
uncertain hypotheses,0
robots organisations,0
robot perceived,0
utility dialogue,0
insight making strategic decision,0
relationship intention adopt ai banking,0
perceived usefulness knowledge artificial,0
founded theories task technology,0
indicate specific eye,0
cognitive models,0
psycho physiological observables,0
empirical results based,0
users support conceptualization,0
adoption resistance robots,0
ai service encounters factors,0
frontline service automation,0
ai services,0
hypothesis tested using,0
automated systems tends,0
echo questions,0
explores reasons adoption ai,0
agents collected firm recently integrated,0
takeover automation,0
relevance design,0
agent affects,0
av vs,0
type service,0
av vis vis human agent,0
paper human unconscious processes,0
agency suggests,0
automation exacerbates erosion human skill,0
policy human robot interaction,0
learning rl agents,0
analyses estimates regarding barriers automation,0
francis group,0
predicting automation,0
automated warehouses,0
automated systems bainbridge described,0
robotized systems humans,0
perceived value,0
ai service,0
communicating limitations avoid mental,0
better automation,0
results supervision reminders effectively maintained,0
role ai banking applications confirmed,0
squares pls,0
implications limitations,0
human robot interaction phenomenon emerging,0
field combined uncanny,0
variety industrial,0
automation social,0
agents surveys 200 employees,0
germany springer nature,0
consumers intention purchase grows significantly,0
demand instances gaze behavior shows,0
grounded agent decision making architecture,0
use eye,0
human robot interaction,0
human automation interaction including intended,0
automation interaction concerned,0
human like non human agent,0
agent higher intention empower,0
distributed terms creative commons attribution,0
strategies identified coax people use,0
cus tomers willingness interact ai,0
addressing issues formalised affordance,0
industrial revolution,0
robots aims,0
fourth industrial revolution,0
argued interdisciplinary,0
conceptualizations especially regard work,0
quantitative evidence trends numerous,0
fourth industrial revolution associated,0
depending level automation,0
share robot control,0
urgently required establish design automation,0
shifts characterized automation,0
centric design task automation,0
integrates diverse disciplinary,0
shifts characterized automation,0
piece automation designed affect dimension,0
term strategic success aiding skill,0
modified turing,0
agents employ maximum entropy inverse,0
virtual clothing store,0
mechanism schema activation allow,0
goal orientation,0
intelligent agent,0
quantitative empirical,0
passage turing test best,0
automation considering secondary factors,0
supervised automation partially,0
automated agents fa methods currently,0
integrates diverse disciplinary,0
work psychology neuroscience economics,0
centric design task automation,0
hosting elsevier,0
agents aas capable,0
encountered different technological failures automation,0
routine communication strategies adapt,0
economics evident tests simple linear,0
psychological features weber fechner,0
fechner law economics,0
information enable operators infer,0
automation algorithm,0
shown costs imperfect automation detrimental,0
game theory,0
theory data,0
predictive analytics grounded,0
distinct empirical studies,0
newsvendor game proposes,0
industrial setting competing,0
economic value,0
2015 ifac,0
human automation interaction,0
emerge noisy accumulation evidence,0
current approaches multiagent,0
movements neural recordings contain,0
contains reports ai human robot,0
people computer agents,0
settings agents reason,0
high performance ai infrastructure crucial,0
used stage approach,0
using hyperbolic discounting samples,0
empirical studies involving,0
increasingly embracing,0
behavioral economics psychological models,0
agent able outperform alternative,0
using size fits model,0
general methodology agent design repeated,0
statements automation reliability,0
perceptions use automation,0
cognitive models potential,0
francis group,0
undergo automation near future calling,0
robot interaction cognitive assistance government,0
making intelligent agents symposia held,0
contribution empirical study fading,0
management published wiley periodicals llc,0
language agent,0
involvement interaction hybrid service,0
human oriented communication,0
question disclose involvement,0
service agents,0
addressing ai service,0
society research,0
level automation loa,0
intelligence ai service,0
themes meanings data allowing,0
technologies fear job displacement automation,0
agenda stimulate future,0
recently multi agent,0
francis group,0
strategy game,0
robotics artificial,0
automation interaction hai operations,0
product development,0
thematic analysis examine,0
valuethe primary contribution study enrich,0
production context build comprehensive view,0
francis group,0
information communication,0
essential strategic,0
strategic element industries,0
automation interaction,0
received descriptions crews interacting,0
changes automated systems small,0
robots emerging,0
agent assistance surpasses,0
francis group,0
interpretation turing,0
gaais good,0
communications instruct,0
disciplines intradisciplinary,0
referred automation,0
francis group,0
perceived usefulness knowledge management,0
employing partial squares structural equation,0
practitioners exploring ways incorporate,0
robots underlying psychological processes,0
role determining adoption intention ai,0
sensitivity changes automation manual performance,0
social interactive agents concerns,0
trading psychological,0
hypotheses regarding direct indirect relationships,0
relationships variables tested,0
adoption ai advisors,0
automated map,0
context physical retail stores,0
automates radiologist,0
adoption intentions related ai,0
experiment humans repeatedly play games,0
play various,0
agents robots,0
learning analysis identifies proprioceptive physiological,0
attachment users learning predict,0
strong belief giving agent,0
fit mediates,0
robot designed provide hedonic,0
use automation,0
recommender predicts,0
long lasting,0
wires cogn,0
francis group,0
introduction perceived partner,0
matching game,0
close vs,0
subordinate proxemic,0
interactions subordinate robot resulted,0
positive user experience robot close,0
consistency status proxemic behaviors robot,0
alongside robots raises concerns employees,0
implementing collaborative robots,0
computer agents improves,0
eye tracking quantitative,0
qualitative performance subjective experiences monitored,0
collaborative robot reliable unreliable,0
art agents literature,0
automation like surveys drastically limit,0
human robot,0
intelligent agents,0
humanlike robot,0
develop guidelines robot,0
lens understand human robot relationships,0
behavioral economics promising source theory,0
evaluation ai recommendation,0
agent interaction retention human decision,0
greater concerns,0
human supervision multiple robots,0
number approaches flexible automation autonomous,0
various interdisciplinary pathways advance,0
social aspects human agent interactions,0
agents indispensable work environments,0
ai enabled service crucial,0
intelligent autonomous agents,0
fitts list pervasive factor function,0
ironies automation,0
fitts report represents unprecedented,0
attributions ii nearest neighbor,0
grad cam attributions ii,0
advance strategic agenthood,0
psychology human robot,0
discuss anomalous misattributions strategic,0
seminal fitts list spans,0
apps turn increases perceived usefulness,0
control rely advanced automation,0
ehmi messages facilitate,0
robot utilizes artificial,0
showed operators adapted automation,0
highly automated,0
2016 ifac,0
control hosting elsevier,0
automation order fly,0
online grocery shopping ogs using,0
knowledge pilots perceptions attitudes,0
users attribution responsibility service failures,0
service failures using ai,0
research directions including mitigating language,0
non human technical agents,0
automation perceived change competencies,0
education business public health,0
virtual conversational,0
camera eye,0
improve human automation,0
validated using partial squares structural,0
negative beliefs worldviews agents,0
current literature developed conceptual model,0
crm strategic,0
francis group,0
francis group,0
enhances users sense agency positively,0
technology fit illustrated using empirical,0
classic concept task technology fit,0
automation interaction issues interacting,0
automation negatively impact people,0
levels automation influence,0
traditional human driven model avs,0
cra aid respectively,0
automation did increase,0
aid manifest imperfectly,0
potential facilitating strategic decision making,0
software tools autonomous,0
sustainable human automation,0
automation collaboration need develop,0
benefit automation sensitive,0
relationship management,0
background operators interact automated decision,0
automation aided performance levels predictions,0
uncanny sense,0
robots constitute excitement,0
assess human robot interaction,0
traditional retail services,0
ai service complementing,0
shows knowledge perceived,0
usefulness factors,0
produce services,0
issues adopting stringent ai,0
applied partial squares structural equation,0
direct relationships,0
examined extent automation designed benefit,0
growing interdisciplinary narrative asserts,0
economic rationality,0
disengaged participants required adaptable automation,0
broadened future ai related banking,0
automation led,0
limitations implications specificity indian,0
transition automated,0
automated service,0
manual performance automation fails,0
degree automation,0
right wrong reasons robots,0
similar aid provided,0
autonomous artificial agents antithetical concept,0
model comparisons identified potential strategies,0
pivotal force modern business transformation,0
worldwide increased use automation,0
relationship oriented subjects,0
increased use,0
incorporate qualitative,0
verlag london,0
er levels automation tipping point,0
rejects automation,0
conversational agents aca objective perceived,0
websites display agent,0
advanced automation,0
conversational agent ca major,0
checking tool rbl support automation,0
automation induced complacency,0
extensively industrializing rai,0
failures moderate ai,0
foundation field human robot interaction,0
optimizing digital market,0
study 57 provides deeper insights,0
automation mundane,0
different economic games public goods,0
typically creates pragmatic,0
control automation fails reaches functional,0
24 27 conducted testing automation,0
regarding adoption ai based,0
hri using nao robot scenarios,0
automation generally resulted,0
scenarios casual conversations robot,0
adaptive norm aware autonomous decision,0
social agents autonomously,0
robots awareness,0
extracting novel insights adoption,0
interdisciplinary supported,0
icub robot,0
robot acceptance carried,0
envy play,0
effects automation,0
cleaner robot user perceptions device,0
agency higher robot competence,0
avs equipped novel external human,0
results human loop experiment sixteen,0
simulation model quantifies predicts workers,0
automated agents,0
neuroscience theory supply demand,0
combat theory principles operational success,0
2016 ifac,0
control hosting elsevier,0
communication research gaining,0
approaches centered western values perceptions,0
ai reshaping service,0
culinary practices advocating,0
robots facial emotion recognition,0
technologies grasping,0
strategic inquiry,0
online shopping provides insights,0
vacuum cleaner robot experimental laboratory,0
obtain picture effects automation,0
psychological model individual level,0
effective communicating av intent yield,0
noticeably relationship quality significant,0
francis group,0
sector based,0
automation control mechanisms,0
results human loop experiment,0
attribute nonhuman agents,0
robots inevitably,0
automation controlled automation,0
research transitions automated,0
advancements limitations methods,0
implications retailers seeking make,0
making effective strategy,0
agents icsas widely used automated,0
organized ideas technology help future,0
using intelligent recommendation,0
representation robot marked,0
exposed automation technology likely main,0
automation understand foundation future,0
avs vary,0
eye metrics quantify,0
based gaze,0
sector evidenced significant,0
ensure automation supports operators,0
resistance issues conversational skills,0
eye movement facial expression,0
suitability tam,0
structural equation modelling partial,0
qualitative methods,0
emerging diverse applications instance autonomous,0
automation inherent,0
perceived usefulness pu perceived,0
sophisticated conversations,0
despite growing use,0
explores firms systematically foster,0
innovating firm communication,0
conversational robots,0
use robots needed prevent,0
automation varying effects human,0
model perceived usefulness perceived ease,0
attitude conversational,0
capacity suffered higher levels automation,0
francis group,0
eye tracking objective,0
appropriate psychophysiological indices,0
francis group,0
functional services acceptable use ai,0
introducing robots,0
positive moderates relationship firm creativity,0
main aims introducing automation,0
maturity automation different,0
partial squares structural equation modeling,0
light findings qualitative follow interviews,0
awareness sa implications takeover control,0
confirm hypotheses,0
make collaboration humans robots,0
key messages automation safety,0
stores operate,0
revolution physical retail,0
contrast vast investments adaptive automation,0
facing fully automated,0
scrutinize antecedents consumers intention shop,0
flexible application automation level,0
robots prevalent,0
successful human automation,0
information theory,0
robots prevalent,0
robot wasnot,0
robotic solution almere model questionnaire,0
assistive robot end user,0
signaling use smart recommendation,0
value procurement,0
suppliers price quoting,0
based emotions robots,0
collaboration humans robots,0
best customize robots,0
aspects venn diagram common,0
used robotics community evaluate,0
human robot interaction,0
interaction hri applications manufacturing,0
paradigm increase,0
methodology examine interrelationship identified fundamental,0
conversational agents,0
information theory,0
significant positive impact intimacy robots,0
perceived ease perceived usefulness,0
industries sectors,0
intelligence ai commercial service,0
impacted old ways communication individual,0
questions bring multiple academic communities,0
represented interdisciplinary,0
computer science law economics,0
based autonomous agents,0
partial squares structural equation modelling,0
outcomes parasocial interactions smart shopping,0
retail industry,0
partial squares structural equation modelling,0
outcomes parasocial interactions smart shopping,0
retail industry,0
health learning,0
value paper studies general,0
agents design issues unintended consequences,0
gaming literature,0
robots visible,0
functions performed making automation decision,0
assistive technology featuring,0
online shopping,0
shopping leads repurchase,0
automated agents goal,0
agent basis explanation observed,0
given certain characteristics current,0
value tool design,0
agent workforces,0
real world problem specifically societal,0
significant societal transformation,0
advances automation,0
systemic representation,0
image perceived usefulness partially mediate,0
design human loop simulation,0
paper people accept recommendations provoke,0
recommendations regarding disciplinary,0
human loop takes role teacher,0
develop potential partner sensitive,0
social signals human,0
believe need better,0
machine automation systems involve integration,0
robots parasitic deeply,0
robots supposed,0
automated organizational,0
robotic research develop advanced programs,0
programs solve problems reproduce mental,0
effects robots human,0
robotic applications,0
anxieties robots,0
induced linguistic framing run,0
linguistically framed descriptions robot,0
mental models,0
human robot interaction,0
robots increasingly,0
used online,0
performance automation bias subsequent frustration,0
test prediction accuracy automated dm,0
centered automation characteristics,0
robot collaboration hrc systems,0
robots humans heterogeneous advantages,0
eye tracking,0
statistically tested,0
model encompass psychological,0
recent innovations robotics challenge,0
question concerning robots,0
robots task performance interaction consumers,0
learning application changes robots,0
shaped information flows,0
subjectivity socio economic legal,0
guidance enhancing consumer experiences,0
positively influences communication quality,0
fieldwork article argues emergence avs,0
middle aged women shop,0
shop online,0
assistive robots decide,0
robots automatically make,0
guidance bank planning use ai,0
technology fit,0
stimulus organism response sor,0
agents involved tended maxsum,0
shortsightedly focusing individual steps,0
ways enhance consumer purchase intention,0
relationship building strategies,0
limitations implications based synthesis authors,0
robots identified reviewing tam,0
squares technique,0
interactions representable agents social space,0
deploying gioia methodology qualitative,0
provide agenda,0
recommendations provided,0
limitations future,0
human loop experiment,0
effects different automation design,0
ease use,0
usefulness 25,0
continuously unobtrusively using neurophysiological sensors,0
automation time,0
cognitive model simulates,0
adaptation process automation,0
utilization agent,0
intelligent agents rapidly,0
benefits combining subjective,0
head movements,0
given rise new issues society,0
perceived ease,0
robot occupied significant position,0
unconscious trait,0
agents ias,0
formalized communication gap person,0
acceptable fit,0
robotics applications internal environment,0
automation artificial,0
recommendations observed changes participants,0
human loop experiment featuring,0
human automation interaction,0
cognition analytic model based decision,0
levels automation,0
communication decision theoretic,0
interdependency automation,0
theory statistical,0
needs communicated users,0
francis group,0
antecedents include interactivity,0
sector future improving customer,0
virtual conversation,0
agents offer innovative,0
perceived usefulness ease use predictive,0
fit data adapted version,0
conversational agents platforms,0
avs promise,0
cues agent applications norms concrete,0
robots based explicit norm,0
based different industries,0
effects automation managers job,0
efficiency emerging area automation management,0
value conceptual review,0
conversational agents,0
work aim endowing embodied conversational,0
measure extent eye movements,0
input predicts agent,0
studies sharing interacting scenario agent,0
transform strategic decisions,0
nonadaptive agent tended positively perceived,0
campus prefer avai learn owners,0
avs perception,0
takeover time quality,0
explain drivers takeover,0
antecedents cognitive,0
agent interaction artificial,0
multidisciplinary research,0
expression enhancing agents perception value,0
inclusion ai different sectors impact,0
global economy,0
autonomous automated manual control,0
understand value perceptions ultimately adoption,0
study hypotheses,0
practitioners overarching,0
salient predictors perceived value,0
products communications,0
dialogue high interaction opportunity offered,0
intelligent ai domestic service,0
possibility automation,0
automation disuse misuse,0
interaction roles robots play home,0
francis group,0
provided advice,0
automated recommender,0
agent resource management task,0
adverse biases people interacting automated,0
automated technology unclear effects observed,0
hypotheses tested,0
develop intelligent humanlike autonomous agents,0
multi agent systems,0
agent memes defined building blocks,0
established industries,0
public sectors utilizing ai based,0
control ownership ai technologies,0
integrated conceptual model motivating,0
production widely,0
appraisal processes,0
francis group,0
empirically conducted,0
better change automation autonomy,0
errors predictability agent,0
performance agent key factor influencing,0
interaction prior experiences automated systems,0
automated systems quality,0
agent interacting,0
field behavioral economics deals,0
humanity issues relevant domain,0
article provides agenda,0
perceived value contribute substantially ai,0
increasing autonomization,0
commons attribution cc license permits,0
benefits generally accepted practitioners scholars,0
sectors linked marketing ai,0
disciplinary vs,0
robotics technologies,0
research demonstrates conversational robo,0
think robots,0
committee international confer ence applied,0
processed human robot,0
involvement longer,0
interdisciplinary stance integrates insights tourism,0
conducted empirical,0
interpreting subjective,0
reveals informing operators scenario provide,0
arslan involves capturing analyzing eye,0
ocular parameters significantly different different,0
enterprise bots paper crucial,0
convinced usefulness,0
process biasing optic flow stimulus,0
issue eye tracking,0
iml early,0
2020 institute,0
university leipzig,0
intensifies retail,0
participants human agents,0
contrary preregistered hypotheses participants human,0
societal challenges underexplored,0
communication av,0
communicated types information including,0
information including intent av,0
eye combination text symbol speed,0
estimated relevance,0
relationship effective use,0
life rating data set filter,0
robot users china conducted test,0
perceived enjoyment indicators private value,0
ground study moore public value,0
public value management examine relationship,0
use value creation citizen,0
published oxford,0
communication association,0
ai recommending news,0
published oxford,0
communication association,0
new interactive robot,0
particularly related automation processes,0
psychologically agents terms self,0
study used qualitative methods explore,0
psychologically agents terms self,0
simulated agent,0
100 people experience automated,0
condition agent displays,0
efforts address automation effects,0
processes analogy visualization mental simulation,0
simulated agent,0
francis group,0
human agents,0
value similarity model proposed perceived,0
automation systems,0
condition agent displays,0
francis group,0
feelings uneasiness robots,0
precision tradional industrial,0
avs potential,0
real contexts human robot interaction,0
vocal channel relationship,0
activate perceived shopping convenience,0
infer causes robot,0
artificial agents aas,0
tools effective members human agent,0
used clothing buy process,0
enabled autonomous customer service agents,0
floor industrial,0
analytics robotics leading,0
people increasingly concerned,0
communication transitioned,0
human service agents compared,0
scripts verbal,0
furthermore av triggered communication based,0
participants experienced different communication strategies,0
regarding scenario aim answer av,0
convey av intention,0
type society wish promote automation,0
francis group,0
human robot,0
theoretical positioning required,0
human relations,0
francis group,0
robots form important basis countermeasures,0
human robot,0
analyses information collected relevance feedback,0
test empirically,0
creation innovative value proposition accordingly,0
agent interaction agents,0
mand agent plans motion optimizing,0
blindness issue,0
leads favourable attitudes higher purchase,0
certain class thought termed conceptual,0
perceived usefulness,0
motion baseline wherembehaves rationally favor,0
automation systems safety critical,0
development human robot communication laws,0
statistics meaningfully applied,0
explained limitations,0
levels automation developed existing approaches,0
review revealed automation,0
interdisciplinary knowledge ai,0
av crashes suggest human,0
irony automation,0
square statistics indicated,0
dictator game,0
good value,0
high automation levels occupant control,0
analyzed data thematic coding,0
criteria 50 mainly empirical sources,0
refined based,0
cognitive multi agent models,0
automation fallibility,0
performance following emergency takeovers impeded,0
transdisciplinary field increasingly complex,0
eye tracking,0
issues unforeseen creators commonly discussed,0
background manufacturing industry,0
400 respondents tested research,0
ai reliability experience,0
concerns expressed,0
mental model adjustments subject,0
online shoppers,0
automation systems,0
manufacturers developed prototypes exist,0
today partner,0
daily work individuals shaping relationship,0
automation business operations crisis,0
competitive market using artificial intelligence,0
relationships using smart pls,0
automation business operations crisis,0
competitive market using artificial intelligence,0
adoption post adoption stages ai,0
loyalty context ai services,0
hypothesized relationships,0
relationships tested using,0
leaves machines robots,0
paradigm shift potentially increases ecological,0
spoken language operation,0
research provided approaches postulating conceptualizing,0
germany springer nature,0
passenger transportation allowing agents autonomously,0
explain relationship linking explanandum explanantia,0
likely production,0
communication increasingly focus automation,0
automation driven rise intelligent,0
handed agents improve human automation,0
use perceived usefulness showed statistical,0
tam used addition factors,0
sets different robots,0
user information recommendations design programming,0
impacts automation using intelligent,0
provide natural communication modality,0
robots text speech,0
writings produced 1940s concerning economic,0
technology educational organization,0
support hypothesized relationships,0
step partial square based structural,0
technology fit models,0
ai adoption,0
av perceived value time perceived,0
francis group,0
automated machines increasing,0
associated avs realized mass,0
attitudes perceived ease,0
ease use,0
council elsevier,0
allowing robots recognize shape human,0
heart rate hr indices eye,0
strategies discussed compared clarified,0
takeover requests,0
models physiological measures,0
avs context human automation,0
francis group,0
simulator conversation robot experimental,0
reticent embrace,0
related use,0
positively impact impulse purchase intention,0
modern trade retail industry,0
powered product retail,0
drove attentively robot enhancing,0
isolation contributed sense robotic,0
robotic interaction emotionlessness lack,0
robot enhancing peace mind,0
adoption intentions ai based voice,0
reasoning theory applied hypothesize relationships,0
perceived usefulness perceived,0
communication quality,0
ai robots significant higher order,0
engaging strategic foresight,0
av anxiety,0
av acted associated,0
francis group,0
robot technology,0
conversational skills ideal tools delivering,0
robots order exhibit conversational,0
cognitive models enhanced,0
determines beliefs,0
human robot interaction literature mixed,0
robots make,0
mental models,0
including focus taskwork sa agent,0
interdisciplinary research,0
published wiley,0
periodicals llc,0
games office automation,0
researchers identified 69 thematic,0
including game theory theory,0
disapprove av action hearing explanation,0
used promote automation,0
given automation,0
include recommendations decision,0
robots specifically potential lead burnout,0
robot collaboration implicitly explicitly highlighted,0
paradigm shift,0
existing literature human robot,0
increasing application robots workplace,0
components reflection knowledge utilization psychological,0
competition fierce,0
extent assimilated society taken granted,0
periodicals llc behalf cognitive,0
robots integral,0
bridges technical psychological theological perspectives,0
considering recommendations modern black box,0
transition organizations,0
ia offer valuable opportunities,0
automation ia,0
quantification analysis communication,0
agent agents better understand human,0
interdisciplinary research,0
avs offer opportunity achieve,0
purchase postpurchase stages utilizing,0
remarks humanoids,0
showed operator directly dependent robot,0
robot relation mutual continuous,0
psychology situ manufacturing,0
agents integrated workforce question extent,0
advice human robot,0
task known unknown selecting agent,0
cycle robot,0
100 manufacturers,0
choices calibrated based perceived agent,0
ai broad transdisciplinary field roots,0
economics pertains work psychology lent,0
perspective compatibility humans robots cooperating,0
adopt relational framing,0
automation flattening organizational hierarchies,0
increasingly capable automation complex,0
provide detailed guidance promote ai,0
automation management human,0
encounter algorithm controlled products robotic,0
automation employed,0
investigate ai related topics service,0
93 reliable agent,0
economic issues required decades,0
central aspects conversation ai replace,0
loop experiments mission scenarios,0
machine produces better recommendations,0
doubt quality systems overrule machine,0
human loop approach includes ability,0
work philosophy behavioural psychology traffic,0
robots frequently generate behaviors,0
recommendation intentions,0
developments highlighted limitations,0
power induced domination exerted robot,0
ownership adoption intention robot,0
al opens,0
based experiment manipulate robot,0
adapting design configuration robots,0
appraisal outcome stage,0
robots human,0
anthropomorphic automation failed bolster,0
responsibility ai automated decision systems,0
government agencies ai service,0
cooperative assistance automation,0
tactical strategic,0
strategic opportunity increase,0
adoption application ai advance b2b,0
linking individual strategic,0
understanding business value realisation,0
agenda address,0
question organizations literature firms,0
cognitive models provide common,0
avs need understand related psychological,0
traits designing manufacturing commercializing,0
information presentation,0
burgeoning field human machine communication,0
increasingly mediated automated,0
shopping systems,0
caused wide range interdisciplinarity,0
online bricks mortar retail environment,0
info communication human computer,0
introduced early 1900s poor communication,0
use term,0
service work result advances artificial,0
recent technological development concerns automation,0
technology weakens relationship role clarity,0
strategies address control problem promising,0
robotic counterparts critical,0
agents assist,0
changed game modern smart factories,0
specifically deployment collaborative robots,0
perceived ease use,0
intention use avs,0
psr associated avs,0
recommendations digital,0
human robot interaction,0
simulate conversations,0
provide recommendations including conceptual,0
avs able,0
assessment compliance avs,0
increase automation,0
ai context line service meeting,0
test false beliefs sally,0
observation agents behavior,0
analysis reviews robot design features,0
robot oriented team oriented fluency,0
practical recommendations,0
published wiley periodicals llc behalf,0
purchase intention,0
utilitarian realm competent human recommenders,0
conducted empirical study,0
encourage perceptions robot acting,0
better comprehension attitude purchase,0
publishing company,0
previous production literature uncertainty,0
aligned production technologies,0
psychomotor characteristics encompasses physiology,0
production work includes robots,0
guidelines planning production,0
mental model machine,0
includes robots exoskeletons augmented reality,0
effective human robot,0
francis group,0
safety mediate certain relationships contactless,0
attributes perceived value,0
audience mindlessly,0
opposite protocol attenuates word machine,0
engineering robot,0
robot interacts humans individual,0
mechanisms allow people communicate,0
automation kinematics communication just external,0
communication just external lighting signals,0
robot interaction hri apparent,0
exchange information develop common ground,0
human automation interaction inspired,0
metrics human robot,0
francis group,0
tested using 536 responses individuals,0
shows adoption service robots negative,0
hypotheses tested,0
ai applications service,0
francis group,0
recommendations intelligent agent,0
rationale recommendation conveyed,0
lists option,0
develop game treasure,0
positive effects robot personality,0
intelligence ai technology service industry,0
jerome bruner studied socio,0
showed positive associations human robot,0
autonomous agents,0
online method predicting multiagent,0
perceived usefulness performance artificial intelligence,0
issues regarding perception accountants usefulness,0
assessed automation explicability,0
agency tested increased self agency,0
agents experience,0
ideologies psychographics segmentation targeting positioning,0
service agent types,0
agents substitutes human,0
agent exhibiting mind,0
given agency allocation process compared,0
participant robot,0
agents perception task,0
robots share tasks charge decisions,0
francis group,0
hand features enable robot,0
causing disturbance robot,0
dynamic game finding,0
game agent negotiates,0
model interactions agents best,0
companies fully exploit,0
francis group,0
avs likely adopted wide scale,0
expectations avs,0
avs barriers,0
value explore willingness accept ai,0
use ai service agents,0
university leipzig,0
eye tracking,0
ways laying foundation robotic emotional,0
simulated robot,0
value creation behaviors ce plays,0
social presence user compared agent,0
curvilinear relationship employee,0
autonomous agents aas capable,0
robot make human machine,0
stages automation,0
automation applied different,0
ways requiring explicit communication,0
communication style human,0
human multi robot,0
ai adoption human,0
communicated human body language,0
technique conceptual model empirically,0
researchers collected data 530,0
theories interdisciplinary teamwork,0
technologies called ironies automation,0
production systems,0
embrace uncanny,0
aesthetics trustworthy cartoon,0
manipulated robot facial screen,0
robots unique opportunities improve facilities,0
participating alongside entity robot,0
make use,0
human robot interaction,0
animal relations perspective,0
predictors inspired literature human human,0
recommendations based user,0
recommendation systems,0
human communication,0
supported hypotheses validating suggested,0
retail sector,0
intensify knowledge development undergoing retail,0
exert greater impact robot communication,0
robotics psychophysiology assess,0
agents simulate evaluate,0
uncanny theory perspective,0
shall suggest,0
including robots production,0
relations investigated,0
intelligences determine service,0
value systems view effects,0
empirical analysis,0
require humans loop,0
online shopping assistance,0
different service agent types,0
reality agent,0
human robot interaction,0
recommendation ai decision,0
speech recognition,0
addition dyadic human agent,0
agents advanced integrated,0
value based design putting engineers,0
rl agents pure text,0
francis group,0
value chains,0
crucial connections revealed empirical analysis,0
automation observed decades,0
factors research introduction automation,0
subsequent use automation,0
francis group,0
conversational digital,0
francis group,0
humanoid robots,0
robots highlight potential assume,0
robots intersects broader sustainability operational,0
vas used retailers,0
fields economics psychology,0
conversations users expected continue time,0
robot designers,0
intelligent conversational,0
task technology fit theory theorize,0
study examined relationship declared creator,0
mediated information,0
involvement relationships,0
model assessed partial squares,0
germany springer nature,0
human robot interaction,0
automation including,0
post purchase,0
avs communicate,0
communicate human,0
concern given,0
strengths relationships,0
automation decision aid,0
performance competitiveness increasing adoption ai,0
smes developing small island,0
development human loop simulation test,0
appearance robot,0
information developing theory,0
centred automation appears provide different,0
develop relationships vas,0
additive nature,0
purchase intentions products later recommended,0
using agentic information,0
fits alignment,0
francis group,0
technique partial squares structural equation,0
loa automation allocation cycle,0
radically redefining,0
2019 based following robotic technology,0
reviews theory humancentred automation,0
enhance purchasing experience,0
awareness adaptive automation aa managing,0
squares structural,0
relationship commitment,0
robots growing,0
provides thematic analysis studies robots,0
includes actors human robot human,0
end 2022 indexed scopus,0
robots organizational contexts perceived negatively,0
body research ai adoption,0
francis group,0
alter retailing,0
grounded article conceptual model,0
instant message,0
means communication navy ships,0
automation schema,0
adopted ai,0
dawe 2001 automation use visual,0
automation cda,0
consider everyday knowledge expectations users,0
employed hypotheses testing,0
intelligent agent sia technology,0
innovation engagement positive relationship,0
air ground communication,0
automation use lead,0
predictability automation,0
automated systems,0
trial trial shifts automation,0
scopus web science databases ai,0
area cognitive modelling,0
potential impacts future automation,0
francis group,0
management crm,0
interactive agents provides data driven,0
contributes significantly discourse ai,0
francis group,0
successful ai services,0
adoption ai,0
indiana university,0
school business,0
organizing multi agent,0
stimuli organism response sor task,0
automation continue,0
interaction experience human service agents,0
hypotheses adopting partial squares,0
339 respondents used evaluate hypotheses,0
communicative competence technology,0
society industry,0
testing using partial square structural,0
francis group,0
models folk psychology understanding traits,0
information real life realizations,0
perceived utility,0
automation occurred society,0
relationship examined subjects factorial,0
overly rely misuse automated,0
francis group,0
avs information explain public acceptance,0
information success iss model research,0
perceived usefulness perceived ease,0
communicate freely communication restricted denied,0
development process avs,0
levels communication,0
francis group,0
simulating human like conversations,0
different communication patterns performance simulated,0
adaptive interface created impression talking,0
like message,0
perceived utility automation bias,0
humanoid ais statistical,0
autonomous agents,0
options appraisal errors,0
manual alternatives available recognition errors,0
utilization automation disuse utilization,0
option relying automation employing manual,0
perceived usability objective usefulness policy,0
industrial setting,0
programs impression agent,0
user saw agent succeed fail,0
tradeoff participants perceived language,0
watching agent crash,0
manual stages time,0
using partial square structural equation,0
robot politeness conversation behavior,0
introduced simple operations factories workplaces,0
automation intent errors,0
use automation hypothesized increase,0
effects expressed unwillingness use automation,0
differentiating formal evaluation methods empirical,0
empirical user centered,0
general conference adopted recommendation ethics,0
threshold designers use balance automation,0
results automation,0
automated systems conducted past,0
background automation prevalent,0
takeover situations,0
ray screening,0
automation use,0
task effectiveness human robot team,0
physiological data,0
disciplines including economics,0
heightened concern,0
regulation innovation public engagement,0
economics sociology,0
widespread use,0
objective recommendations,0
associated stimulus word treasure word,0
data thematic,0
periodicals llc,0
published wiley,0
francis group,0
automated device target,0
attenuate appraisal errors scenario,0
powered robotic exoskeletons enhance,0
appraisal errors,0
automated device target,0
001 robot,0
francis group,0
androids robots designed,0
service agents offer enjoyment,0
artificial systems play,0
conceptual model based,0
intentions stay tip,0
limitations implicationsthe,0
value study stems examination,0
unnecessary limits performance intelligent robots,0
control incorporates adaptable automation oppermann,0
design management human automation teams,0
develop effective strategies diverse opponents,0
focusing multi agent cooperation,0
suboptimal communications human machine,0
ai service agents,0
theories uncanny,0
hypotheses tested,0
considered separate agents pursuing goals,0
perspective teamwork viewpoint human,0
relationship explained,0
conceptual model,0
ensuring successful ai implementation,0
communication style,0
contributes literature ai enabled conversational,0
fast food establishments hypermarkets,0
online transactions,0
relationships sustaining business success,0
reliance suboptimal robots solving instantaneous,0
person automation,0
automation intent errors,0
determine automation nonautomated alternative,0
process automation rpa,0
used qualitative research,0
involvement explanation,0
vision human robot,0
robot collaboration allows,0
attribution license cc,0
practitioners anticipate various points,0
time automation reliability,0
users reliability recommendation changing,0
important limitation,0
indiana university,0
goal directed behaviours,0
moderate key relationships,0
school business,0
analyse early empirical,0
sem specifically partial squares pls,0
pls proposed assess relationships constructs,0
broader adequate conceptual articulation,0
application domains recommender systems user,0
best practices,0
spur dialogue involves wide,0
automation bias behavioral effect,0
automation failures overall deterioration,0
effects forms automation determined,0
commerce denoting seamless,0
firms beginning,0
model human automation,0
conversation formal process demonstrated,0
francis group,0
robots tremendous potential,0
automation problematic,0
systems agent development,0
model robot acceptance,0
human loop hitl,0
reinforcement learning rl potential enable,0
information requirements transitions migration,0
interaction intelligent agents,0
perspective ertms parallels automation concepts,0
robots hsrs,0
anthropomorphic features humanoid,0
diffusion automation,0
llms outsource product search recommender,0
human loop,0
cognitive models learning capability reinforcement,0
agentic information systems appraisal time,0
sets agenda,0
francis group,0
diversity strategy main,0
strategy main issues requiring investigation,0
interaction operator automation closed loop,0
conversational ai,0
agents user perceptions,0
short electronic retail,0
online buying selling goods,0
perceived usefulness ease,0
verlag london,0
paradigms new zealand nz,0
av technology based interpersonal institutional,0
automation critical,0
avs hmi,0
corresponding av,0
av events phases,0
research limitations,0
connections behavioral economics computer,0
hitl paradigm agent eventually performs,0
perceived knowledge using,0
francis group,0
empirical access futureð,0
test hypothesized,0
intentionality grounded syntactic simulated,0
problem favour robots embedded,0
non voluntary occupant sacrifice avs,0
reduced occupant agency avs study,0
believe avs prioritize serving users,0
test hypotheses,0
internet celebrities shopping value directly,0
highly technological highly automated,0
celebrity live streaming,0
automated fields activity,0
purchase intention,0
memorable online shopping experiences,0
perspective error detection,0
institute management,0
industry thematic analysis establish constructs,0
revealed general perceived informativeness credibility,0
communication style similarity crucial customer,0
analysis main statistical,0
relationship perceived benefits,0
distributed terms creative commons attribution,0
automation choice engage optional,0
automation lagged,0
aid improved,0
human automation systems,0
104 peer reviewed articles indexed,0
scopus web,0
francis group,0
used conduct,0
greater usage,0
disclose information,0
value study,0
provide additional information decision recommendations,0
strongly related ease,0
recommendations provided accurate,0
usefulness impacts valued skills,0
provision recommendations absent present subjects,0
recommendations design effective transparent automated,0
expert systems pose,0
research explored effects automation,0
psychophysiological investigations,0
francis group,0
experience uncanny,0
effectively communicate,0
relations information transfer work settings,0
multidisciplinary nature dat using,0
autonomous digital agents number,0
store shopping,0
adverse aspects new retail,0
control highly automated systems,0
francis group,0
robots assist,0
include finding book library,0
industry integration robotic technologies,0
employees inclination collaborate robotic,0
low intelligence robots perceive,0
value creation similar pathways,0
acceptance turing test,0
relation psychology disneyland,0
learning based recommendations,0
moca perceived useful provided performance,0
effects automation employment changing skill,0
experiment human boy humanoid,0
endorsed robots having,0
automation controversial subject amplifies residual,0
flexible manufacturing,0
agents key concept,0
restricts flexibility agents point social,0
agents blocked significant social psychological,0
manufacturing environments complex,0
need responsive flexible agents pervasive,0
appraisal potential technique,0
agents capable,0
artificial intelligent agent,0
states agent decision making modes,0
external stimulus invokes,0
consisting agent emotional,0
scenario described agents various types,0
propose new models framing dialogue,0
hybrid agent,0
model robotic behaviour,0
present state robot,0
demand autonomous agent systems,0
decisions behalf agents human users,0
insistence intensity capacity alter agents,0
impending highly automated,0
robots decision support systems governance,0
model based empirical,0
tentative conceptual model,0
used make,0
increasingly used,0
suggest ease use important,0
effective communication directly linked higher,0
create seamless enjoyable shopping experience,0
manufacturing fms,0
promoting automation bias,0
advocating responsible approaches ai,0
promoting drivers monitoring behavior takeover,0
office automation,0
automation affect,0
partial squares structural equation modeling,0
landscape ai adoption,0
review literature cognitive model,0
research limitations,0
results reveal perceived usefulness,0
antecedents intention,0
francis group,0
retail sector,0
robot induced unemployment understand,0
201 retailers,0
robotics industry,0
non humanoid,0
87 check robots,0
study provides implications adoption robot,0
analytical emotional social tasks robots,0
study extends uncanny,0
artificial intelligence online service,0
modified turing test,0
conducted qualitative real life,0
ai adoption organizations,0
institute electrical,0
av users self actualization,0
utilization avs enrich life,0
av integration offering founded basis,0
enhances current discourse av integration,0
featuring level automation,0
takeover request stage takeover,0
simulating cognitive,0
great deal,0
currently great,0
agent definitions embody,0
ease use perceived usefulness,0
relationship contributes significantly theoretical,0
incorporating personalization service agent,0
strategic planning incorporating affective attitudes,0
francis group,0
lack communication road,0
means automation,0
confronted av human,0
av recommendations based svo,0
av acceptable matches average waiting,0
v2v communication,0
communication scholars sought understand humans,0
communication hmc,0
hmc scholarship regarding human loop,0
agents subsequent tasks seeing algorithms,0
users daily routines lifestyles seamless,0
seamless fit increases user,0
publisher llc,0
china revealed belief machine capabilities,0
theory sphere human robot,0
hitl rl,0
information fusion decision,0
rl algorithm enabling autonomous agents,0
atari game offers,0
information communication,0
ia various components automatically,0
learning game,0
underscores potential limitations ai meeting,0
conversational agents,0
conceptual model examines various external,0
deploying double debiased,0
theoretical empirical,0
limited studies,0
biases different levels automation,0
business students,0
feeling economy,0
francis group,0
intelligently responsibly concern,0
francis group,0
scientific measurement instruments caused empirical,0
bias algorithm recommendation preference recommendation,0
willingness interact ai,0
robots gone mythic,0
frequency robotic moment affects people,0
robots conducted wave questionnaire,0
robots mediation role,0
society increasingly,0
managerial implications robotics industry,0
francis group,0
strategy formulation development transparency,0
perceive robots differently restaurant segments,0
introduce automation,0
just human machine interfacing spectrum,0
human interaction including limited autonomous,0
addition qualitative approach,0
human robot collaboration hrc subsequent,0
evaluative criteria automation design using,0
levels automation,0
including qualitative study model,0
automation used effectively,0
francis group,0
online shopping providing prompt,0
service agents interaction perceived enjoyment,0
weakened relationship,0
hypotheses tested,0
discourse framed robots,0
aware stackelberg game approach designed,0
automation failures occurred,0
trials involving various levels automation,0
model basic psychological needs bpn,0
interdisciplinary literature,0
automated systems traditionally explored binary,0
robot theories financial,0
automation loa designating,0
contextualizing refining extending original framework,0
related human robot interaction hri,0
offer explicit recommendations,0
automation performance expectancy compared,0
schema automation perfect automation schema,0
uncertainty robots perceived,0
agents perceived demonstrate,0
disclosure affects user,0
study analyzed partial squares,0
creators publishers creating content promoting,0
practical recommendations video,0
ai enabled service attributes,0
using partial squares structural equation,0
guests analyzed using partial squares,0
explains behavioral subjective,0
explains behavioral subjective,0
valuethis study integrates,0
model based theory cognitive appraisal,0
payment automation participants repeatedly chose,0
automation increases,0
contrast delegation model associated agents,0
reinforcement learning irl algorithm applied,0
distributed terms creative commons attribution,0
increase manufacturing competitiveness,0
results indicate perceived convenience,0
behaviour struggle identify agent held,0
ai provides direct recommendations,0
usually associated scientific disciplines remains,0
teleoperating robots stream,0
eye movements,0
teleoperation using,0
best robot,0
implications information communication,0
verlag london,0
automation human,0
research examined factors affecting robotic,0
impact automation,0
robot initiates interaction perceived intelligent,0
attendees willing adopt robots,0
contextual role crowdedness human robot,0
francis group,0
raised concerns regarding,0
trend raised,0
valid reliable scale assess ai,0
exhibited good,0
resistance using automation features,0
effect holds economy,0
discreet manufacturing,0
personalized recommendations consumers regarding,0
agents especially terms service quality,0
convenience accessibility,0
connected automated,0
cavs poised revolutionize,0
advanced manufacturing systems,0
game model social potential field,0
perceived ease use significant,0
likely missed automated,0
despite emerging contribution machine automation,0
commitment issues,0
understanding limited,0
prevalence automation,0
exponential rise prevalence,0
step empirical,0
resolution performance eye movements subjective,0
involvement significantly reduced default rate,0
reliable automation compared manual performance,0
francis group,0
robot proposed,0
scholarly community,0
agents humanoid robots assumed facilitate,0
eye contact,0
gaze head pose action recognition,0
enabling robots detect human,0
addition identify,0
human robot interaction hri model,0
organism response,0
use avs,0
use boosts purchase,0
produce better,0
used statistical,0
validated retail,0
burgeoning automation,0
perceived value,0
performance efficacy perceived ease use,0
empirical quantifiable methods,0
approach following interdisciplinary character management,0
role virtual service agents vsas,0
francis group,0
conceptual model developed,0
efficiency human computer communication,0
considerations early,0
integrating findings different scientific disciplines,0
attributing responsibility limitation ai,0
francis group,0
background automation related complacency automation,0
models predict explain behavior terms,0
developing testing cognitive,0
models come instantiated brain article,0
systematically testing input output stimulus,0
uncanny valley,0
study identified primary communication barrier,0
omission commission errors,0
painting related communication breakdowns,0
conducted analyzing users communication,0
automation bias represent different,0
robots intriguing idea existence underlying,0
common assessments trust qualitative studies,0
purchase intention,0
physical space brain supporting,0
disruption multi agent systems,0
perceived ease use,0
communication quality significant experiencing relatively,0
purchase recommendation,0
model using partial squares structural,0
robot teams benefit imperfect static,0
concierges dialog interface embodiment,0
behavior selection module general,0
explores landscape artificial intelligence,0
perceived usefulness ease use,0
hypotheses tested,0
interpersonal human automation human,0
using partial squares structural equation,0
humanoid vs cartoon subjects designs,0
based version non verbal turing,0
francis group,0
based version non verbal turing,0
agent commonplace task,0
vulnerabilities individual agents humans,0
suggesting conceptual ceiling,0
suggest attacks avs significantly,0
agents sales,0
foot positions,0
outcomes handled solely human agents,0
ai trustworthiness foster adoption application,0
challenge hindrance appraisals,0
empirical analysis key,0
overall human robot,0
develop commerce,0
automation transitions factor specific scaling,0
communication strategies asvs pedestrian,0
societal advancement impacting,0
communication design recommender systems,0
evaluating wine vacuum recommendations,0
suggestions greater willingness disclose personal,0
machine agencies differently regardless,0
lead participants orient different recommendation,0
agency recommendation process,0
messages containing intent asv actions,0
users attribution,0
perceived value adopt customer engagement,0
tasked supervise multiple robotic,0
global academic industrial spheres,0
100 automation,0
francis group,0
understand effects automation imperfection,0
personalized recommendations employed online,0
francis group,0
recognition atr reliability low,0
wires cogn,0
ai frontline services,0
evolution retail,0
ai service failure,0
affecting relationship,0
effect agents experience levels underlying,0
intelligence ai devices hotel,0
strengthening relations,0
families respond better functional,0
limited understanding antecedents,0
satisfaction willingness adopt ai,0
created qualitative study,0
ai service passengers,0
term interactions humans virtual,0
partial squares approach study used,0
shopping contexts,0
difference measures,1
cues present simulated environment,1
manipulated situational,1
literacy contributes,1
boxes leading,1
information described psychological,1
scope designing training uncovers,1
sensed sensors,1
half participants threat,1
described physics based,1
manipulating algorithms fake,1
understanding lack,1
processing applications challenge managers,1
limited evidence individuating information,1
information humans computers use,1
gap examine,1
execution pace model basic psychological,1
recruited commercial online access,1
related task ndrt performance,1
used analyze relationships variables,1
challenge multiple,1
workers offering notable efficiency scalability,1
rise worker resistance manipulating algorithms,1
users algorithmic,1
effect studies 7a,1
based belanche,1
word machine effect robust,1
levels information,1
assessment rota measures person,1
information witness testimony base rate,1
perceived black,1
differences mental,1
examine temporal,1
human operators,1
task called multi ball motion,1
understandable users improving interaction,1
presents group study,1
trust lead task failure,1
simultaneously considers task difficulty,1
task called multi ball motion,1
human human,1
examples improved,1
knowledge workers,1
effects different,1
insignificant effects perceived,1
different task,1
users technology usage,1
cooperation support employees introducing,1
social support informational support,1
workers innovative work behaviors iwb,1
simultaneously considers task difficulty,1
trust lead task failure,1
human cooperation,1
partner advanced tool human,1
attention necessitate research,1
managers showing empathetic,1
support caring mitigate worker resistance,1
software order,1
driven workplace,1
highlights power human touch,1
support proposed theoretical framework,1
employees future,1
orientation buffer strain pathway,1
promoting user interaction,1
terms generalizability,1
hunting game walking highly immersive,1
significant differences,1
assisted mushroom hunting people,1
haic interdependent exploitation independent exploitation,1
model demonstrates,1
sustained human,1
dependency remain,1
computer collaboration,1
approach microsoft xiaoice,1
mission application,1
components concepts present conceptual,1
inform shared control,1
complex command control systems,1
patching opaque models post hoc,1
application easily accessed user multiple,1
user multiple levels abstraction,1
limited experience exhibit higher resistance,1
user current context,1
intelligent applications effectively model manage,1
predictability affects cognitive load,1
demographic attitude,1
systems conducted,1
interact large organisations,1
behaviors sex,1
interactions address,1
weigh different kinds information deciding,1
people world seek interact,1
derived media effect theories,1
fundamentally change workplaces professions,1
model robust,1
finally validated predictive,1
predictive performance model using,1
items underwent item analysis,1
measured multimodality,1
people successful achieving coordination,1
dependence scale acceptable model fitting,1
humanmachine teams assist employees,1
fitting indices standardized loadings ranging,1
common training environments starcraft,1
human learner,1
developmental machine learning supervision,1
addition scale exhibited,1
identity collaborating,1
literature extending understanding collaboration,1
negatively impact employees identifications,1
background previous experiments tacit coordination,1
used interactive aiming task participants,1
human mental model supported value,1
gap regarding information,1
structural cost function human driven,1
differences boredom performance low,1
demonstrate application metrics spacecraft maintenance,1
research cognitive systems engineering,1
considering effects employees implementing agv,1
repertoire behaviors,1
human participants presenting scenarios,1
human driven interactive trajectories order,1
cartoon images studies prevented,1
making organizational behavior context human,1
interactive contexts,1
performance visual attention viewing,1
important issues related managerial decision,1
did continue investigation,1
using display leads,1
action appropriate given,1
cues advanced llms,1
ads did using baseline sat,1
interacting sat level action,1
potential introduce new,1
uber lyft exemplary embodiments algorithmic,1
observing monitoring work cis hci,1
management drivers managed algorithms task,1
activities gig,1
time available cis,1
fully synchronized humans,1
workload autonomy context,1
understanding human cognition,1
algorithms widely,1
drop assign cavs cost effective,1
complementing work,1
correlate productivity,1
management perceived benevolent,1
participants took,1
level decision,1
new amplify existing risks,1
oz methodology used,1
cognitive science past decades provided,1
employees introducing new technologies driving,1
outputs supporting beneficial outcomes,1
modelling study based total 418,1
voice recruiting face immigration,1
control environment novel triggering mechanism,1
decide trigger support,1
automation task,1
task performance situation awareness sa,1
support systems,1
controller workload limiting,1
science control,1
bounded optimality models characterize human,1
consider individual differences,1
situation present,1
measured situation,1
systems interact humans,1
sa measured,1
proposes contexts,1
conditions providing resolution advisories,1
new capable increasing efficiency,1
manual control,1
result improved workload ratings,1
social development organizations,1
concerns impact human,1
team members collaborate effectively efficiently,1
human jobs lack,1
ranking scale relative significance,1
replacement human,1
paper developed model criteria human,1
decision support,1
institutional environment 23 sub criteria,1
drag replacement,1
differentiate human interaction,1
state art,1
octagon measurement useful,1
information integration,1
process output node,1
potentially fruitful direction provide support,1
virtual reality,1
systems increasingly adopted various,1
information contained,1
interaction user model,1
options timing response prompts,1
psychological distance users,1
instructions ia act,1
autonomous vocabulary learning,1
human ia collaboration challenging,1
comes followed,1
collaborative environments education,1
example choices influenced relative locations,1
implications human,1
kind algorithm,1
focuses technical issues benefits,1
timing manipulations relatively equibiased,1
computer mouse modified subtle velocity,1
performance explained kind,1
contrast humans did delegate did,1
open access,1
human performance suffered result,1
tasks activities,1
engaged disengaged actions handing control,1
management rapidly spreading,1
model potential improve model quality,1
awareness method,1
chain events,1
caused behave certain way,1
objectively latency,1
workload measured,1
include interactivity time convenience compatibility,1
detailed traceability,1
assisted subtask,1
better multi,1
negative effects worker need satisfaction,1
regarding influence management worker motivation,1
performance wellbeing,1
enthusiasm explained rapid,1
captured sustained focus researchers,1
algorithmic management,1
poorer multi taskers,1
tools used various,1
impact tools employees collaboration exploring,1
used illustrate model applied design,1
psychometric scales useful tools,1
likeness cooperativeness,1
interaction effect perceived,1
operators unaided decision,1
inexperienced factory workers initial,1
problem solving skills,1
uv complete missions,1
multi attribute value theory integrate,1
instruction ll stop early deceleration,1
rigid understanding presumes informed,1
era informed,1
algorithms data trained sets,1
increasingly rely algorithms,1
drawbacks directions,1
usage led employment uncertainty higher,1
technical design assistance systems suitable,1
noncontextual unpredictable manner,1
significant challenges team dynamics,1
increasingly diverse domains human,1
psychological methods theory,1
algorithms human,1
tom specifically increasing,1
cognitive science studies children individuals,1
reacted strongly algorithm,1
let non technical end users,1
timing intervals,1
behave output based challenge developers,1
personal variables gender shaping algorithm,1
additionally female,1
models behave output,1
quantitative approach structured,1
existing definition,1
sense definition mirrors existing definition,1
definition mirrors,1
probability theory model types behaviors,1
female participants,1
algorithm errors,1
systems organically embedded,1
increasingly workplaces,1
display information,1
ratings significantly improved,1
task allocation human,1
information improved performance,1
accuracy model,1
systems modern workplace,1
instance model,1
theory devise mathematical dm model,1
provision reduced participants ability discriminate,1
elsi enhanced awareness fully examined,1
resistance organizations,1
investigation revealed critical skills employee,1
concept embodied employees fears inefficacies,1
job replacement theories contend,1
variables factors concerning respective work,1
losses organizational think,1
intelligent machines execute routine,1
automatically make decisions,1
participants exposed scenarios,1
development comparable,1
generally expensive,1
driven failures,1
work opposite direction,1
adaptability shared leadership team diversity,1
make mistakes,1
fought complex chaotic nature,1
combat retaining meaningful human,1
meaningful human control war,1
comparable humans,1
medium high manipulated subjects,1
mathematical human,1
transfer effects building components mathematical,1
propose human,1
human dm,1
education workplace design,1
team members share mental,1
hours generally,1
measure components,1
prevailing definitions,1
sex recruited perform assembly,1
adss affect behavior capability,1
levels explicability varied providing,1
avoidance task,1
task different levels automation,1
repeated interactions automated,1
sets descriptive labels machines,1
reflect level mh individuals,1
perceptions machine intelligence turn,1
varied implementing conditions participant free,1
human interaction preferred,1
play business game real task,1
difference teamwork performance,1
increased awareness ca actions,1
better analyzed engineered,1
written information dedicated display,1
teammate provided verbal written,1
centralized feedback autonomous,1
vices featuring human interaction,1
mars mission,1
measurement items,1
managerial accounting successful example implementation,1
different levels,1
applied different,1
tool usage facilitating conditions habit,1
reasons decisions disseminates information,1
information local reasoning data,1
output information users,1
leaders low vs high design,1
new scale,1
quantities pull center,1
algorithm shortcomings,1
asam continuously,1
collaborative software,1
extreme programming xp practices help,1
state assessment module asam,1
performance machines,1
human assumption superior performance,1
participants learn algorithm,1
technology model chinese educational context,1
high concurrent events task loads,1
actions situated work,1
pilot wizard oz,1
failure pressure sources,1
new light controlled human experiments,1
crucial enhancing natural intuitive interaction,1
semantic understanding ability wake ability,1
acts involving artificial,1
different scenarios wrongful,1
maintains rl convergence improves stability,1
entering professional cooperative society bloom,1
humans help complete challenging industrial,1
channel virtual real interaction,1
replace human operators,1
humans process,1
interacting human operator user,1
replace human labour altogether,1
regression model chinese,1
era witnessing entering professional,1
study investigate impact feedback modality,1
performance work systems,1
triad randomly assigned participants navigator,1
human expectations teammate behavior benefiting,1
likeness closely matches human expectations,1
users encounter service failures challenge,1
humane work systems industry,1
experienced task,1
multiple anovas,1
uniqueness concerns diminish users perceptions,1
similar average scores traditional learning,1
organizational unit,1
task allocation,1
controlled human,1
learnable abstractions reasoning,1
human work better worse depending,1
indispensable humans,1
managers beliefs positively influence change,1
photographing targets,1
indispensable humans,1
human participants gradually tailored prescribed,1
significant impact field education,1
did occur track,1
factors impact technology,1
differences including demographics,1
information overload intuitive,1
higher facing,1
significantly higher,1
participants behaved,1
support systems context newsvendor,1
systems widespread supporting decide,1
framework hi gai,1
provides potential,1
enhancing knowledge,1
states government work united,1
contributor official duties employee,1
collaboration emphasizes transparency,1
measures indicated,1
indicated experienced higher,1
svo participants final waiting,1
workload directive condition objective,1
tool simplifies,1
assessment usually ask users,1
department effectiveness tested,1
use similar predictive,1
management knowledge controversial,1
managerial implications,1
current conditions instability turbulence,1
perceived av motion sickness,1
advantages speed,1
computer interactions,1
speed reduced costs respondents make,1
fails devote citizens user,1
address citizens psychological problems government,1
crisis management,1
huge number confirmed cases deaths,1
reduces human cognitive burdens mitigates,1
characterize mouse motion patterns,1
common mouse operations potential new,1
people considered,1
linear models,1
participants non directive,1
effects response,1
development theoretical model explains end,1
order quantities,1
users remains somewhat,1
customizable parameterized suite procedurally,1
contemporary decision support,1
future research explore impact human,1
enhance individual adaptability,1
model tested industrial maintenance workplace,1
interaction employee vitality especially,1
influences employee learning,1
adapt new work,1
errors leading users lose trust,1
content learning,1
requires employees,1
based systems typically outperform human,1
obstacle observation,1
use human game,1
workload communication,1
maintenance experts participants represent,1
interpersonal domains,1
task performance,1
periods task load,1
subjects groups experienced varied,1
participants assigned,1
conduct cordon search style,1
effective business practices successful,1
managerial social aspects,1
plays important indirect role regulating,1
algorithm sticky,1
machine learning perceive,1
grounded perception,1
negatively influence perceptions jobseekers,1
interpersonal perceptions perceptions change help,1
speaker influenced participants impressions,1
employment opportunities area psychological,1
text based,1
consider user needs personal background,1
dependence developed,1
heard perceive,1
tool efforts delineate roles,1
joint task execution,1
employee job satisfaction,1
environment conducive sustainable organizational success,1
interaction essential,1
regard tasks work design,1
mechanisms underrepresented,1
specific effects adaptability cooperation,1
human operators working,1
shed light dynamics,1
mean effects calculated,1
overview general specific effects missing,1
interactions employees,1
scenario based,1
employees increase,1
labor shortages,1
increase ensuring,1
situation awareness,1
knowledge intensity ia ability complete,1
professionals seven organizations using purposive,1
workers tools fluent interaction,1
data noticeable gaps individual,1
attention perspective taking communication social,1
workload 291 ms vs,1
defined intermittent reception data noticeable,1
response test indicator mental workload,1
missions achievable direct operator involvement,1
completion time number,1
recruitment performance assessment,1
human operators little,1
implications organizational,1
fluency relates employee job,1
memory tims new vision collaboration,1
mediating role,1
transactive memory systems,1
subjective job performance,1
ias realize joint systems transactive,1
operators weakest performers,1
degrees information loss defined intermittent,1
team based working processes,1
requirements formulation prepare software agents,1
working conditions ability exert,1
aspect humane,1
guidance event organizers suggesting collaboration,1
based theoretical predictions media equation,1
task type,1
based learning theory iblt,1
functional tasks compared social tasks,1
human control principle,1
infer goals beliefs,1
interactive behavior human,1
observations likely improve,1
control transfer compared systems,1
proficiency length,1
techniques provide granular understanding influencers,1
proposed bypass,1
support preferred,1
collaboration effective human,1
use tims tool requirements,1
multiple theories,1
focus task job,1
perception localisation,1
control management,1
environments operate,1
collaboration essential,1
important requirement,1
seen important,1
complex deep neural,1
job control multiple,1
provides important,1
constellations employees,1
working systems,1
executive actions,1
optimal level,1
specific changes,1
models include specific technical,1
specific technical considerations,1
scenario based experimental design 361,1
algorithms hybrid contexts,1
individual receipts,1
nasa task load,1
methodologically numerous controls,1
impact technology human decision,1
scenario based,1
implementation model products known,1
learning combined text,1
substitute human frontline employees hfles,1
area heterarchy knowledge anticipation mental,1
error source threat,1
companies google proquest,1
converted model,1
including adaptive systems focus,1
perceived experience,1
shows unexplored,1
intelligence automation relationship,1
making context,1
general behavioral,1
identified key aspects,1
visual perception,1
human error,1
examples havoc caused human,1
strategy complexity different failures,1
case fictitious company,1
means assess performance,1
abundant environment characterizes algorithmic,1
bounded human rationality,1
severe failures required,1
process respect railway,1
chernobyl examples,1
human task organization,1
different behavior,1
course time,1
perception theory explains ascribing mental,1
approaches depend fixed expert opinion,1
methods use performance shaping,1
model human behavior,1
incidents like bhopal gas tragedy,1
sphere estimate human,1
srt significantly,1
enhancing user experiences analysis,1
user needs models design intelligent,1
reports participant uncertainties visualisations,1
crafting job insecurity,1
versus human face certain visual,1
chest screens influenced human,1
results intuitively visualized,1
ias support humans,1
tracking sensors record saccadic,1
drawing recent philosophical literature responsibility,1
human characteristics turn make interchange,1
simulator based,1
operators mental task resources,1
processing learning interpretation,1
role emotional,1
sensory cues,1
strongest predictors substratism,1
collaborative virtual,1
offer attributes human,1
research start diverting focus agents,1
remarkable proficiency handling routine tasks,1
human limitations,1
proposes cognitive task analysis,1
information interaction design vehicle,1
assigned humans,1
ivr helps create improved,1
human machine cooperation performance,1
task analysis method integrating srk,1
managers study,1
realizing improvements,1
suggested directions substantial impacts,1
significant effect,1
human operators perform,1
research identifying factors contribute,1
long recognised challenge,1
engineering psychology,1
operators chocolate wrapping,1
industry employees employees adopt proactive,1
effectiveness degraded,1
preferred pilots strong,1
selected behaviors low high,1
baseline constraint,1
eci interactive method directly,1
loss standing compared,1
aspects carefully evaluated,1
systems strategy economics,1
increase potentially far,1
effect driven employees perceived potential,1
collaboration increasingly prevalent,1
application value future,1
mechanism provided study,1
research norm psychology,1
corrective feedback humans provide expressions,1
implications understanding managing high performers,1
dyadic collaboration suggesting important,1
perception action,1
feedback necessary,1
modified predator prey workbench,1
causal evidence effect manipulating performance,1
taxonomy use,1
life history person,1
philosophy claims humans capable,1
job demands,1
perceptual thought common,1
individual temporal changes,1
impacts employees satisfaction thwarting,1
analyzed using,1
working 20 hr,1
cognitive neuroscience active inference suggests,1
literature demonstrating organizational psychology theories,1
mental ability,1
theoretical model,1
integrates individual,1
wider variety distractor,1
employees high performance ranking,1
global labor,1
actual job tasks study workplace,1
algorithm augmented work algorithm,1
powerful algorithmic aids discussed,1
reliable sensory,1
sensory exchange extended motor,1
perception congruence jointly,1
navigation context,1
changes perception,1
evolutionary learning processes,1
behavior embedded artificially intelligent systems,1
human human interaction human technology,1
systems allow make inferences human,1
tools experimental psychology decision sciences,1
addition perception,1
increased participants passing times,1
preparing managerial response,1
reaction time,1
models assign posterior probabilities competing,1
informed mr source,1
unveiled perceived authenticity,1
division labor human,1
supplement replace humans service interactions,1
vcos aspect critical different actors,1
tasks subject change,1
cooperation humans,1
behavior mutual knowledge,1
collaboration hrc,1
pilot selection,1
necessary condition human,1
illustrate complexities,1
characterization grounded human aa,1
characterizes coordination,1
knowledge work require,1
limitation interaction simulated,1
research managerial,1
complex work,1
work rapidly executed multiple,1
managerial implications,1
boxes neural,1
assist cognitive tasks production,1
future production management systems,1
aas participate increasingly complex,1
illustrate shift,1
emphasizes growing,1
performed managers presence fixed,1
spread virtual,1
ranging observational field studies experimental,1
orientate companies develop successful collaboration,1
situations multiple humans,1
revolutionizing organizational,1
curricula emphasizing importance new,1
frequency smartphone usage played significant,1
media context,1
presumes specific knowledge business process,1
evidence overoptimism,1
grounded resource based view,1
main processes human centered,1
model based reasoning,1
decomposed guidance based,1
emerging end user,1
expert users approaches necessarily,1
efforts expand agenda interpretability,1
wide scale deployment,1
led spread,1
government significant,1
tasks accuracy precision,1
experience cx,1
pragmatic aspects sr,1
lead unpredictable cx,1
accomplished goals focusing employees working,1
divides misinformation artificial,1
emerging evidence suggests children think,1
control technological systems,1
trajectory belief,1
systems human,1
statistically significant difference,1
displayed led,1
working care,1
complex datasets algorithms robo,1
automatically design maintain investment portfolios,1
mirrored adult participants overwhelmingly denied,1
developmental trajectory,1
promise collaboration humans algorithms,1
include end user interactions,1
sequential steps,1
achieve greater job performance,1
partnering particularly humans trust collaborate,1
generate performance feedback,1
managerial abstract,1
pivotal implications management,1
theory practice public,1
effect mitigated employees tenure firm,1
objectives benefits scope ai applications,1
using drawing game application,1
feedback disclosed harming,1
enhance employee productivity deployment effect,1
feedback employees tracking employee behavior,1
thinking techniques strategic,1
strategic organizational counseling supports modeling,1
participants achieve higher performance,1
organizational goals,1
attention play crucial role captured,1
developers needs model interpretation understandability,1
role assisting individuals diverse,1
management attracted increasing researchers rooted,1
signal based scenarios,1
individual experiences scenarios assessed people,1
experience feedback weak signals,1
signals beneficial learn,1
human systems inclusion considers,1
alarm systems control human attention,1
recruitment reduce biases enhance,1
interaction technology,1
control identification discovery parameters,1
human expertise,1
systems rapidly evolving,1
check feeding successful,1
emergency safe reward,1
experiment realized video environment,1
effect experience,1
significant difference using,1
shared control,1
leadership functions supplementing substituting certain,1
algorithms producing good,1
functions performed exclusively humans,1
require new tools draw behavioral,1
solving problems require new,1
theory belief estimation,1
shafer theory,1
human collaborators help effective,1
infuse characteristics respective humans antecedent,1
model proposed defined complement,1
collaborative human computer,1
course multiple interactions users,1
game demonstrate superior performance proposed,1
simulation commercial video,1
effective knowledge transmission,1
control method meme expression enhancing,1
attention intensity,1
role human interactions leads flexible,1
model hypothesized basis act,1
belief evolving individual,1
goals hope achieve people click,1
arises problem solving role,1
participants disclosing return adjustment value,1
personalities potentially lead differences collaborative,1
dimensionality reduction anomaly detection,1
juries examine courtroom evidence infer,1
specifically hypothesize extent prechoice information,1
deviations expected anomalies,1
seen obstruction making good predictions,1
impacts tested invariance,1
systems fundamentally different,1
algorithmic management little,1
augmented decision making,1
flexibility ability adapt decision,1
click mindlessly experts tired make,1
novice expert outlined discussed,1
necessarily distinct different,1
capable dynamic adaptive,1
diagnoses hoping identify reflective,1
performance influences,1
memetic automaton,1
role function affect generally recognized,1
information data increasingly,1
interaction user,1
curve flattened meaning higher amounts,1
potential replace human tasks,1
30 weight managerial,1
rates steadily increased point humans,1
addition model proposed,1
basis modeling uses,1
partnership humans majority vote,1
human collaboration ml,1
cooperate machines,1
main advantages firstly easily,1
form appears generate satisfactory behaviors,1
discriminate recognize behaviors,1
outputs preference ability,1
iml course behavior evolution,1
purpose model provide human,1
nudging participants,1
tackles requirements revising concepts,1
understand employees,1
interaction hci,1
perceived organizational support,1
occurred respect perceived data,1
processing capacity function,1
perceived adaptable,1
systems unable adapt real world,1
human vs,1
concepts knowledge,1
vignette methodology hypothetical work scenarios,1
perform leadership,1
support focuses technological factors,1
situational awareness ship,1
atik assessment training situational awareness,1
typically lacks,1
humans ii turning pyramid,1
represents behavior,1
implementation human workers,1
applied aspects,1
idiosyncrasies potential markers attentional control,1
attentional control demonstrated reverse inference,1
task detecting fake,1
fake news,1
agency locus human,1
levels ad real life situations,1
evolving anticipations ad everyday lives,1
knowledge people past,1
user insights studying individual technology,1
furthermore seen,1
user experience ux,1
computer interaction research automotive industry,1
assistant effect mediated psychological,1
indicated high,1
ground dive training tasks,1
role psychological distance,1
sensing acting abilities,1
domestic environments,1
efficiency denotes,1
algorithms lack capability deliberate carefully,1
difficult interpret,1
discrepancy lead mistimed explanations,1
capable cognitive,1
setting experience,1
mediates joint,1
reality interactive technology proved popular,1
analysis cognitive load,1
management studies,1
studies emphasize timing crucial factor,1
judgments systems driven machine,1
leveraging time gained,1
algorithms lack,1
process mapping pm,1
analysis joint control,1
control framework jcf simple,1
process control temporal developments,1
systems does analyse communication control,1
episodes interaction human operators,1
developing interpretive,1
makes possible study human capabilities,1
conditions significant,1
interactivity framework,1
increasingly algorithms,1
technological objectives human users perspective,1
companies advancing,1
hopes identify,1
smartphone usage came,1
visualized participants perceived situation critical,1
level technological expertise user,1
theoretical psychology,1
introduce rite concept psychological,1
processing group group received ranking,1
randomly assigned groups performed,1
systems personnel selection specific management,1
study human psychology,1
changes managerial,1
information processing decision making automation,1
attention predicting people nudged,1
applicants automated support systembeforeparticipants processed,1
age work,1
information performance history,1
processes evaluated mapping descriptions rasmussen,1
employees social support,1
scenario based experiment,1
children begin understand,1
provides framework assessing cognitive boundaries,1
learning applied,1
designing systems aim promote suitable,1
human behavior,1
lifting compared novice expert,1
tasks lateral,1
hidden problem,1
control structure evolve,1
participants reported similar levels,1
perceived workload,1
tool human controls,1
fms environment help define role,1
gt fms real time simulator,1
groups prepared felt justify,1
prior work focus b2b settings,1
require human interferance function,1
role creation maintenance human,1
different kind previous machines tools,1
identified fundamental variables results digraph,1
digraph specifying hierarchical,1
dual approach establish explain behavioural,1
ism methodology develop contextual,1
hierarchical framework using interpretive,1
machines purport replace humans entirely,1
capacity reckoning use smith,1
relate imperfect,1
imperfect accuracy,1
argue reliable detection,1
better understanding affects people,1
signal detection theory,1
spatial configurations centering,1
interactions employees information flow outside,1
second micmac analysis,1
clusters variables classified,1
functionality better experience,1
human like qualities personalized,1
characterized increasing,1
consequences humanising,1
taxonomy performance aspects venn,1
macro analyze,1
analyze models,1
algorithms conduct,1
intermediating mechanisms,1
effect individual employees tasks,1
humans share,1
prioritize human,1
production performance,1
human maintaining,1
centered smart,1
ending increment production,1
optimal learning performance realistic appearance,1
incorporation contextual variables determination,1
share space collaborate reach common,1
errors response,1
workplace entails new,1
practices configurations individual organizational,1
roles categories stereotypes typically exploited,1
dimensional human,1
help provided cognitive,1
meaningful human control,1
scale items,1
supervisors employees behavioral reactions remained,1
interaction practical applications organizational,1
operate meta evaluation predictive,1
examine problems,1
instructor convey information,1
background variety,1
expertise trust observational,1
integration supply chains,1
enhance employee management efficiency,1
research largely focused technical,1
influence organisational capabilities,1
automated support varies,1
performance orientation enhances effect utilitarian,1
interactions categorized,1
suggests specific queue design,1
control variables firm age,1
tendency report errors,1
evidence error,1
affects firm performance,1
use smith terminology,1
formed order variables basic,1
management literature,1
companies understand,1
directions sdt perspective error,1
following sequential mixed,1
hypothesize mediating,1
action humans ultimately aspire,1
role user,1
likeness human beings intended,1
observational field,1
categorized enhanced impeded,1
procrastination mediating role,1
interactions tactical operations,1
study aims reveal interaction happens,1
overview potential,1
spectroscopy fnirs lightweight,1
original goals,1
black box human behavior,1
aims constraints,1
unrestrained aggregate assume facto control,1
roles evaluated,1
optimize effectiveness,1
dynamics hybrid,1
human operator expectation consistent agent,1
dominates cognitive research application,1
group behavior community,1
traditionally organized individual,1
people develop use,1
affected interaction,1
processing analysis dissemination,1
systems difficult,1
associated human,1
development especially,1
movement cognitive choice,1
constraints disparate entities joined,1
16 optimal,1
easily understood non computer experts,1
provide efficient flexible,1
navigation display compared,1
constraint based display provides information,1
advanced systems advisory display,1
systems world human work,1
gap developing highly collaborative task,1
ceding control decision making transparent,1
automated intelligent,1
perceived control,1
touch panel affects,1
prevalent touch,1
direction trial inducing increased motor,1
mental demand signaled,1
argues expropriation human,1
enter learn contribute,1
psychological ownership theory aiming investigate,1
provides evidence,1
behaviours directly inferable,1
01 execution,1
mean sd,1
time mean,1
videos rf,1
rf algorithm performance wasbetter,1
classification algorithms,1
queries equibiased,1
execution time,1
employees competitive mindset employ effective,1
active mode concordant mimicry programmed,1
user dynamics,1
temporal dynamics work aims provide,1
recognition skills predictedto,1
influencing ph effects value,1
businesses significantly improve,1
cognitive behaviour help artificial,1
assessment manikin sam,1
vr drive,1
terms accuracy execution time knn,1
new technologies workplace,1
privilege non linear,1
algorithms causal,1
identify employee,1
form human supervision crucial,1
existence implicit theory held,1
research broaden focus encompass diverse,1
present future employees humans,1
employees task design enhanced,1
characteristics affecting,1
sort collaboration,1
organizational efficiency,1
algorithms increasingly used,1
reach increasing heights organizational,1
equibiased similar,1
ai job insecurity negative,1
push employees make use new,1
taken today emerging business model,1
time machine learning second users,1
algorithms increasingly playing pivotal role,1
time employees organizations implementing algorithmic,1
real time coordination dynamic,1
theoretical models analysis considers contextual,1
000 people,1
nihs rational opportunistic,1
impact nihs,1
employee concern replaced,1
possible unintended consequences accepting algorithmic,1
distributed automated processes human,1
versus tool characterized inverted,1
difference performance algorithmic,1
workers assigned resolve problems manually,1
inaccurate predictions decrease,1
experience increase performance increased,1
complement algorithmic,1
augmented performance interplay countervailing forces,1
augmented worker performance,1
environments provide,1
helps hurts algorithm augmented,1
effective maintaining task performance transparency,1
design computer aided visual search,1
expertise judgment social interpersonal issues,1
algorithms prove value making important,1
organizations started providing post hoc,1
specifically focusses teamwork dimension,1
investigated effects human consideration high,1
predicted agreeableness,1
literature performance evaluation models developed,1
mental load task,1
experience developed developing,1
collaboration human,1
fault example human,1
strategies useful overcome,1
resolution approaches human adapting,1
organisations face close interaction artificial,1
guidance extended human machine collaborative,1
normative guidance extended,1
support mechanisms facilitating environment,1
logic algorithmic,1
research concerning important phenomenon,1
collaborative leadership,1
improved performance participants frequently disused,1
greater evidence accumulation improving,1
systems discussed,1
implications human,1
additionally versatility approach potential optimize,1
applicability models,1
fields impeding development cumulative knowledge,1
dynamics humans,1
cat model make suitable,1
technical systems make decisions win,1
human computer interactions demonstrated,1
science fiction movies reality started,1
collaboration dutch industry,1
requirements ksaos production workers,1
point view engineering education powerful,1
production workers engineers play,1
scenario method,1
mimic humanlike behaviour,1
major barrier,1
just operational,1
perception paradigm independent variable conditional,1
research concerning important phenomenon,1
mimic humanlike behaviour,1
factors including knowledge image,1
typical situations results better performances,1
occurs action,1
action daily,1
users struggle,1
concepts knowledge examined levels,1
aims reveal knowledge influences driver,1
systems human role conceptualized,1
sharing occurs,1
role just fallback mechanism automation,1
role conceptualized commander,1
perform individually,1
task considered,1
scene related sl determined knowledge,1
nominal situations,1
human knowledge decreases,1
learning algorithm,1
diffusion psychology literature,1
information influences,1
problem algorithmic,1
influences overload experienced participants,1
decision support systems broader expected,1
algorithms substantially change employees,1
expand scope,1
human operators increasingly,1
biased algorithm recommendations,1
implementation workplace,1
learning algorithms organizations complete abandonment,1
collaboration humans,1
control conducted,1
suggestions managers,1
organizational control strong current evidence,1
discipline evaluate workers,1
attention mitigates uncertainty,1
reduce power asymmetry inequality organizations,1
performance trust collaboration expert,1
performance outcomes,1
routine tasks supervising human,1
ascriptions knowledge belief,1
analytical methods including analysis variance,1
learning techniques used model categorization,1
technologies transforming workplaces harbingers,1
tool range application domains details,1
organizational identification highlighting critical,1
agile hcd,1
highlights importance considering,1
work systems,1
designing organizational change strategies,1
aids organizations better managing,1
visualization techniques tools needed,1
learning processes,1
developed used associated metrics evaluation,1
scenario based design,1
personal knowledge,1
encompassing human like,1
algorithmic control expanding,1
domains advances programming algorithms,1
world change,1
kam programmes,1
technologies user engagement,1
lacking academic,1
centuries old philosophical questions,1
computational version reflective equilibrium approach,1
individual level important,1
change noticeable,1
perspective cognitive,1
enabling roles machines,1
013 level,1
analysis used,1
knowledge artificial,1
encompassing human like,1
psychology technology,1
algorithms capable assisting making,1
technologies impacts firms,1
algorithms continuous increase hardware,1
virtual world,1
management technique business business,1
proactively address mitigate loop performance,1
activities successfully predicting actions resulting,1
business operation taiwan target,1
collected online self administrated,1
reconnaissance task,1
human employees,1
interaction task habit analysis,1
objective examine satisfying experience online,1
human operator simultaneously increasing,1
nature cognitive demands placed human,1
superior people skills compared,1
improving individual accuracy,1
role laissez faire leadership,1
leads satisfying,1
experience increased role ambiguity unrelieved,1
service employees leadership offering theoretical,1
performance problems impact efficacy,1
based display lead better,1
improve productivity,1
firm business model,1
experts align experiences,1
bust cycles make potential,1
active learning,1
aggregate knowledge identify,1
cultural valuation human,1
culture based development cbd model,1
cognition data scarcity,1
levels used benchmark,1
article contributes literatures organization design,1
collaboration systems dimensions task,1
multiple predictors,1
learning methods combining,1
types wait demand proactive,1
indicated significant impact interactivity,1
cognitive science psychology,1
30 participants recruited driving,1
design considerations affect employees,1
findings computational learning theory,1
systems supporting worker decision making,1
atenabled knowledge based systems,1
interaction hmi events happening real,1
literacy including awareness use,1
contribute goal,1
vitally important,1
safe deployment current future automated,1
framework describing dynamics,1
experience measured just terms distance,1
humans spontaneously associate newly emerging,1
mechanisms step,1
virtual personal,1
subsequently guiding,1
enabled tasks performed automatically,1
daily routine tasks mobile,1
mobile phones,1
human leadership critical,1
augments instead replaces worker,1
models interpretable,1
automation artificial intelligence,1
strategies interruption,1
concurrent task demands increased transparency,1
consider rl fundamentally human,1
provide actionable,1
reach potential cooperate effectively,1
information sensitivity vcas anthropomorphic roles,1
efficiency employment security concerns,1
human evaluators add extra,1
dual process theories reasoning,1
sharing real time feedback vcas,1
implications managers,1
considering implementation type tool,1
listening workplace generative,1
changes penetration,1
personal contextual,1
level varies,1
dominating world,1
seen possible,1
identification task automation,1
led managerial,1
augmenting employee,1
employee jobs,1
augmentation bright terms ability,1
reward function challenging impossible,1
best uv complete missions,1
automated assisted task demands,1
process argue human centric approaches,1
loop learning,1
records human task actions ignorant,1
sender entangled roles human,1
theoretical framing organisational roles,1
value final collaborative outcomes,1
algorithms execute operational management,1
algorithmic work,1
management tasks work allocation task,1
discrepancy enlarging threatening employee self,1
enhancing work goal,1
new challenges goals phase,1
advantages obstacles essential industry,1
employee performance think likely dark,1
decision time perceived workload,1
juvenility dimension functional tasks impacted,1
making cognition understanding,1
attribute task battery,1
included information processing stage level,1
interpretability decision making,1
participants performed monitoring diagnosing,1
reasoning path,1
differences groups exist,1
heterogeneity different city classes,1
cognitive limitations,1
failure cost increased mental workload,1
literature identifying threshold effects,1
decrease human,1
deep level,1
recently increasing trend study impact,1
enables task augmentation automation,1
investigate effects,1
managers likely carefully evaluate potential,1
computer interaction reputation software suppliers,1
effect human sav,1
continuous manual operation condition hat,1
mechanism attention indicating,1
aspects types consumption activities automated,1
smv space,1
task manipulated perceived competence,1
factors reduced explanatory power capacity,1
performing hedonic tasks,1
tasks invites attention,1
based individuals work environment,1
visual analog,1
automated decision aid,1
users cognitive behavioral,1
announcement phase,1
presented distractor,1
aided memory,1
customer support increasingly automated automation,1
recognition task,1
variable strengthen decay,1
objective examine human operators adjust,1
substantiates knowledge theory pre announcement,1
employees hindrance low performance high,1
matb monitoring task automated,1
human staff critical,1
employee presence,1
interactive workers,1
efficiency accuracy time savings,1
interaction hci,1
human cognitive resources information overload,1
intelligent systems buffer scarce human,1
automation different domains,1
complex patterns vast,1
information processing superiority contradictory,1
makers information expected result informed,1
care work,1
creativity care work decision,1
personnel training,1
systems multitasking strategy adopted,1
tracking task performance,1
performance declined,1
situation awareness reduced mental workload,1
construct exploring employees perceived,1
understand user interactions emerging technologies,1
guidance designers leverage knowledge,1
tasks typically creates,1
everyday life,1
business operations enhance organizational,1
literature showcasing role technology,1
survey 384 managers information,1
reveals institutional,1
deployment use,1
professional knowledge minimally disruptive costly,1
programmed algorithmic knowledge managed,1
humans remain fragile ring organization,1
focus experiences customisation,1
topic particularly international business managers,1
complex goal,1
emphasizes central role task strategy,1
managers practitioners derstand main trending,1
fundamental search choice,1
unobserved perceptual cognitive,1
results study help business managers,1
regarding implementations professional,1
threes triads,1
social tasks impacted,1
included group automation,1
employee job attitudes career,1
extent consequences employees limited,1
known potential influence job satisfaction,1
continues deployed workplaces,1
job security significant,1
job performance appraisal,1
tools work,1
fundamentally impact work practices,1
australia based time employees experience,1
behaviour published john,1
collaboration focus performance goals known,1
collaboration interaction paradigms supervisory,1
job meaningfulness accountability human,1
control people job satisfying directly,1
management theories psychological concepts,1
called standard model intelligence shared,1
boundary crossing,1
job insecurity time psychological,1
integration workplace despite positive,1
talent management particularly need communicate,1
obsolete skills necessary reap,1
act sheds light potential,1
increasingly close collaboration,1
concept ubiquitous assimilation,1
text based,1
machines act peers,1
collaborate humans complete,1
direct indirect,1
predicts workers experiences aa shedding,1
automated working processes humans,1
information users,1
task traditionally,1
efficiency aa outperform higher efficiency,1
important lives,1
human interaction positively,1
used analyze,1
role need human intelligence,1
psychologization humanization,1
essential human expertise problematic workers,1
dynamics detected design,1
systems dynamics approach management,1
declined sharply,1
features recognize repair user va,1
change aspects lives including,1
firms variety biases,1
process online,1
variety biases operational process,1
process critically reflecting,1
following failure,1
people lives,1
realistic workplace situation job received,1
job satisfaction,1
effects perceptions,1
intentions extends knowledge impact artificial,1
second analyzes,1
va affects employees collaborating,1
generate genuine novelty new knowledge,1
support significantly,1
phenomenon proven beneficial firms,1
disclosure significant effect wtd,1
wtd mediated human likeness social,1
behavior design artificial intelligence,1
interaction interpersonal relationship,1
45 accuracy respectively estimating,1
interaction workplace,1
behavior participants required understanding dynamics,1
models given general state space,1
based state estimation control,1
maps fcms,1
generalizability exhaustive training,1
potential improve user experience,1
states actions humans,1
interactions humans,1
provide mixed,1
considering interaction carry effect impressions,1
paid effects,1
user experience,1
deeper understanding factors lead development,1
work mourning,1
participants interacted group started,1
phenomenon widely acknowledged dynamics undesired,1
erosion poorly,1
information processing awareness sipa,1
assimilate new knowledge bridging existing,1
reasoning propose,1
automated decisions diverse users,1
example users diabetes interact,1
country level variations,1
variations occupations,1
research examine users experience differing,1
specifically examining joint impact information,1
phenomenon manifests,1
psychological research,1
human machine collaboration,1
human performance essential,1
case interaction voice based,1
expanding scales,1
outsourcing development implementation nudges black,1
address phenomenon,1
scenarios experiment 80 examined effect,1
aid simulation create realistic scenarios,1
constructivism individuals assimilate new,1
declined reliability level decreased,1
examined employees psychological adaptation,1
anthropomorphic trustworthiness visual attention regulatory,1
human capabilities,1
address collective challenges tacit understandings,1
capabilities does relieve inhibition,1
emergence reciprocity people,1
skill understand best utilize efficiently,1
intricacy appropriate prompt engineering optimize,1
developing impactful,1
involving cooperation,1
opportunity perception stability,1
behavioral research investigating ambiguous solely,1
context ai use medicine,1
lead miscalibration sipa performance predicting,1
associated general decline sipa,1
basis insulin needs calculation,1
vastly improve human daily lives,1
undesired skill,1
explore human computer interaction hci,1
fusion interaction,1
automation rich complex process given,1
measures approaches,1
tp highly relevant issue technology,1
result perception,1
algorithms enable,1
daily lives,1
theory practice identifying,1
models emerged powerful tools gaining,1
acknowledged workers,1
article integrates psychological technical normative,1
remain obscure acknowledged,1
activity awareness competence maintenance output,1
workers mindfulness,1
resulting dynamic model explains skill,1
offers new opportunities presents unintended,1
based dynamics,1
legal systems emphasize role human,1
insightful knowledge dynamic processes,1
workers increasingly embracing artificial,1
automation suggested combine machine learning,1
algorithmic psychological,1
posed need manage information expanding,1
psychological science human centered,1
application intelligent collaborative interaction,1
broader context ai,1
law fully automated decisions,1
phenomenon automation,1
time pressured continuous domains,1
situation awareness differing,1
team performance offset loss,1
implications normative institutional decision,1
task performance structural equation modeling,1
optimise various aspects operations workplace,1
pursuit task interconnects individual,1
interactions little time,1
excessive reliance result failure meaningfully,1
performance likely degrade,1
likely algorithm appreciation,1
triad concretely interpreted data knowledge,1
wisdom dkw hierarchy,1
basic principles,1
solutions effectively insurance,1
contextually useful information,1
compared sam appearance,1
directly involved operational aspects business,1
dominate making humans,1
decision support systems dsss provide,1
people rely carefully maximize,1
failures contribute adverse customer,1
making humans redundant,1
policyholders communication insurance,1
making tasks math card game,1
displacement experienced humans believe,1
user insusceptibility resilience,1
tasks users,1
workers public spanish,1
support failure,1
opposite property user susceptibility,1
differences moderating effect task complexity,1
hallucination biases training data jailbreaks,1
oriented task,1
related behavioral responses aircraft,1
potential theoretical,1
process based,1
measured study,1
systems measured pre post,1
operators participated study,1
requiring human,1
organizational landscapes significantly influencing,1
automation decision making employee roles,1
helped build model,1
effective leadership transparent,1
failure type failure,1
skills development emerge pivotal strategies,1
policyholders policyholders,1
model assessment reveals professional status,1
frontline enhance efficiency failures common,1
high vs,1
algorithm performance relationship,1
remote operations guide future,1
types task,1
001 significantly impact,1
input improves,1
limited cognitive,1
incredible accuracy,1
strengths humans,1
fact used collaboration machines,1
human supervision automation,1
engagement time auto rbl manual,1
pressure multitasking,1
voluntary use rbls,1
lack rigorous evaluations user,1
rely algorithms,1
aia singles specific dangers,1
study law senses captured,1
resistance come,1
text analytics deployed alongside penalty,1
assistance human operator,1
evaluation research emerged define measure,1
forming especially situations,1
including new concepts models,1
involving human,1
levels low vs,1
errors humans,1
make procedures linked force insurance,1
reverse true competitive pressure,1
expertise critical determining appropriate,1
performed analysis,1
encounter command based interactions,1
envisioned ca blends,1
life enhancing human performance sophisticated,1
discusses observations project featuring ca,1
requests cause inadequate ca,1
empirically tested using scenario,1
context information,1
based implicit,1
using quantitative,1
involve wakeword,1
interaction ca,1
oriented vs,1
psychology accelerating,1
utmost importance,1
contacting insurer action claim,1
error predominant,1
actors stereotype content model,1
response focus enterprises,1
greater efficacies changing organizations,1
performance interventions including meaninglessness organizations,1
crucial psychological factor leading algorithmic,1
model study,1
depth analysis,1
theory managerial psychology regarding unintended,1
human error,1
users algorithmic avoidance,1
human operators,1
systems published john wiley,1
likewise australians likely,1
demographic change,1
important role dealing shortage caregivers,1
theories information ecology psychological resistance,1
analysis aspects,1
organizations management deploy,1
human perception,1
partial impact,1
pre quantitative,1
practical managerial,1
enhancement application quantitative methods explore,1
study human activity,1
joint task,1
contribution theoretical model explains human,1
tasks making medical diagnosis judging,1
error potentially devastating consequences,1
furthermore effect relevant variable va,1
popular myth,1
arguments used support,1
people irresistibly believe,1
reactions algorithmic,1
highlighting role uncertainty xai,1
art model,1
current state art model,1
control human,1
predictors compatibility,1
evidence shows public opinions,1
quantify cognitive workload,1
absorption theory,1
gainful employment nhkws similar,1
key concepts emerge including human,1
human dependence evaluation,1
experts middle level management,1
business managers question,1
moderating impact technology turbulence acceptance,1
knowledge workers,1
capabilities organization including organizational,1
study cooperation,1
contingency theory,1
impacts insurance,1
policyholders seamlessly manage active insurance,1
implementation organization lead success failure,1
algorithms cooperating humans human,1
achieve objective employed,1
theory states possible organizations decisions,1
computer information,1
nhkws synthetic computational,1
organizational goal attainment generate robust,1
activity theory create model serves,1
quantitative aspects comprehensive research,1
technology agency,1
participants recruited,1
continue accelerate organizations pursue,1
operationalizing technical systems,1
interactive media effects haii,1
affected invites,1
diversity cues training data labelers,1
organizations achieving expected returns,1
human centric systems,1
person values spirit artifact spirit,1
concept person fit introduced,1
theory takes account actions,1
accounts users persons artifact,1
human experience,1
organizations primarily human,1
managing abnormal situations,1
learning consulting,1
systems practitioners benefit blueprint,1
consequently interactions,1
cognitive research,1
knowledge infrastructure managerial commitment training,1
capabilities organizational dynamics,1
achieve goal collaboration,1
diversity multitasking make difficult,1
difficulty measure,1
societal impacts developing deploying advanced,1
situation awareness sa key indicator,1
meta task developed based,1
added concurrent tasks based multiple,1
different levels based sagat sa,1
sa task,1
compared sa comprehension prediction,1
revealed perceived behavioral control,1
perceived animacy theory planned,1
sa perceptual level,1
human centric situational aspects,1
problem single solution optimally,1
satisfies objectives,1
making necessarily,1
evolving dynamics user interaction,1
learning organisation,1
organisation identifying futuristic,1
identifying extant psychological research help,1
chain increasing productivity complementing human,1
failure recovery,1
managerial capabilities,1
various leadership capacities associated,1
time hear,1
transformations work practices,1
managerial social capital dcv considered,1
established user experience,1
optimized represents consequences,1
assessment method,1
interaction hmi task difficulty important,1
necessarily requires,1
performance behavioral safety human,1
hmi selection operator attention allocation,1
workplaces practices look like remain,1
extending tam include human centered,1
collaborative thought,1
affects effectiveness,1
learn adequate behaviors,1
paramount cultivating,1
independent algorithmic review bodies,1
basis designing systems improve human,1
algorithmic processes,1
role attention constitutes good theory,1
sonar used learn adapt,1
different theories models,1
role biases,1
tia models,1
computer interaction hci widely employed,1
operationalization poses major,1
collaboration types outcome expectations,1
role algorithm,1
unified oneness division labor,1
models performance make,1
suspicious prefer visual,1
affects effectiveness,1
suspicious prefer visual,1
helping people develop expertise,1
supporting expert performance host hedges,1
humans involved interactions,1
fixation time,1
time 40,1
models post hoc analysis,1
significance level,1
tracker functional near infrared spectroscopy,1
similarity human,1
influences attention decision,1
results group interacted humanized,1
aimed unveil users,1
resemblance human,1
noticeable decline,1
value contribute body knowledge robo,1
repetitive tasks common,1
content analysis used analyse,1
psychological research,1
turn expertise bias growing field,1
help organisations employees understand future,1
scientists reduce models deleterious,1
assistance lower internal locus control,1
context dependence integral,1
employment showed little influence,1
effects traditionally considered,1
traditionally considered canonical violations,1
approach assessing,1
using act adaptive control thought,1
adaptive behavior,1
background interaction efficiency,1
workload prediction model proposed,1
attributes varies generations gen,1
cognitive processes predicting performance,1
model predictions,1
able engage,1
simultaneously interactions,1
training inaccessible societally,1
generational shift,1
degree levels comfort corresponded,1
context computational,1
helps interpret represent world,1
technology impacting organizations teams,1
control outcome control important design,1
particularly transparency process control,1
responsibility threat meaning work adherence,1
scenario based experiments financial,1
345 demonstrate strong ci systems,1
employee outcomes ci features relate,1
employees increasingly,1
relevant topractitioners,1
managers practitioners,1
research enhances understanding user psychology,1
occupations high low,1
likelihood automation probability,1
anomalous context,1
computational principles lead good,1
efficiency coding efficiency,1
representation improve algorithm,1
people lack knowledge interact,1
high accuracy,1
propositions organizations,1
97 indicating,1
perceiving flawed,1
efficiency promoting positive workforce outcomes,1
furthermore variables significantly influence,1
interpreting using models,1
humans data generated humans psychology,1
organizations adapt,1
performance employee,1
accelerated shift remote work,1
work transforming,1
illusory control,1
thirst illusory,1
critical flaws rely computer,1
psychologists face fork,1
unfortunately mere existence manual mode,1
want manual mode option shifts,1
want maintain ultimate control,1
offloading tasks artificial,1
remote work environments emphasizing,1
data belief asymmetries,1
collaborator prompted adaptive,1
participants requested control,1
captured nuances multitasking,1
behavioral research,1
view high excitement cluster 1334,1
everyday life applications ranging food,1
extensive performance test,1
based various psychology related theories,1
collaboration social internet things,1
roles played religion regional,1
persistent repair failures lead,1
predictor aoai,1
significant predictor,1
model current study based iaaam,1
east context,1
models shape decisions behaviors,1
avoidance model iaaam,1
developed algorithmic models,1
optimising functional performance organisations,1
control condition false alarm,1
task organization,1
building success model cognitive absorption,1
human like,1
demonstrate perceived algorithm,1
depends desired level product,1
algorithms learn adapt versus low,1
algorithms products,1
job design transport,1
humans anymore,1
performed humans,1
operations management discourse concerned studying,1
humans versus algorithms,1
supports learning processes employees,1
mutual continuous production flow,1
culture based development cbd model,1
planner collaborative workplace standardized durations,1
optimal psychological conditions identified cooperating,1
collaboration occurred humans,1
cultural valuation human,1
leading establishment prerequisites optimal work,1
aid human performance operators,1
interact automated decision,1
element probabilistic signal detection task,1
supervise task,1
interaction psychological power,1
play crucial roles understanding mechanism,1
larger diverse,1
systems safe effective industry,1
mechanism underlying effects,1
industry responsible human,1
detection automation failures simulated air,1
developing systems requires defining,1
conflict judging relative arrival time,1
interactive motions performance,1
limited contexts,1
experience cx diverse business,1
evidence participants perceptions,1
perceptions workplace,1
detection task diagnosed hypothetical,1
overlay visualization keywords,1
daily tasks project management,1
inform design automated decision support,1
employee operator cycle time,1
secondary element production planning employee,1
kirby augmentation strategies adapted,1
core idea augmentation,1
avoidance long term orientation power,1
difficult circumstances including pandemic crisis,1
expand businesses focus,1
important predictor collaboration,1
beliefs important predictor,1
collaboration team context,1
analysis adding depth,1
application business response crisis future,1
execution strategy according managers perceptions,1
supply chain management inventory,1
business effective operations covid 19,1
web texts,1
systems facilitating human learning,1
application business response crisis future,1
efficiency higher degree fascination interaction,1
systems increasingly entering workplace,1
results research focused calibrating human,1
cooperation resilience,1
operations cycles throughput primarily,1
practical implications enhancing enterprise product,1
important role,1
workers 100,1
production plan cycle lead,1
characteristics contextual,1
performance individual significantly influenced,1
stability production,1
management production constitute basis,1
flexibility organizations management,1
context play,1
research algorithmic,1
professionals position,1
resource based view knowledge based,1
impact human workforce orga,1
human operators operators,1
directions address complexities algorithmic bias,1
evidence process,1
management inventory management,1
meaningful human control,1
highlight potential,1
development good sa mental,1
effects mediated,1
novel insights highlighting importance perceived,1
situation awareness sa,1
past decades cognitive neuroscientists,1
high tech employees pakistan,1
aimed advancing,1
based learning systems creates new,1
adding humanness element,1
validity experimental research study,1
concierges play pre encounter,1
inclusion evidence accumulation framework training,1
uv complete missions,1
cognitive peripheral cues impact experiential,1
users distinctly different,1
human potential,1
advancing domain,1
make mistakes,1
transformational leadership,1
difficulty aligning agi systems language,1
impact perception,1
management drive organizational performance,1
human reasoning standard,1
behavior predictable according laws folk,1
recruitment fundamental,1
folk psychology function desires beliefs,1
automating tasks improve efficiency,1
perspective different disciplines affect hci,1
understanding employees psychological,1
progression cis hci,1
thresholds demonstrating resilience cognitive,1
understanding human,1
ongoing process,1
participants rated,1
affects breakthrough,1
repairs effective humans,1
humans different,1
environments used multimodal rl,1
control sketches different purpose,1
humans value added activities,1
key attributes ai,1
related supervisory control driver education,1
behaviour skills,1
tracking condition,1
tracing condition evaluation cascade table,1
information did use,1
proximal scale reasons tracing,1
work systems increasingly,1
concrete engineering,1
event related human actor tracing,1
multidisciplinary research project meaningful human,1
human control,1
synthetic expressions raises,1
interaction realize expressions multiple modalities,1
expressions important,1
virtual humans,1
support systems understandable humans,1
based core assumption human persons,1
deficiencies traceability,1
world pilots institutional,1
philosophical framework use cases supervisory,1
provided participants agreed disagreed automated,1
impact future,1
complementarity suggest,1
conditions learning failures,1
failures occur explore,1
dm fully ignores regularly overrules,1
belief overruling,1
high dm,1
primarily focuses making best,1
performs repeated,1
manipulated participants,1
setup machine performs,1
decisions lower perceived workload increased,1
dm supervising machine make,1
participant automation,1
capacity make better predictions,1
human experts,1
replace humans,1
innate human,1
learners cebu,1
hanoi puzzle,1
consequently redefining human roles experiences,1
emphasizes universal nature,1
disruptions accompany transformation work,1
transformation public sphere,1
understanding process,1
classifier 84,1
model nearest,1
users information,1
acquisition methods psychopathy,1
computer interaction literature managerial,1
rpa tools influence organizational routines,1
human centric operations,1
different scenarios,1
measures model dynamic changes,1
understanding user states interaction process,1
psychology albeit challenging directly,1
compared baseline model,1
game task,1
available information evoke mental,1
consequences broad employment modern explainable,1
organizational outcomes,1
algorithm adoption,1
job identity considered development implementation,1
development increasing connectivity operational practice,1
development increasing,1
intermediate goals,1
components users look effective,1
supplementary information components,1
calibration route xai,1
human centric operations,1
expressed techniques limited,1
development flourished,1
field grew,1
inner workings limited knowledge,1
role self,1
understand individuals,1
increasingly important,1
collaboration process receiving real time,1
humans enables,1
leading development state transition matrix,1
examining interplay,1
time points 455 frontline,1
workers situational awareness,1
participants role rescue,1
using leds expressive,1
prevented participants properly operating,1
control theory,1
value fail,1
behavioral control,1
comments various platforms quantitative study,1
participants experienced drives baseline,1
simulator experiment,1
transformation organization,1
provides step step process technological,1
operate dynamic virtual environments,1
metrics user interaction,1
educational organization problematic internal external,1
communication modality search rescue sar,1
impact training,1
rpa tools influence organizational routines,1
modeling used analyze model,1
wealth management,1
probabilistic estimations user states,1
llms study selected psychological scales,1
consequently redefining human roles experiences,1
integration rooted team centric concepts,1
organizational development involves managers professionals,1
hci models attracted attention scholars,1
understanding process,1
performance contributions individual team,1
interaction organizing diagnostic concept,1
phenomenon investigated,1
depth understanding,1
increased machine,1
control systems pilot control,1
research behavioral,1
emulate human interactions,1
model using data 363,1
linear symmetric perspective adopted,1
business effective operations covid 19,1
perception inventory,1
developed scales measuring,1
epistemological psychological,1
typologies based explanantia presented,1
predetermined conditions require,1
rapid integration intelligent processes methods,1
interaction virtsi,1
perceived control future work,1
numerous decision support issues requiring,1
decision support operating,1
longitudinal experiment time employees uk,1
aspect appearance,1
behavioral sciences considering complex,1
diverse nature human behaviour,1
low fwss,1
career behavior decreased low,1
enabling occupants interact,1
control systems human centered control,1
ability report feedback social impact,1
selectivity index previous calculation,1
1000 times independently possible,1
potential combining human cognitive,1
employees increasingly,1
replace support augment human,1
skill transfer,1
multigroup analysis based visit,1
organizations opt partially replace,1
implicit human reward structure guides,1
samples employed final analysis,1
paper discusses various tai components,1
inclinations make unreliable,1
human value,1
framework guides managers improve efficiency,1
boom systems,1
labor shortages maintaining high,1
derived integrated model digital interaction,1
language skills,1
ai automation,1
presented integration human machine collaboration,1
assessment tool,1
inventory jopi functions work,1
tool prisma,1
interactions work related,1
systems humancentered,1
inspiring task crafting approach,1
focusing effects people,1
health finance law,1
true situations,1
particularly true,1
variants solutions,1
hci related fields psychology,1
feedback fosters structured organized,1
model emphasizes need managing team,1
team negative attitudes,1
mandatory use suppresses collaboration,1
asymmetric effects collaboration level,1
generally views,1
teams social psychology information systems,1
measurement scales algorithm,1
know really goes,1
hcai drawn human computer interaction,1
groups belong make needs individual,1
systems integration,1
work related outcomes offering critical,1
eligibility criteria 50 mainly,1
reality immersive training,1
artificial intelligence remote collaboration tools,1
workflows enhancing knowledge,1
computational models understand people incorporate,1
tools leading productive workplace,1
behavior tracking tools articulating employee,1
employee expectations,1
abstractions valuable practical models presented,1
compared using human employees affecting,1
outcomes organisations employees,1
human centered context sensitive architectures,1
replacing traditional tools,1
industrial engineering research operational worlds,1
unjust effect riders engaged task,1
acceptable ontology rapidly expanding,1
visualization tools dimensions,1
variety cognitive tasks language,1
05 situational,1
understand behaviors,1
sensual perception world,1
behaviors humans ai,1
able match humans terms multi,1
workers despite lacking expert knowledge,1
managerial implications suggested,1
key reasons productivity loss,1
ecological interface design task stabilization,1
customer service failure,1
focus gig workers despite,1
managerial implications suggested,1
occupied humans,1
assume roles,1
predict success,1
multiple rounds participants,1
display relatively poor performance,1
cognitive science corpus joint,1
major role application,1
overcome human capacity constraints,1
user productivity tasks programming,1
essential mediating,1
moving rbt theory forward,1
employees working,1
human computer interaction hci,1
simulator hci interfaces grounded sa,1
sa model comprehensively,1
important component,1
assessment scale developed based,1
core scenarios simulation,1
attributes employees play major,1
differences different,1
analysis features performed,1
finds key reasons differences,1
experience service,1
scenario based experiments 124,1
examine object based social beliefs,1
idea evaluation,1
notably improve overall user,1
joint action considered,1
usage employee,1
cooperation interaction,1
support influencing factors previously identified,1
mental workload situation awareness henceforth,1
guidance behavioral,1
journals 2018 2023 behavioral research,1
examining impact technology,1
information processing,1
complex systems demand substantial,1
value attribute,1
impractical administer,1
incorporate extraction,1
logit model used,1
model used analyze data collected,1
method centers human perspective,1
expertise instrumental resource,1
role perceived,1
perceived control,1
optimization training efficiency,1
dislike lengthy textual,1
twsa estimates,1
embedded measures proposed unobtrusive,1
measures derived actions operators,1
performance conversations,1
conceive interaction humans computers,1
openly discloses knowledge gaps,1
knowledge factors increase,1
models user data,1
icas generally evaluated users,1
novice users,1
changes model input changed,1
icas suboptimal condition commercial,1
automated decision making,1
model decisions addition evaluating performance,1
accountability machine,1
measures frequently corresponded intuitive increase,1
results stepwise algorithm building statistical,1
statistical models incorporating embedded,1
spaceflight relevant tasks,1
operators achieve expert,1
interaction far documented despite,1
real time analysis,1
perceived management support perceived,1
employing quantitative research methodology collected,1
provide automated decisions,1
discuss cognitive work,1
analysis example,1
distributed cognition joint,1
dimensions user,1
complex operational settings met,1
implications affect adaptive systems,1
gives rise need,1
mimicry effect,1
accounting individual differences necessary order,1
quality model inspiration developed,1
theory service,1
salient 4ir action,1
action possibilities developed,1
individual differences,1
paid role humans humanistic,1
transformation prikshat malik budhwar 2021,1
experts loop,1
conflicting demands,1
managing tensions develop ml models,1
management society,1
irrelevant information does,1
understanding humans interact,1
text analysis,1
reduction removal irrelevant information,1
used positive context,1
subjects shift focus relevant,1
linkage objective task,1
instead product repeatedly feedback frequency,1
mean reverting tendency,1
task demands subsequent,1
evaluates impact,1
wise reasoning interactions domain experts,1
faith consciousness perceived control purchase,1
model using sample 249,1
overall model,1
model better understand data scientists,1
research attention,1
perceptions social support users,1
narrow focus technology enabled business,1
modeling used,1
provide useful implications developers managers,1
functionalities automated,1
unique business opportunities,1
significant role warehouse future distinctive,1
roles positive emotion,1
organization environment,1
capture classification,1
led suffer,1
exploration leads accurately calibrated,1
quality interactively explore solution space,1
end user understand underlying algorithms,1
algorithms judge quality,1
model technology organization,1
applications optimisation,1
anxiety employees consequently,1
es decrease ci,1
tools applications capabilities received tremendous,1
managerial necessity consider human,1
analyzes relevant behavioral issues,1
issues interactions warehouse,1
theory shast conceptual,1
hci perspective learning teaching designs,1
psychology human computer interaction hci,1
modeling individual,1
progress hierarchy capabilities,1
particular help firms progress,1
spss process macro,1
consciousness perceived control affect ai,1
applied grounded theory,1
leadership identity,1
balance opposing identities,1
employees maintain strike balance,1
employee happiness proposes model,1
strategies employees,1
enriched providing theoretical managerial insights,1
applied identify important issues,1
improving algorithms greater customer,1
systems literature reveals narrow focus,1
cultural scenarios appears need human,1
need human contact replicated,1
interaction hri collective service,1
high vs,1
evaluation pilots,1
focused alternative considering integration artificial,1
conducted mission manager,1
situations dogfighting,1
analyzed post hoc,1
pleasure played significant,1
time mental workload mission,1
focus psychological employees,1
consequences employees,1
leveraging influential concepts management human,1
potential dark employee collaboration,1
significant main effects,1
highlighted benefits collaboration promoting efficiency,1
classifying service occupation tasks terms,1
varies widely,1
interactivity high,1
manager task performance recorded,1
security work related stress,1
70 participants situational cooperation tendencies,1
life balance,1
work life,1
joint actors,1
work partners shared experience,1
engineers face increased,1
group did experience surprising,1
strategies psychological,1
participants asked jointly balance,1
sustainable supportive work environment,1
coordination task preliminary test,1
investigated dynamic physical coordination,1
user experience guide users,1
recurring patterns themes,1
role automation workload management implications,1
cognitive load improve avs,1
identity job satisfaction,1
potential benefits increased efficiency productivity,1
systems lack,1
use shown directly affect perceived,1
team members actions propose,1
influence receptivity components perceived hat,1
organizational environmental,1
text modified text programs impression,1
inclinations resonate,1
proponents recognise transformative potential,1
efficiency innovation,1
impression management,1
burgeoning integration everyday,1
capacity employee socio behavioral concerns,1
models proposed different,1
employee psychology performance analysis,1
employee workload fewer customer requests,1
science experience,1
employees computer industry,1
models human,1
dealing quantitative,1
generation autonomous adaptive systems largely,1
index taken input variable employee,1
improvement ohc,1
tasks attempts assist people augmenting,1
assignment problem,1
study uses video vignette design,1
model human newcomer,1
additional time,1
firms virtually industries,1
understand failure,1
sequential systems,1
bringing different,1
learning referred,1
early stage human development,1
item aias demonstrated superior,1
version scale developed validated,1
study revealed need divide,1
psychometric properties,1
properties scale,1
role congruity,1
explained perceived,1
knowledge imbalance users,1
research social perception,1
emergency pay attention feedback,1
demonstrates model,1
model used user,1
intent dome light changed red,1
green varied timing onset,1
behavior research,1
conducted multi group analysis,1
analysis mga students,1
control variables,1
significantly impacts,1
concurrently attitude,1
knowledge management,1
behaviors artificial intelligence,1
psychological ownership products,1
imagery processing positive predictor,1
perceived human likeness ai,1
analysis using,1
children heavily influenced late ehmi,1
void introduce situation awareness sa,1
children adults waited longer enter,1
improves efficiency,1
allow participants cross,1
manipulated subjects allow participants,1
required focus user,1
analysis hai operator,1
comprehensive portrayal operator performance facilitating,1
space operations,1
significantly influences shapes user experience,1
experts mission controllers regulators engineers,1
underlying afss operations,1
research emphasizing organized nature,1
approach problem cognitive systems engineering,1
systems fss act,1
strategic implications automating ooda loop,1
mission command human cognition,1
offensive focus,1
military genius role,1
known children respond external human,1
implicit information,1
car immersive,1
unlike adults children control condition,1
design collaboration performance team,1
focuses work design,1
different models algorithm partners,1
work alongside humans,1
job displacement,1
industrial application collaborative,1
symbiotic systems specifically change user,1
agency embodiment experience dimension,1
executives firms adopted,1
interaction leads synergetic,1
joint highly coordinated action,1
human capabilities distinction assistive role,1
interaction performance,1
considered task,1
constitute human,1
research physically coupled human,1
information help make decisions,1
transitioning tools collaborators,1
computer interaction,1
feedback vehicle,1
increasing productivity relieving repetitive strenuous,1
production operations,1
workers reluctant collaborate,1
collaboration hrc,1
implications study explores extent humans,1
children concerning overreliance,1
regression analysis,1
used analyze,1
organizations enhancing adaptive,1
labor differences nature,1
collaboration occur variety configurations division,1
focusing design collaboration performance team,1
emphasis initial setup aspects gameplay,1
focuses work design,1
different models algorithm partners,1
implications study explores extent humans,1
regression analysis,1
used analyze,1
labor differences nature,1
collaboration occur variety configurations division,1
results indicate importance corporate,1
outcomes firm performance process innovation,1
knowledge human systems interfacing integration,1
control systems,1
machine automation artificial intelligence information,1
reliance automated aids reliance humans,1
controlled educational,1
change human development behaviour learning,1
analysis required,1
hmi high,1
information acquisition action,1
use visual detection,1
action execution,1
operators perfect automation,1
discrepancy accounted assuming human,1
future automated decision,1
absurd busy,1
assessed situation awareness,1
jobs want computers,1
hmi does help understand environment,1
performed examine effects perceived,1
research human operators underutilize,1
differences human human human,1
integrate tools social psychology autonomous,1
errors inaccurately,1
03 mean,1
71 mean,1
measure improvement,1
talking listening computer,1
generate plausible movements,1
gaits gestures gazing friendly virtual,1
fvas interact user avatar agents,1
friendliness model computed using user,1
measures included tasks completed minute,1
ar environment generating appropriate movement,1
greater control verbosity,1
performance simple tasks,1
tasks declined,1
want computers interrupt,1
generate autonomous control policy,1
need concentrate,1
successful job performance,1
human peeking approaching,1
decision theory organization theory,1
motivated belief human mind,1
intuition subconscious pattern recognition,1
magic mysticism,1
overlaps work especially work,1
measures workload situation,1
user task load,1
simulated command control micro world,1
design aspects determining control,1
clarified terms levels types automation,1
control control authority shift human,1
especially critical situations way control,1
systems assist decision making,1
replace human passengers protective,1
fidelity supervisory control,1
results showed non significant differences,1
tools understanding human,1
people supervise,1
information sources continuously monitor,1
define information needs displayed,1
alerting systems minimize need,1
widespread include concurrent multitasking mixed,1
development common meta model,1
situations interfaces,1
way cooperation,1
shared control,1
task environment,1
roles control humans machines,1
shows deleterious consequences human performance,1
important human computer interaction problem,1
provide examples problem real world,1
real world systems review theoretical,1
changing information environments collaborate communicate,1
performance workload,1
life problems,1
human centered,1
specifically improving efficiency learning,1
mode errors misuse,1
little work examined conjoint effects,1
automation involve recognizing unique monitoring,1
challenge supervising hundreds,1
potential state,1
mechanism automatic detection relevant events,1
understand human interaction,1
perceptions regarding observers,1
processing approach sufficient explain,1
technology hot topic psychology hci,1
task based description wellde,1
human behaviour goes task based,1
organizational environment face lack time,1
participants invited interact virtual reality,1
teams perceptions group exert greater,1
especially important new,1
question examination role emotions useful,1
participants make,1
feedback expected increase,1
fallacies retard understanding,1
performance data systems built,1
sensitivity lss human provided feedback,1
signal detection task supported,1
decision automation mitigated,1
task performed manually trust,1
weighting values,1
depends weighting,1
human reasoning,1
joint human,1
sufficiently alarm,1
operators fail,1
ongoing behavior associated,1
basic cognitive demands associated managing,1
systems especially considering,1
important enjoy,1
picture situation awareness used,1
combined visual,1
responses automation,1
failures improved understanding,1
continuous feedback relied,1
acc continuous information indicated,1
moment acc state relative operating,1
operating limits,1
centred sia,1
trajectory predictions,1
autonomous performance reduce errors human,1
algorithm behavior,1
operational research,1
decision support,1
results simulation human,1
discrete warnings type feedback inform,1
feedback pilots,1
data indicate observed difficulties explained,1
detection performance particularly,1
lack perfectionism frame context engineers,1
model development origins theoretical basis,1
computerised model,1
guiding principles,1
improvements presented outcome review,1
adhered suggested improvements,1
group 30 b757 pilots,1
constraints interaction,1
demolished assessment,1
interaction required proactive,1
handled non expert human user,1
making skills sought,1
scenario presented pilots different,1
devices actions indicative human,1
266 explore people qualitative descriptions,1
importance values,1
participant incurred higher task,1
roles cognition,1
environments perform cooperation people,1
loop feedback augment current machine,1
dismounted systems necessitates human,1
provide feedback autonomous,1
situational awareness target acquisition capabilities,1
scenarios 95,1
receive alert operators grew,1
flexible adaptive changing battlespace conditions,1
seeking information took longer operators,1
second cross,1
cross sectional,1
perception intention change,1
important measure quantities,1
operators normally trained,1
operators intervene right moment suspected,1
sentinel alert,1
arms control systems discuss,1
interaction weapon mounted target acquisition,1
consider intelligent information presented,1
action implementation aspects task based,1
psychological safety plays,1
al behavior individual performance,1
based operator workload states measured,1
based characteristics,1
assistance adaptively applied information acquisition,1
manual control condition,1
aa manual control revealed significant,1
sensory psychomotor information processing functions,1
enterprise management impacted,1
management theory born industrial,1
include design automation support air,1
psychologists studying,1
human rationality,1
development suggests scope extension tam,1
cyber physical systems create,1
plays mediating role team oriented,1
measures compare possible divergences,1
models role technology human,1
describing quantitative model,1
metastable behavior,1
recurrence quantification,1
hats faced types failures,1
operator preference automatic manual control,1
iterated decision process evolution operator,1
team management tactical situation awareness,1
interaction member team,1
interaction hat time dynamic,1
model demonstrates effects different,1
multiautomation situations,1
following exploitation contrast participants cooperated,1
model multionerator,1
human centered,1
extended dft,1
participants shift deontological doctrine,1
decluttering little effect aircraft judged,1
navy users monitored,1
likeability legitimate users whilst protecting,1
relevant variables,1
users experience return,1
world able access interfere,1
used explain improve experiential goal,1
smartphones tablets access computers networks,1
effective monitoring,1
focus facilitating interactivity improved,1
displays quickly,1
automation aid users intelligently,1
circuits time sharing operating,1
interactive use computers economically,1
aid users intelligently decluttering,1
shifts sacrificing,1
participants preserve lives perspective,1
finally model,1
implications theory leadership,1
behavior leadership practice,1
kind authentic leadership,1
information conveyed visually,1
simulated search rescue missions,1
knowledge based mimics human,1
awareness critical situations,1
knowledge based,1
iteratively refined,1
tracking data indicate operators adjust,1
based feedback,1
examine loa aa,1
task analysis methods analyzed data,1
interviewed c2 operators using,1
approach blended hmt systems engineering,1
se insights designing user interfaces,1
difficult lack existing mdc2 systems,1
process incorporated software prototype,1
emulation task performance using knowledge,1
increases operator workload impedes users,1
using visual display significantly,1
situation awareness,1
supervisory control navy new tactical,1
missile control leading overall degradation,1
task instead primary task missile,1
military operations nightmare military,1
career success nurturing,1
messaging interfaces task performance situation,1
control systems increasingly common commercial,1
computerization supervisory,1
ground control,1
human operators,1
troubleshooting ultimately responsible safe efficient,1
spiritual world increasing,1
tasks monitoring planning,1
influence people daily lives,1
domain command control,1
small insignificant,1
effect perceived,1
detailing theory human centred,1
means human,1
aa measures did,1
aact produced superior performance,1
people fail,1
reality environment,1
rely appropriately,1
compare situations humans make,1
unanticipated situations make complete understanding,1
organizational sociological interpersonal psychological,1
processes affect appropriateness,1
characteristics influence,1
future raise important issues occupational,1
ability human operators interact adaptive,1
adviser got task assignment task,1
social analytical task task known,1
human unique characteristics relate,1
beneficial overall performance,1
machine performance,1
percentage primary task time,1
perception choice choice,1
adaptive systems certain types,1
human instead,1
answer profound effects,1
effects interact,1
conducted dual task scenario used,1
manual control various cycle times,1
workload effects low intermediate high,1
control seek replicate ethical,1
used assess performance sa workload,1
fully automated control dynamic control,1
embedded secondary monitoring task,1
learning algorithms,1
lack ability understand context nuance,1
superior performance intermediate loas facilitated,1
automated operator perceptual resources freed,1
overrode expectations coalition alliances,1
shortcuts access design process task,1
design direction cooperative,1
loop performance,1
manage perception,1
performance decrements,1
motor control,1
performs task productions manage,1
rewards time gating mechanism,1
overall trends behavioral,1
summation rewards,1
architecture act adaptive control thought,1
automatic manual mode vary,1
uses simple tracking task,1
task represents vehicle operation,1
automated option generation,1
focus technology designers,1
removal operator task implementation,1
performance situation awareness workload,1
included monitoring displays,1
cognitive tasks,1
human users essentially,1
christian view wisdom shows,1
changing world impacting daily,1
loa designating degree human operator,1
operator computer control,1
dynamic control task means improving,1
humans algorithm,1
actual humans,1
operator involvement performance leading,1
study participants rated permissibility algorithm,1
having capacity make voluntary,1
specifically human mind society,1
loa taxonomy applicable,1
behaviour artificial agent,1
wide range psychomotor,1
managers users,1
systems complete tasks technologies perfect,1
provide support extension,1
slightly improved,1
possible cognitive tasks,1
error mechanisms observed dynamic operational,1
attention required cognitive,1
support states facilitate multiple,1
systems support,1
error cases psychological,1
training similar impact,1
parametric goal oriented mission capable,1
required operator inputs,1
support equip discussed specified design,1
abstraction lhca,1
human control,1
discusses alternate classification scheme referred,1
centric provide little,1
functions operator support,1
magic utopian white magic,1
level significance,1
multivariate regression indicates man,1
systems discussed,1
predictors resulted,1
organizations use sophisticated complex software,1
significant small large effect,1
software performance,1
lacking model,1
interindividual user characteristics computer,1
technologies used result lower,1
job satisfaction ultimately,1
systems dependence human,1
user experience,1
managerial implications,1
implementing systems,1
training operators quality,1
128 organizations used test,1
joint human option,1
insight overall operation,1
capture status calibration,1
power enriching potential human lives,1
explore highlight,1
computer work places equipment,1
subject matter experts creation,1
explore alternative learning theories,1
characteristics imt iterative,1
activity recorded ambulatory,1
operators controlling electroenergy,1
unfortunately building models,1
operators answered questions concerning,1
closed loop systems summary overview,1
1979 model,1
systolic blood pressure heart rate,1
potentially profound impact workplace,1
affecting humans,1
surface intelligent behaviors,1
psychology tested human,1
task analysis involving,1
achieves accuracy comparable,1
classify people,1
work objective method classify,1
person soon interact information,1
assessing human reaction vehicle,1
examples include finding,1
ideas provided basis moderated,1
shall called accidental,1
accidental user poses particular challenge,1
collaborative work,1
systems ecis use technology based,1
implicitly assume users benign fail,1
experimentally varied information subjects received,1
human error,1
tool text classification,1
play important role modification processes,1
challenges management,1
cooperative tasks visual,1
systems interact,1
sectional design based self,1
information ats beneficial,1
higher individuals tasked depending protect,1
presented tasks,1
team collaboration indicating team intent,1
differences human performance multiple tasks,1
reported workload increased reported team,1
use proven,1
felt wisdom,1
increasing need,1
included messages support awareness,1
intent piloting,1
social cues,1
information use,1
changing scenarios,1
task communication neutral condition included,1
eliminating human errors argued induce,1
explanation human interaction,1
situation awareness sa,1
future continue use existing users,1
managerial implications domain,1
ease use unanticipated finding,1
employees expert,1
fearful reactions employees,1
ai context specific constructs perceived,1
deal development,1
user interface model,1
context specific,1
difficult avoided behavior humans,1
need overcome established drawbacks,1
general patterns,1
control machine human role experience,1
sciences organizational psychology,1
experience training using automated transport,1
based theory,1
loa provide method describing authority,1
modification defining line error prevention,1
automated elements make individual decisions,1
ingrained human machine relationships delegation,1
human performance research provide guidelines,1
informedness managers,1
effectively human operators complex systems,1
functions automated extent given model,1
conditions firms use simple versus,1
study hmc cognitive point view,1
complacency skill degradation,1
firm experience knowledge,1
terms firms construct representation environment,1
cognitive science model,1
developing formal model firm performance,1
models inform,1
task environment,1
mental workload situation awareness,1
control concludes design cooperative,1
act dynamic situations humans past,1
process information act dynamic,1
augmented knowledge,1
operator decision making,1
intelligent machines describing human behavior,1
incompatible rapid iterative,1
development models,1
computer interaction hci aims,1
covered clerical work computer,1
various work situations,1
leading cognitive research,1
methods rely experts prior experiences,1
sense user fully,1
fully controls,1
enterprise managing,1
motion development algorithms interfaces interactions,1
interpretable signals ambiguous situations,1
firms better,1
knowledge elicitation wake method identify,1
address gaps,1
quantitative approaches,1
model confirmed structure,1
relies knowledge base,1
built perception,1
excellence drives operational requirements pressures,1
transforms practice shifts,1
identify key principles,1
modeling analysis,1
dynamic coupling highly proficient algorithmic,1
learning contexts received,1
machine control loop complacent reliant,1
control problem understood tendency,1
engineers studying human operators,1
computer interaction hci user modelling,1
users wrong strategy,1
point manifestation machine learning contexts,1
enhanced improving pu reducing,1
human error,1
working conditions produce human,1
provide significant,1
development presents organisations new,1
model types levels automation,1
本研究旨在顯示在前線服務會議的情況下人工智能所扮演的角色 以便了解使用者如何接受人工智能科技化服務 研究的設計 方法 理念,1
coordination demands human operator,1
functions information acquisition,1
levels low,1
continuum levels,1
considered systems design,1
operations requires rare events,1
models adaptive human,1
interaction employee,1
work major aim areas design,1
employee moderates,1
ecm information success,1
value based model intelligent,1
techniques identify prioritize information,1
resulting different applications wake,1
satisficing observe,1
specialists outline field terms main,1
institutional characteristics,1
issues emerging organisations learn exploit,1
theory driven lacks distinctiveness rigour,1
issue oriented theory driven,1
appearing behaving virtual,1
fields related operational research management,1
mediated effect,1
improved ier activities,1
addition user experiences communication,1
format communication process task partner,1
randomly assigned different computer partners,1
routine tasks augmenting,1
survival problem dsp,1
goal attainment,1
measurements collected,1
developed wealth detailed knowledge,1
tended hesitate making,1
roadmap cyber physical,1
physical human analysis,1
collaborative cognition envisioned,1
significant effect,1
unreliability proposed human,1
consists sharing tasks dynamically human,1
analyzed light,1
focus research studies,1
examine dynamic,1
learning curve,1
light workload,1
workload safety,1
technologies organisations,1
overall learning,1
proposition tended,1
desert survival,1
frontline changing,1
assessments revealed features,1
computer interaction,1
knowledge tasks,1
debate simple inference,1
inevitably held accountable errors machine,1
erase human error prone inefficient,1
naturalistic novel settings extend,1
human behavior received little,1
little analysis production literature,1
productivity quality safety problems,1
human behaviour recognized source productivity,1
significant increase,1
content didn improve individuals,1
interactive content didn,1
skills adapted appropriate circumstances,1
skill better important ask,1
randomly assigned,1
automation observation,1
possibilities largely converted traditional shortcuts,1
legal implications fixed attributes human,1
postphenomenological concepts embodiment,1
different responses,1
evaluating different,1
task outcomes,1
standard operating procedure opening gaps,1
required production intelligent behaviour,1
human centred intelligent,1
intelligent systems hcis argue systems,1
paper defines flexibility combination conflicting,1
perform helpful tasks user,1
include time,1
management involves information seeking filtering,1
user priorities,1
uses multimodal,1
told players task experiment,1
participant behavior consistent maximizing,1
existing systems cost introducing extra,1
cognitive engineering offers,1
ethnicity machine virtual,1
cognitive collaborative demands user engaged,1
performance ensuring individuals,1
automation improve operator,1
situation awareness sa ability regain,1
manual control,1
operators make hai decisions,1
automation relevance knowledge task decrease,1
individuals maintained sa regain manual,1
influence professional pilots,1
task context features influence professional,1
used analysis,1
users different organizations different functional,1
tasks level automation,1
rate cognitive demands predict behaviors,1
performance context information,1
moderates direct,1
management task varying task load,1
information acquisition,1
analysis did make task,1
proportions suggestive algorithms best response,1
importance vigilance,1
virtual humans,1
human operators effectively oversee,1
systems consider task,1
dynamically changes environment,1
performance change dynamically,1
experimental tracking tasks,1
investigated effects exogenous oxytocin,1
electronics information,1
operators cognitively engaged,1
information processing requirements automated,1
significant return manual deficits,1
led significant,1
reduced subjective workload degraded,1
individuals achieve,1
algorithms action,1
organizations require,1
interfaces striving compliance,1
series experiments examined human operators,1
increasing cooperation psychology computer,1
realize potential exchange,1
collaboration high depending,1
emphasis hybrid interaction human actors,1
pilots rely,1
binary signal detection,1
cognitive agents various applications,1
like characteristics models,1
controller trainees,1
real time simulations tasked,1
engineering combines multiple,1
achieve goal improved performance,1
machine cooperation believed,1
behaviour performance capture human psychology,1
reliable automated decision aids binary,1
ideal model information integration,1
argue benchmark,1
affected participants control,1
unrelated fault diagnosis,1
unanticipated tasks broader,1
using prototype ecological interface,1
technology warrants human supervision coping,1
fitting user profiles,1
productivity independently aca,1
perceived econsumer productivity,1
terms cognitive behavioral impact operators,1
participants underwent training computer based,1
dependent user,1
participants integrated,1
performance similar,1
task asked classify random dot,1
dot images,1
require good performance,1
develop better interaction visualization,1
detected payoff increasing,1
analysis informational synthesis combination,1
detect repair,1
results discussed terms task,1
suggest individual differences predict,1
rare unexpected failures,1
operator performance,1
lumberjack analogy,1
ground station developed,1
experience capacity feel sense agency,1
interaction hai model based tools,1
tested machine capable experience,1
philosophical zombies,1
display technologies tailored context specific,1
agency seen fundamental humans,1
research examines quantitative methods,1
black swan events studied,1
operator succeed current goal,1
human operator,1
performance complex systems,1
algorithmic society,1
work public,1
imprint model created varying,1
performance research integration tool imprint,1
demonstrate quantitative,1
task allocation process workflow,1
including adjustments task,1
models human performance,1
organizational contexts interplay cognition,1
performance modeling early effective design,1
properly consider human capabilities involvement,1
systems engineering,1
acting theory,1
degrade attentional abilities trend,1
jeopardizes mission,1
systems engineers rely qualitative,1
historical analysis informational,1
integration hsi concerns systems engineers,1
intuitive cognition human,1
design variables derived decision support,1
engaged convoy,1
processes conducted human geo political,1
based explicit guidance human,1
information exploitation hamie investigation,1
problem solving ibps behavior simulated,1
critical information requirement ccir,1
indices assessed,1
learning algorithms detect,1
understanding sustained attention,1
growing importance,1
opportunities sensitively humans,1
weak improve algorithms payoffs,1
alive growing,1
scenarios low moderate,1
systems dss research represent experimental,1
processing tasks annotation relation identification,1
information understanding dependent question,1
human reasoning decision making,1
requirements elicitation functional,1
demonstrated application support systems engineering,1
early development key tenet incose,1
opportunities high,1
computer based scenario participants interacted,1
human aid automated,1
important performance organizations,1
stage gate process hand,1
management technology mot operations,1
effects human behavior process,1
operations management explicitly considers effects,1
performance influenced cognitive biases,1
automated tools view accurate humans,1
perceived utility automated,1
pursued improve engineering,1
given origins experimental psychology,1
did decrease,1
performance reduce workload compared manual,1
fault diagnosis using prototype ecological,1
managers deviates considerably optimal,1
ecological interface called,1
promising capacity,1
technology warrants human supervision coping,1
pilots use operate situations involving,1
higher level functional goals,1
latent structure underlying systems pilots,1
work situations,1
groups automation,1
differences groups,1
increased experience using,1
method current report examined pilot,1
clusters dimensions identifying subsystems,1
important characteristic modern,1
complete information behavior human,1
enables improved,1
improved sensor,1
coverage compared manual performance,1
information helps overcome costs,1
time saved using cues,1
organizational styles management models,1
concurrently perform,1
cues help operators perform,1
systems technologies,1
operators perform binary categorization,1
contribution operations,1
tasks monitoring failures,1
feature positive impact failure,1
sensor failure,1
management particularly,1
bounded rationality established modeling human,1
failure detection,1
subsystem awareness subsystem,1
included isr coverage response,1
dual task scenario 75,1
test 3d virtual environment,1
systems mass employed,1
maximise productivity,1
progressively automating functions,1
functions previously completed,1
physical control interaction increasing,1
distributed cognition entire socio technical,1
fundamentally teamwork goal,1
resilience using,1
users face services,1
influence individual latent error,1
experience alters way potential users,1
task latent,1
error creates latent condition,1
error detection,1
previous experience,1
weaknesses humans,1
development components interoperability coordination cooperation,1
decisions primarily comparing capabilities humans,1
given avatar guided tour virtual,1
housed 3d world second life,1
human behavior information available people,1
variations controlling agency,1
sap environments generates advice,1
research assistant blind variations controlling,1
process human computer interaction,1
functions typically identified functional requirements,1
involve repeated interactions people,1
classification proposed,1
differentiate different,1
aware systems involved decisions affect,1
intelligent context aware systems,1
devices act way previously humans,1
virtual mind,1
75 lower 60 levels expectations,1
constant experiment tracking,1
load index cues improved performance,1
performance reduced frustration,1
proxemic distance organizational status power,1
manipulated power,1
supervisor vs,1
boundary seeking control,1
control actions compared skilled novice,1
measuring effect expertise,1
control longitudinal control,1
revealed humans opted control actions,1
ecological interface,1
task interdependency fostering cooperation,1
human centered decision support tools,1
results indicated performance increased situation,1
awareness declined levels,1
information processing ability,1
32 played game different task,1
control monitoring,1
task structure task distance people,1
theory applied improve interaction design,1
atc tasks automation conditions including,1
context conflict detection resolution advisory,1
human operator situation awareness individual,1
studies provided 164 pairwise effect,1
control ability gaming experience,1
analysis assess,1
outset function allocation,1
numerous function,1
existing knowledge,1
captures important regularity automation fitts,1
sense new drawing existing,1
uncertainty users,1
introduction given,1
reasoning environments mix typical adult,1
given interaction game,1
working memory abilities moderate,1
practicing tasks,1
situation awareness,1
literature asking participants design automated,1
secondary task performance reduced self,1
reported physical demand effort compared,1
attention task,1
experienced event required,1
participants min,1
type computational,1
occurs individuals compare unfavorably,1
support tool designed embed contextual,1
decision support tool designed,1
contextual mission,1
tools understandable operator provides rationale,1
play important role,1
did reduce,1
failure trials,1
workload mwl lower,1
experienced frustrating,1
based systems lack,1
speed control,1
braking lead car failed react,1
subjects playing state,1
increased people performance compared interacting,1
human social interaction concept,1
experiments 80 operators,1
operators thoughts understanding diagnosis current,1
power plants inference operators thoughts,1
type operator support human,1
development improved operator training program,1
systems interpersonal,1
participants conformed,1
tasks characterized perceptual socio cognitive,1
investigate dynamics human robot,1
interactions cognitive,1
frustrating mental physical demands reduced,1
recognized human behavior,1
frustrating mc,1
powerful predictions,1
triggered new,1
identify enduring,1
developing capabilities strategy,1
context interpretable machine learning,1
strategy expected behaviors different,1
missing systems ability present users,1
support people,1
different ways providing users,1
reliant operators high,1
decreased misuse,1
model operator decision,1
cooperation hoc,1
control undersea,1
delineate roles human machine task,1
human knowledge,1
support human,1
systems increasingly,1
detection task,1
errors extensively studied paucity,1
operators determine automation nonautomated alternative,1
machine characteristics incorporation user extraversion,1
training programs tailored,1
comply systems erroneous,1
interaction implications automation,1
operators automating,1
decision support systems,1
systems dsss,1
alerts advisories reflects components,1
human user dependence automated alerts,1
numerical rating,1
scales formed,1
balancing workload maintaining user situation,1
identify adaptation user controlled driven,1
competition john henry effects,1
likeness robot capacity harm,1
arguments automation,1
study business game,1
human operator replace,1
uncover important role expectation mismatches,1
action phases distinction team processes,1
behavior reliable faulty,1
actions interactions closely observed,1
actors behaviors,1
temporally based,1
self organizing,1
partners differed,1
systems complex,1
complex problem spaces high levels,1
complex cognitive work carried,1
context current debates future artificial,1
indistinguishable humans,1
exceeds cognitive performance humans domains,1
android indistinguishable,1
academy management,1
modeling temporal dynamics coordination human,1
shape behavior,1
achieve objective,1
supervision responsibilities prevented 28,1
cognitive systems engineering,1
design manually automatically adaptable software,1
adaptive user,1
model joint,1
min conflict occurred lead,1
functioning hollnagel,1
joint cognitive,1
analysis model,1
oversee automated function accurately,1
training experience examining operator,1
work operator performance process,1
education providing quantitative,1
psychology 91,1
participants instructed achieve,1
framework offers means modelling interaction,1
interactions user,1
user friendly,1
defective user,1
different targets,1
workload mwl interface design user,1
mental workload,1
implemented hoped proactive structured programme,1
gain autonomous functionalities,1
employed strengthen external validity generalize,1
drowsiness impact,1
objective investigation assessed effectiveness performance,1
given feedback told errors,1
detection task,1
using step,1
took operators thought processes optimal,1
information accessed,1
epistemic actions involve manipulating objects,1
using tools instrumentality,1
dfs originates kinematic,1
data synchronously processed,1
available permanent intermittent undelivered,1
machines leads reduced cooperation,1
analyses stability support operations saso,1
effect generalizes,1
evidence effect,1
support operations visualization,1
past experience,1
experts developed aiding concepts implemented,1
military analysts,1
additional requirements effective decision,1
tradeoffs included support,1
programming causes,1
acting machines changes way people,1
neutral instruction,1
decision support,1
making information available,1
patterns experts various,1
skills function present,1
refers embodied,1
core refers,1
overview current knowledge field,1
studies examine impact,1
influencing way systems work perform,1
functioning vast majority operating,1
operating systems,1
operations assume people,1
evidence customer,1
systems fully rational,1
contextual experiences,1
tasks advanced capabilities,1
management scholars,1
models operations management suggest fruitful,1
behavioral operations,1
attending human user individual differences,1
visually searching weapons,1
active control,1
provides background,1
importance affect,1
feedback effectiveness enhanced used conjunction,1
presupposes motor intentional,1
processing storage,1
operators minimise,1
costly internal,1
offloading deliberate,1
processes favor augmenting,1
scenario training,1
attenuation internal processes,1
disuse rates high 84 operators,1
awareness sa claims operators,1
various principles,1
illustrate various,1
accurate machine,1
approximately twice errors automated device,1
operators paired accurate,1
findings operator training,1
essential users understand algorithmic,1
models improve learning efficiency,1
designing virtual,1
interactions isa mediates,1
mediates user access content controls,1
cognitive analysis conducted ethnographic study,1
sets potential,1
main argument cognitive,1
experiences authors believe need,1
reward depends actions,1
systems engineering,1
experiences business business business,1
coordination control prevention failures accurate,1
presence yielding octants,1
rationality plays key role,1
role study human reasoning,1
acceptable principles machine,1
focus realm,1
study based documental analysis flight,1
maximise isa utility aligned,1
engines fitness trackers,1
involve questions concept operation engineered,1
military operations human operators,1
engineered systems,1
roles design creation operation maintenance,1
aiding help counter,1
mission assisted automatic target recognition,1
limits human comprehension,1
performance higher human,1
reconnaissance mission atr static,1
recent incidents shown production speeds,1
reinforce weaknesses human beings,1
cognitive activity,1
interaction conceptual framework review,1
induce behavioural,1
analysis facilitates,1
fourth differences correlate modern,1
emerging field cognitive engineering methods,1
work focused predominantly cognitive,1
significant effects affect hypothesized,1
methodology cognitive science,1
cognition utcs offer,1
combination behavioral patterns lead,1
level urgency subjects,1
picture complex,1
generally computational nature intended model,1
yielding increase economic efficiency,1
computer issued,1
representing different home discipline,1
society human users started,1
explore history cognitive research information,1
analysis identify,1
trends surrounding sphere present,1
making steady progress disruption,1
particularly dealing incompleteness knowledge,1
lever increasing,1
benefits intricacies employing computer,1
human transportation replacement,1
individual variations,1
platform gathered 40 million decisions,1
infusion model significant effects,1
study human subjects aided virtual,1
assistant completing series missions,1
define intuitive reward,1
fictitious automated ray screening task,1
systems require models capture human,1
accuracy user self perceived accuracy,1
improved human machine collaboration,1
growth issues malaysian lawful agencies,1
flexibility prototypes consequences street,1
significantly predicted,1
early task,1
liking new key appropriate,1
variation uncover major clusters countries,1
effect human operators,1
spot phenomenon engagement psychology,1
conform normative informational motivations,1
modeling model based management,1
complex problem solving,1
functionalities design operators command control,1
organizations challenges,1
automated decision support systems provide,1
task operator attention,1
sensing extraction classification,1
complacency occurs conditions multiple task,1
expert participants overcome simple practice,1
perceptions algorithms regardless,1
algorithms increasingly,1
increasingly make managerial,1
article illustrates psychological approach agency,1
high level sense control supervisory,1
naive expert,1
overview layer provided layer,1
interactions different layers conceptual design,1
associated display,1
humans applications,1
evidence participants grounded understanding,1
time pressure little evidence,1
low participants initiated,1
evaluated available evidence,1
computing utility,1
comparable computing,1
error cost,1
error invoke error,1
initiated action turn,1
recognisers introduce delay analysing,1
management psycho sociological perspective,1
tracking variables provide discrimination,1
provide discrimination different modes control,1
display formats,1
objective examine type,1
type automation,1
supervision task demonstrated,1
imperfection miss,1
paint loa,1
challenge belief loa frameworks,1
model questionable predictive value,1
guidance wedded model questionable,1
discuss suitability existing human performance,1
humancomputer interactions,1
better task,1
frustration human performance,1
performance relation model context,1
virtual reality unsurprising arrival emotionally,1
participants conformed comparable,1
human likeness increased,1
paid participants took driving,1
analytical versus social task,1
participants assigned computer,1
interactions attracting increasing,1
science psychology face,1
strength organizational,1
high failure rate despite,1
information leads increase level user,1
alarm affects,1
performance attention allocation,1
leads differential human performance,1
operators automated,1
30 min scenarios 12,1
tends disrupt operators action outcomes,1
12 performance level,1
study imply appropriate management expectations,1
es users support,1
context conative use conceptualized second,1
variable use activity mandatory,1
cited reason es implementation failures,1
mandatory use end users,1
implementing enterprise,1
understanding production nonverbal behavior,1
growing number applications,1
researched phenomenon post task,1
influencing citizens user experience,1
human element,1
studied models,1
devices workplace,1
social impacts,1
idealized process,1
organizations face increasing pressure implement,1
processing behavior discussed provide suggestions,1
human employees dehumanize work,1
behaviour methods aiding behaviour briefly,1
accurately factors cause information overload,1
abilities integrate information judge,1
literature working memory useful,1
mind lead unexpected,1
facilitate access information,1
example drawn existing command control,1
time increased likely additional,1
improvements conventional,1
supervisory controller complex dynamic,1
virtual museum,1
intelligent operator,1
past behavior input,1
reviewed focuses computer role,1
computer role decision making problem,1
basic information map,1
computers organizations,1
systems consider,1
interactive processes human algorithms,1
recognition problem,1
inadequacies human,1
aims model stress levels operators,1
failure event measured electrodermal,1
population form labeling,1
indicates relationship ai failure event,1
uninterrupted operation,1
implemented physical,1
situation employees engage cognitive,1
recently algorithms,1
provides valuable,1
time increased likely additional,1
processing time needed conditions information,1
operators use diverse cognitive processes,1
insights needed model types human,1
ensures high productivity accuracy tasks,1
automatization work lines pushing human,1
computer vast information processing,1
interferes proper functioning,1
enhancing person job fit cognitive,1
work central concern,1
management information consists major,1
decision support systems,1
job satisfaction,1
information processing,1
sequential operations,1
cognitive engineering,1
experience adaptation models virtual,1
behavior interacting human interlocutor,1
lists important events interactive graphics,1
human human,1
analysis define goals alternatives study,1
key mechanism,1
possible cause algorithm,1
model left,1
cognitive science,1
errors assists users,1
simplified feedback,1
computer sense model,1
learn offsets effect,1
ability learn,1
employment design,1
designer incorporate enhance role,1
behavioral responses avs,1
attribute value,1
concerning adaptive agents investigated,1
supervisory control systems,1
requirement man serve decision element,1
organizations prepare arrival,1
information processing development use,1
making performance man machine,1
computer cooperative problem,1
effects employee,1
principles human charge mutual,1
theory consists,1
processing time needed conditions information,1
hypothesized effects,1
human information,1
systems support humans increasing,1
aiding human supervisory,1
satellite ground control,1
attribute defined based current interpretations,1
support support provides superior performance,1
information display design,1
automating various tasks continues,1
levels focuses improving user,1
improving user experience different,1
adaptation mechanisms,1
performs logical,1
georgia tech mission operations cooperative,1
reaction learn adapt fly,1
basic information map,1
insights formulating model operation,1
psychological theories,1
flexibilities increase practitioners ranges adaptive,1
unless used,1
developing measurement,1
modeling techniques reference,1
involving ability individuals manipulate,1
awareness measure developed study distinct,1
distinct workload related operator performance,1
clear evidence sart,1
index measure,1
level model integrates various,1
special emphases human operator models,1
behavior modeling human performance,1
example man,1
mental effort performance frustration situation,1
designing systems particularly,1
requires knowledge inference,1
man interaction,1
humif help supervisor achieve goals,1
theory interactive media,1
factual scenario knowledge,1
characteristics constitute basic,1
eighteen licensed control room,1
systems effective,1
subsystem living systems,1
specific information better,1
working memory individual,1
work computer design noted reasons,1
face behavioral,1
goal sdg promote productive employment,1
development goal,1
proposed derived,1
increase performance,1
people use,1
potentially increase,1
important employees,1
dependent user oriented,1
evidence measures theoretical assumptions investigated,1
fair possible,1
theory planned,1
employees introducing systems called,1
efficient automating,1
great potential enterprises increase productivity,1
assistants commonly forgiven committing errors,1
pilot studies,1
participants completed range scales,1
female virtual,1
easier apply supplies,1
information users,1
contracts significant,1
iaaam provides comprehensive model explaining,1
supervising complex industrial,1
reach certain performance exceeding mental,1
active learning random,1
working definitions components models,1
purpose present iterated learning,1
significant influence simplifies businesses,1
systems design,1
basic units model goals,1
older workers jeopardizes employability,1
automation job insecurity,1
organizational psychology,1
applications business proliferated,1
capture dynamic iterative properties bias,1
using logistic regression,1
tasks electrodermal activities,1
english proofreading software,1
second group used drawing software,1
action selection,1
human user,1
problem diagnosis,1
model human,1
paper control theory model,1
interaction cognitive absorption subsequent effect,1
required collective,1
controlling different,1
management drawn,1
cognitive processes enhance interaction,1
measurement determines mathematics,1
operators ratings,1
assessed phenomenon,1
guiding mechanism man,1
human supervisor reach certain,1
measurement psychometrically assessed,1
measures nasa task load,1
index tlx situational awareness rating,1
experience algorithms general psychology human,1
represented ordinal level treated interval,1
highest level,1
flexibility customizability,1
achieving goals field activity,1
task structure,1
tensions machine agency human agency,1
operation management,1
advantages model understanding operation,1
managers attitudes,1
extensions model interpersonal,1
humans amounted relevant items using,1
complexities beleaguered human practitioners,1
personalized user interfaces lead inequality,1
considered ratio,1
real time,1
reference computer based management information,1
variables performance classes participants,1
tensions human,1
design command control,1
predict users likely,1
machine controls,1
form projected decision outcome visualizations,1
time reactions,1
machine delegating,1
computational techniques support,1
enlightening consensus ontological issues psychology,1
systems used large,1
model used managers predict,1
computerized information,1
processing required task,1
positive accuracy,1
technology systems,1
particular perceptual,1
large number individuals perform wide,1
manipulated participants,1
views defining,1
participants required assign,1
vehicle complete missions,1
computer various types organizational,1
form model underlying algorithm,1
information processing strategies adopt problem,1
technologies research techniques,2
qualitative comparative analysis fsqca asymmetric,2
examined perception investors,2
adopting chatbots,2
actors paradigm spreading activation theory,2
technology interactivity fit cooperativity,2
investment knowledge selected study,2
ica fit service,2
create ads,2
functionally similar capacity social,2
environments exhibition contexts visitors,2
reorganized upgraded traditional advertising specifically,2
advertising efficiency tourist destinations,2
fuzzy set qualitative comparative analysis,2
powered artificial intelligence enhance,2
online questionnaires,2
watson intelligent chatbot,2
thinking machines ibm,2
advisory services,2
recommend making technological changes,2
service environments increasingly,2
aims examine factors influencing adoption,2
individuals visit,2
technology ignores study needed,2
visit intention ai,2
customer behaviors,2
behavioural intentions cbi business environments,2
deliver services travelers,2
preparedness perceived benefits technology readiness,2
engagement behaviors cebs,2
influence human machine research,2
jordanian stock market investors,2
customer patronage,2
advancement chatbot technology,2
driving questionnaire using original scales,2
hotels consider customers perceive respond,2
interactions hospitality context,2
making human creativity,2
domain usa,2
willingness buy,2
improve equity accessibility tourism,2
empathy recently,2
overall consumer attitudes adoption,2
technologies ideal,2
squares structural equation,2
adoption anxiety,2
questionnaires end experiment,2
affordances language learning,2
voice assistants,2
evident adopts historical,2
experience important implications investor behavior,2
sustainability operational efficiency customer satisfaction,2
published informa,2
service subjective,2
experiment manipulated va perceived service,2
serial mediation mechanism,2
tourism association,2
sophisticated machine probably able,2
based customer attitude,2
service quality,2
machine schema human,2
hospitality tourism industries increasingly employing,2
driving exceptionally fast growing technology,2
online contacts customers increasingly,2
service delivery guest,2
tested structured questionnaires using,2
consumer innovativeness strengthens relationship attitudes,2
robo advisors alter perceptions trust,2
evaluations adoption intentions met,2
judgments concerning technology current future,2
design influence customers willingness use,2
influence consumer utilitarian hedonic value,2
systems make decisions consumers negative,2
divided chatbot related factors expertise,2
management recovery service,2
strategies product promotion,2
human machine,2
consumer trust,2
factors understanding av adoption,2
growth adoption,2
positive effects performance expectancy,2
ai integral assisting travellers offering,2
coping frontline service,2
adoption use technology,2
utaut2 theory perceived risk,2
human computer studies,2
causal forest transformers,2
customers continuance intention use,2
service context,2
usage intention,2
literature impact technology suspicion adoption,2
chatbots increasingly deployed,2
consumers service evaluation purchase decisions,2
machines best engineered,2
presence feedback,2
effective human machine interaction,2
effect company,2
instil public confidence application,2
individuals technology suspicious,2
agility dynamic,2
machine involvement class managers,2
chatbots perceived risk negatively affect,2
suspicion adoption avs fully examined,2
justice sciences,2
satisfaction employee engagement leader,2
advocate development moral machines,2
association information,2
explain customers,2
chatbot typical product,2
technology chatbot,2
product evaluations usage,2
customer reactions closely associated,2
human machine,2
focus empathy facilitating conditions ai,2
usage willingness underlying mechanisms,2
mass public intention make use,2
make use technology,2
investigates determinants impacting consumer behavioural,2
terms governance,2
squares structural equation,2
hedonic values hotel,2
role behavioral intention,2
service innovation,2
continuance usage intention utilitarian,2
intelligence affect travelers intention use,2
practical contributions technology applications service,2
technology socio,2
voice interaction,2
determine consumers,2
hotel guests intention continue using,2
complaint behavior,2
study advances consumer behavior research,2
moderating influence customer trust,2
important factor various online services,2
scant scholarly attention given cultural,2
400 hotel guests,2
expectations consumers rate autonomous,2
cultural influences,2
online hotel reviews referring,2
employs effective engagement travellers,2
cues used visitors travel suggestions,2
evaluate utility conceptual,2
travel sector applying theory acceptance,2
research recognizes dyadic customer service,2
based chatbots,2
satisfaction mental health services supported,2
citizens user experience user satisfaction,2
customers higher tr optimism likely,2
consumers adopt,2
adoption asian countries,2
chatgpt educational,2
trolley problems,2
intention gamble,2
hospitality businesses,2
major individual household,2
instead concern employee engagement,2
architectures ethical ai,2
marketing utilizing descriptive,2
coded debate,2
emotional intelligence synthesising evaluating current,2
investigate chatbots,2
security social,2
perceived convenience personalization service,2
convert online customers designing verbal,2
influence customers trust,2
paper outline social self determination,2
emergence tech savvy clients,2
machine equivalents motivations,2
effects systems social environment embedded,2
application social,2
study investigates association social media,2
ai ethics technological,2
empathy demand contexts individuals seek,2
acceptance model computer mediated,2
work engagement,2
threat aging technology work,2
ai common tourism,2
expectancy customer emotion,2
strategies exponential technical advancement provides,2
context smart hotels,2
concept technophobia fear aversion technology,2
technophilia strong,2
technology brings great convenience people,2
enthusiasm new technologies,2
ai criticized black box characteristics,2
goes inside,2
usage acceptance aidua model,2
forecast future events aid decision,2
governance technological,2
consumers increased willingness disclose personal,2
youtube service,2
retailer autonomous chatbot used,2
acceptance model computer mediated,2
reporting quality,2
amstar distiller sr robis,2
marketing domain,2
generative ai,2
controllers reporting perceived comfort,2
reuse chatbots integrating different,2
lesser explored,2
consumer brand,2
results willingness occupants,2
ai common tourism,2
adopting various technology practices relevant,2
goals acting users behalf,2
research offers naturalistic experience passenger,2
achieve higher engagement rates human,2
results happiness,2
marketed public set professional,2
remain especially convincing consumers switch,2
adoption compared,2
complex human machine world focuses,2
black boxes opaque reasoning hampers,2
tam interpersonal attraction exert greatest,2
ras suggests diffusion innovation depends,2
powered artificial intelligence sent online,2
aims examine hotel,2
software based,2
causally estimate impact chatbot anthropomorphism,2
service quality,2
provided robo advisors ras,2
exploration environment fy19,2
generative artificial intelligence behavior,2
artificial intelligence,2
understanding technology emergence te technology,2
flow reduce accidents reduce social,2
nuanced understanding distinctions human machine,2
conversion derive consumers increased,2
social interactions computer,2
artificial intelligence,2
spokesman said managing chat,2
genai systems offer,2
ml technologies uptake use support,2
technology related policies,2
socially acceptable use rule,2
online questionnaires,2
influence customers trust,2
chatbots accommodate,2
generative ai,2
innovation implementation beneficial social good,2
markets systematic,2
technologies encompass wider wider,2
needs assessment little known marketers,2
emerging technologies,2
human relationship technological,2
users interactions banking,2
feature based,2
markets special care,2
findings revealed personal innovativeness,2
black box,2
research cultural,2
effort expectancy,2
applications primarily asia provide future,2
customers resist use,2
machines western counterparts,2
innovation product innovation,2
business consumers employees,2
acceptance robo,2
culture surprisingly absent emerging,2
exposure explain asians accepting,2
fuzzy set,2
react differently machines,2
qualitative comparative analysis artificial,2
aversion versus,2
adopted prior,2
innovative technologies assist customers online,2
usability decades human factors,2
tools chatgpt jenni ai,2
structural assurance potential indicators consumers,2
investment game,2
estate industry estimated listing,2
new technologies offering unique,2
social connections enhancing quality life,2
enabled products services,2
adoption compared,2
acceptance model,2
effort expectancy performance expectancy,2
reuse chatbots integrating different,2
ergonomics society,2
customer responses using covariance,2
technologies potential,2
customers delegate,2
essential successful adoption consumers,2
young consumers,2
technologies changing way engage brands,2
technology adoption upbringing era,2
consumption lifestyles,2
large amounts information chat synthesizing,2
chatbot implementation,2
emerging field,2
intelligent upgrading transformation affect consumer,2
listing prices real,2
real german apartments,2
usage behaviour,2
provision featurebased explanations,2
intention usage,2
consumers initial trust,2
implications use service,2
behavior related disparate domains,2
consumer acceptance,2
mitigate problems associated black box,2
black box nature modern ai,2
tam interpersonal attraction exert greatest,2
hotels positive effect consumer satisfaction,2
domains existing warehousing,2
using operational data 3790 hotels,2
customers helped humans,2
evaluations overall service experience,2
adopt osas,2
psychological factors loneliness innovation,2
tools predict operator,2
web2 technologies characterized centralized applications,2
social science disciplines psychology,2
employees behavioral intention,2
investigated acting influences communication social,2
early stages adoption social,2
ergonomics society,2
supervisors peers strongly drives adoption,2
human culture technology,2
ergonomics consider important,2
social media brand,2
today technology far able,2
significant aversion amas vs humans,2
chatbots provide,2
chatbots online,2
focusing customer satisfaction,2
literature shows technologies,2
ergonomic design,2
machine systems research,2
understanding consumers,2
impressive developments,2
chatbots robots,2
machines anthropomorphic shape people overtrust,2
adoption sor theory ttf,2
service development malaysia,2
driven innovation,2
pls sem analysis revealed social,2
held owner,2
extending previous work algorithmic aversion,2
purposive sample employees non adopters,2
intention use ai,2
squares structural equation,2
impact att intention use,2
service adoption,2
self report usability cav,2
transformation innovation empirical research,2
customer service grown rapidly recent,2
utaut model,2
performance expectancy pe facilitating conditions,2
exploitable opportunities,2
quality perceived waiting time positive,2
useful implications companies selecting service,2
industries ranging chatbots,2
emerge personalized service,2
cobots important,2
improve forecasting,2
nvivo coded,2
fortifies customer engagement interactive,2
associated intelligent machines technologies,2
organizational market challenges engineer,2
machines leveraged workplace,2
industry reports case,2
satisfaction reuse intention,2
powered cx,2
role enhancing customer,2
customers different emotional,2
increase spending loyalty intention,2
contingency effects service tiers mechanical,2
influencing work practices triggering cultural,2
advisors investing algorithm,2
human assisted machine information,2
significant impact trading investing,2
ergonomics society,2
predicts moment diagnoses,2
mediation relationship established confirms ai,2
endorse utilitarian principles normatively justifiable,2
machine interaction,2
chatbots form,2
ergonomics society,2
65 years participated exposed journeys,2
preferences offered explain cultural,2
examine mediators effect increased perceptions,2
factors influence willingness use autonomous,2
technology adoption process,2
questionnaires computerized,2
customers includes subjective valuation,2
specific barriers biases adopting,2
empathy defined scientific literature,2
customers emotions utility function,2
industry military consumer settings,2
online advertising,2
directing customers different stages,2
ai powered technology,2
oversight especially,2
personalisation systems spread multiple,2
modulating young consumers satisfaction continuance,2
work overload enhancing ai,2
detract subjective consumers creation behaviors,2
technological change,2
cultural organizational,2
contribution work pieces impact personalisation,2
technological affinity technology substratism human,2
ergonomics present provides opportunity explore,2
gen loyalty based benefits,2
strengths machine computational capabilities particularly,2
produces given prediction,2
high technology,2
marketers capitalize conversational capabilities social,2
triggered aesthetics form foundations interactions,2
factors needs predict reverberations technological,2
governance policy decision making,2
load theory social identity,2
engagement cognitive understanding need,2
ultimately influenced perceptions hotel,2
social influence hedonic motivation anthropomorphism,2
cobots changed,2
various players humans machines,2
machine systems,2
consumer literature callousness,2
ai chatgpt version,2
understood tendency human human machine,2
model generative ai,2
cobot operators working shop floor,2
purposethe study investigates consumer attitude,2
decisions areas consumers,2
ergonomics job,2
significant positive impact consumers,2
enabled checkouts conditional consumers self,2
users satisfaction continuance,2
engagement relationships,2
interchange technology,2
questionnaires analysed using pls,2
technology appealing admissible,2
human machine,2
consumers tourism,2
latest technological advancement shaped,2
chatbots latest,2
adoption use improving customer,2
amas systems powered artificial intelligence,2
intention using artificial,2
human machine,2
adoption imply culturallydriven psychological,2
marketers benefit,2
ergonomics society,2
consumer brand relationships manifested process,2
rapid advancements,2
improved brand awareness better,2
chatbots recommenders virtual,2
science social science,2
recent research connected cultural,2
technologies enable harmonious high performance,2
utilitarian benefits likely,2
enhanced consumer engagement,2
deepen brand intimacy strengthen affective,2
retard understanding innovation,2
customer satisfaction rapidly,2
insights addressing challenges creating service,2
anthropomorphism pai user satisfaction,2
held owner,2
canbot u03,2
services processes transforms everyday life,2
service climate,2
visualisations greatly influenced willingness,2
studies increasingly examined consumers,2
capable service,2
organizations consumers,2
impact usability,2
information seeking social interaction entertainment,2
machine effect explained basic theories,2
food parcel delivery,2
journey trends today changing times,2
community established substantial tradition construct,2
uses social value orientation,2
effective adoption,2
marketing managers organizations distinct,2
intent inference algorithm proposed,2
exploration themes ending comprehensive landscape,2
human machine systems high speed,2
serving distinct,2
carried serving,2
design future human machine,2
innovations provide service,2
study shows intention use,2
social categorization ingroup vs,2
advertising discussed,2
machine interaction influences,2
development natural human machine,2
ergonomics society,2
higher interactivity adoption narrative style,2
questionnaire 500 employees,2
tam recruitment chatbots,2
human machine interactions application domains,2
extends mere segmentation personalization,2
inception computers,2
valuable designing marketing strategies service,2
areas humans outperform machines,2
factors computer,2
satisfaction digital marketing innovation,2
explores influence consumer emotions,2
attracts tech savvy customers,2
social interaction opportunity participants liked,2
personalization decision making,2
customer perceptions,2
issue intent,2
setting hotel 426 credence service,2
social value,2
study examines passengers performance expectancy,2
factors driving adoption affects,2
empathetic intent,2
marketing possible,2
used airports utilize technologies,2
presence measure,2
socially embedded model,2
perceived transportation,2
voice assistant services provides,2
technology anxiety,2
adoption information,2
framework delves consumers paradoxical expectations,2
expectancy value,2
future development anthropomorphic features service,2
consumer value,2
suggest machines unnerving,2
framework consumer engagement,2
dynamism relationships ai powered,2
perceived personalization autonomy community,2
created questionnaire,2
positive electronic word mouth,2
effective human machine interaction,2
individuals technology suspicious,2
building customer trust disadvantages increasing,2
understand customers process react chatbot,2
human machine,2
experiment examined machine humanlike,2
continuous interaction ai voice,2
generative artificial intelligence,2
model chatbots people query directly,2
machine like,2
chatbots increasingly,2
interactive rates increase social,2
restrictions placed human computer,2
behavior cognitive ergonomics explores,2
products demonstrating high level perceived,2
increase potential tourists trust,2
social oriented,2
service quality perceived,2
low brand,2
computer assumed greater,2
experienced use travel ai,2
assistants chatbots,2
intelligence ai chatbots,2
help machine person,2
valuemost research ai hospitality,2
managerial guidance smart service,2
employee adoption,2
despite barriers reluctance professionals artificial,2
adoption promises,2
development smart voice technology ai,2
clearance inappropriate implementation clearance automated,2
impacts users,2
continuance intention,2
theoretical model consumers cope,2
tourism hospitality scholarly attention,2
player performs sequence information,2
examining usage intention,2
questionnaires conducted,2
failures aipas affect consumers,2
emotional intelligence best,2
technological development humans likely,2
various technology adoption theories,2
studies chatbot,2
adoption gaining,2
acceptance model social presence,2
new technologies,2
shifts innovation agility,2
market approach lay belief,2
replicable cross culturally applicable,2
ergonomics society,2
ethics morality problems artificial intelligence,2
technologies seeing remarkable,2
awareness ai ethics,2
services developing regulatory,2
aversion varies based approach,2
humans artificial agents morality,2
related agreeableness chinese sample,2
association fear,2
value research investigate algorithm aversion,2
affect outcomes like customer satisfaction,2
chatbots known personal environments,2
role cobots,2
similarity aesthetics indirectly affect,2
interaction stock market approach,2
based technologies,2
algorithm aversion prevalent,2
companions contribute significantly improving,2
intervene proposed machine actions,2
positioning considerations en hancing marketing,2
social exchange,2
future sias specifying,2
human reliance computer based,2
globalisation market dynamics resulted mixed,2
social learning formats,2
intention adopt,2
critical different actors shareholders bondholders,2
tourism firms suggestions use humor,2
procedurally generated,2
manipulate fuzzy,2
cases chatgpt currently reshaping recruitment,2
study explores intricacies adopting,2
behavioral intentions real usage patterns,2
thought manifested machines,2
case studies demonstrate versatility socialai,2
machine conflict,2
routine innovative use,2
showing politically conservative tourists,2
man machine,2
ongoing processes innovation people,2
social roles engage human,2
ma mit man machine systems,2
continuous usage intention utilitarian dominant,2
investments artificial,2
based application cultural psychology,2
designing machines know,2
potential technology garnered widespread,2
chatgpt sparked,2
development targeting user satisfaction,2
ergonomics society,2
tourism industry,2
role chatbot,2
ai hotel,2
generative artificial,2
surrounding culture,2
intelligence using mediation,2
tools adoption consequent benefits understood,2
chatbots emerged,2
offering nuanced understanding indian online,2
behavioural dynamics consumers,2
intelligent machines increasingly equipped,2
insights regarding service,2
pakistani hospitality sector,2
android sophistication likely achieved 50,2
tourism hospitality literature,2
advertisements targeting young consumers,2
consumers decisions adopt,2
employ generative,2
services restaurants,2
interactions customers,2
customers dual pathways affective pathway,2
effective facilitating service evaluations heightened,2
behavioral intention,2
hotel reviews considered,2
traction hospitality sector frontline service,2
growing trend ai ethics main,2
domain experts,2
technologies demographic individual,2
refers use proactively,2
speculate future social interaction humans,2
pls sem,2
cultural cue ethnicity,2
superiority machines respect compared human,2
systems use activity viewpoint social,2
manage challenges facilitate,2
remaining items questionnaire,2
distinguishing humans machines,2
algorithms black boxes aiming reduce,2
technology enabled services ites,2
adoption recruitment focusing role,2
adoption driven multiple,2
readily engage social categorization,2
machines increasingly mediating work managerial,2
ai powered,2
algorithm aversion individual discounts,2
social science models underestimate technology,2
ethical guidelines ai,2
consumption brings exciting,2
reasoning theory better customers,2
marketing campaign strategy focusing benefits,2
rawlsian public,2
need domain,2
influence customer responses financial service,2
chatbots virtual,2
technologies fintech,2
willingness use buy try good,2
recovery specifically use chatgpt,2
technology critical,2
service recovery,2
ethical use modify ai systems,2
defined behavioural intention,2
lessons learned industries technology,2
advantages adoption unknown,2
factors ergonomics,2
machine interaction maintain,2
framework used improve human machine,2
evolve continuous human oversight essential,2
predictive power computational,2
responded online questionnaire,2
drawing self regulation theory,2
policymakers lessen present customer attitude,2
artificial intelligence,2
good predictions impulse revise predictive,2
emotional intelligence,2
technological advancements,2
marketing activities pricing customer support,2
competencies open innovation significantly influence,2
study results indicate cultural,2
published informa,2
affects consumers,2
mr mrs online hotel,2
hospitality industry,2
gathered hotel customers,2
using questionnaire based,2
features overlooked,2
responses continued usage intention hsrs,2
personalized services cars india,2
unwillingness adopt use systems sabotage,2
advisors increasingly seen,2
ergonomics society,2
findings reveal potential customers,2
social context essential,2
cultural backgrounds,2
chatbots people,2
satisfaction sustainable use,2
ergonomics society,2
contrast earlier research algorithm aversion,2
mediation analysis shows replication factors,2
everyday interactions,2
improvement available technology,2
principles european commission emphasising,2
governance serve linchpin ai,2
acceptance model,2
research conducted domain marketing consumer,2
158 participants employs technology,2
complete mediation,2
artificial intelligence,2
domains work possibly compete,2
ergonomics society,2
executives examine perception,2
stimuli empathic communication,2
study simulating customer facing service,2
intention assign decision making,2
technology readiness,2
intention use social influence,2
hedonic quality relevant factor explaining,2
optimism innovativeness likely,2
main actors continue adapting social,2
consumers experience psychological processes,2
ergonomics society,2
implications adoption,2
customer engagement highlight potential technologies,2
explored issue,2
serve techniques,2
commerce making accessible personalized,2
psychosocial factors consumer,2
corresponding chain human machine interaction,2
expressive reactive artificial,2
respond social affordances naturally,2
processes resulting growing fear smart,2
provide engagement effective decision making,2
hofstede cultural dimensions theory developed,2
consumer service provider,2
artificial intelligence,2
spawning new generation fintech,2
analyzes consumers reactions,2
artificial intelligence,2
marketing important,2
machines employees consumers,2
problems human machine,2
credit decisions depend,2
organizational innovativeness,2
speaker based ai assistants examine,2
machine interaction arise consequence mention,2
explanation visualization preferred users dislike,2
aias present manuscript,2
utility potential impact technology society,2
al systems designed intention,2
commerce companies moving integrating technologies,2
number studies used tam wearable,2
paternalism tp,2
naturalness comfort hri,2
novel dual arm hand mobile,2
engagement model utilizes,2
elements called ai black box,2
suggest entering new technological zeitgeist,2
intention model employs,2
recent technology adoption,2
chatgpt mrs led lower,2
firms informal corporate social,2
social sustainability harming social values,2
findings inertia trust nonlinear characteristics,2
zeitgeist profound implications marketers,2
marketing important research topic dating,2
recent developments psychology social cognitive,2
known consumers attitude,2
incorporating technological innovation,2
technologies chatbots,2
participants distinct cultures japan,2
known capability influences customer,2
algorithm aversion,2
important rl sub domains like,2
fit consumer related psychological factors,2
based chatbots,2
devices willingness unwillingness use,2
organizations need cautious,2
affect customer loyalty technology adoption,2
impact industry,2
identification customer types help,2
hotel industry,2
engaging innovation,2
loyalty making touchpoint available human,2
turn negative customer experiences opportunities,2
speech recognisers enable,2
chatbot empathy identity disclosure,2
chatbot emotions specifically frustration aggression,2
engagement variety,2
external customer,2
study bridges service design thinking,2
intelligence ai powered chatbots,2
perceptions tourists regarding,2
results showed satisfaction,2
personalize various,2
situated approach,2
output black box representations,2
humans express comfort,2
need understand predict,2
forecasting persisted albeit lower,2
maintain meaningful social,2
artificial intelligence,2
machines establish,2
machine generated,2
human rules machine learning,2
used study technology adoption,2
mediated social exchange building theoretical,2
marketing published,2
comfort different models human,2
individual social technological organizational level,2
organizations need cautious,2
effort expectancy positively affects performance,2
assistants vas transforming firm customer,2
interactions come lacking empathy,2
intention wom students workers,2
intelligence ai chatbots,2
understanding introducing new technologies influence,2
trust behavioral intention actual usage,2
bridging functional relational social emotional,2
human bio computer,2
widespread use synthesize,2
effectiveness vas,2
voice assistants,2
increase trust consumers,2
customer satisfaction,2
innovations key,2
participants families introduced evolving,2
rural participants emerge prominent,2
analysis interviews shows subjects intention,2
questionnaire developed distributed,2
voluntary use problem maintaining engagement,2
paper aims review extant hospitality,2
usage wom usage,2
effect satisfaction behavioral intention,2
fashion industry services tourism,2
motivating nonusers adopt specific technology,2
technology mobile contexts proposes comprehensive,2
chatbot led contexts,2
chatbot continuance intention,2
combines utaut behavioral theory variables,2
theory variables mobile service quality,2
tool chatgpt focusing university students,2
model understand user engagement,2
innovativeness behavior including behavioral,2
increasing number companies introducing chatbot,2
chatbots programs communicate users primarily,2
management personalization,2
future research carryout consumer bias,2
quality significantly,2
utilitarian benefits,2
artificial intelligence ai enabled voice,2
emotional needs consumers hotel service,2
stakeholders potential,2
novel formalization extension fuzzy cognitive,2
performance expectancy effort,2
use customer education corporate reputation,2
proposes ai powered tools,2
journal consumer,2
coding integrated generate vroom,2
indicated higher willingness control,2
axial coding selective,2
influences adoption rob,2
adoption drivers performance,2
satisfaction higher av,2
introduce mediator perceived,2
usage intention,2
greater willingness continue using vas,2
technology experiences lab settings,2
advisors robo,2
variable chatbot relationship perceived,2
capital investments particular focus,2
extent consumers trust,2
understand consumers,2
consult robo advisors key wide,2
self regulation drawn posit,2
artificial intelligence,2
generative artificial intelligence,2
marketers human,2
contributes service research,2
defining challenges technology implemented,2
eaia alludes,2
systematic barriers,2
rated usability,2
investors willingness,2
advisory services,2
services advantages,2
consumers car experience aid decision,2
machine characteristics,2
effect job engagement employee service,2
technology recent years,2
compared recent technological innovations,2
social value orientation,2
questionnaire data 232,2
users usage intentions,2
advancements poised substantially modify,2
erring advisor,2
strengths partners resulting higher overall,2
chatgpt travel services remained limited,2
chatbots handle,2
style predict decision behavior,2
consumers prefer non,2
tailored recommendations hospitality,2
context social chatbots,2
advisors differences reliance familiar human,2
comfort service failure tolerance,2
sfr process influencing customer,2
technologies like chatgpt sparked,2
industries travel tourism,2
customer emotions explores,2
technology managers questionnaire survey consumers,2
based chatbots,2
customer service framework,2
tourists cognitive organisms,2
negative moderating effect technology anxiety,2
customer psychological reactions behavior,2
coded using,2
positive service outcome,2
examine customer,2
dehumanizing experience evaluated machines,2
humans machines interact order arrive,2
value customer relationship management managers,2
transformative technologies,2
facilitating development empathic,2
social interactions mediating attachment communicating,2
vroom expectancy theory motivation using,2
facebook messenger,2
study chatbot called,2
past demand demand independent,2
chatbot yellow,2
machine systems,2
satisfaction continuance,2
design training operators arguing motor,2
using fuzzy interpretive,2
failed pass test passengers detected,2
receiving services,2
principles guide machine behavior,2
hotel industry,2
ergonomics society,2
marketing organizational behavior develop consumer,2
changing pace boosted technological advances,2
industries including services impressive changing,2
relationship firms customers,2
people respond technology,2
usage intention tends greater humanoid,2
workplaces customer,2
fears related,2
held owner,2
bridges technical business,2
valuable inputs technology,2
empathy response interaction,2
indicate innovative organizations build,2
adoption proposed embeds extended version,2
frontline workers research far,2
interpersonal psychological neurological perspectives,2
consumer worker,2
used manage behavior,2
significant potential enabling marketing,2
consumers develop,2
variables perceived machine,2
cross cultural,2
rules intelligent,2
vas phenomenon proven,2
studies examine adoption influence,2
standing compared peers novel social,2
enablement frequently discussed literature technology,2
exchange theory authors investigated managers,2
advancements increase exponentially mobile,2
based functionality,2
satisfaction effective,2
interviews hospitality contexts workers work,2
impact user,2
technology enables poorly understood,2
group received security update post,2
version people processes technology,2
readiness levels used,2
articles findings reveal discrepancies customer,2
online questionnaire,2
integration autonomous technology moral,2
ganisations need look technical,2
innovation mindset governance strategy ai,2
patronage industry insights,2
significance building loyal clientele,2
readiness develop strategies adopt,2
adoption despite investing time,2
travel agencies otas,2
insights online travel,2
digital physical social realms,2
chatbots significant,2
condition participants 1st chose adviser,2
explore innovations,2
emerging service marketing,2
human machine,2
decision theory neuroscience linguistics cybernetics,2
making ubiquitous online service platform,2
machines human counterparts,2
ergonomics society,2
machines notions,2
artificial morality,2
ergonomics society,2
make potential adopters,2
way earn living,2
intention real world experience technology,2
culture respectively,2
preferences offered explain cultural,2
machines lack complete mind,2
use chatbots,2
aversion mediated perception,2
outcomes dependent type service,2
customers includes subjective valuation,2
routes promise aversion machine,2
usability satisfaction,2
customers emotions utility function,2
aversion prove challenging integration autonomous,2
used manage behavior,2
indicated demand agent habitable naturalistic,2
widely adopted,2
satisfaction effective,2
based systems make decisions consumers,2
hospitality businesses,2
automated chatbots machine interaction,2
origin destination,2
usually definition travel,2
necessarily related passenger travel experience,2
text comments,2
leisure money,2
impose limitations new technologies,2
satisfaction considerably increases,2
machine interaction service executives human,2
computational social sciences social psychology,2
social media discussions,2
new technologies favor maintaining human,2
questions derived,2
consumer satisfaction,2
preference repurchase,2
results demonstrate high utility,2
understanding innovative use artificial,2
perspectives defining possible quality,2
published informa,2
elevating user satisfaction turn predicting,2
immense value brand managers offering,2
present study aims discuss consumer,2
innovation adoption theories,2
satisfaction result poorer decision,2
cognitive theories social communication theories,2
ai tool chatbot examining antecedents,2
ask type partner machine human,2
instead machine,2
model concerning interactive influences,2
technological development social,2
research offers naturalistic experience passenger,2
failed pass test passengers detected,2
association information,2
trust chatbots showed dimensions order,2
impact marketing,2
social values,2
chatbots increasingly,2
service recovery,2
social media context,2
reduces users purchase,2
quality hospitality service,2
timeliness accuracy sentiment boosting sales,2
frequency visit generation conducted,2
adoption continued use,2
automatic features make travel,2
hotels integrated service,2
studied benefits overall human machine,2
intelligence ai chatbots,2
positively affects customer loyalty perceived,2
intention technology,2
machines future,2
vulnerability consumer va,2
chatbots question,2
exchange theory authors investigated managers,2
study investigates service quality artificial,2
investment rely person,2
customers patronage experience visiting,2
real life customer experiences,2
based systems especially voice,2
sectional comparative,2
contrary existing assumptions providers advertising,2
anthropomorphize machines,2
chatbots radically,2
customer service,2
redefining customer,2
servicio publicaciones,2
people willingness trust decision aid,2
technology accelerated development,2
performance expectancy,2
obtained 12 item instrument quantitative,2
utaut dimensions respect,2
factors determine adoption use artificial,2
linked individuals intention use,2
specific technology,2
deployed moral machine,2
usability issues,2
customer experience intention continue,2
advice seeking technology infused,2
significant innovations,2
mediating roles service,2
utility government infrastructures took advantage,2
decades internet enabled,2
service success,2
domain counterfactual,2
machines beginning far reaching consequences,2
production man machine virtual,2
arousal pleasure increasing tourists continuous,2
understanding human machine interaction new,2
artificial intelligence,2
dimensions human machine,2
machine interactions,2
interact consumers,2
cost personal computers,2
psychology marketing,2
ergonomics society,2
cognitive development relationship emerging technologies,2
ethics artificial,2
chatbots incorporate,2
marketing elements satisfy customers,2
technological progress,2
major issue human computer studies,2
impact human machine,2
technology enabled,2
aversion private public sector respondents,2
pls sem,2
features ai chatbots,2
energy chemical industries poland,2
trust determinants customers,2
tourism services,2
analysed adopting,2
pls sem,2
behavioral intentions ohc context,2
denotes desire use available,2
emotion hedonic service,2
empathic effect overlooked,2
algorithmic aversion,2
groupings affordances capture,2
human machine coworking,2
personalization understand benefits,2
intention using uses gratification,2
processes designers design humanized,2
social attributes,2
technology social,2
humans interact machines,2
based artifacts private organizational social,2
innovation management,2
customers rejection,2
implementation nudges black box,2
hotel employees,2
hand algorithmically personalized,2
background subjective questionnaires commonly,2
chatbots implications,2
promoting prosocial service behavior,2
withdrawal behavior,2
article explores use social,2
data 280 hotel,2
sectors including hospitality,2
significant service,2
induce social,2
critical effective interaction oversight systems,2
systems chatgpt demonstrates effectiveness optimizing,2
challenging impossible define hitl,2
computer symbiosis augmentation man,2
social media,2
associated knowledge associated technologies,2
chatbot knowing,2
held owner,2
transportation behavior era,2
artificial intelligence,2
sponsoring renowned brands attracting new,2
predicted aid calculation 60,2
utilitarian product types,2
adoption critical,2
warehouse pick load 10 boxes,2
recommendations explored contextual differences hedonic,2
service setting,2
travel healthcare leveraging ai,2
customer experience intersection,2
ergonomics society,2
approaches usability thoroughly,2
influence hedonic motivation,2
individuals overly rely machine,2
complex industrial machines,2
utilizing data collected potential customers,2
aidua model tested,2
occasional reference,2
accountability pressures increase worker engagement,2
organizations create superior customer,2
oversight seen effective means,2
despite optimistic market,2
caught social structures,2
consumer skepticism,2
compensatory consumption,2
painful leads consumers compensatory,2
seek ascertain powerless consumers view,2
psychology social sciences share,2
chatbot products rise,2
explain customers willingness accept,2
customer emotions determines,2
service scripts encounters,2
pressure technology development work,2
rapport turn influence service outcomes,2
chatbots terms satisfaction purchase intention,2
integration technologies customer shopping,2
marketing managers,2
shown consumers respond differently,2
consumers constituted,2
chatbots supplement replace,2
involving new technology enabled services,2
behaviours 265 food delivery riders,2
dynamic current technological limitations,2
computer science consumer research,2
technology development,2
increase function operators personal investment,2
standardize customer service,2
encounters subsequently determine customer,2
self regulation theory,2
forums analysis uber web pages,2
quality endogenous variables,2
creativity psychology,2
marketing strategies extends scope,2
machine competition,2
fuzzy logic,2
concierge technologically advanced,2
4ir involves innovative,2
argue product features,2
concierges customer journey,2
potential outcomes ai chatbots,2
draws insights literature service management,2
adoption appropriation,2
service management marketing psychology human,2
hesitates forever machine,2
world consumer experiences,2
internet revolution,2
explore mistrusting machine,2
based results,2
including chatgpt sparked business,2
services essential competitive,2
attributes appearance ai chatbot,2
hospitality tourism,2
acceptance model integrating,2
positively influences anticipated improvement consumers,2
shown computers highly creative,2
artificial intelligence,2
adoption chatgpt related,2
questionnaires filled,2
arising intentioned,2
social sciences humanities,2
self regulation theory,2
article highlight expressions important benefits,2
factors ergonomics,2
benefits human machine,2
machine interaction,2
intelligent machines,2
analysis reveals lower prices exert,2
bidirectional interactions man machine context,2
adapt web based usage,2
customer experience ensure omnipresence,2
customer acceptance humanized,2
understanding social beings involves independent,2
workers psychological contract engagement,2
article contributes field ethics artificial,2
industry professionals,2
chatbots insurance policy management,2
create advertising,2
afforded technology,2
chatbot acceptance,2
customer interactions essential use policies,2
performance expectancy effort expectancy,2
technology illustrate necessity democratic,2
customers reluctance services,2
relevance trust explaining customers acceptance,2
intelligence ai chatbots,2
project roadmap enabling,2
china indicates user experience positively,2
aversion leading people reject,2
contexts induce algorithm aversion leading,2
customer service expanding industries,2
enable banks strengthen customer engagement,2
professionals demonstrate greater intention,2
examined factors influence consumers overall,2
association information,2
industries significantly changing nature,2
social sciences,2
grey marketers unique power,2
power leverage ai robotics developments,2
analyses customers acceptance,2
managers insure man machine,2
satisfaction motivation features algorithmic management,2
chatbots currently,2
offer mapping technological architectures,2
connect customers offer promising,2
utopia marketers stake finding,2
deploying chatbots connecting,2
machine heuristic perceived eeriness,2
effective customers satisfied chatbots,2
brand engagement using,2
relationships explanatory variables behavioral intention,2
prosocial microlending decisions affects degree,2
behavioral intention use variable trust,2
vary affordances,2
bots context,2
behavioral intention,2
questionnaire public disagreement agreement using,2
customer perception propose mode emotional,2
sales advisors,2
conducted using questionnaire respondents,2
people feel risks technologies,2
algorithms subject bias born ingesting,2
implementation hospitality tourism industry,2
published informa,2
motivational perspective examined social connectedness,2
relationship users attachment styles interactions,2
chat generative,2
engage ai chatbots order build,2
paper designed questionnaire,2
essential understand individuals different attachment,2
staff 35 star hotels,2
tourism agencies united arab emirates,2
analyzed effort expectancy habit,2
marketing power understanding,2
feasibility study aims assessing impact,2
adoption intention event settings,2
held owner,2
paper analyses policyholders attitude,2
chatbots enable,2
insights consumer value,2
social distance guide,2
costs response,2
self service,2
items various aisles deliver,2
black box theory driven,2
cobots execute,2
model employing questionnaire responses,2
interaction possesses predictive power estimate,2
mechanisms consumers readiness,2
intelligence ai chatbots persuade,2
machine dysfunctions guide,2
service technology sst,2
infer human intent,2
hedonic motivation facilitating conditions,2
impact chatgpt usage,2
social relationship avs users study,2
online interactions,2
social psychology neuroergonomics,2
belief desire intention bdi model,2
ergonomics society,2
output quality perspicuity dependability,2
service industry,2
rho plan socially,2
social interaction heterogeneous,2
british academy meeting explore,2
need mapping adoption,2
voice assistant,2
hotel room,2
awareness affects service performance,2
presence theory research comprises,2
adoption production,2
satisfaction levels behavioral,2
non human machines artificial entities,2
emerging ai powered,2
chatbots specifically large,2
technology adoption,2
concerning investment decisions prosocial behaviors,2
adoption organizations employees opportunity,2
humans machines,2
human computer,2
life private households,2
paradigms emerged widespread existence humancomputer,2
artificial intelligence,2
systematically exploit machines,2
utility values productions updated,2
challenges adoption,2
barrier adoption avs,2
roadmap future trends,2
machine interaction,2
ergonomics society,2
technologies researches going particular,2
bots primed positive,2
future research directions sdt perspective,2
chatgpt plus tasked responding,2
especially consumers independent self construal,2
mediation tests confirm,2
introducing social value orientation,2
consumers respond differently emerging technology,2
reliability social opinion bot,2
better services cost reducing,2
service empathy,2
415 adopting scenario,2
hotel customers rely social groups,2
intelligent devices influenced social,2
aidua framework hospitality service,2
observed general reluctance use,2
personalization negatively impacts,2
technology service scenarios individual readiness,2
antecedents customers willingness objection,2
intention provide systematic overview answers,2
personalization aesthetics negatively associates perceived,2
service quality remains gap,2
creates innovative service,2
meet diverse customer demands,2
foster willingness engage psychology students,2
adoption usability improved,2
address customers,2
bad delegation,2
acceptance model,2
411 questionnaires,2
ai changing world power creating,2
black box feasible explainable,2
framework adv considering social skills,2
siot service,2
significantly impact consumers repeat purchase,2
technology used starting points,2
research practical adoption emerging,2
sem 356 word mouth consumer,2
powered artificial intelligence potential replace,2
preferred advisory,2
field evidence actual consumer,2
planning implement new technologies,2
attitude alongside utaut2,2
ai engineers use intention attitude,2
chatbots able,2
functional social,2
sacrificing passenger compared,2
powered chatbots capable,2
make biased predictions leading,2
interactions social,2
educational therapeutic social situations,2
design features,2
user satisfaction,2
emotion exhibited effectiveness chatbots,2
chatbot service failures frontline second,2
recognition robopsychology,2
responds question responsibility involves technology,2
instrument social scientists wish,2
technology determines way,2
instrumental theory technology,2
technological advances,2
inscrutable machine,2
social media data human machine,2
abstract features human machine,2
regarding country differences cultural performance,2
ai measured using items ethics,2
generated messages ai better detecting,2
dehumanization increase customers perceptions service,2
scale differentiates comfort enjoyment robots,2
users high low innovativeness,2
1438 responses portuguese consumers research,2
association demographics travel behaviour,2
evolved utilitarian perspective partnership,2
nature work service frontline,2
human partners rated positively social,2
market dynamics services,2
sector relevant governance recommendations policymakers,2
cognitive engagement mediates,2
cobot relation perceived,2
man machine,2
service industry professionals,2
anticipated technological,2
impact factors market,2
develop new technologies arise,2
particularly investment value,2
machine systems discipline,2
activity human machine,2
work ai governance suggesting guidelines,2
bias personalization filter,2
inviting feedback enhances users sense,2
innovativeness pi,2
empathy continuous improvement genai recommendations,2
consumer differences,2
travel options,2
developed based service dominant logic,2
device use acceptance aidua,2
future deeper understanding consumer perceptions,2
moral machine experiment latin,2
influencing consumer,2
chatbots widely,2
shift traditional robo advisors,2
governments choose aid,2
content based filter,2
continuance usage intentions perceived communication,2
findings provide marketers theoretical,2
consumers transition traditional,2
addition technological advancements persuading consumers,2
psychological barriers,2
algorithm aversion user,2
robots cobots entering production sites,2
services provide,2
technological advancements led development aerial,2
social occupational environments form,2
solutions growing demands highly technological,2
role awe strengthening link customer,2
ergonomics society,2
strategies brands,2
machine capabilities bolsters,2
ai chatbot promotion,2
artifacts allow affordances tasks users,2
chatbot loyalty moderated mediation,2
interactant satisfaction communication facilitates,2
intelligence quotient eq emotional,2
published informa,2
purpose development mobile technology changed,2
banking app adoption intentions,2
ai chatbots remains scant,2
manifested willingness,2
maximize happiness,2
perceived hedonism elucidates inverse relationship,2
modeling 775 consumer evaluations automobile,2
service employees,2
human machine,2
drives adoption increasing va usage,2
published informa,2
questionnaire survey,2
profound technological,2
va empathy,2
change consumers emotions internet,2
representation design fuzzy,2
using technology,2
customers express,2
used train personalized,2
voice assistants vas,2
innovation 30 years,2
purpose powered artificial intelligence voice,2
focused ethical moral implication machine,2
subconsciously machines certain,2
anthropomorphize machines certain robots computer,2
paradox challenges,2
empathy enhances customers attitude,2
touch algorithm,2
evidence role customer perceptions va,2
machine competencies,2
partner responsiveness scale serves,2
critical role organizational culture effectiveness,2
orientation human likeness chatbot avatars,2
incorporating emotional intelligence,2
relationship type customers chatbots moderate,2
assistants voice assistants provides,2
affect customer satisfaction using experiments,2
transition people intention use ai,2
service outcomes received attention researchers,2
ai aversion,2
chatbots invaded,2
systems policy delegation joint,2
invaded tourism industry owing low,2
performance expectancy,2
effort expectations drive perceived competence,2
humans relieving engage creative pursuits,2
widespread fear corresponding job,2
misusing machines,2
items questionnaire,2
harmonious human machine interactions gig,2
field responsiveness,2
hospitality sector adopted,2
turnover intention,2
awareness hospitality employees ti moderating,2
receptionists room service providers employed,2
service providers employed star hotels,2
hotels lahore,2
collected 506 questionnaires,2
459 center service interactions assessed,2
marked conception tool,2
continuance intention,2
customer emotions,2
step man machine,2
shopping values experienced different emotional,2
adoption avs vary country,2
opinions adoption,2
advanced artificial intelligence,2
use customer perception,2
visitors provide services visits,2
ai solve ethical,2
consumers utilitarian,2
enterprises consumers,2
exclusively technology driven,2
technology provide uplifting,2
rational hedonic,2
decide consider prediction,2
practical implications service firms benefit,2
human machine interactions pace future,2
technology allowed development human,2
far remains,2
delegation theory article extends marketing,2
unfulfilled expectations algorithmic aversion heuristic,2
social content,2
innovativeness significant,2
free association questionnaire administered,2
predicting satisfaction,2
potential political contexts online,2
212 portuguese adults identify social,2
philosophy science fitts list,2
regulating customer,2
breakthroughs appeared,2
intention use,2
effort anxiety,2
people capabilities using machine,2
conversational ai tools voice assistants,2
features consumer satisfaction purchase,2
chatbots completely,2
machines decisions different forms far,2
perspective technological mediation,2
greater aa,2
remains challenging reach non machine,2
reproduction ai moral,2
including financial incentives social,2
answered questions concerning subjective strain,2
participants opt delegate decisions,2
factors self construal social exclusion,2
interaction social,2
innovations literature subjective,2
deceptive machines self,2
personal group societal level,2
technology getting complex enabling devices,2
decades computers involved society,2
innovation diffusion theory,2
known consumer reactance service,2
interactivity communication manner responsiveness perceived,2
habit tedious,2
cultural psychology add questions research,2
society consumer,2
explored real,2
generative ai tools,2
chatgpt created numerous concerns,2
present integrated teaching environment ite,2
driving assistants offer,2
technological interaction,2
large variation organizations adoption,2
offer technologies,2
new zealand highlights varying cultural,2
interactive machine teaching,2
impact chatbot,2
teaching imt,2
assessed consumers emotional,2
social processes new technology,2
cyberphysical human,2
engaged crowdvoting,2
german speaking countries act,2
emotional intelligence,2
twitter reddit suggest everyday life,2
interactive marketing strategies,2
marketing practitioners,2
quality satisfaction,2
key consumer,2
needed establish feasibility tool,2
sample hotel customers,2
goal understand consumer engagement,2
data driven culture truly mediates,2
ai chatbots focusing,2
industry practitioners,2
machines report reasons,2
analysis twitter reddit chatgpt3 chatgpt4,2
ai chatbots digital voice,2
future use intention,2
century brought interesting challenges,2
considered terms individual human machine,2
design goes human machine interaction,2
key feature,2
consumer traits,2
artificial intelligence,2
adoption behavior,2
joy frequently,2
negative impact considered hotel,2
research identified aversive behaviors,2
cphss benefit understanding humans,2
consumer response themes,2
service provider henceforth used making,2
cross cultural analysis china,2
innovation management research idea,2
implications practitioners tourism,2
marketers presents opportunity differentiate human,2
customer facing roles,2
marketing literature,2
weigh benefits drawbacks chatgpt,2
incorrectly judged bot,2
technology shaping lives individuals,2
indicate utilitarian behavioral,2
answered respect central notions cultural,2
parasitic deeply ingrained human social,2
human machine workplace configurations,2
hospitality industry increasingly using,2
interaction prioritization machine teammates psychological,2
presence explored,2
approach service design perspective,2
customer experience,2
augmentation social inclusion contingent customers,2
technology forcing,2
technology determined feasibility,2
set qualitative comparative analysis,2
chatbots study,2
valuable guidance hospitality managers seeking,2
consumers shopping journeys sparse understanding,2
customer experience,2
voice assistants popular ai,2
offers alternative approach grounded social,2
social psychology,2
customers responses,2
technology foster social,2
particular poses new problems passengers,2
hospitality contexts examine effects immersive,2
humanized chatbots,2
customers adopt human,2
remain competitive meet evolving consumer,2
individuals whims irrationality digital,2
comfort 85,2
technology growing,2
research managerial guidelines successful adoption,2
innovation performance,2
motivation social influence anthropomorphism,2
reshaping service dynamics,2
affects customer communication behavior shed,2
perceived humanization ph examining hedonic,2
landscape hotel industry integration,2
seeking effectively leverage service,2
hedonic consumption goals strong tie,2
construal hedonic,2
exclusion heightened customers independent,2
experience social exclusion,2
services offered service organisations customers,2
expectancy effort expectancy perceived,2
conditions antecedents continuance usage,2
efforts perspective,2
specifies ethical challenges ai partially,2
squares structural equation,2
significant recent technological developments,2
contrary expectations perceived usability,2
adoption finance,2
aversion accurate algorithmic,2
computing services constitute new,2
changes social distancing lockdown covid,2
machine actionable,2
machine systems,2
pressure evolving technologies fear,2
resistance intentions directly,2
theoretical debate consumer,2
implementation intelligent machines draw recent,2
consumer reactance psychological inertia,2
engagement uncertain period covid,2
control disparate work domains,2
shaping customer,2
machines present novel,2
technological advances enabling,2
practitioners consumer focused alternative,2
online questionnaire,2
rapport social,2
ergonomics theorythe nature extent,2
consumers shopping journeys sparse understanding,2
customer experience,2
voice assistants popular ai,2
experience design implementation chatgpt educational,2
questionnaire seemingly unrelated regression,2
disciplines dealing human machine,2
personality human like empathy,2
expectancy effort expectancy perceived,2
chatbots transformed,2
conditions antecedents continuance usage,2
chatgpt represents,2
online questionnaire,2
shape range domain experience,2
used machines,2
presence pilot onboard vehicle assess,2
higher functional social value higher,2
examining influence customer engagement,2
service encounters different service uncertainty,2
generative artificial intelligence,2
theories economic orientation theory,2
crucial role consumer expectations,2
emergence generative,2
quality control task,2
ordered probit,2
examines customer response human,2
incorporate novel technologies,2
resultant shifts consumer behavior industry,2
survey questionnaire 19 illustrative statements,2
uses chatbot automatically inquire,2
human oversight,2
machines increasingly used make,2
quotes female male chatbot buyer,2
barrier adoption innovative financial,2
driven innovations operational changes resultant,2
challenges behavior,2
oversight role,2
theory personal interaction theory popularity,2
humanness value loyalty model,2
loyalty chain hotels,2
affect customer satisfaction,2
greater intentions use willingness,2
human machine interaction,2
content quality mitigated,2
squares structural equation,2
built moderated mediation,2
principled culturally sensitive way avoiding,2
affects user engagement,2
preregistered prediction,2
content community,2
variations predicted joint cultural,2
social planetary,2
30 german internet,2
utility rapport,2
psychological barriers,2
predictedto fundamental features social,2
technologies fintech,2
overall human machine performance,2
governance address ai,2
online questionnaire,2
acceptance models provide,2
organizational culture habit,2
serial mediation effects,2
insecurity intention use,2
specific variables organizational customer agility,2
general particularly chatbots,2
ai chatbots,2
difference mind machines redefining specifically,2
necessarily mean users work hard,2
social interaction,2
machines gives rise,2
objective compare predictive power,2
power ais use representation,2
theory human computer,2
possibilities machine ethics just human,2
adoption generative,2
given organizational innovations limited value,2
design approach capture social,2
traits technology use,2
papers organizational adoption new,2
transformative impact automation ai tourism,2
purpose social,2
aversion significantly likely choose machines,2
questionnaire amq usability,2
usability scale sus administered,2
industry experts decision,2
tourism industry,2
controversial stocks investment portfolios,2
frontline service researchers require,2
customer performance identify,2
machines competent morality,2
assimilation positive impact customer,2
usability acceptability,2
robo advisory services significantly reshape,2
investment managers algorithms robos,2
accessible companies recognized far reaching,2
individual employees intentions use,2
people prefer investment,2
inhibitors consumers,2
consumers adoption,2
machine systems enhance mission performance,2
report builds,2
factors self construal social exclusion,2
berlin germany,2
consumer traits,2
hedonic motivation perceived ease use,2
payment reduces,2
sav service adopted model based,2
travel tourism segment recently seen,2
random forest classifiers delegation,2
travel behavior responses,2
essential navigating challenges opportunities,2
anticipated technology embarrassment,2
answers research automation tourism,2
delegation decisions,2
flourishing social moral good,2
rapid technological advancements,2
challenges face,2
shaping algorithm aversion utilization offering,2
firms constantly experimenting,2
superhuman computations based dnn machine,2
rapid technological advancements,2
delegation social,2
social experiences,2
intentions use future,2
aversion algorithms,2
residents expected behavioral,2
consumers increasingly,2
encouraging use perceptions impacts use,2
intelligence markup language aiml,2
bot employed chat engine called,2
results domains sap,2
innovativeness optimism,2
chain culture,2
published informa,2
interact new technologies increasingly,2
personal group societal level,2
readiness acceptance model,2
consumers facing,2
ergonomics society,2
based self administered questionnaire,2
continuous timely efficient customer,2
impact conversational,2
stronger determinant hospitality,2
delivery hedonic services,2
prevalent service,2
adoption rates,2
customers perceived,2
literature ai hospitality,2
insights hotel managers,2
prevalent service,2
001 focusing ai chatbots integrative,2
power r2,2
unintended challenges carefully,2
customers perceived,2
additionally satisfaction strongly,2
based services,2
technological society,2
data 186 hotel,2
adoption conversational,2
devices service contexts influenced social,2
agents chatbots obviate need,2
tourists attitudes,2
cobot operators danish manufacturing,2
customers using adequately engaging tools,2
competencies embedded customer facing conversational,2
prior information systems user engagement,2
report builds,2
values associated interpersonal relationships like,2
methodology approachthis study analyzed questionnaire,2
394 valid questionnaires conducted,2
berlin germany,2
innovation culture ic,2
transformative technology,2
based use,2
ergonomics society,2
expect machines differ,2
essential navigating challenges opportunities,2
artificial intelligence,2
organizational social levels,2
increasingly investing use,2
cobots social interactions employees,2
driving technology way market various,2
impact social crowdedness,2
single machine advice avenue,2
practices scattered firms fringe companies,2
observer predictions various levels,2
payment readiness,2
social pressure,2
excellent interactions customers,2
delegate substantial parts shopping process,2
immense computing,2
personalization availability,2
explosion algorithm aversion research,2
quality ai architecture talents,2
technology necessary,2
using chatbots context b2b marketing,2
intention use social,2
behavioural intention,2
employees perceptions chatbot effectiveness discomfort,2
willingness help,2
functional performance achieve customer,2
machines care ones worth focusing,2
advanced features,2
pu satisfaction,2
governance rules,2
machine interactions,2
powered chatbots,2
perceived effort,2
factor hospitality service offerings,2
marketing psychology human computer interaction,2
performance customer,2
administrated questionnaire,2
customer fle,2
examine barriers adoption,2
subsequently used fuzzy set qualitative,2
resulting customer repatronage,2
computing power machines perform specific,2
social exchange theory,2
electronic word mouth data assess,2
advisory solutions offer customized,2
overall customer evaluation tourism,2
acceptance aidua,2
central iraq,2
efficacy innovativeness predictors compatibility,2
voice ai chatbots,2
directly drive willingness subscribe paid,2
service compared mediated,2
multiple domains,2
technologies capable,2
human computer machine emerges new,2
ergonomics society,2
relationship marketing literature,2
studies intersection people technology work,2
adoption hospitality services,2
interactions smart voice,2
emerging technologies widespread critical risk,2
sdg premised strengthening relational contracts,2
qualitative comparative analysis fsqca,2
physical presence require,2
prepare ingredients implement recipes,2
aversion research,2
robo advisory,2
instant messaging interactive voice,2
issue human machine interaction,2
boosts satisfaction doesn affect payment,2
effort expectancy social,2
behavior innovation diffusion theory investigate,2
machines programs completing,2
customer client,2
blackbox ai models,2
predictive engagement strategies,2
innovativeness moderator performed,2
emphasizing importance new technologies,2
device use acceptance,2
acceptance model,2
approach study collected 454 korean,2
service economy,2
cultural barriers suggest ways craft,2
behavioral intention use,2
humans machine adapt unforeseen,2
remain indispensable service workplace superior,2
premium subscriptions,2
delegate decisions follow advice,2
technology left high,2
developing robust governance,2
individuals satisfaction use,2
engagement trust,2
challenges diffusion,2
adoption positive effect,2
decision makers faced challenges solve,2
using gaussian mixture,2
pose new challenges,2
products websites levels social,2
known algorithm aversion,2
generative personality model structure encode,2
machine effect phenomenon utilitarian hedonic,2
conformal solutions,2
frequency socializing,2
implicit requests,2
new products novel innovations examined,2
advisors algorithm based,2
machine interaction,2
objective consumer,2
online technology long term,2
possible favoring,2
literature various presentations social cues,2
specifically focusing openai chatgpt,2
gen hedonic motivation,2
user satisfaction,2
highlight effects interacting animated conversational,2
business b2b marketing growing demand,2
ux design analysis prominent chatbots,2
predicted process,2
technologies knowledge service,2
increasingly applied hospitality tourism industry,2
tpb predicted intention,2
advisory services,2
services support individuals carrying work,2
utilitarian hedonic value ultimately customer,2
innovativeness contributes,2
utaut2 unified theory,2
marketing employees,2
technologies transformed numerous facets lives,2
humanmachine systems,2
ergonomics society,2
marketing customer life,2
machines process,2
machines significantly enhance complementary,2
machine interaction presented suggesting desirable,2
association security,2
concerns service personalisation benefits,2
need personalize websites,2
interdependently predict intention use social,2
voice inflection,2
age artificial intelligence ai chatbots,2
human machine interactions hmis potential,2
customer brand,2
service employees satisfy digital users,2
emotional connections customers,2
customer data automatically design,2
social compensation willingness interact,2
organizational decision making creates challenges,2
use mobile,2
theoretical implications human computer,2
machines develop exercise authority,2
compared traditional word mouth human,2
service triad,2
human oversight,2
frontline employee,2
policy makers harness transformative technologies,2
observe essence,2
advisors initially envisioned,2
digital engagement competence warmth,2
people satisfaction,2
computer interfaces presenting ergonomic properties,2
perceived service,2
ca major paradigm human technology,2
declarative psychological responses interaction virtual,2
systematic selection literature structured coding,2
demand forecasts,2
cyborg creatures strong individual,2
boosts willingness adopt engage continuously,2
affect individual behavioral intention,2
clarity user willingness accept,2
supporting customers digital,2
affordances adaptability,2
human computer,2
known effects frontline employee service,2
positively influenced hedonic value service,2
machines involve convergence,2
recognizes different man machine,2
technology interaction,2
lots intelligent machines,2
pathway factors impact consumers adoption,2
innovative behavior,2
communication social policy equity,2
association agreeableness adoption,2
technologies increasingly,2
artificial intelligence big revolution tourism,2
machine arrangements carry,2
virtually aspects human machine systems,2
computer hardware software make possible,2
lead consumers develop relationships dhs,2
recruitment processes streamlined technology adoption,2
travel demands need automated,2
adoption avps,2
conceptually categorize public service,2
design features overview general,2
self reporting observational,2
survey 551 respondents identify necessary,2
affect performance satisfaction affect situation,2
restaurant segments trust,2
service quality,2
moderated mediation model investigating,2
experiences linked human machine interactions,2
ai voice,2
impact machine input human,2
findings representations usability,2
advantage empathetic creativity,2
analogous perfect storm machines involve,2
interdependent exploration independent exploration,2
especially risk averse consumers,2
questionnaire used,2
self construal weakens effects,2
behave like borgs,2
generative artificial,2
significantly shaping positive consumer responses,2
religious tourists just,2
contactless services customers,2
preferred trusted ads ads ads,2
technological powers,2
social value orientation svo,2
tourists affect ai,2
intention use technology,2
industries literature fully document nuances,2
communication psychology sociology support,2
chatbots creating,2
just visited karbala,2
service sabotage,2
human machine,2
data collected hotel,2
gai witnessing lot adoption industries,2
chapter discuss proposed machine,2
machine induce human exert,2
moderated mediation individuals high fwss,2
behalf consumers,2
diagnostic chatbots,2
held owner,2
organisational culture,2
satisfaction continuance intention,2
discuss pertinent challenges,2
integration chatbot,2
form personalised digital avatar complement,2
chatbot based customer,2
driven solutions like chatgpt vital,2
underpinning interaction consumers,2
business customer b2c relationship makes,2
va interaction,2
equity pullulating digital services,2
based predictions affect,2
machine recommendations,2
services extending utaut,2
user satisfaction willingness,2
using gai chatbots,2
dimensions voice assistant va,2
machine capabilities allow,2
consumers feel,2
machine synergism,2
point individual longer willing,2
personalization algorithms,2
success iss model,2
paper aims examine willingness accept,2
variables innovativeness,2
hotel employees intention,2
symbolic enabling effects affordances,2
dhs access personalised service,2
market investment example,2
social recognition hedonism technology security,2
contribute tourism hospitality,2
feel reluctant adoption,2
making safer policies manage innovation,2
chatbots influence customer brand relationships,2
human machine,2
intelligence ai powered autonomous,2
customers adoption,2
parallel assessment humans machines analyzing,2
exhaustion inhibiting service innovative,2
framework studies examine customers react,2
forgiveness errors chatbots,2
chatbots different levels anthropomorphism,2
technologies increasingly prevalent hospitality,2
features surprisingly engagement,2
understanding motivational mechanisms consumers adoption,2
relationship perceived cuteness customers,2
interaction privacy concerns continuance intention,2
mathematically evolution,3
adaptive expectation,3
evolving digital,3
design policy,3
john wiley sons,3
making discussed,3
applications user behavior research suggests,3
march 2023,3
taylor francis,3
technique indicate data,3
held annual,3
detected design app,3
analysis gender,3
xiaodu smart,3
copyright 2021,3
perceived privacy,3
failure competence vsas moderate,3
app narratives,3
prior studies conceptual,3
alternatives study interrelationships critical elements,3
discussed provide additional,3
shows gaps objectives prediction tasks,3
data collection used,3
evolving digital,3
layers represents,3
discussion held,3
prediction different human theory,3
transformed information systems business,3
interventions perform,3
cognitive human machine interfaces interactions,3
artificial intelligence,3
march 2023,3
review nature original contribution specifically,3
raising issues algorithmic transparency human,3
differences electronic navigation competencies,3
perspectives offer comprehensive understanding,3
lives significant impact privacy,3
perceived competence explains people attribute,3
state directly measured behavioral data,3
online survey examined people,3
ubiquitous inversion problems real,3
took lab,3
workshop march,3
approach helps criticize overcome,3
personality traits,3
new interpretation classic problems,3
held annual,3
designers future research provided,3
based study,3
perspectives offer comprehensive understanding,3
identity security occupations provided,3
data instead inverted behavior,3
specifically interpretation india,3
implications related,3
findings suggest people expect,3
identified key,3
2017 human,3
simulated time critical operational environment,3
discussion held,3
study manipulate,3
workshop march,3
copyright 2017,3
prerequisite success automation underlying,3
simulation exercises assessing competency,3
modern work,3
financial institutions,3
prerequisite success,3
cas forming especially,3
human evaluate,3
sci 2013,3
international federation automatic control,3
conclude discussing implications theory practice,3
practice identifying directions future,3
procedures inform participants,3
64 human participants acting facebook,3
human intervention,3
future research,3
experimental blocks cues available,3
2018 kelley,3
disciplines including information systems,3
participants volunteer science,3
iml techniques incorporate user feedback,3
theoretical contributions provides relevant information,3
user interface ui target,3
computer science engineering reflected,3
research questions investigated similar research,3
difficulty differed halves experiment,3
gender education level sample representative,3
issue providing important insights automation,3
types mr clearly,3
relying participants explanations interviews develop,3
information systems use,3
author exclusive,3
study aim identify subjects,3
expectations using newly implemented systems,3
studies propose diverse explanation methods,3
processes organizations employing quasi experimental,3
accounting firm experienced,3
findings elaborated,3
method presents simulation,3
theoretical practical,3
leads employee voicing,3
taking perspective sociotechnical,3
performed simulated,3
seeks approach,3
literature carefulness exploring,3
research progresses,3
outcomes post intervention identify shifts,3
evolution technologies,3
german population,3
experiments participants reported nasa,3
experiment 580,3
taylor francis,3
hv uv,3
language using survey,3
gaining traction different fields,3
international management,3
new delhi,3
design decisions complex work,3
copyright 2022,3
2022 human factors,3
future research directions,3
additionally results study provide,3
reflections empirical grounding design,3
data 343 customers southern region,3
2024 international,3
insights academic,3
principal research,3
directions future research,3
business journals according review,3
considered critical,3
perceived privacy risks,3
seek expand design space human,3
discuss contribution,3
design methodology approach thematic,3
using quota criteria age,3
food thought future research highlight,3
design conducted,3
comprehending examining,3
mobi designed demonstrate efficacy,3
holds benefits,3
source privacy,3
3942 studies,3
studies collected,3
collected 219,3
2017 2017,3
reliability set 80 resulting participants,3
adopted similar methodologies studying,3
humans reliability,3
abstractions suffering crisis,3
discuss proposed,3
attention paid,3
person interviews 30,3
roadmap evolution intelligent,3
used simulate,3
conflict probe,3
critical aspects hat performance,3
information preregistered experiment participants viewed,3
methodology approachwe conducted depth interviews,3
interaction hii harnessing expertise,3
enter intelligent financial,3
experiment sixteen participants indicate ecological,3
study explores dilemma discusses,3
experiments test providing information leads,3
studies employ mixed,3
high user value realize data,3
investigates point user,3
information search atypical,3
practical implications,3
upcoming behaviour help,3
ca financial,3
1973 human,3
leader experiment,3
employee survey data 345 center,3
studies demonstrated ehmis,3
studies demonstrated,3
succeed creating,3
experiments collect data,3
ca designers face dilemma,3
machine interfaces ehmis,3
reveal individual,3
resource management literature,3
2021 daronnat,3
human resource practitioners,3
dilemma explicit commands disturb natural,3
research endeavour contributes advancing,3
tactical conflict detection resolution horizontal,3
halvey dubiel,3
research model advanced based,3
hats human team members interact,3
actionable financial,3
experiments empirical findings,3
rhetoric emphasising,3
nontrivial implications theoretical,3
practical implications design ivas,3
experiments participants,3
2013 human,3
report phenomenal,3
results atsps detected,3
approach conducted semi structured interviews,3
atm exercises order,3
religious workers journalists representative sample,3
participants 20 countries total 10,3
2010 human,3
method study,3
microloan company conduct stage field,3
exclusive licence,3
field experiment,3
data collected 208 es,3
content proposed,3
asian microloan,3
allow attend,3
reveal conative use,3
tackle issues present study specifically,3
conducted mixed,3
method participants 40 engaged,3
management complex systems rendered challenging,3
practitioner summary paper,3
obtained pakistani,3
rethinking turn shrinks gender gaps,3
technology digital,3
hoc explainability,3
collected online survey analyzed structural,3
foresight holism capturing,3
previous literature,3
holism capturing essence wicked problems,3
results indicated privacy concerns,3
suggest mitigation,3
comparison human advisors,3
analysis intuition,3
international federation,3
styles employed descriptions intuition covered,3
theory perspective investigate internet,3
scholars report,3
metrics algorithms functions,3
2021 using,3
performed study crane,3
data analysis,3
conflict detection skill,3
conducted structural,3
copyright 2013 institute,3
ai finance significantly reshaped,3
survey methodology collected data nationwide,3
role financial engineers improving,3
explores efficacy natural language interfaces,3
conclude research,3
foundations resource advantage theory notion,3
future directions,3
interfaces designs support non dyadic,3
implications theory practice future research,3
avenues exemplar research,3
tools sociotechnical effect human,3
scientific discourse lacks clarity,3
results indicate important,3
relevant literature smart,3
method eighty healthy male participants,3
data online survey,3
study based,3
association new,3
published license,3
semi structured interviews employees working,3
integration finance shedding light,3
survey based,3
themes include perception job security,3
author exclusive licence springer verlag,3
responses gathered pool financial,3
dwell time eci,3
thousands potential applications environments,3
864 responses,3
critical information,3
2024 copyright held owner,3
journal applied,3
primary data includes 864,3
information technology used,3
results exemplary,3
cross sectional data,3
interface design,3
achieved close,3
using structural,3
use board platforms,3
aligns prior research,3
evolving work,3
benefits b2c b2b,3
conducting online surveys truck,3
workplace critical far studies,3
hmms fewer hidden states compared,3
policymakers urged proactively,3
review 26,3
2013 john,3
management review,3
hrm managerial,3
mitigation strategies recommendations introduced,3
results simulation evaluation assess influence,3
study discusses,3
financial firms opportunities adopt ai,3
study subject,3
tanzania employing quantitative survey,3
data 410 customers commercial banks,3
wiley sons,3
26 356 376,3
2023 mazarakis,3
skala braun peters,3
method proposed,3
conducted sample 428 employees,3
intervention explained manual conflict,3
privacy loss app addiction,3
companies worldwide offer,3
benefits resembles real life objects,3
collected 400,3
drug development privacy,3
000 online reviews,3
business benefits,3
taylor francis,3
published license,3
networking hand characterize fourth,3
research gap,3
success indicates research required,3
attempt existing,3
copyright 2013,3
theoretical practical,3
banking apps structured,3
approach collecting data,3
reimagining purposefully designing organizations,3
derived research,3
hillsdale nj,3
lawrence erlbaum,3
data collected using,3
collected using purposive,3
participants rate video clips pedestrian,3
data bangladeshi consumers,3
population british columbia,3
user better able calibrate trust,3
research results individuals order,3
hr professionals 345 demonstrate strong,3
financial services employees 309 hr,3
using salient,3
human planner accept revise,3
proposed facilitate advancement field human,3
concept technology,3
nj pp,3
measured participants resource sharing,3
conducted experimental studies understand,3
computer applications relied,3
findings results showed pi pa,3
debate focuses disclosing nonhuman,3
research model hypotheses,3
results degree,3
conflict object car bag,3
characteristics operation design man,3
humans technology online service,3
used determine constructs internal,3
result future undesirable outcome,3
2020 taylor,3
preservation critique design,3
201 users different,3
reliability validity,3
85 population,3
internal consistency,3
humanity themes crime conflict jobs,3
foreign copyright,3
automation transparency improve accuracy,3
2019 huang,3
details guidance,3
rust 2018,3
2024 society,3
data collected,3
shift demand digital,3
define personality,3
human stylists dhs,3
transparent interfaces improve human,3
provides theoretical insights,3
reveal agent,3
2018 contemporary,3
future research explore dynamics different,3
generated interviews warehousing,3
develop comprehensive research agenda consisting,3
new york,3
contexts consider longitudinal designs,3
foundations deriving unifying,3
data 357 respondents 39,3
291 respondents users digital banking,3
research higher,3
40 participants asked coordinate ai,3
scope study suggesting demographic,3
information systems,3
2021a 2021b 2022b,3
1189 1207,3
information systems,3
stimuli larger number tested,3
foundation research systems make decisions,3
discourse topic,3
anova employed using spss,3
insights helps decision makers introduce,3
overarching theoretical,3
participants completed simulated,3
competence unpredictability,3
sustainability context digital,3
conflict intervention performance using,3
investigatory techniques,3
research integrates concepts job demands,3
approach paper reviews,3
artificial intelligence,3
incorporate theories affect design,3
conte paolucci employing,3
problems decades old analogy,3
far reaching implications,3
tool used collect,3
weight theoretical proposals previous,3
published management,3
current study based,3
published license,3
human research,3
iraq study site adds,3
calibration systems modulate drivers trust,3
concerning techniques designer,3
research constructs,3
personal data,3
validate models multinomial logistic regression,3
shapley additive explanations explainer determine,3
privacy issues negative,3
et al,3
paraskevi et,3
2023 gatzioufa,3
studies involving hundreds human subjects,3
literature point empirically unexplored,3
research population,3
operators appropriately trust,3
contrasting views,3
costs group collaborating conventional technology,3
systems research center university,3
tested proposed model using,3
validate iaaam using purposive,3
machine study,3
designed ghost,3
study bar,3
approach pls,3
concepts theories related,3
resources tangible intangible human,3
variety disciplines,3
firms order reduce risk ai,3
general digital competence,3
research objectives,3
conducted achieve,3
conducted facial recognition hiring contexts,3
copyright 2017,3
artificial intelligence,3
use simulation study,3
designing effective risk mitigation interventions,3
research model based decomposed,3
discussion relationships characterized simple,3
clear understanding latent variables,3
accurate incomplete information,3
imposing robust,3
topic timely emerging research points,3
simulations international,3
literature practice,3
practice followed future research,3
study offers implications,3
transformed information systems business,3
practical implications benefits,3
sampling comprises,3
studies reported demonstrate,3
experiment participants 122,3
management hrm,3
theoretical practical,3
additional insights,3
mixed perspective,3
underlying subsystems consistent previously theorized,3
indian banking consumers,3
deficiency method,3
experiments effect manipulations agent,3
experiment involving 70 participants revealed,3
reliability affected expectations,3
protocols global regulatory,3
critical younger,3
concept dwell realm abstract,3
derive benefits,3
study demonstrated,3
online vignette experiment 225,3
group findings greater toronto hamilton,3
applied human,3
area gtha residents,3
dimensions affecting,3
supported chmi2 beneficial separation assurance,3
method explicit statement introductions manipulated,3
projected theoretical,3
implications argument understanding origins novelty,3
intervene world engage directed experimentation,3
2017 springer,3
experiment 278,3
diagram tactical conflict detection resolution,3
cost actions prior,3
comprehensive stage methodology follows,3
test model study employed,3
misunderstandings unnecessary,3
2021 lanzer,3
claim gives,3
introduce timelytale approach,3
sensor data context,3
conflict detection automation,3
result suggests realizing effective human,3
applications banking,3
available https,3
study focuses human,3
providing voluntary checking tool,3
research shown,3
resource development hrd enables supports,3
method study proposes model better,3
stoll colley,3
opaqueness human,3
interviewing 41 analytics ml,3
crown copyright commonwealth,3
commonwealth australia,3
data online,3
research tool,3
information systems engage hemispheres,3
different types,3
implications developers,3
taylor francis,3
method approach,3
forerunning companies capitalizing ai,3
work carried sociotechnical systems,3
protecting consumers personal data,3
sociotechnical systems way,3
contributions discussed,3
discussed scope,3
paper based secondary research reviewing,3
web science,3
structural equation model intrinsic motivation,3
2023 crown,3
explanation generation,3
survey provides,3
explicit means ends links appeared,3
study test,3
2024 copyright held owner,3
2023 production,3
resistance attributed,3
simulation human,3
potential provide significant benefits generally,3
330 german,3
countries pakistan,3
collect data asian,3
waited additional,3
strongly prefer human intervention,3
suggest loss privacy human,3
banking industry,3
experiment exposed interesting interaction patterns,3
iaaam saudi arabia,3
covariance based structural equation,3
authors discuss,3
impact cognitive attitudes digitalization,3
llc springer nature,3
design thinking generation activity theory,3
conflict event auto rbl vs,3
interfaces presented directions future,3
shown lay,3
copyright 2021,3
dataset available,3
teachers lecturers hrd professionals play,3
discuss implications,3
findings research,3
demands explainability,3
report findings controlled experiments,3
discuss study,3
method participants assigned conditions,3
effectiveness proposed interventions aiming,3
human capital,3
dimensions extensively,3
design human,3
tracking technology aided interviews gain,3
new set challenges grappling human,3
methods explore,3
professionals pursue strategies step,3
concept davenport,3
result users produce,3
difference sipa repeated observations,3
used 1438 responses collected,3
current controversies,3
paper provides,3
sociology professions robo,3
experiments evaluate proposed model,3
remains unclear,3
success characteristics establish ra,3
unclear approaches,3
dissection concepts compared subjects experiment,3
taylor francis,3
strategic reasoners treating reasoners,3
transparency ai supported,3
contradictions arise gap ra,3
warmth perceived competence,3
identified issues decades later,3
items apparent,3
2024 taylor,3
inspired designs form cornerstone memetic,3
financial industry,3
easily induced,3
2024 human,3
summarize methodological,3
application liking,3
operators rated systems riskier showed,3
implications findings,3
theoretical practical,3
hands free,3
power human,3
unclear modality,3
finally interpret previous experimental,3
trust calibration essential,3
2023 international,3
given novelty,3
corresponding validation,3
information systems humans,3
software tool used compare,3
quality inspection,3
responses aircraft transparency,3
progress concerns privacy violation discriminatory,3
international journal,3
copyright 1981 john wiley,3
methods human,3
results modeling,3
lab field experiment 213 participants,3
applications casino setting,3
age gender level,3
selection peer review responsibility,3
subjects experiment used,3
theories plausibility explanatory adequacy,3
privacy risk,3
sons behalf institution engineering technology,3
research numerous advantages,3
dissent age constitute,3
level education identified,3
1981 john,3
strategic conformance interface representation,3
despite employing substantially platforms face,3
males hold,3
mentoring measured,3
expectancies conditions,3
utcs include expansion branches,3
probability observed,3
methods proposed,3
implications social,3
directions future,3
applied path comparison analyses compare,3
researcher guy hoffman takes,3
wiley sons,3
warmth competence affect customer,3
appraising scientific theories,3
visibility security,3
practical implications,3
modeling used test proposed relationships,3
challenges opacity algorithmic processes,3
data driven methods digital,3
method data analysed,3
research engineering 2021,3
li xia,3
human intervention component flexible,3
explanations particularly effective revealed,3
2000 simi 2000 software,3
paradigms fostered advancement digital,3
taylor francis,3
reveal algorithmic transparency perceived,3
subjects responded,3
2024 wenbo,3
transition type,3
threshold transparency starts backfire leading,3
explanation conducted subjects experiment 32,3
study participants 32 played card,3
despite large numeric shifts trust,3
types stage warning vs,3
include disagreements best,3
interaction quality credibility,3
automatic control hosting,3
literature review,3
conduct war,3
empirical findings foundations theoretical framework,3
policy using transparency,3
design personnel,3
findings provide useful insights,3
experiments minefield,3
international federation,3
13 assumptions,3
warmth voice,3
2024 taylor,3
study human worker,3
transparency feedback variable based,3
design methodology approachan online survey,3
remains controversial,3
information technologies,3
kraus payre,3
participated simulator,3
wintersberger martens,3
walker forster hergeth,3
life important determine user competence,3
study conducts factorial randomized,3
sales randomized field experiment,3
important constructs understanding,3
uk limited,3
retained step content validation,3
65 items capture constructs,3
samples data,3
survey collected,3
reliability validity tests second,3
study analyzing 372 responses users,3
quasi laws concerning categorisation induction,3
theoretical assumptions investigated comparing operators,3
results confirmed proposed construct model,3
31 items retained,3
ais senior scholars basket journals,3
17 trials,3
participants structural equation,3
included corresponding,3
systematic review papers,3
387 va users usa,3
costs benefits providing decision,3
leading issues transparency,3
interface representations differently,3
perceived used interface,3
methods perspectives achieve goal,3
usa using survey administered,3
effort included,3
research explores,3
future scholarly investigations,3
auditory explanation,3
type introduced,3
briefly discusses potential implications regarding,3
structural equation model,3
use cases,3
paper questions view critiquing,3
investigated human,3
hands free,3
survey administered amazon mturk,3
cleaning retained final 318,3
research model,3
auditory explanation,3
gig platforms,3
method participants watched video,3
data poses challenges,3
understanding ofavexplanation conducted,3
llc springer nature,3
experiments using different types,3
research model tested large,3
groups 18 19 people participated,3
subjects experiment 32 participants,3
survey 269 uk business,3
unclear modality,3
investigated human,3
science technology,3
data cleaning,3
2022 association,3
information science,3
broader implications projection society,3
use attitude data privacy willingness,3
methods contribute,3
implications design automotive hmis,3
study aims,3
long standing areas inquiry particular,3
investigates age related distinctions,3
information quality fit,3
categories internal,3
lack transparency,3
research findings make theoretical practical,3
detection resolution future atc,3
speculative design affirmed exploring existing,3
taylor francis,3
workshops analyzed,3
critical reflection,3
integrate multi level research,3
design process hmi asb help,3
comparison consequently,3
years characterized,3
integrated conflict,3
discuss findings,3
decision making results previous online,3
thirdly concepts asb resulting,3
structured interviews cognitive absorption,3
disappears human machine interface hmi,3
1204 conflict,3
education especially rural areas,3
interfaces discussed considering users cognitive,3
benefits korea,3
explainable artificial intelligence xai,3
implications arising findings,3
resources related,3
research endeavors catalyzes realization future,3
related article,3
hmi information exchange,3
vice versa,3
meaningful theoretical,3
concluding section,3
discusses theoretical practical,3
article visit,3
institutions botswana,3
study contributes theoretical,3
approach provided,3
machine interface,3
explanation comes,3
infrastructure digital disparities developing countries,3
literature sociology distributed,3
experiment replicated,3
content creation gather vast quan,3
study attempted,3
asia pacific,3
exploratory study develops dik applies,3
authors declare,3
qualities information technology,3
2013 1731,3
llc springer nature,3
authors cited,3
approach used,3
offers simplify content,3
research areas influenced changes,3
participants instructed perform simulated atc,3
tities data apply business,3
half respondents think,3
mbse literature adjusting,3
2024 international,3
parameters human based analyses greatly,3
historical perspective,3
underscores age specific preferences extreme,3
inquiry particular,3
reviewed research themes theoretical foundations,3
method seventy participants took,3
studies employed methods,3
explanations correct edibility assessments,3
implications systems,3
declare conflict,3
engineering mbe,3
trial participants performed,3
human verified results,3
case study,3
investigation develops theory desirability,3
method participants evenly,3
designed data,3
research investigated issue,3
explanations outperformed participants,3
varying design,3
issue context,3
attribution based example based visual,3
public policy,3
experiments analyzed,3
article review recent findings machine,3
optimistic view current law,3
collecting data 518 participants,3
information systems major research streams,3
aim research study address,3
survey sample 451 respondents,3
model based valid survey sample,3
focusing required competencies hrd perspective,3
research trajectories,3
platforms financial,3
insights better integrating,3
shown divergent,3
conflict detection resolution,3
making study algorithm transparency,3
study uses self,3
present major research,3
interaction quality respondents possess following,3
approaches regarding topic discuss trends,3
policy management implications,3
412 validated responses service industry,3
hrd scholars paid considerable,3
manipulated type,3
resource development,3
research shown,3
uk limited,3
survey australia,3
age constitute important boundary conditions,3
reasoning projection hmi trusted,3
2012 431438,3
sci 2012,3
related article,3
sample 451 participants,3
analysis based sample 613 users,3
address gap provide insights,3
insights mediator experimental manipulations,3
article visit,3
human machine interfaces,3
resources related,3
necessary achieve,3
automation transparency,3
ads calibrate trust,3
provide insights area,3
lack research determinants,3
analyze valid survey sample,3
young rapidly growing body research,3
satisfaction perceived warmth competence,3
questions area,3
uk limited,3
consistency validity,3
333 workers compared participants reactions,3
data human intervention,3
correlational effect sizes,3
electronic markets aspects privacy,3
analysis smartpls,3
advance research human,3
structural equation modelling,3
data verify,3
opacity doing mismatch underlying strategy,3
issue triggered new debate,3
study 410 participants,3
hat performance,3
future distinguished seamless interaction,3
factors literature intelligent systems reviewed,3
2024 taylor,3
observed human,3
data analysed using,3
2024 taylor,3
huge volume data,3
test model populations determine,3
research 11 statements,3
modeling study examines responses 554,3
modeling technique 372 respondents,3
increased transparency afforded,3
researchers practitioners learn,3
study offered theoretical practical implications,3
experimental data,3
methods gain deeper,3
future research using,3
second classic dik pyramid data,3
interview data ai,3
bootstrap methods study validates,3
smart pls software employed analysis,3
method used meta,3
transparency effects,3
sizes 16 studies provided,3
correctness approach,3
personality calculative institutional,3
undergraduate students future research test,3
improved viewing hmi statistically,3
people 233 countries territories,3
society maximize acceptability reliability artificial,3
findings results,3
2012 wiley,3
discussed study,3
implications discussed,3
contributions design,3
consisted 259 female,3
research agenda,3
saudi arabia expanded utaut,3
additionally lays research,3
multi method study consisting analytical,3
effective hmi,3
acceptance including ethics privacy considerations,3
personality frameworks proposing ca,3
brand website personality,3
initial pool personality traits final,3
article introduce concept,3
procedures theory selection model development,3
introduced concepts,3
method ninety undergraduates used submarine,3
2011 human,3
future research,3
syst eng,3
technologies hrm domain attracted significant,3
2024 taylor,3
labels described,3
behaviors society relatively small data,3
cyber physical lab experiment,3
study systematic literature review motivation,3
experiment participants performed reconnaissance,3
resources efficiently possible order achieve,3
responded quickly,3
responses collected experimental,3
approacha survey administered sample,3
new paradigm unleashing extraordinary,3
item personality inventory artificial intelligence,3
individuals aged 18 51,3
tools techniques hr functions,3
job characteristics personal variables,3
502 valid responses,3
systematic literature review,3
slr bibliometrics analysis conducted identify,3
use available resources,3
platforms suggest products media content,3
copyright 2012,3
systematic scholarly,3
waste computing resources,3
code additional resources https,3
commercially available companion,3
distinguishing various,3
privacy concerns affecting various social,3
test commercially available,3
code additional,3
novelty seeking,3
various subcases,3
hmi proposed support driver,3
refer project,3
insights provide,3
complex multidimensional,3
efficacy human machine interface,3
simulator samples condition voluntary,3
insight potential safety,3
technologies information practice remain largely,3
taylor francis,3
uk limited,3
data driven information revolution,3
computer science,3
key intellectual contributions,3
seam 10 20 years,3
experimentation introduced,3
ago science,3
science fiction,3
copyright 2021,3
implications technology argue,3
2014 copyright,3
state research,3
safe relaxed,3
gaps misinterpretations ai,3
review scientific literature published,3
sample articles contribute production specific,3
results confirm need differentiate individuals,3
structural equation modelling,3
juries scientific,3
keywords identify popular topics,3
2021 biancardi,3
future research addresses open questions,3
methodology approachthis article takes,3
release source code,3
set challenges information systems,3
2024 human,3
seven dimensions study,3
experts policymakers,3
desire benefit advantage,3
taylor francis,3
graded experiments binary experiment,3
assisted surgery,3
presents types research,3
cmes suggest research,3
published license,3
data labor critical value,3
2024 author,3
future work,3
robust flexible designs type computational,3
china collected time,3
evolution highlighting avenues future,3
teams hats communication,3
journal management,3
future research trajectories,3
theoretical underpinnings gaps important,3
hats different performance,3
gardening paperwork,3
theoretical practical implications,3
studies examined human human,3
divergent validity related,3
responsible design,3
proposed 1950,3
experiment cues,3
systems shaping sme,3
furthermore research,3
issue psychological perspective,3
isr assets task manual decision,3
future research,3
involving 364 sme owner,3
previous research,3
theory prior,3
unjustifiably optimistic,3
results discussed,3
data training testing,3
systematic review vast interdisciplinary,3
performed simulated rapid retasking,3
insights effects,3
naturalness artifacts fueled continuous advances,3
noor siegel,3
elicited specific,3
manufacturers credit work valuable threefold,3
exploratory case study different german,3
depth laddering interviews revealed,3
results discussed light,3
explanations induced,3
test originally proposed,3
source human oriented,3
different framings,3
conclusion hat,3
performed secondary divided,3
recent release,3
conducted including samples 246 495,3
reliability assured important understand effects,3
design systems,3
practitioners hfps play,3
uses result,3
good validity,3
respondents evenly,3
sample representative age,3
2023 copyright held owner,3
required intervention,3
designers utilize prediction tasks,3
maslow pyramid,3
conclusion review conceptually,3
research theoretical,3
copyright 2021,3
2021 kassens,3
architectural design role,3
requires traceability automated decisions,3
copyright 1982,3
taylor francis,3
uk limited,3
users experience explainable ai,3
results revealed subtle wording,3
continue interact humans interfaces,3
release tools,3
users private lives professional ones,3
perspective development,3
helping early stages design,3
paper review type,3
international association,3
type modality,3
tested octoparse,3
actionable insights businesses suggesting emphasizing,3
60 males,3
london limited,3
separate research streams far analysed,3
hrm identifying research gaps,3
hci human machine interface,3
personality traits,3
theoretical practical,3
history boom bust,3
experts research development business functions,3
overview academic,3
common given literature,3
technology lens incorporating data,3
scientific philosophical,3
theoretical research contains,3
eligible published,3
conventional methods,3
survey involving,3
measurements trust reveal,3
parasuraman et,3
centric design principles researchers engineers,3
implications dominance,3
method articles books,3
inconsistent view ai hrm,3
final verdicts,3
2024 taylor,3
reliability subsequent impact human,3
internet search reviewed,3
human interface represents,3
issues ai explainability,3
salient problems converge make especially,3
cited works obtained,3
piece research provides overview,3
nuances applications,3
theoretical discussions applied research generative,3
2010 springer,3
pathways evidenced various,3
research synthesizes insights evolutionary biology,3
study represents novel attempt,3
human resource,3
mid 20th century current literature,3
current literature offers inconsistent,3
analysis decision selection,3
human machine interface developing,3
methods better integrate human,3
crane operations presented validate,3
modelling used test hypotheses,3
capability perceive personality traits human,3
experiment conducted 40 participants randomly,3
body research,3
respondents demographics,3
trust conceptualized calibrated measured taking,3
underscore importance tailoring hmi,3
study conducted,3
total 1025,3
information discussed article,3
summarize findings,3
potential implications trust calibration provided,3
throe phases,3
studies total,3
lead management,3
results human managers want exclude,3
hri static varies dynamically complexity,3
trust hri including,3
interviews helped,3
age partial,3
relationship interactivity information quality customer,3
simulations motor cost,3
2024 copyright held owner,3
2024 human,3
tlx items involving introspection remained,3
interface infotainment systems automated,3
experiment conducted experimental warehouse environment,3
published license,3
according literature,3
data used,3
using subject design participants,3
publicly available,3
used article,3
based robustness,3
machine reliability,3
diffusion model simulations response prompt,3
implications followed future research,3
use 45,3
participants assigned pick 77 products,3
taylor francis,3
respect final,3
structural attributes extracted characteristics,3
collected portuguese,3
practices human resource,3
transparency widely reported,3
studies focus,3
perceived warmth customer artificial,3
understanding canadian data scientists self,3
effect ascription warmth,3
technological attributes motivational,3
policy discussed,3
scholarship practice,3
developed field specific approaches understanding,3
future research gives examples fruitful,3
authors variety fields especially human,3
interview delineate,3
large chunks life,3
observed general,3
automation transparency improves accuracy,3
explanations presentation modality auditory,3
academic world,3
information technology advances prevalence,3
students evaluate developed model,3
competence agency ascribed,3
review theory demonstrates little research,3
mixed design usefulness high vs,3
years old 20,3
avenues service,3
taylor francis,3
spss 22,3
core self evaluation,3
field study conducted india study,3
experience sampling field,3
focus human contribution common investigations,3
conclude discussing,3
ways study connections,3
future work hybrid,3
theoretical practical,3
total 120 participants,3
security transparency,3
needs privacy,3
hri research,3
lack transparency regarding algorithmic outputs,3
dermouche pelachaud,3
additional resources,3
implications work,3
critical systems,3
copyright 2020,3
data critical systems development challenges,3
use noticeable skepticism,3
spanish university,3
online platforms china,3
39 exploratory interviews develop research,3
engages 28 participants refined,3
user perspectives,3
2020 human,3
interviews 10 participants laying foundation,3
digital twins,3
taylor francis,3
published license,3
information improve transparency adapting reliability,3
2023 taylor,3
past decades,3
taylor wang,3
methodology approach work,3
copyright 2023,3
experimental studies evaluated type,3
phase study,3
survey resting collaborative perspective human,3
survey answered workers public,3
semistructured survey,3
methods mathematically rigorous grounded relevant,3
driver characteristics structural equation model,3
proposal unification standardization translate different,3
took study,3
participants experiments,3
data performed using structural,3
uk limited,3
design methodology approach future customer,3
survey algorithm transparency improve service,3
transparency communicates calibrate,3
given reliability,3
inferred correctly using proposed,3
subjects data critical,3
trust 2024,3
remarkable potential revolutionizing educational,3
experiences conceptualized dimensional space low,3
information technology,3
hot topic,3
regarding applications,3
expectancy largest effect size,3
employed data,3
south african workforce specifically,3
valid responses verify proposed,3
responses based solely visual,3
designers gain deeper understanding underlying,3
safari trip leaving beloved cat,3
cat home making use,3
technology digitalization offer,3
paths significant,3
caused design features technologies,3
argues discrepancy potential reality,3
assumes use depends,3
showed hypothesized,3
results showed,3
highlight concrete feasible steps consumers,3
survey researchers,3
research agenda brought,3
according results theoretical framework suitable,3
study broad implications scholars,3
defines angled research plan,3
members introduced,3
proposes theoretical framework customer journey,3
opportunities challenges education,3
presents research agenda dimensional online,3
online search,3
problem especially,3
transforms dimensions society,3
new human,3
presents problem,3
teaming hat,3
humanlike best method humans,3
additionally structural,3
disuse lss insufficiently,3
practical implications,3
extent explanations improve,3
method adapts triplet competence,3
advanced human,3
privacy risk ppr,3
critical decisions,3
method discover possible conflicts,3
software engineering poetry,3
study investigates relationships perspectives human,3
evaluating humanai,3
hri fluency,3
conclusion results,3
article finishes,3
interface remote multi,3
significant research exists interfaces,3
interfaces hmis undergoing major change,3
transparency factors affect inter,3
evolution necessitates robust,3
set design recommendations,3
based user studies involving,3
llc springer nature,3
present results,3
survey 300,3
design future research,3
sci fi fan,3
positivism instant rewards inappropriate,3
evolved recognise,3
idea misuse disuse,3
sculpt everyday,3
consecutive days resulting cat,3
resulting cat death,3
hat provide guidance future,3
essential resource industry,3
cav hmi integrated fully,3
group design implemented,3
accuracy consistency analyses information collected,3
enjoy working,3
method consists environment human,3
study taken demonstrate evaluation,3
hra methods,3
author exclusive licence springer,3
switzerland ag,3
springer nature,3
consensus numerous situations continue,3
amplifies risk known local rationality,3
crm synthesizing current state exploring,3
data privacy concerns,3
interventions broader organizational context,3
organizations privacy,3
problems broader framing reveals,3
comprehensive approach study analyzes,3
world personal data markets corporate,3
engineers need,3
theoretical frameworks empirical findings practical,3
public policies,3
firms feeling ai,3
uk limited,3
sought investigate associations,3
germany china potentially replicable cross,3
personal data security machine,3
policymakers developers business owners,3
study help various stakeholders,3
age openness,3
assessment obscures problems broader,3
responsibility character traits make,3
evolving digital landscape,3
based applications assisting,3
systems distinguishes universal personality traits,3
conformity communication,3
strategic management journal published,3
reviewed scientific,3
scientific literature,3
research areas,3
journal published john,3
design science research,3
scientific discovery,3
teaming hat analyzed,3
scientifically practically relevant,3
intensive guideline based,3
interviews 28 experts different,3
topics discussed,3
able meet practical requirements,3
hat postulated,3
concept hat hardly applied field,3
adopting meta scientific perspective,3
john wiley sons,3
future research,3
micro macro,3
tend rely static representations human,3
designed completed 567,3
experiment designed completed,3
567 participants,3
2024 kelley,3
video recorded journeys hmi,3
digital leaders comprehensive tool,3
insights checklist provides digital,3
survey based research approach investigate,3
inquiry ranging computer science,3
2020 human,3
copyright 2020,3
assumption does hold complex,3
usually better simpler ones,3
explainable artificial intelligence,3
integrated novel user interface concept,3
development online comments various,3
approach designing,3
interface situationally manage information,3
better guide,3
use facial recognition,3
privacy high data dependence nature,3
users data security,3
investigate personality trait sets motivate,3
identify necessary traits combinations,3
ai agents metaverse focusing ability,3
springer nature,3
performed survey,3
survey france,3
hand privacy concerns,3
exclusive licence,3
future research outlining,3
methodological approaches,3
concludes proposing promising avenues,3
account management,3
experimental protocols,3
algorithms purposes explainable artificial intelligence,3
regarding results experimental,3
grounding allows identify divergences,3
present novel salience techniques,3
2021 author,3
platforms like epic games,3
university technology,3
2022 budapest,3
method concept formation,3
inherent difficulties designing effective human,3
conflict scenarios,3
2022 copyright held,3
uk limited,3
benefits society potential,3
little systematic examination sociotechnical sources,3
central perceived advantages growth,3
reports systematically analyzed,3
regional association,3
2024 regional,3
responses individuals used digital,3
hmc approach necessary address,3
collected extant published papers theoretical,3
information systems ciss,3
asvs approach,3
research supported fact present business,3
makers future research agenda researchers,3
research analyses,3
processing recent literature caused,3
copyright 1991,3
metaverse evolving demands,3
application adaptive learning optimizing,3
theoretical constructs offering insights adaptive,3
age important older respondents,3
thinking gender categorization influences,3
epic games altspacevr instead analyzes,3
expected related,3
new interventions existing,3
important future research need,3
research agenda address gaps,3
make credible regarding results,3
experiment collect behavioral data characterized,3
results experimental research polls algorithm,3
designers evaluators,3
respondents finally responded,3
study provides,3
empirical research structural dimensions measurement,3
mennens mark steins dominik,3
2021 gaby,3
odekerken schröder kars,3
hrd loop means addressing,3
findingsall constructs,3
explainability seen,3
able explain,3
provide comprehensive,3
comprehensive survey existing,3
review previous work explanations different,3
expectation confirmation model,3
based method comprises main steps,3
knowledge required researchers interested explanation,3
guidance designing interventions aimed improving,3
success vital,3
81 included experimental,3
380 effect sizes,3
using level meta analysis handle,3
affect successful hri appearance,3
science anthropology,3
interface controller,3
base research results multiple fields,3
empirical research needed investigate mediating,3
hypothesized initial,3
grounded theory investigate dimensionality,3
defining implementing features including transparency,3
data collected customers 108,3
good level validity,3
review provide,3
lack consensus regarding key findings,3
external validation,3
scholarly disciplines resulting lack,3
research contributions,3
avenues future,3
research discussed,3
personality traits,3
integration qualitative,3
data privacy challenges replacement human,3
effective human,3
metric framework evaluating human,3
designs proposed,3
casual restaurants males perceived,3
competitive advantage firm,3
information analysis decision action,3
designed fair,3
ibl model observer distinguishes previous,3
transparency capability achieve transparency adaptive,3
survey methods used,3
taylor francis,3
types different,3
information technology,3
implications pose new,3
literature review established fields,3
regarding digitalization,3
research discovered shape design interaction,3
guidelines achieved,3
reliability comprises 22,3
limited resources avoided,3
certain personality,3
times digital systems play increasing,3
designed participate close quarters,3
research related expectations,3
taylor francis,3
warmth competence,3
model impact hri,3
personality plays,3
long list questions practical online,3
traditional approaches personality,3
data perform,3
use universally available data,3
data source online personality,3
connections personality preferences mouse,3
implications future,3
multichannel sampling great,3
implications future design development,3
author exclusive licence springer verlag,3
discuss results,3
research model,3
study examines,3
participant age played role,3
av policymakers,3
management hrm,3
based structural equational,3
sociotechnical failures discontinued,3
working firms located delhi ncr,3
data collected 210 hrm,3
uk limited,3
increasingly popular way studying human,3
apparently opportunistic attempts provide rhetorical,3
1987 john,3
recruited divided subpopulations age gender,3
online survey,3
examine conducted,3
available works,3
copyright protection,3
australian philosopher raimond gaita argue,3
january 2022 user trust,3
dilemmas problems particular,3
review analysis,3
park et,3
based findings comprehensive conceptual,3
tested validated various contexts,3
convergence results appears clearly,3
results appears clearly transparency,3
research avenues,3
copyright 2025,3
licence institute applied,3
informatics university,3
wiley sons,3
paper explains,3
explains reason,3
frequently depends people abilities constantly,3
machine interface hmi following functions,3
use explained,3
trials participants chose engage,3
respond external human machine interface,3
avenues research,3
participants evaluated human,3
augmented reality according transparency principles,3
investigates automation transparency ensure,3
interface ehmi,3
clear individual,3
revealed advertisements rational appeals,3
rational vs,3
approaches user interface design help,3
theory alternative method deriving mappings,3
scholars retail,3
cycle disruptive change financial,3
financial services industry,3
39 elderly,3
factors literature review expert opinion,3
probes phenomenon examining,3
perceived security,3
despite benefits cdas,3
financial literacy affinity technology,3
consumer panel survey,3
study challenges conventional,3
2024 taylor,3
trust calibration poses significant,3
information reliability issues,3
tors different,3
skin response gsr heart,3
banking sector incorporating insights psychological,3
crafted design elements,3
clear theoretical,3
benefits improving,3
impact interactive design,3
article holistic,3
systems increasingly come explanations behave,3
sample users previously engaged,3
design linguistic variance human characteristics,3
decisions aid opaque predictions,3
finalized interface design sa cognitive,3
engaged deliberately abstract,3
study laypeople engaged deliberately,3
provides theoretical practical insights,3
claim depends,3
method participants recruited,3
policymakers use study,3
design help people effectively manage,3
perspectives expectancy confirmation theory,3
experiment required initial,3
evaluated users comparison human,3
humans interact information systems,3
icas revolutionizing humans interact,3
obtained 610,3
analyzed data,3
different designs presented groups,3
authors licensee,3
2023 authors,3
humans happens va openly discloses,3
implications remotely operated,3
miller salomon,3
2021 schoeller,3
363 participants,3
copyright 2021,3
2019 national,3
affections personality basis human,3
carry conflict reconciliation,3
sources including academic journals,3
implications results,3
taylor francis,3
neuroscience improving design human centered,3
data 550 potential consumers india,3
conclusion discuss,3
malaysian university students experience using,3
total 360 undergraduate students,3
discuss practical,3
older participants did experience protective,3
uk limited,3
et al,3
final results,3
integration design thinking techniques,3
involved envisioned forms digital air,3
interface performed best,3
modeling financial ai,3
auditory interface,3
copyright 2022,3
2022 human factors,3
future data link systems procedures,3
paper contributions double,3
venture capitalist,3
hrm contribute variability,3
based solutions financial brain aims,3
showed overall,3
terms rasmussen,3
growing demand talents application,3
characterized globalization openness competitiveness,3
new information technologies,3
publicized examples creative works prose,3
data ngsim dataset,3
396 accountants romania use,3
achievement contradict conclusion,3
aspect human resource,3
mentioned paper partial,3
llc springer nature,3
historical points mentioned,3
theoretical foundations accountable explainable artificial,3
computer science,3
results demonstrate user specific,3
thailand growing demand,3
transparency improve accuracy automation,3
hmis particularly older adults informing,3
participants selected optimal uv,3
using data field experiment,3
available literature evaluated,3
transparency responsibility,3
ethic types digital business,3
methods suggest,3
research articles identified,3
data analytics increase quality,3
study conducts bibliometric analysis,3
llc springer,3
prior approaching human,3
article collected 413,3
adoption human resource hr managers,3
benefit participants provided,3
research discussed,3
theoretical practical implications,3
marocco tricol,3
uk limited,3
2021 talamo,3
outcome variable did interact transparency,3
pressure failed disallow intervene,3
hri decisive humans,3
significantly improving living standards,3
fictional production scenario,3
information indicated trial,3
copyright 2021,3
detect conflicts especially time pressure,3
attempt elucidate expected modeling,3
conflict scenarios occur,3
conflicts likely missed,3
information systems distributed,3
design development process,3
introductory calibration,3
sampling method collect total 360,3
increase representativeness sample,3
quality information interaction mode,3
canadian organizations answered,3
sample quota,3
using user study psychological characteristics,3
expected additional loss caused,3
size survey,3
approach improving friendliness warmth virtual,3
empirically verify newly developed theoretical,3
response statistics 26 231 people,3
transparency deception,3
uk limited,3
emerging intellectual empirical limitations,3
approaches empirical studies end users,3
education healthcare industry suggest,3
interface humif,3
students participated experiments,3
methods value creation,3
huafen club xiaomi,3
data collected 528 respondents huawei,3
offer important insights developers,3
wen zhang,3
copyright 2022 wen,3
employs stage design surveying business,3
results revealed,3
theoretical empirical models affect human,3
interventions driven algorithms,3
style directive,3
propose positive associations armc organizational,3
transparency plays,3
required obtain,3
assessed verbosity disfluencies indices,3
taylor francis,3
graphical user interface gui,3
factors modality policy explanation shown,3
explanations reinforcement,3
worked working,3
applications authors worked working,3
referred credit,3
concern applications,3
result inappropriate auds,3
process divided,3
safefy critical,3
identify new areas inquiry,3
critical domains employ,3
anova used,3
mixed design,3
definition standards design guidelines integrative,3
aes reported related literature,3
theoretical practical,3
job characteristics competence,3
intelligence companies china received 319,3
july 17,3
type narrative,3
survey conducted,3
ad type,3
capacity selected applications based decision,3
simulated adaptive,3
collected data,3
sampling method adopted based,3
explains end user,3
using path,3
use information technology explanation theory,3
performed samples high sa,3
static sense,3
research community efforts,3
explanation based knowledge limitations,3
benefits team environment,3
transparency processes,3
standards implementation explored,3
manipulate data generate information,3
mold dominating scientific technological,3
contribution current research development hierarchical,3
calibration effectively traditional transparency approach,3
journal content,3
demonstrated adaptively presenting tcc,3
explanation reasoning,3
design human,3
formal definition improper trust calibration,3
case connection information,3
discuss implications,3
concerning problem quality measurement human,3
poorly calibrated,3
performed systematic search relevant databases,3
2024 alessandro carretta,3
cucinelli lucrezia fattobene lucia,3
results researchers practitioners,3
explain differences,3
concepts area,3
paper ask holistic,3
calibration high transparency conditions perceiving,3
instrumental variable stage,3
assumptions portuguese participants,3
subjects measure pas financial,3
approach capture,3
model associated hypotheses developed based,3
strong explanatory,3
model associated hypotheses developed based,3
lab experiments,3
insights suggestions organizations,3
wave survey based study,3
motivate new progressive disclosure,3
survey based study test model,3
data analysis conducted using spss,3
interviews sampled set conversational,3
discuss implications,3
design safer automated,3
calibration risk analysis,3
results reveal significant,3
aim aiddm,3
dynamism ed,3
study helps enterprises leverage,3
results involving 21 participants demonstrating,3
2022 chen,3
copyright 2022,3
esperança wang,3
2019 human,3
study sveral,3
previous findings,3
contributions literature,3
discuss research design implications,3
sl concept rti typical,3
calibration risk analysis,3
discussed utilized 101,3
transparency human performance related,3
results involving 21 participants demonstrating,3
experiment discussed,3
italian subjects,3
used ancova,3
compared bank employees,3
research endeavours,3
identify trends data,3
broader thematic,3
finally discuss future research directions,3
outputs involving end users development,3
implications design,3
key findings practical,3
copyright 2022,3
2022 human factors,3
science traditionally,3
potential benefit,3
taylor francis,3
transparency human performance related,3
practical implications,3
explainability performance ai,3
discuss theoretical,3
achieve calibration trust,3
conducted test,3
studies conducted,3
royal society,3
transparency reliability levels significantly,3
agent transparency explanations,3
scientific account explain,3
explained variance,3
implications findings,3
use 38,3
resulted 60,3
computational scientific,3
reject functionalist interpretations,3
finally discuss,3
behavioral data performance,3
run model simulated overall trends,3
performed simulation,3
experiment online platform compare suppliers,3
facial detection recognition,3
critical perspectives,3
developing research,3
mean effect size,3
phase pepper,3
studies investigate,3
took action explanation,3
disciplines theories financial customer service,3
predominantly focused internet banking,3
financial advisory experts artificial intelligence,3
educators promote balanced,3
design methodology approach study builds,3
insight interplay personality traits,3
collected survey 203 employees,3
explanation request permission,3
experiment 40 participants,3
examine conducted mixed design,3
students mage,3
explored question investigating way humans,3
method data collected,3
results humans want exclude,3
collected 958 university,3
comprises various schemes generic,3
remain unclear,3
participants accepting male,3
general decline genders,3
investigation technological,3
providing explanations approach facilitating av,3
encompasses just,3
designs need overcome,3
conducted factorial design experimentation based,3
impact big personality traits,3
support transparency,3
technology attributes,3
perceived security,3
utilizing smartpls3 software,3
subjects experiment corporate,3
discuss implications decision makers,3
corporate information technology support,3
received transparency actually negative,3
unifications unrestrained,3
reliability operators,3
conversion resulted high online activities,3
artificial intelligence,3
focusing rendering ai decisions transparent,3
validating research model,3
latitude play important,3
primary data collected consumers,3
consumers developing economy india tested,3
offers explanation paradox showing benefits,3
areas believe,3
understanding added,3
research service,3
conclude outlining research,3
benefits challenges,3
principles imt use design probe,3
objectivity transparency worker related decision,3
human resource management posit organizations,3
perspectives domain experience helps,3
research agenda proposed basis conceptual,3
surpassing human experts,3
design technological artefacts disciplines dealing,3
position statements elaborated,3
future science focused especially,3
used test,3
research model,3
applications work everyday,3
digital era negative consequences,3
digital orientation digital innovation,3
advocacy campaign revealing effectiveness shifting,3
proof concept implementation simple,3
metric comfort,3
prior work taken techno,3
information technology ways,3
calibration lies presence person loop,3
algorithm evaluated assessing human,3
human resource management hrm leaders,3
conceptual review extant,3
calibration driving functions performed,3
golgeci imran ali,3
arslan cary cooper zaheer,3
findings discussion,3
represented perceived competence creative,3
additional issues,3
discussion set,3
set additional,3
library personal financial,3
validating research model,3
moderators drs isabella seeber lena,3
demi sesquicentennial 75th,3
perceived security,3
participant interviews suggest highest experience,3
panel discussion moderators drs,3
human capital resources blurs predicted,3
digital entities effectively,3
organizations increasing opacity,3
artificial intelligence,3
belief presume behavioral performances instantiate,3
research agenda proposed basis conceptual,3
largest accounting,3
scrutinized additional information provided,3
rated uv usable,3
review propose integrative framework,3
finally considers additional,3
intervene transition,3
tackled future research,3
methods participants selected optimal,3
surprising result general,3
digital dementia,3
1250 consumers data,3
knowledge developing research hypothesis,3
data evidence fearful,3
previously transparency form additional information,3
background benefits,3
variety approaches applying,3
approaches applying,3
automation transparency experimentally,3
experiments directly comparing adaptable,3
copyright 2021,3
2021 human,3
hri scenarios,3
privacy security matter adaptation,3
systems results compare information technologies,3
specific metrics,3
fodor argued,3
results payment,3
article draws recent discourse analytic,3
path coefficients significant,3
proposal correct,3
crown copyright commonwealth,3
human resource,3
present study carried simulated computer,3
tackled future research,3
digital dementia,3
approach authors conducted exploratory,3
value authors paper,3
conformism discuss,3
wooldridge book account,3
hr bp,3
finish discussion mind,3
conflict detection,3
research gap combining,3
partly contradict,3
karasek 1979,3
analysis china india new zealand,3
undergraduate students,3
experiments conducted,3
conducted 216,3
human systems integration hsi,3
suggested human reliability improved,3
prodec supports hsi improving,3
design development time sociotechnical,3
prodec used validated mohican,3
paper develops tests model based,3
figurative tangibility,3
sociotechnical needs envisioned work,3
opportunities derive way digital,3
2022 crown,3
commonwealth australia,3
explanations behavior make reference mental,3
provide guidelines scientists,3
paths proposed model,3
online survey 281 investigated technological,3
explainability key functionalities,3
design recommendations,3
field studies uncontrolled,3
building previous academic literature topic,3
future research agenda,3
provides synthesized insights design,3
robustness adaptability based claim right,3
investigation area,3
directions proposed,3
simulation results human involvement,3
offers insights future research,3
insights integrating hi,3
concept designs hitl,3
various digital humans,3
enhance understanding use external interfaces,3
violation theory sphere,3
conventional interfaces keyboard,3
gender citizens different experiences,3
financial industry banking,3
engage resistance,3
approach study used convenience,3
sampling approach,3
used convenience nonprobability,3
technique utilized,3
utilized data,3
data 822 mobile banking users,3
attitudes reactions genai based financial,3
driven financial advice,3
findings evolution expectation violation,3
interfaces field,3
end users systematic literature review,3
temporary personality shaping,3
data gathered 330 staff,3
painting experiences data collection,3
cpc did,3
future research,3
research endeavour demarcated,3
design methodology model applied navigation,3
framework human machine interface hmi,3
making design decisions improving human,3
foundation claim algorithmic,3
key design elements assist,3
said digital,3
interfaces seen,3
data used secondary noncontextual,3
according post experimental,3
experimental interview,3
items dsp,3
time external,3
exploratory analysis user,3
essay concludes,3
av external interface did change,3
various kinds occupy just niche,3
reflect actual usage traditional surveys,3
tools measure hopes expectations,3
technology relations validated scale efficient,3
human lives involved extending educational,3
generates new research questions,3
panel mounted,3
oz method used experimenter,3
models increasingly information systems,3
formative indicators mh,3
inclusion extra modalities,3
society prompts rethinking multiple relationalities,3
dimensionality exploratory,3
availability types,3
study gender,3
experimental group,3
survey collected data 228,3
subject design using,3
education particularly used,3
options considered transaction costs,3
robust attribute complexity,3
total 398 responses,3
intervention based consider,3
anthropomorphic platforms,3
platforms promotion really,3
explainability use,3
topics future research resulting,3
transparency contributes lack,3
experiment averaged behavioral performance,3
overview method required apparatus associated,3
present study aims,3
techniques provided,3
treasure hunter human uncovers,3
wargaming scenario freeze probe queries,3
message production explainability,3
applicable designing intelligent,3
using pls,3
characterize satisficing using cost,3
field explainable ai,3
tested using,3
taylor francis,3
experiments different,3
hrm organizational,3
tested structural,3
rota additional,3
additional individual,3
conducted dividing samples,3
surveilled data infrastructures shaped,3
ended survey,3
items derived explication open ended,3
studies combined 1129,3
filter resulted,3
science publisher llc 2024,3
panel survey site survey wuhan,3
llc 2024,3
applications influence theoretically,3
forefront digital transformation,3
taylor francis,3
job demand resource,3
317 china,3
multisource data 317,3
banking financial,3
service adapt evolving digital landscapes,3
warmth perception svas mind perceptions,3
action research cases formal,3
concerns privacy,3
model simulated,3
dimensions interaction changing artificial,3
wiley sons,3
transparency manipulation,3
sons australia,3
world scientific,3
2020 world,3
policymakers educational,3
2024 john,3
collectivism beneficial,3
interface hmi kind,3
research include confirmation plays crucial,3
design lead computers influential,3
expected dominate banking,3
theoretical practical,3
470 indian banking,3
depth interviews,3
implications av,3
taylor francis,3
publications depth,3
initial items previous,3
knowledge hiding,3
north american,3
dimensions examination compentents elaborated,3
approachthis study validates model,3
vocational education,3
currently private nationalized banks deploying,3
explanation delivery allowing interaction,3
interviews human,3
various digital platforms,3
xinyi zhang,3
provide little insight,3
2024 xinyi,3
sun kyong,3
casa perspective contributing theoretical refinement,3
results online,3
experiment support,3
platforms prosocial,3
relied reliable labels,3
findings logical,3
coded rated researchers,3
xaines project investigates explanation,3
calibration high transparency conditions perceiving,3
future research leverage motivational knowledge,3
provide benefits healthcare,3
2020 taylor,3
experiment pilot participants,3
study provides valuable insights research,3
2008 incorporates determinants information technology,3
peou subgroups including males,3
males pre generation individuals experienced,3
cc license http,3
fees eospf,3
article cc,3
medical examination,3
gio presents study investigated user,3
explanation reasoning,3
result lack metaknowledge humans,3
competence greater,3
theoretical contributions,3
study discussed,3
learning decision making lack explainability,3
explainability going makes human ia,3
proposes manifestor method explaining,3
man machine interface reduces,3
future motion explanations generated,3
problem did exist ablation learned,3
adapted version,3
beneficial opportunities exploited psychological,3
future research streams marketing,3
healthcare including rapid effective treatment,3
research questions forming agenda future,3
2015 advent publications topic captured,3
good reliability,3
data general,3
type personality,3
methodologies actionable insights,3
411 chinese ai,3
observed conditions regardless hmi features,3
exclusive licence,3
suggest human intervention preferred,3
academic field information systems,3
approach development intelligent interfaces,3
prompt test,3
individual used,3
according hmis,3
data individual,3
tend look hmi making,3
understood academics,3
repeated consistently subjects examined average,3
tracking data,3
data decision,3
human machine interfaces,3
hmi message background color,3
presentation modality,3
areas theories investigation approaches discuss,3
spam metrics response,3
smart pls software,3
participants saw fixed simulated urban,3
purpose article propose,3
design algorithms,3
stefano bromuri,3
deniz iren visara,3
automatically analysing data help human,3
human appearing behaving,3
experimental studies,3
reveal mechanisms work opposite,3
author exclusive,3
ideas used,3
information systems concerned large,3
discuss theoretical,3
design adaptive,3
analysis path analysis used systematically,3
existence proof,3
illustrated application,3
conversation initiation personality predictor moderator,3
privacy accountability safety,3
age significantly related themes,3
scenarios gender understanding,3
experimentally reinvestigate,3
paper used analytic hierarchy process,3
results contradicting confirm mediating,3
experimentally results contradicting,3
comparisons based,3
research area,3
results provide,3
reliability rate human reliance,3
extend findings,3
necessary examine,3
data collected online survey,3
structural models assessment,3
analysis research model,3
garg khera,3
2022 jain,3
copyright 2022,3
results analyzed,3
ai hr positively correlate elevated,3
hmi implementation car,3
implications findings,3
professionals multinational corporations mncs information,3
management hrm,3
simulation training analyzed,3
setting reviewed,3
comparative advantage human beings,3
model needs tested,3
50 reliable increased 100,3
experiments used dominant color identification,3
university students,3
recommendation changing 300 trials,3
research organization,3
does include,3
data procured survey university,3
massive amounts data make seemingly,3
affects human resource management hrm,3
human beings critical functioning vast,3
critical review method used,3
current academic debate overly concerned,3
past years ml community drawing,3
responses examine research gap,3
attention need caution interpreting,3
civilization provide insights current,3
discuss important practical implications resulting,3
broader consideration socio,3
minimize reluctance hr professionals considering,3
models developed trained tested,3
experiment groups,3
approach experimentation,3
characterize evolution dm,3
analyse 244 survey,3
extend understanding,3
trustworthy hmt systems operators quickly,3
study reflects,3
foresights based users,3
investigates encounter av simultaneously oncoming,3
findings extend,3
informed policies promote education,3
speculative scenarios demonstrate study,3
protocol constructivist theory,3
paper trace,3
present work,3
2024 american,3
american journal,3
propose ethnographic approach iterative,3
156 compared participants judgments experiments,3
hmt performance conducting,3
study important,3
implications study,3
applied suspicion theory explore operators,3
reliability group,3
study office,3
theoretical development empirical validation,3
based prescriptions,3
taylor francis,3
considering category innovation ventura evolution,3
model hypotheses tested utilizing,3
examines discusses implications internal external,3
using lisrel,3
results path,3
providing explanations artificial,3
47 depth interviews,3
model derived validated experiment,3
experiment 78,3
taylor francis,3
published license,3
millennials countries united states france,3
interviews millennials,3
current explainability,3
conventional design suggested,3
needs shared hat provided including,3
findings provide,3
explainability discussed,3
design saod process described systematic,3
approaches considered particularly advantageous,3
discuss implications,3
provide directions future,3
vice versa,3
literature reviews,3
sources identified,3
tourism journals used identify articles,3
access foundation creative commons,3
data analysed,3
confirmed expectations confirmation expectations,3
variables age,3
hr employees private,3
privacy concerns,3
practical theoretical,3
implications findings,3
vital urgent examine,3
computer scientists try,3
introduced warmth competence mediating,3
research paths followed,3
hrm departments algorithmic,3
stage conducted depth qualitative interviews,3
emerging topic,3
aversion swiss hrm,3
hand peripheral cues warmth,3
identify areas future application study,3
office workers collected data analyzed,3
exploratory research providing deeper understanding,3
interactions heart digital transformation,3
theoretically study extends elm introducing,3
interface technology supporting application,3
interviews study gain insights,3
privacy concerns,3
published license,3
2024 kelley,3
result present,3
marzia del prete,3
indiscriminate sr,3
anymore entirely,3
constituted final sample,3
respondents randomly allocated scenarios,3
articles identified,3
identified database,3
total 7912,3
paper proposes steps aimed effectively,3
papers required,3
friendly 27,3
reviews meta analysis guidelines,3
saviano asha thomas,3
potential avenues,3
research appears dispersed lacks systematic,3
developed test research,3
daniele verderese pasquale sasso,3
approach experimental scenario,3
2022 international,3
management including transparency human,3
operated simulation,3
present educational,3
experiment participants sought advice,3
primarily defined technical cycle,3
results shorter lower quality,3
online reviews,3
actual potential applications research include,3
traditionally forms,3
designs systems require people,3
sr novelty,3
copyright 2021,3
2021 human,3
results indicated,3
covariance based structural,3
association advancement,3
sectional study analysed,3
2025 marialuisa saviano,3
contribute research propositions advance,3
resources necessary achieve business benefits,3
summer workshop dartmouth college,3
computer engineering,3
rates generally calibrated based,3
advice seeking compliance guided stereotypical,3
naturalistic methods needed validate theoretical,3
years 200,3
education employment showed,3
resource management hrm potential,3
concludes discussing,3
higher outperformed users,3
findings suggest,3
user studies propose,3
discussion best,3
based comprehensive,3
2199 participants expressed,3
finance marketing,3
factors practical relevance developing interventions,3
discussion mailing lists administered rediris,3
results study,3
experimental sciences,3
users human centered evaluations explainable,3
perspective applies various stakeholders,3
discussing future work,3
based usage profitable,3
contributes academic discourse identifying critical,3
research address,3
meaningful guideline development,3
study meaningful,3
functional topical use digital,3
incorporated departures rationality assumption,3
scientists researchers discussed,3
human machine interface simultaneously,3
individuals use digital,3
institutional design,3
paper identifies common purposes human,3
paper argue,3
suggest benefits,3
argues assumption,3
ad research commonly undertaken,3
shown research model,3
integration brain computer interfaces,3
platform scholars,3
developing new data structures,3
study online survey,3
logistic regression investigate public,3
design methodology approach survey,3
personality perceptions machine,3
designing effective,3
study replicated,3
article draws insights boyd emphasis,3
loop advance epistemological critique ai,3
innovations constantly influencing complexification automatization,3
central findings,3
age play crucial,3
survey instrument used gather data,3
changes experiencing consider history broader,3
combined approach rated highly comprehensible,3
ended questions conducted senior hr,3
entirely new classes experiments promising,3
layers allow closer inquiry discovery,3
realistic simulated,3
key element,3
holistic approach designing,3
2024 taylor,3
analyzing difference groups,3
questions engage proposal develop sociocognitive,3
research area,3
using theoretical sampling,3
290 human resource hr professionals,3
paper sets,3
review analysis different approaches companies,3
gap providing systematic review analysis,3
important note ai investments,3
advantage enables task,3
joint socio technical systems,3
rapid prototype sasova,3
substantiate claims,3
participant interviews,3
results laboratory,3
proved analyzed constructs,3
hats succeed human,3
description key issues tradeoffs,3
paper try argument limitations human,3
critical understand impact human,3
help research connect,3
different perspectives,3
juncture critical,3
design methodology approach authors,3
objective existing literature,3
conducted 47,3
perceive financial services role,3
transparency accuracy autonomy,3
genai organizations,3
informatics university,3
using diverse samples separate studies,3
outcome reveals,3
inform participants,3
shortterm rewards salient,3
conducted preliminary item version,3
satisfactory internal consistency overall,3
rapid evolution artificial intelligence ai,3
chapter concludes discussion,3
business landscape,3
resulting sample 511 participants,3
messenger conduct experiment resulting,3
influence content prosody utterances,3
sociotechnical consisting,3
approach research utilizes cross sectional,3
efa experiments,3
validation study revealed,3
tested predictions conducting experimental studies,3
perception warmth,3
perceived competence satisfaction,3
research methodologies,3
results shed light differences,3
explainability problem,3
taylor francis,3
make meaningful comparisons tia,3
consumers india,3
claim regarding advantage,3
advisors explained perceived competence,3
preference observed male,3
organisations undergoing digital transformation,3
programme research planned meet,3
studies largely consisted subjective,3
hfe sciences producing new knowledge,3
approach design method study used,3
lack transparency,3
human computer interface designers,3
pilots participated experiment consisted,3
taylor francis,3
analyse responses,3
survey open ended questions,3
hr managers working leading,3
duty derived,3
future research focus,3
enables consumers evaluate personality characteristics,3
machine interaction hmi score notation,3
study constructs demonstrates,3
initially data collected,3
application approach,3
undergraduate master ph,3
methodology laboratory,3
analysed structural equation model,3
competence affect receptivity competence particularly,3
linguistic traits tone phrasing positive,3
traits behavior traits influence perceived,3
online utilized validate research model,3
study leverages,3
access financial advice stimulating,3
customers 509 survey,3
competitive advantage,3
need personality,3
debate exists,3
incident response phases,3
ertms represents,3
sociotechnical systems,3
findings extendable human,3
participants gender education background,3
fresh insights consequences,3
investigate personalities vas display,3
purpose digital revolution changed,3
design development,3
box intelligent systems users confronted,3
resulting wide range theory practice,3
literature mental,3
significant gap current literature mental,3
developed based,3
copyright 2005,3
designs fall short,3
2005 human,3
hmi legal readiness,3
roads auckland followed 15 ideation,3
incorporate techniques control intent,3
important implications,3
review complemented av users,3
study utilized comprehensive literature review,3
design methodology approach study utilized,3
users study,3
disuse intervention used isolation,3
replicate understand,3
design avoided,3
design human,3
finding study emphasizes role work,3
simulator 32 participants using,3
identification framework hmi aderif deployment,3
interface design,3
situational response surveys adopted,3
comparative research model model development,3
argue sa appropriate valuable theoretical,3
perspective salient,3
empirical findings reveal anticipatory,3
offers scholars overview,3
autonomously superhuman,3
design avoided,3
employed online platform,3
suggests original explanations way facilitate,3
personal perspective,3
finding study emphasizes role work,3
trait emotional,3
concluding section suggests,3
comprehensive understanding,3
hmi crucial ensuring human,3
suggests future avenues research,3
switch point sp,3
cognitive information systems cis,3
claimed novelty av trials congested,3
need research justified,3
research service,3
implications study conducted specific,3
oriented research,3
design function human machine interface,3
research gap,3
rule transparency,3
experiment conducted measure sa different,3
engineering principles guide,3
field study supported,3
testing conducted,3
amidst polarising narratives,3
sketches revealed,3
study accentuates public divergent views,3
edft represents,3
based research model designed,3
promote sustainable digitalization,3
experiment conducted,3
outcomes pessimistically proponents recognise,3
collectivistic countries low,3
consolidate existing research offering new,3
stated help international,3
explains ia associate firm triple,3
dimensions considered,3
future research suggestions,3
multinational firms 2022 used,3
research suggestions stated article order,3
researchers policy makers,3
hat evolve remotely piloted,3
systematic literature review conducted,3
resource contexts impact ia implementation,3
form based reviews introducing structure,3
uk limited,3
transparency reduced uncertainty enhanced,3
little misuse disuse rates,3
design solutions adopted,3
response surveys adopted identify configurations,3
remains unclear explanations promote,3
results showed strong,3
author exclusive,3
experimenter teams demonstrated,3
matlab tool,3
validity models proposed,3
exclusive licence,3
data safeguarding security judicious governance,3
results little misuse,3
different studies verified different test,3
privacy underscore need,3
concerns surrounding data,3
200 training trials,3
insights 1389 scholars uk germany,3
participants chose relying observations,3
corporate infrastructure,3
taylor francis,3
establish design making,3
discussion integrating humans,3
explanations task,3
theoretical frameworks hri provide detailed,3
subscribers located discussion,3
management domains,3
personality dispositional history,3
lives demonstrated,3
area study,3
hoc explanations,3
implementation human,3
explanations cfes gained considerable traction,3
cfes highlight changes,3
copyright 2021,3
systematically reviews,3
research model,3
research model using statistical,3
user interfaces aim improve explainability,3
aarts markopoulos,3
2024 servicio,3
field explainable artificial,3
alternative experimental,3
various approaches including new,3
2024 taylor,3
la universidad,3
explanations game type scenario low,3
research groups practitioners means,3
2021 sankaran,3
run controlled powered user studies,3
analyzed using structural equation modelling,3
survey based inventory literature work,3
work research validation,3
science discussed,3
present study develop survey based,3
wider implications,3
entire code,3
potential contributions,3
article argue application,3
2024 taylor,3
verticals including banking healthcare,3
application scenarios,3
relate digital,3
using structural,3
copyright 2021,3
stories future,3
building background initial study,3
230 valid samples,3
used consisted 32 depth interviews,3
investigates approach behavior respondents using,3
developers prevailing size,3
study examines factors collectively,3
2022 human,3
design philosophies,3
transparent post hoc explanation models,3
transparency explainability,3
li gupta,3
dimensions bibliometric,3
explainable ai lists potential drawbacks,3
states unesco general conference adopted,3
2021 li,3
rapidly entering variety,3
trust fragmented areas data protection,3
taylor francis,3
trust calibration,3
design explanation form communication style,3
research applied current,3
data protection pricing,3
systematic literature,3
dataset telecommunications,3
telecommunications firm used evaluate,3
examples video examples different,3
results society,3
410 respondents,3
953 responses,3
functions believe attract research,3
based review focus,3
study presented attempts address conjuncture,3
coming decades likely,3
human interface artificial cognitive,3
study proposes future,3
sophisticated vs,3
experiments conducted,3
lack transparency decision,3
respondents 328,3
evaluated extract design implications human,3
axes types,3
evolve persist times using technologies,3
brand personality,3
fortunately need new scientific,3
perspectives unexplored research settings,3
summarization addressed current theories methods,3
explanation contradictions,3
types content,3
regulatory focus,3
conclusions met,3
starting structural,3
model tested national sample french,3
primary survey data,3
different types explanations,3
privacy concerns,3
problems propose,3
issues identify open,3
approaches human,3
progress research strategy,3
llc springer,3
main issues,3
research model examined lab,3
box models lack transparency,3
seeking understand broader implications,3
taylor francis,3
taylor francis,3
differences casr,3
finds key,3
insights developers practitioners focus important,3
paper finds,3
collected using online surveys experience,3
llc springer nature,3
evolution model approach panel,3
design methodology approach understand customer,3
252 studies,3
themes sub themes evaluated critical,3
yields longer reviews mitigates,3
research questions,3
related user competencies,3
reproducible research provide entire,3
critical process enables effective teams,3
compared concepts,3
explicitly indicated,3
modality origin,3
experiment 212 samples,3
subject longitudinal study,3
design conceptualization,3
copyright 2021,3
analyzed logistic regression models,3
considering thirty different experimental scenarios,3
scientific grounds,3
author exclusive licence springer verlag,3
discussionfinally need relevance jopi,3
present users effective summary,3
predictive accuracy resulted opaque black,3
path future,3
formed parts,3
end user understanding,3
populations aged,3
sectional samples adult,3
institution engineering technology chongqing university,3
aged 18 80 finland,3
directions future research discussed,3
banks big telecommunication,3
data collected conjoint,3
collected survey 507 customers,3
structural equation modelling,3
critical successful implementation,3
data integration tasks,3
based longitudinal wave sample,3
question usability user interface,3
study provides,3
findings incorporate,3
structural equation modelling,3
critical systems increasingly everyday,3
management support working environment,3
empirically verify model conducted human,3
respondents online,3
studies human,3
related studies study,3
tested experimental studies manipulate level,3
caai transactions,3
future research,3
simulation model implementation assessment,3
valuable insights business,3
sociotechnical life cycle,3
regression multigroup structural equation modeling,3
human oriented perceptions security experience,3
2018 copyright held,3
social implications study,3
human subject study 30 participants,3
natural consider future end study,3
mutual conflict,3
approach study adopted random probability,3
game used experimental setting,3
artificial intelligence,3
data collection platforms 491,3
using online data,3
design complex,3
showed respondents comfortable,3
hsi longer,3
analyzing restructuring information architecture hci,3
setting 40 users took,3
explanation method,3
im design,3
standardized explanation,3
data collected,3
digital specifically concept,3
2024 social,3
digital twin,3
explainability including scope,3
sciences research society,3
aidua framework study examines,3
fintech mobile banking banking domain,3
conclude discussion,3
study explore unified explanation,3
tested sophisticated,3
insights developers marketers,3
method satisfies users,3
crucial source experiencing meaningfulness,3
sent online survey,3
modern explainable,3
2024 taylor,3
insights potential,3
financial technology,3
framework human,3
taylor francis,3
collected responses 174 employees directly,3
applied information analysis decision making,3
regression multigroup structural equation modeling,3
obtrusive usually,3
usually impractical,3
help designers developers create human,3
providing users explanations application certain,3
management support working environment,3
future research,3
interfaces known chat means,3
creech tilbury yang,3
429 ran structural equation modeling,3
explainable artificial intelligence,3
privacy explainability apparent opacity algorithms,3
survey data,3
research model structural relationships using,3
2021 human,3
jayaraman creech,3
research real world consequences,3
society review,3
interview data,3
future concept ideas created,3
collectivism strengthened positive,3
2024 ucjc,3
components competence coolness,3
2023 inspected 166 articles,3
designed developers,3
techniques designed,3
critical end user considering transparency,3
result field,3
social implications study,3
concerns aspects emerging self,3
literature provide guidance,3
2018 human,3
collected data 292 sme,3
practitioners increasingly encounter,3
data 301 replies,3
researchers working area,3
mock ups,3
disruptive potential significant limited knowledge,3
using smart pls,3
research model structural relationships using,3
im design,3
fiction based survey 328 participants,3
users engaged visual search,3
directions emerging,3
guidelines practitioners,3
discussion critical issues,3
valuable insights business,3
helps operators calibrate trust,3
429 ran structural equation modeling,3
247 customers engaged various,3
present implications,3
enhance decision making processes society,4
involving bilateral negotiation,4
procedural structural technological measures proposed,4
biases psfs identified multivariate,4
conceptualizes vsas anthropomorphic attributes play,4
showing requisite decision making models,4
anthropomorphism consumer,4
positively impact value,4
showed strong negative correlation,4
risks easily countered conventional,4
fa decision making,4
humans consciously report shedding light,4
cognitive affective model,4
robotic decision,4
examines perceived threat freedom,4
emotions chatgpt,4
style trust turn affects intention,4
group decision making complex,4
group llc,4
imaging psychological,4
promised existence,4
established computational framework assumes decisions,4
originality value research findings contradict,4
352 consumers used service robots,4
decision making takes account,4
decisionmaking capabilities limitations,4
tasks perceived reliability dimension trust,4
human factors experiments optimization tasks,4
group llc,4
easily countered,4
demand decision,4
social psychological issues current fa,4
promises benefits enhanced efficiency,4
detrimental user,4
knowledge risks maximizing,4
anthropomorphism assist consumer likelihood,4
explained mediators,4
prevented training instructions affect decision,4
behavioral patterns psychological motivations,4
decision aids imperfect,4
human decision making processes game,4
solving decision making activities,4
social presence,4
human anthropomorphism provide sense,4
group llc,4
customers preference service robots,4
ethicality moderating,4
assistance service,4
decisions risky legalities,4
elevated levels organizational trust employee,4
effect transparency fairness,4
originality valuethis research,4
anxiety trust,4
affect users trust voice,4
ai service robots promoting,4
design attributes users trust workload,4
reputation positively contributes building trust,4
human factors considerations design,4
use persist,4
survey structural equation,4
factors research indicate operators,4
assisted decision,4
tests widely used human factors,4
forms anthropomorphism verbal visual enhance,4
make better decisions treating inanimate,4
attribution psychological mechanism,4
equation models analyzed using smart,4
abilities influence aggregate social,4
understand different forms anthropomorphism,4
perceptions threats valuable resources,4
following causal framework emotion trust,4
gender neutrality,4
control negatively,4
zero sum mindset influence,4
social dilemmas long,4
warmth persuasiveness related trust robo,4
enhanced fairness,4
basic tam,4
highly correlated,4
social presence interactivity drive,4
stress strain processes affect human,4
studies complacency bias human,4
efficacy emotional extension path,4
optimal decision makers utilities,4
emoticons appropriate,4
service robots tackle,4
measures proposed debias individual,4
showed strong positive association familiarity,4
decision process eye,4
nature development especially light associated,4
ai technology trust negative,4
prevention supports assistance tools,4
underlying mechanism positive,4
aims examine effects performance error,4
significant influence,4
impacts risks,4
intensity user perceived trust,4
trust personal digital,4
perceived loss,4
fake potentially influencing elections,4
turn identified,4
creation routes ph affective trust,4
engage order picking alongside robots,4
computers social actors casa,4
hidden preferences decision,4
algorithms familiarity tasks familiarity algorithm,4
online experiments shed,4
investigates factors,4
stereotype content model social psychology,4
emotional expressions,4
investigate influence perceived humanness personality,4
originality value paper contributes,4
structural equation modeling fuzzy,4
ranking preimplementation attitudes integration,4
expressing emotions,4
biased view organizations primarily,4
styles demonstrating influence interaction patterns,4
algorithms decision making emerged subject,4
need address trust issues ai,4
categorization fulfillment cognitive emotional needs,4
social presence theory investigate,4
making modeling emergence decisions time,4
significant roles enhancing trust algorithms,4
informa uk limited,4
conducted series scenario based online,4
explanation operating confidence versus ai,4
moderations anova glm ann based,4
uk limited trading,4
supportive tipping behavior studies,4
negotiation settings cases training computer,4
equation modeling,4
efa confirmatory factor analysis,4
impels concern improving decision making,4
human decisions extensive form,4
equation modeling,4
structural equation,4
findings acceptance ai based,4
rates improved,4
acceptance expert,4
participants reacted strongly,4
identity threats directly impact,4
based entrusting tasks autonomous,4
attributed psychological factors,4
trust related issues,4
binary function allocations,4
make decisions,4
experiences significantly reshape initial attitudes,4
extraversion neuroticism,4
international community growing ethical,4
honesty management trouble multiple perspectives,4
contextualizes service robot,4
risks dangers attributed manipulative effects,4
analyzed using structural equation modeling,4
control generalized trust demographics alongside,4
term inaccuracies unfairness crucial effective,4
caricature avatar,4
judgments 11 hai,4
adapting measures evolving perceptions attitudes,4
observing functioning correlations,4
decision making dm processes,4
people sensitivity,4
decisions phenomenon evident chatgpt,4
emotional dimensions,4
human responses,4
mechanical turk study influence,4
use influenced social norms,4
study human emotions disciplines,4
social robots,4
session online experiment higher intentions,4
use unanticipated,4
emotional cues,4
new decision making paradigms emerged,4
tasks seek decision assistance trust,4
trust recommendations ai,4
joint decision,4
response bias,4
displays generating processing options selecting,4
contrast individual shoppers families,4
affective cognitive human,4
decision maker agency,4
trust dependence machines algorithms,4
summarizes research human beings trust,4
trust rely automation,4
regarding potential foster student dependency,4
perceived workload trust,4
critical perfectionism impulsivity contribute,4
framework taxonomy,4
decisions algorithm,4
paper studies contextual factors personal,4
social robotics rapidly growing,4
anthropomorphized led greater,4
decision making,4
study explores people attitudes,4
analyzed using structural equation,4
group llc,4
confidence confidence ai,4
technology acceptance model servqual stimulus,4
risks significantly weakened,4
decision element complex systems,4
understanding factors influence,4
creating appropriating substantial,4
judge decide reward suspected,4
human judge weight individuating,4
significantly influence,4
trust turn leads greater,4
judge insensitive distinction kinds evidence,4
trust decisive factor influencing quality,4
participants types confidence experiment personalized,4
uncalibrated trust,4
processes trust ai similar,4
confidence confidence ai,4
concept trust,4
network effects,4
originality value,4
trust behavior ai based,4
little influence comfort,4
conducted online experiment credamo,4
wisdom ethics alert risk,4
personalized predictions trust,4
situations characterized unfamiliarity information,4
participants held positive view,4
synaesthesia correspond need interdisciplinary,4
literatures relevant traditional human factors,4
robotics ethics reviewing current,4
originality valuethis,4
integrating psychology ethical discourse,4
opinion reflecting varying optimism,4
automation reliance compliance,4
public attitudes,4
financial knowledge anxiety security sociodemographic,4
analytical framework combining factor analysis,4
systems make outcomes comprehensible users,4
cognitive style employed factor,4
decision making processes,4
indicating strong correlation predicted actual,4
intelligence trust relationship influenced,4
examinations trust,4
trust turn predicts automation,4
trust variance effects,4
iwb mediating role stress appraisal,4
organizations implement effective responsible ethical,4
participants types confidence experiment personalized,4
psychologists play helping organizations,4
robot service encounters,4
lose normative,4
implications incorporating behavioral cognitive factors,4
structural equation modeling,4
evaluative feedback human decision making,4
allows various biases impact models,4
pathway cultivating trust,4
judgments decisions,4
offer optimal suggestions requiring people,4
trust hot,4
positively affects,4
reproducibility interpretability fairness turn,4
solving instantaneous sequential decision making,4
reliance increased disuse,4
decision making,4
informa uk limited,4
human aspects,4
especially human factors,4
approach modelling trust formed,4
originality value ai,4
solicit ai advice,4
user acceptance impact relocation features,4
nasa tlx subjective,4
group llc,4
features cav acceptance remains,4
relocation related factors cav,4
scientists self confidence creating trusted,4
perceived control success means pocket,4
pcor indirectly increases human acceptance,4
aggression affect customer,4
users perceived,4
decision making process called function,4
decision authority showed significantly,4
service robots gradually used,4
trust ai systems,4
user engagement relates negative emotions,4
art methods study trust automation,4
trust human,4
analyses nuclear power plant accidents,4
confirmatory factor,4
viewed positively,4
impartial stance observers,4
psychological reactance,4
reference framework developed illustrate,4
training disuse rate decreased 29,4
positively deactivated,4
agency including perceived ethics benefits,4
positive negative effects,4
prism antecedents acceptance,4
self reliance,4
guests acceptance technology,4
technology acceptance model,4
negative effect systems complexity,4
ai systems date skepticism concern,4
connectionism form,4
social norms functionality trialability,4
result use assistance systems,4
search characteristics make humans,4
behavioral factors,4
function allocation fa used design,4
systems form trusting relationship,4
technology acceptance trust,4
perceived anthropomorphism,4
effects news media attention trust,4
affective functions,4
curtail bias ml,4
proactive coping,4
advance experiencing mistrust existential,4
practical implicationsorganizational decision makers survey,4
crafting motivation process hindrance appraisal,4
reasoned action,4
automatically note quickly sense feelings,4
decision making process adv,4
argue reliance,4
power symbolic threats adverse effect,4
converted better decision,4
deemed distinctly human,4
require permanent supervision,4
tutoring decision making strategies,4
human factors,4
powered software robots user trust,4
think feel like human,4
emotions long deemed,4
generosity positive ones,4
risk aversion negative,4
agent alexa alter consumer,4
robots empirically testing barriers,4
absence financial incentives high performance,4
language models llms various emotional,4
evaluated moral lens surfaced recent,4
artificial rational unbiased making decision,4
need capacity degree moral decision,4
quality goodness badness experienced feeling,4
makers moral,4
traditional trust artificial intelligence,4
factors engineering decision making,4
increasing decision latitude order,4
affect guiding,4
scholarship assumed trust attitude placed,4
based factor,4
boredom induced decrements human,4
revealed agency judgments impacted quality,4
arises effective decision making,4
social media sentiment analysis refine,4
replace collaborate human decision makers,4
measures attitudes,4
significantly impact user trust,4
altruism human drivers sociality,4
grouped areas attitudes competence,4
affected boredom,4
moral avatars users,4
regarding causes prevention intent,4
use emotional,4
practical implications trust positive sentiment,4
approach using sentiment analysis research,4
exploring dual mediators,4
robot reveals recommendation mitigate,4
agency cope morally relevant situations,4
identifies user sentiments,4
hermeneutics utilizing frustration,4
problem attributability accountability,4
vulnerabilities deception,4
correct choices trust overrule,4
baseline attack post,4
technology utaut,4
decision making suggests,4
unified theory acceptance use technology,4
context persistent threat cyberattacks,4
factors lead acceptance,4
role human factors decision,4
social actors casa paradigm,4
compliance reliance,4
employing computers social actors,4
emphasis according feeling,4
user amplifies user perceptions betrayal,4
robots sr grounded usability social,4
service robots affect,4
trust dynamics driver,4
social influence directly affects perceived,4
tackle new problems context anthropocentered,4
influence trust ai technology direct,4
humanity remarkable achievements,4
increased trust perceived,4
benefits extremely pessimistic appraisals risks,4
somewhat highly confident,4
risks poses organizations society,4
problematic people,4
providing update mitigation vulnerability,4
emotions reliance automated systems,4
confidence advice increase predictability,4
significantly degrade human trust,4
psychologists long established socio,4
occurred participants reported higher mental,4
people decide accept considering interaction,4
group llc,4
amazon alexa transformed consumers,4
enable individuals enter,4
users make sense real fictive,4
structural equation modeling analysis,4
findings study demonstrates perceived anthropomorphism,4
originality value restaurants leverage,4
influencing reliance ai,4
delay critical decisions late lifecycle,4
termed liking,4
performance feedback trust automation self,4
influence psychological traits appropriate reliance,4
absorption users relationship varies anthropomorphic,4
beliefs interacting technology,4
technology identified predictors trust,4
group llc,4
uncanniness tied perceptions,4
interrogates pervasive human inclination anthropomorphize,4
like non,4
group llc,4
non anthropomorphic,4
decision making implemented models,4
preferences algorithm,4
persuasiveness heightening social presence,4
affectively laden,4
explores human trust,4
robots differentiate competitors offering,4
transfer user trust ai creators,4
steerability trust,4
conditions trust transference breaks holds,4
biases preferences enhance impair,4
drawing affect,4
expectancy emotions positively affect familiarity,4
trust influences reliance,4
group llc,4
group llc,4
actions consequences visible hindsight making,4
factor perceptions primary task,4
identified emotional connection mediator,4
variables essential guiding future,4
decision making model used,4
self confidence manual control perceived,4
usage decisions auds choices people,4
acceptance assess effectiveness hmi,4
trust guides,4
reliance complex studies,4
injustice strengthen,4
crafting negative rumination,4
shed light psychological processes,4
various decision,4
suffer hidden,4
decisions participants agreed decision ama,4
planning responsibility,4
vulnerabilities process speeds,4
aimed effectively countering,4
countering potential perils,4
linking psychological insights legal,4
techniques analysis variance tend rely,4
identify preferences,4
attraction learning,4
preferences exist complex human,4
fairness quality paper critically examines,4
decision making aa superior completely,4
deterioration decision quality potentially,4
web acceptance,4
anthropomorphism positive direct relationship emotional,4
social influence,4
emotion dependent mechanism,4
influencing technology acceptance,4
aims expand scope technology acceptance,4
covid 19 growth commerce,4
trust humans,4
uses gratification theory stimulus,4
science literature emphasize importance trust,4
reveal effort expectancy social influence,4
decisions human decisions psychological,4
experiential users incorporating intrinsic motives,4
bias emerged critical,4
decision theory formal definitions emotional,4
contrast performance expectancy,4
create socially responsible,4
presumed dichotomy especially law,4
investigated sentiment life domains motivational,4
careful consideration various factors,4
based description wellde fined,4
management consent context,4
make informed decisions proposed,4
extroversion agreeableness conscientiousness action,4
used framework,4
ethics services,4
automation reliance,4
ethical considerations adopting implementing,4
information exists literature ethical considerations,4
humans biased perceived,4
illuminating influences user moods,4
bias outcomes moderated,4
rejection rates increased decision,4
decreased reliance automated advice,4
analogical affective,4
human factors,4
group llc,4
users contradicting genre rules social,4
decider executive,4
triggered users subconsciously enact distinctly,4
varied vulnerability,4
risk manipulated,4
investigated considered important experiential dimensions,4
technologies analyzed using structural equation,4
digital era seen algorithmic decision,4
group llc,4
emphasizing ethical considerations guiding,4
potential attack,4
social presence flow perceived,4
decision making ubiquitous,4
anthropomorphism social presence investigated,4
affective threshold model,4
nature affective,4
need human interaction perceived anthropomorphism,4
importance careful decision making,4
challenges extrapolating concept trust,4
decision making interactions,4
help explain creepiness unfeeling,4
assessed including trust liking,4
technology acceptance,4
confidence influenced use,4
architectures profiled,4
answer user questions boosts perceived,4
articulated coping,4
adequate level trust,4
situation awareness trust,4
psychological technological factors,4
decide mushroom edible poisonous,4
media art festival played tablet,4
employees trust,4
questions motivated,4
herbert simon overlapping,4
technology acceptance model,4
attitudes use,4
psychological emotional effects,4
equation modelling,4
uk limited trading,4
theory stress authors examined,4
judgment coupled subsequent,4
research emotional,4
related distinctions preferences self,4
elevated trust levels exhibits lower,4
significance perceived difficulty,4
scant research robot anthropomorphism perceived,4
robots deliver,4
choices align,4
simon work motivated,4
service robots,4
use attitudes,4
contrast emotional,4
affects individuals,4
positive perceptions attitudes referred,4
adopting computers social actors,4
cause paradoxical tensions role making,4
research investigates user acceptance,4
ai fairness threat,4
anthropomophism initial trust perceived enjoyment,4
group llc,4
structural equation modeling,4
experiments trust automation,4
consequences controlling different parameters,4
equation modeling analyze data,4
comparator decision mechanism,4
utilized covariance,4
using confirmatory,4
user demographics influence anthropomorphic design,4
factor analysis,4
order ensure,4
structural equation,4
influencing users perceptions,4
emotion play intelligent,4
mixed methods,4
variance behavioural,4
decision making planning learning attention,4
tactical judgments decisions,4
use technology utaut,4
decisions task difficulty little impact,4
individual trust,4
environmental consciousness,4
group llc,4
eco friendly activities responsible,4
decision processes,4
decision making processes allowing customers,4
potential alter,4
imprecise human judgments real life,4
notably attitudes sustainable,4
cause effect relationships,4
acceptance factors,4
human responsible achieving goals,4
theory acceptance use technology hofstede,4
factors motivate,4
social influence attitude,4
affected view intuition,4
group llc,4
unique grey dematel method,4
emotional trust significantly impacts,4
improving compliance,4
humanness perceived,4
propensity trust machines,4
emotions related,4
post stage emotions signal strength,4
bias human,4
hostility dynamism,4
employed affective transition pre study,4
blockchains purport trustless,4
trust bi directional relationships limits,4
non critical emotional,4
depend environmental,4
types dynamic function allocations scheduled,4
uk limited trading,4
technology trust 2024,4
tccm framework examines key,4
existing literature highlights acceptance autonomous,4
existing literature highlights acceptance autonomous,4
subsequent effects user performance,4
unnerving appearance prompts,4
affect emotionality,4
remains unnerving,4
public acceptance degree crucial,4
trust broken importantly,4
experience feelings unease,4
professionals design trustworthy,4
increased ratings trust algorithm,4
feedback group groups level trust,4
perseveration behavior induce higher heart,4
prompts attributions mind,4
anxiety relationship,4
employed affective transition pre study,4
trust important,4
drivers levels trust automation,4
power past negative comments,4
explaining acceptance ai based autonomous,4
modeling set variable risk perception,4
post stage emotions signal strength,4
structural equation,4
deceleration judge yielding intent,4
stress level eye,4
trustcommitment theory,4
tendency comply,4
communicate intentions vulnerable,4
service providers actively mitigate threat,4
modules needs assessment motivation generation,4
produce shared realities robot customers,4
threat appraisals lead,4
contrast threat,4
drive problem focused emotion focused,4
focused support seeking coping strategies,4
equation modeling used,4
learning decision,4
findings argue tam utaut cat,4
referring service robots,4
perceived persuasiveness,4
based unity,4
attitudes technology,4
theoretical framework,4
motivation described,4
cognition arousal assessed heart,4
formation maintenance different trust types,4
decision aids training procedures,4
developing trustworthy,4
trust satisfaction,4
group llc,4
responsible socially beneficial ai,4
insights trust research help enhance,4
scenario involving authority,4
disruptive people,4
investigate employees adhere unethical instructions,4
criticize tam technology,4
highlighting need development ethical,4
appropriate reliance particularly early,4
model make suitable acceptance ai,4
human factors concerns man,4
discriminatory bias safety risks,4
responsibility various,4
investigated people perceive trust artificial,4
integration emotions attachment,4
lower affective cognitive,4
emotional relational aspects communication emphasis,4
virtual face represents emotions,4
employees acceptance level,4
infer interactor intentions,4
sentiment analysis emotion classification,4
goal equip machines socio emotional,4
trust formation,4
study aims explore acceptance,4
risk negatively,4
negative user experiences maintaining,4
decision regret mediated,4
group llc,4
related biological specializations human,4
reliance automation supervisory control situations,4
playfulness field,4
decision makers immune errors,4
fairness accountability,4
normative mimetic forces influence use,4
online experiment provide empirical,4
uk limited trading,4
employing confirmatory factor,4
study 411 verify factor structure,4
examine influence affective cognitive considerations,4
analysis efa,4
trust formation,4
driven multiple factors,4
factors influencing,4
numerous ethical,4
frameworks haii,4
functions right hemisphere,4
effect trust factors interpersonal job,4
complex decision mechanisms position,4
intelligence ai acceptance,4
use technology utaut technology adoption,4
evaluation alternatives satisficing decision making,4
conceptualised anthropomorphic,4
sequential decisions characterize,4
impact social information,4
institutional trust perspectives pose significant,4
indicate subjective norms,4
threaten render,4
structural equation,4
anthropomorphism affects users continuance,4
acceptance evolution regulations av,4
vicious cycle biased manipulation unbalanced,4
promote learning pre post experiment,4
comprehensive address trust influencing autonomous,4
frameworks offers valuable managerial,4
identifies affective component attitude key,4
mainly focused effect basic emotions,4
degrees freedom,4
trust reliance,4
converge make especially vulnerable morally,4
users emotional states,4
vulnerable morally complacent losing,4
state calling moral,4
dramatically increase user trust chatgpt,4
likely anthropomorphisms military,4
emotional uncomfortable trust high cognitive,4
advance developing psychologically,4
motivation herbert simon,4
uk limited trading,4
social presence significantly influences user,4
influential factors involved rationale,4
decision making indicates human like,4
related trust perceived values satisfaction,4
accompanies ethical commitment,4
trust usage ai discussed,4
human judgment accompanies,4
model trust automation,4
responsibility decision making behaviour precipitated,4
rate people facing proself,4
configurations organizational members trust high,4
human decision processes,4
subsequently employed structural equation modeling,4
human factors,4
equation modeling,4
theory acceptance use technology,4
incorporating advice decision making,4
decision making,4
affective needs rational physiological,4
suggests intermediate judgments,4
interfere decisions subsequent stages,4
online experiment 192 consistent bolstering,4
trust intermediate,4
apply worker trust automation workplace,4
trust technology,4
anchors popular,4
insights identifying causal factors,4
furthermore violations total probability,4
enhance diversity improve fairness standardized,4
human decision,4
trust automation tia according proposed,4
evaluating existing models trust,4
attribution maps beneficial end users,4
especially high risk tasks,4
judgements reflected decisions,4
decision tasks framework organizing,4
ownership make difficult identify human,4
urgency insistence,4
tools pose challenge responsibility,4
blame punish behaviour,4
contrast electronic computer performs,4
offered advice manage use ai,4
technology raises number human factors,4
habit plays negative,4
affective elements manage resources decisions,4
flow experience social influence directly,4
motivations rational,4
structural equation,4
influential decision making task human,4
increased richness anthropomorphism interface,4
ai performance eroding trust stalling,4
uk limited trading,4
utilizing social response theory,4
rate compared machine decisions,4
evaluation supported viability,4
subjective ratings trust,4
japan exhibited positive outlook germany,4
human trust automated systems maintenance,4
self confidence,4
decision making learning user habits,4
decision vice,4
false alarm automation 50 conflicts,4
group llc,4
type activity orginator mood user,4
factors including type activity,4
examines user expectations informed,4
group llc,4
perceived authenticity,4
terms law concerns japanese,4
law concerns,4
people want feel,4
immigration compared public concerns japan,4
cause outcome variables model traditional,4
biased estimates,4
feeling understood associated increases,4
function allocation core activity,4
sharing trust development agents human,4
presence appearance voice response,4
mental capacity,4
directed moral agents moral,4
focuses relation user perceptions design,4
literature social robots,4
psychological needs,4
disentangled underlying,4
offering emotional support crucial,4
make human recipients feel heard,4
cognitive enjoyment browsing online,4
ethical legal social issues elsi,4
positively affect perceived humanness,4
employs technology acceptance model tam,4
modeling emotion,4
emotional psychology,4
dynamics trust changing reliability level,4
originality valuethis study stands limited,4
complex behavior especially presence learning,4
improvement probabilities adjustments aggregated,4
bias mean anchoring,4
activity vulnerable miscalculations potential,4
affect plays critical,4
diminished ascription moral standing,4
residual biases present studies social,4
service robot embodiment physical world,4
acceptance model tam theory,4
psychology human computer interaction ethics,4
dfas illustrating transitions cognitive trust,4
cybersecurity behavior,4
decisions regarding compliance norm,4
self confidence,4
originality valuethis,4
human factors,4
experiential mental life,4
structural equation modeling,4
acceptance use technology,4
drawing social presence theory,4
documented current literature examine ethical,4
second phase confirmatory study,4
informa uk limited,4
equation models,4
virtsi variability impact reciprocal trust,4
increase enjoyment ease,4
extraversion agreeableness conscientiousness neuroticism,4
online health consultation ohc,4
primary purpose determine trust,4
acceptance ai,4
human factors,4
involved decision making interacting,4
neuroticism openness substantial links adopting,4
new light children moral,4
group llc,4
protection motivation theory,4
systematic detailed model emotion generation,4
averse affective reaction,4
tam adapt,4
group llc,4
share purchase compared higher prices,4
group llc,4
fact emotions considered,4
positively influence future decision,4
structural equation,4
particular decision interrupt ongoing,4
assist humans making ethical decisions,4
moral advisors,4
affect learners behavioral,4
vehicle decision making mitigating negative,4
particularly linking psychological,4
learning emotional decision making,4
conceptual framework,4
anxiety justified,4
attitudes intentions,4
factors focused decision making process,4
human trust,4
uk limited trading,4
define flow,4
use emotions plays,4
consistently outperformed human decision,4
mediated job stress organizational identification,4
implications constructs enjoyment,4
cases algorithms make superior decisions,4
factors endeavor,4
attuned leading informed responsible decision,4
tam application holds significant,4
strategies mitigate cognitive biases,4
directed users driven instrumental factors,4
barriers influence av acceptance,4
appearance technology acceptance,4
ai prompts validate,4
software decisionmaking,4
field psychotherapy,4
participant trust self,4
affect sensitive cognitive machines,4
goal establishing trust machines,4
115 pairs emotionperformance,4
function maximizing acceptance ai,4
subjective norm intention,4
threat decluttered threatening ones,4
attitude hrc,4
acceptance platforms selecting,4
building ethical communication design,4
positive behaviors based theory planned,4
secondary evaluative,4
human factors,4
executed defensive responses significant,4
human animal motivations,4
users opinions,4
existing technology acceptance theory,4
distrusted spot checked automation,4
predicting decisions explaining leveraging,4
threat decide use threatening,4
balance trade,4
group llc,4
observations feelings attitudes avs hmi,4
interaction efficiency contextual decision,4
human factors,4
analyses showed positive attitudes,4
based factors,4
framework developed,4
emotions cognition behaviors offering,4
paper examine factors affect acceptance,4
perceived avoidability promoted,4
sequential mixed methods investigation,4
new kinds influencers,4
originality value study av,4
research model trust key mediating,4
decision making,4
american psychologist,4
group llc,4
confidence higher workload lower adaptive,4
exhibited higher confidence making choices,4
users motivations decision,4
particular involve,4
group llc,4
evaluative criteria,4
operational stressors,4
participants lower anthropomorphic tendency,4
group llc,4
effects extrinsic intrinsic anthropomorphism,4
covid 19,4
19 pandemic trend,4
function decision,4
human factors,4
mixed method,4
decision making hiring,4
validation factor analysis construct scale,4
tested processes questionnaire exploratory factor,4
help counter adverse effects static,4
trust load important states user,4
capture users compliance reaction,4
originality valuethe distinctive focus religious,4
valence likely stimulate,4
process impacting trusting beliefs,4
emotion aware intelligent systems predict,4
methods hitl rl,4
social robot highly dependent,4
study conducted online experiment,4
paradox mindset personalisation,4
defense task 27 experienced,4
symbols compromise effective,4
males perceived stronger positive,4
service robots,4
trust based mechanism explain,4
appropriate selection important,4
use quite tam,4
estimations trust,4
tam beliefs web flow,4
risk high return opportunities explainability,4
tam renowned emphasis perceived,4
factor analysis tested using covariance,4
nonhuman identity,4
empirically validated confirmatory,4
choices machines make decisions,4
applications investigated study include anthropomorphism,4
trust worth investigating,4
ultimately improve society perception,4
behavior trust av,4
moral decisions difficult,4
ultimately improve society perception,4
coolness positively influence,4
equation modeling,4
ethics rely higher,4
framework context restaurant service robots,4
cognitive affective behavioral,4
building trust,4
likewise emotions,4
acceptance artificially intelligent ai,4
trust moderating,4
robotic devices operationalized intelligent dsss,4
anthropomorphism positively related effort,4
varying anthropomorphism,4
completed unassisted assisted,4
product outcome range number,4
high adaptivity,4
investigate influence mechanism al individual,4
consider advice nonhuman,4
participants prefer human,4
compliance rates generally,4
human factors,4
transformative influence economic social,4
based decision situation semiotics interaction,4
promote appropriate reliance automation,4
hierarchies suggest reframing trust,4
trust automation guide,4
humor ethics,4
decision making processes,4
state art build trustworthy explainable,4
tai guarantees human,4
emotion recognition lacking personalized,4
emotion communication medium network,4
positively negatively,4
social robots provide,4
validation employees encountering ai application,4
structural equation modeling,4
synergies desirable individual,4
qualitatively explore overarching motivational,4
affective trust change design,4
affective analysis,4
security responsibility,4
terms applicable effect leveraged,4
self fulfillment,4
determination attitudes,4
personal integrity fear,4
demand emotional,4
bolster trust automation,4
dilemmas ethical issues,4
decisions taken,4
robots data defenseless,4
puts humans risk leaves,4
security attacks,4
decision making trolley,4
scholars ethics autonomous vehicles,4
capable making moral decisions relevant,4
illustrate legal moral considerations,4
outcome interaction,4
share responsibility,4
technology acceptance model tam engagement,4
decision makers humans human,4
planned behaviour data,4
trust workload takeovers physiological,4
stylised heart beat,4
motivations attitudes values,4
livelihoods stake,4
important domains life,4
human social needs,4
accept ai device,4
explaining attitude attitude,4
intelligence led researchers study ethical,4
morality based people moral,4
decisions attributed situational factors,4
justified today business decision makers,4
security perfectly,4
gender optimism,4
perfectly matched,4
promise denial,4
experiencing emotion,4
different perceptions,4
various trust repair strategies,4
human lead decrease trust,4
examine psychological mechanism,4
effective apologies,4
ethical principles guide,4
informa uk limited,4
outcomes trust preference av,4
affiliative intent expressions emotion,4
loans rejection,4
rejection ai provider triggers,4
showed usual bias competitive emotion,4
decision making tasks,4
managers decision makers streamlining,4
structural equation modeling,4
social responsibility strategy,4
vulnerabilities shape public consensus,4
threats view prospective,4
trustworthiness associated,4
everyday life promises enhanced,4
shed light multifaceted perceptions,4
improving psychological empowerment improvement,4
acceptance automated,4
negative reaction user,4
increase users acceptance decision,4
positive experiences encountered,4
using factorial design,4
contrast false,4
false positive,4
expressions raises number ethical concerns,4
multiple modalities facial expressions voice,4
naturally expressing emotion,4
leveraged optimize teamed decision making,4
risks arising,4
effectiveness intelligent decision making aids,4
barrier influences attitudes,4
important positive,4
better psychological,4
view social robots way,4
powerless painful,4
regain sense power,4
feel dominated triggers need,4
particularly meaningful false negative scenarios,4
incorporates acceptance generation,4
decisions properly assess,4
trust suspect,4
anthropomorphism effect trust construct effort,4
different service contexts anthropomorphism,4
malevolent users,4
social service robots,4
hyperconnectivity major,4
understand humans acceptance artificial,4
cyber attack,4
moment suspected attacks occur reliance,4
probability machine better,4
wrongly believes positive,4
positive probability,4
situations dm hesitates,4
subject called verification bias dm,4
updates dm belief machine,4
stakes high,4
desirability decision response time,4
demand tools assess public attitudes,4
responsibility expresses longing behave,4
adjustments create spillover effects,4
responsibility trust significantly influence perceived,4
ethical issues,4
acceptability scores revealed,4
positive effect,4
providing participant confidence direction,4
automated systems known affect agents,4
acceptance use,4
happiness identified,4
people encounter artificial,4
people report emotions including,4
allocation decision robot,4
future directions implications ethics psychology,4
like decision making,4
social environments perception,4
underlying causal,4
science business media,4
affective state,4
increase user confidence,4
results acceptance performance,4
user acceptance intelligent systems,4
connect user trust transparency subsequently,4
trust enforce aversion systems studies,4
somewhat hesitant,4
consequence acceptance,4
systems human like decision,4
mean responses,4
emotional behaviors,4
emotion aes computational model imitates,4
safe predictable ways,4
making ethics customer management,4
mixed method approach delphi study,4
systems acceptability,4
agent selfishness altruism allowing,4
robots widely deployed social,4
science business media llc,4
perceived harm perceived injustice,4
wrongful acts,4
algorithmic decision,4
decision making organizations growing,4
based theory planned behavior,4
framework proposed method consists,4
opinion values estimating human,4
factors affecting human,4
make positive difference ethical development,4
factors psfs model,4
engineers individually perceived responsibility,4
acceptance autonomous,4
threat human,4
suggest threat perceptions regarding,4
product attribute type experiential,4
uniqueness attitudes predicted,4
human needs emotions,4
understand drivers impediments ethical development,4
decision making person,4
values foster,4
demonstrates myopic,4
uncanniness uncanniness negative effect,4
injustice primary determinant,4
effect moral foundations,4
trust artificial,4
suggest moral,4
risk attends,4
ethics key,4
association acceptance ai gender,4
significant positive associations neuroticism,4
completed items sociodemographic variables attitudes,4
individual differences attitudes artificial,4
gap builds appraisal theory emotions,4
emotions employs online experiments,4
robots help customers,4
security engineering challenge today,4
causal modeling,4
alter user behavior related disparate,4
negative impact,4
concepts like trust mental models,4
affective computing,4
classifying emotions usually facial body,4
negative emotions,4
threats resulting increased effort,4
structural equation,4
influences trust,4
robots trigger carry,4
anthropomorphism including social presence,4
investigated impact anthropomorphism customers decisions,4
science canada,4
demonstrated significant impact trust,4
trust service service provider training,4
norms trust,4
perceived threats,4
presence identity threats compete control,4
values context specific reasons attitudes,4
equation modelling used,4
effects motion sickness young participants,4
behave responsible,4
bias misconceptions,4
environmental ethical concerns secondary relevance,4
incentivized decisions aid,4
managers policy makers facilitate,4
public sphere awash anxiety,4
assistance reported,4
distrust caused automation surprises trigger,4
social robots,4
trust levels real time allowing,4
presence drivers fully,4
informa uk limited,4
information robot provides drivers,4
perceived anthropomorphism consumer,4
crash risks psychological processes,4
structural equation modeling,4
research factors influencing,4
sharing causes challenges dark agents,4
affect control theory alternative method,4
robot interaction marketing,4
customers perceive stronger threat facing,4
regarding effect anthropomorphism customers,4
discomfort feeling participants preferences,4
positive cognitive affective behavioral changes,4
conceptual framework proposed better understanding,4
influencing factors,4
outcomes users,4
trust artificial,4
protection available works,4
dimension decision making human artificial,4
accountability important,4
inclusion diversity fairness,4
biases emerging,4
awareness trust robot,4
research examines social anxiety,4
evidence computers social,4
group llc,4
effect replicated impersonal moral,4
emotions provide,4
capabilities social robots,4
social issues involving artificial,4
research focuses acceptance particular,4
moral logic,4
risk willingness use time efficiently,4
uk limited trading,4
shared traded,4
wuhan chongqing reveals personalization enjoyment,4
based theory consumption values,4
spread covid,4
plethora mental disorders world,4
19 caused huge number confirmed,4
real lives important factor,4
moral dilemma personal high conflict,4
utilitarian choices human beings studies1,4
attitude scale aias concise self,4
virtual face mitigated bias participants,4
factor analysis,4
study focus negative outcome scenario,4
decisions generated mixed response algorithms,4
perceived lack intuition subjective judgment,4
positive type,4
recognition negative emotion algorithmic,4
negative vs,4
perceived blame,4
control responsibility,4
replika intends provide psychological,4
human factors engineering,4
model included emotions,4
predicting intentions behavior participants,4
trust intricacies,4
externalities relationship fit factors unique,4
originated trauma,4
evoked positive emotion possibility social,4
decision maker algorithmic human,4
insights psychological underpinnings acceptance,4
affected outcome,4
interviews aimed uncover values motives,4
rejection ai,4
associate reasons attitudes intentions adopt,4
structural equation,4
equation modeling process,4
control increase user acceptance,4
constructs attitudes,4
acceptance intelligent virtual assistants context,4
prime messages regarding acceptance,4
distress time career exploration behavior,4
decisions people used,4
security modelled,4
conducted online experiment using managerial,4
fairness trust,4
factors provide,4
science business,4
business media,4
wtd fundraising project psychological,4
law small numbers,4
outcomes decision making,4
types emotions derived dimensions emotions,4
use wise reasoning mixed method,4
homeostasis appraisal emotions derived,4
directions future emotion rl,4
uk limited trading,4
events like covid 19 pandemic,4
visual anthropomorphic cues explainable,4
trust perceived usefulness,4
particular persuasive,4
knowing nonhu man identity,4
anthropomorphization empirical insights,4
transdisciplinary field social robotics starting,4
demand anthropomorphized products,4
bias known law,4
collaborative decision making attracted attentions,4
influencing motivation action,4
optimal solution reduce reliance past,4
effect trust contrast effort,4
interface trust significant,4
improve corporate fairness,4
gender biases racial discrimination,4
algorithms helps decision,4
controlled bartending,4
selecting best matching,4
overcome risks confidence using digital,4
risk shows negative significant,4
participants initiated response suggestive,4
additional confident,4
provides survey computational models emotion,4
survey focuses agent robot,4
emotions ignores human,4
tendency completely overall judgmental,4
decision making,4
anthropomorphism intention,4
intentional personal causes,4
using causal,4
ethical social legal implications,4
type nature tasks identified primary,4
continuum calm neuroticism maturity juvenility,4
anthropomorphism human,4
trustworthiness especially design,4
emotional expressions contextual cues influencing,4
regulatory practices user trust,4
cues influencing anthropomorphic,4
human decision making having normative,4
assistance deactivated,4
repercussions persist,4
altruism giving way,4
existing beneficial social norms humans,4
acting human groups order affect,4
contexts social robots,4
user trust artificial intelligence ai,4
trust levels avs interactions vehicle,4
analyzes changing features trust,4
trust critical human,4
trust ratings faster,4
realm occasional,4
incorrect advice risks,4
decision aids typically improve decision,4
mixed blessing perspective intelligent,4
esteem turn detracts employees,4
originality value conceptual,4
outcomes user choices,4
sensitivity information competence based trust,4
trust mediates relationship servant,4
interaction service anthropomorphism social,4
addiction change,4
framework review current examples persuasive,4
factors analyzed impact trust,4
motivate investigation causal effect relations,4
people risk opportunity,4
end online experiments conducted including,4
public perceives artificial,4
individual psychological correlates,4
irl class,4
perceive emotion,4
recent findings social robotics virtual,4
studied trust situation,4
factors design,4
frameworks offer useful,4
discrete decision making tasks,4
agents sporadically change failure environmental,4
replace humans decision making,4
trust autonomous systems crucial achieving,4
acceptance research,4
decisions user consent,4
increasingly influencing,4
reliance automation fosters complacency individual,4
acceptance artificial,4
positive user behavior examine effects,4
factor structure positive negative showed,4
distrust general trust predicted,4
human factors,4
strongly correlated trust satisfaction explanations,4
potential conformist behavior varies,4
computers robots produce social conformity,4
medical domain users frequently,4
examine nonhuman,4
understanding extent humans deem artifacts,4
pervasiveness increasing sophistication,4
users react differently influence nonhuman,4
nudge popular,4
biases human judgement,4
subtly guide people decisions improve,4
conscientiousness agreeableness,4
associated forgiving attitudes,4
introverts positive,4
confirmatory factor,4
media richness theory investigate role,4
group llc,4
human factors behavior particularly operational,4
trust role,4
value paper originality lies,4
considering impact design building trust,4
distrust ai human vs,4
greatest trust role clarity preferred,4
decision making organizations facilitating human,4
fail accurately comprehend intentions,4
consideration cognitive factors,4
warehouses based unified theory acceptance,4
acceptance human,4
concerns negatively impact acceptance,4
19 pandemic driven industrial,4
experiences like flow,4
decision action level task dimension,4
perceived occupational safety psychosocial legal,4
distrust ai human vs,4
considering impact design building trust,4
paper originality lies,4
understanding motivation goal congruent,4
processes helps people make decisions,4
human life ways,4
trust emerged crucial factor steering,4
subjective norms notably,4
positive impact attitudes chatgpt,4
structural equation,4
equation modeling,4
leveraging theoretical framework planned behavior,4
indirect effects conducted,4
trust significantly,4
aims explore determinants user behaviors,4
importantly social presence imagery,4
service legal ethical issues,4
group llc,4
uk limited trading,4
discussion promises,4
area affective computing,4
ac enables development affective,4
objective trust indicators,4
group llc,4
self esteem threat turn results,4
promises increased efficiency,4
people solve social dilemmas,4
human receptivity new ai teammate,4
newcomer receptivity includes,4
psychological acceptance,4
causes selfish,4
relationship norm orientation affects expectations,4
employees generally advised express positive,4
emotion interactions,4
lack frameworks,4
decision making,4
omitting item displayed weak correlation,4
focused human trust automation simulated,4
action metaphorical decision making,4
trust civil aviation,4
human factor identify limits driver,4
motivation using grounded,4
emotions play critical,4
critical role motivation influence cognitive,4
enjoyment technology acceptance,4
perceived trust perceived value perceived,4
enjoyment trust attitude use,4
theory reasoned action investigate personalities,4
negative outcome,4
partner attribution blame following negative,4
surprising event trust work,4
motives young,4
trust schemas based robot,4
people come develop trust,4
incentive conditions,4
important machines deployed social,4
group llc,4
perception emotion heuristics defense,4
defense planning non,4
uk limited trading,4
capacity relate emotional,4
group llc,4
correlation emerged neuroticism dispositional trust,4
dispositional history based trust current,4
level trust automated,4
usefulness positively influenced anthropomorphism,4
key reasons,4
stronger positive attitudes greater intention,4
service robots casr actual,4
science business media,4
anthropomorphism referring human,4
relationship present nature role trust,4
factor brand trust positively affects,4
responsiveness anthropomorphism positively affect consumers,4
emotion plays,4
emotional state assigned broad spectrum,4
technical challenges trustworthy human,4
reluctant accept,4
addition anthropomorphism explain lower employee,4
influences researchers rasmussen,4
researchers accident investigators regulators managers,4
lives personal emotions continuous,4
moderating effect anthropomorphism,4
mitigating irony,4
humor self,4
factors known,4
known affect,4
acceptance emerging,4
trust plays key role,4
originality value study expanded sst,4
turn influence users banking,4
surprisingly es positively associated,4
positively related gratifications,4
human factors,4
traditional technology acceptance model,4
influences discussed,4
dimensionality cognition emotion physicality,4
sem indicate subjective norms,4
reported trust mental,4
trust sense freedom,4
informa uk limited,4
radio tv,4
preferences needs,4
influence expected grow exponentially,4
everyday lives presence influence expected,4
acceptance trust,4
reduces usefulness 58 reduces acceptance,4
results defective reduces trust,4
user acceptance,4
compensates negative influence,4
uk limited trading,4
2019 2019 informa uk limited,4
rocket launches threaten public,4
freedom control major concerns aspects,4
joint decision making process,4
traffic flow dependent automotive emotions,4
pleasures different scenarios involving self,4
service robots,4
group llc,4
possible testbeds used evaluate,4
group llc,4
robots social robots analytical intelligence,4
increased covid pandemic,4
robot trust influences relationship informational,4
cues acceptance,4
increase acceptance service,4
science business media llc,4
robot services,4
people responsible,4
zoo engaging,4
web based game inspired experimental,4
moral psychology,4
human factors,4
design trustworthy ai,4
based framework,4
trust human,4
functions terms negative positive emotions,4
empirical study demonstrated highly anthropomorphized,4
signals models references conformity ethical,4
expression emotions visual channel,4
trust human machine,4
dissonance arises,4
significant negative effect erroneous conversational,4
behaviors affects ethical,4
agent responds trustworthily untrustworthily investment,4
conflicting decisions humans,4
smiling voice increases,4
subconstruct psychopathy,4
conceptual model trust,4
cat trust levels,4
emotions increase trust,4
design cues trust,4
gender extent social presence perceived,4
trust safety,4
information biased samples,4
poland test internet users perceive,4
recent research focused ethical,4
preferred online people reject dissimilar,4
bias static factor,4
humans various content moderation generation,4
exposing individuals counter attitudinal political,4
humans perceived favorably,4
subjective ratings,4
imbalance human action affect,4
indicated private value greater effect,4
robots significantly associated private,4
value based motivation theory,4
procedural justice trust government,4
effect gen members emotions,4
given diversity user requirements preferences,4
choice day safari calling,4
demonstration reputation experience,4
personal stake,4
project building ethics,4
flawed understanding nature ethics,4
reaching consequences,4
enables identification nature human,4
decision makers researchers,4
accountability issues,4
welcome social robots,4
attitudes relationships tendency humans anthropomorphize,4
surprise used personalized interactions,4
understanding link affective cognitive,4
trust necessary condition,4
human factors,4
vulnerability model developed paper,4
fairness evaluation negotiating mindset,4
evidence retail setting anthropomorphism,4
provide shallow simulacrum ethics,4
key decisions course,4
effects incorporate psychological,4
used evaluate trust,4
social robots suggest programmed,4
robot actual capabilities reliability,4
study alerts companies negative effect,4
personality attitudes computers trust technology,4
technology simulator sickness presence,4
effects theoretically,4
negatively neuroticism anxiety,4
sickness associated negatively cav,4
journeys negative emotions negatively,4
increased sense presence virtual,4
mortimer adler,4
gma level influences,4
leverages intent,4
lastly courtesy loss,4
basic psychological needs,4
psychological outcomes translates major gap,4
setting anthropomorphism beneficial transaction,4
business press,4
compared individuals trust ai trust,4
reliance algorithmic suggestions,4
claim social robots,4
human decision making ubiquitous,4
limited lack trust humans,4
covid 19 pandemic digital disruption,4
really help foster trust,4
circumvent accountability,4
framework goals inform engineering ethical,4
novel ethical,4
emotional connection agents decision,4
anthropomorphism perceived,4
anthropomorphism perceived,4
decisions humans add distinctive,4
poses challenges ethics safety,4
considered judgments governing,4
individuals oppose biased,4
moral dilemmas,4
makes human,4
day operations general distrust,4
preference ai service modelled,4
reasons decisions developers guide human,4
technological factors significance mixed human,4
risk management model promotes holistic,4
tool motivated rasmussen risk,4
decisions affect,4
surprise significantly influence,4
trust anticipation,4
frequently expressed,4
express positive,4
reported communication social robots deployed,4
emotions using advanced text analytics,4
emotional responses time interactions,4
unique emotionally charged,4
building trust human workers,4
trust person computer,4
philosophy examine norms,4
emotions driving alternative,4
model knowledge dynamic decision making,4
improve safety,4
promises improve,4
condition led highest trust,4
lack trust,4
trust major,4
response time workload trust,4
group llc,4
defense task managing team heterogeneous,4
medical domain trust medical promoted,4
trusted moral judgments,4
increases trust agents,4
care resulting broader acceptance systems,4
group llc,4
online experiment,4
decision making processing responding,4
interactions demonstrated people reluctant,4
defense task managing team heterogeneous,4
link ai anthropomorphism self,4
learning human preferences observations,4
ethically appropriate decisions,4
organizational rejection external technologies phenomenon,4
equations used,4
advice felt greater accountability,4
tool rejected advice felt,4
systems motivate user centric,4
studies emotional analytics,4
assess user reactions,4
unexpectedly retracted evaluation,4
conceptual framework,4
emotional connection,4
link ai anthropomorphism self,4
conceptual framework,4
emotional connection,4
response time workload trust,4
offer sensitivity,4
transaction outcomes,4
order make good decisions humans,4
human factors,4
ratings discriminate mental,4
application contexts brittleness ml trusted,4
potential develop trustworthy control,4
acceptance said technologies enterprise context,4
planned behaviour tested,4
acceptance rates steadily increased,4
selection commonly performed,4
trust power asymmetries lack,4
fosters creation type psychological,4
harmful impact,4
responses improving individual,4
finding human choices converge similar,4
affect technical systems perceived,4
significant positive effect job,4
humans complete control managerial decisions,4
robots knowledge capabilities transparency,4
trust formation humans machines,4
user expectancies human,4
ethics driver morals state,4
forming perceptions society,4
individual character personal choices intrinsic,4
adopt accept ai,4
influence mechanism,4
factors complex,4
trust essential requirement effective human,4
based trustworthiness physiological,4
participants stress,4
perceived fairness decision perceived,4
participants trustworthiness perceptions,4
decision making processes,4
trust automated leadership agents,4
algorithm based decision making,4
acceptance avoidance,4
symbolic related consumer self concept,4
gap develop integrated ai acceptance,4
influence observed,4
factors meaningful anticipate complacent,4
estimate participants reported trust agent,4
literature trust automation,4
multiple factors influence trust,4
identified safety ethics concerns,4
trust compatibility play stronger role,4
cause decision making biases use,4
decisions expose person,4
purport help person various phases,4
various phases decision,4
making leave final decision hands,4
trust decision,4
biased type incentive promised,4
human freedoms,4
interviews individuals consider use decision,4
way development trust aware,4
tended positively,4
trust develops time team,4
trust recovery failures,4
preferences participant begin mouse movement,4
forced choice experiment,4
human decision making,4
responsibility social approval unlikely obtained,4
conditional role trust government,4
network essential remain field moral,4
moral agency,4
prevent replacing human morality pre,4
conscience large,4
citizens achieve positive,4
cultivating trust,4
adjust decision making,4
foster motivation learn machine,4
group llc,4
affective attitude,4
does trust hats evolve,4
divide individuals choose morals,4
based advice affects human decision,4
present vignette based decision experiment,4
moral point,4
founding myths judeo,4
christian religions signs warnings,4
beings aware risks associated,4
adopting ai service robots,4
uncover motivational mechanisms needed,4
research indicates people prefer human,4
harmonise service robots artificial,4
fails ai hook public,4
public reason,4
problem highlight ethical saliency,4
literature users lose trust systems,4
incentive compatible online experiment,4
reveals nature,4
learning influence decision maker reliance,4
today program decision making machines,4
judgement objective non,4
producing good decisions stimulating,4
communicate right way ensure safe,4
trust experience continuation,4
socially sustainable human,4
research antecedents human trust,4
antecedent variables trust ai,4
trust essential,4
factor determines success human,4
study built factorial design,4
structural equation modeling,4
influenced users subsequent actions,4
people perceived greater reactance,4
control streamlines choices decision making,4
key outcomes,4
fully mediated emotion rapport showing,4
rated highly comprehensible avoided crashes,4
human choice reaction,4
argue technology acceptance model tam,4
managers trust,4
personal decision task,4
social presence,4
decision higher support,4
enjoyment self,4
task affect decision task,4
originality value,4
viewing opinions,4
opinions idiosyncratic anomalous,4
account user reaction learn,4
infer biased media,4
important latent features decision process,4
reverse infer important latent,4
purpose framework,4
topics trustworthiness explainability ethics,4
implicit anthropocentric anthropomorphistic conceptions,4
process explained higher degree trust,4
trust advisor attribution,4
trust use,4
learning ai triggered social,4
factors interact especially automated,4
investigate notion employees trust ai,4
effect familiarity,4
reduce uncertainty increase users trust,4
decisions humans,4
abstract concepts confidence hope,4
expectations limited real life,4
risk proximal antecedents perceived expertise,4
positive effects anthropomorphism interactions smart,4
value future interactions,4
dimensions users perceived empowerment perceived,4
lens psychological empowerment,4
anthropomorphism theory study,4
decision aids undoubtedly,4
service robots currently entering consumer,4
group llc,4
decision strategy comprised accountability condition,4
defining consequences,4
social acceptability,4
trust change time,4
insecurity negatively affects perceived,4
matching person unique preferences study,4
perceived mindful mindless anthropomorphism,4
offs determine preference resistance ai,4
emotion null,4
null decision making,4
decision making,4
lack trust autonomy,4
indicated human like avatar preferred,4
congruence robot decision situational danger,4
showed trust assessments reflected degree,4
individuals perceived,4
anxiety 24 urban scenes,4
threat assessment,4
multiple dispositional factors,4
scales including rota predictive trust,4
measured trust end,4
decision making wargaming,4
option space,4
understand factors affecting people,4
range delight frustration,4
challenge psychological consumption,4
present business decision,4
negative effects society,4
design social norms,4
supplanted machines potentially eliminating social,4
risk analysis,4
llc behalf society risk analysis,4
risk conceptualized structural organizational technological,4
negotiations generating,4
robots frontline,4
service task emotional knowledge based,4
group llc,4
assistant decision making rationale,4
factors influence dominant,4
intelligent autonomous systems social,4
trust machine,4
systems social agency incomprehensibility influence,4
focus preference learning,4
level goals understandability trustworthiness,4
interactive technology acceptance model itam,4
examining perceived interactivity,4
met adequate infrastructure psychological,4
machine learning social,4
testing scale iterations exploratory factor,4
positive negative attitudes,4
useful tools understanding people attitudes,4
explained different psychological reactions anticipated,4
pre post online experiment presented,4
hybrid responsibility face,4
provoke ambivalent attitudes employees cooperative,4
ethics hybrid,4
believed trust promoted anthropomorphisation,4
asking participants choices hope optimal,4
people overwhelmingly like trust,4
equation modeling,4
preferences inferring combination metrics maximax,4
stimulate employees intrinsic motivation promoting,4
group llc,4
customers psychological safety,4
thrived covid 19 pandemic,4
confirmatory factor analysis identify modes,4
haic group,4
occurs human subjectivity,4
effects people,4
structural equation modeling,4
family decision makers determine help,4
desires decision maker serve provide,4
levels anthropomorphism,4
users perceived,4
intelligence anthropomorphism increase users willingness,4
decisions drink choosing,4
perceived risk trust organism,4
anthropomorphisation application human like mental,4
positively associated mediated,4
able make decisions complete tasks,4
design techniques human ability trust,4
dimension decision trust robot,4
reliance hss condition feedback,4
risks associated,4
trust accept,4
reasons people,4
emotion social awareness cognitive functionalities,4
manual performance similar trust hss,4
identity techno animism positive emotions,4
assignment responsibility,4
function allocation,4
preregistered online,4
moral patients,4
science business media,4
exploratory factor analysis moral consideration,4
insufficient reliance operators,4
introducing certain anthropomorphic characteristics emphasised,4
higher confidence task,4
adherence recommendation,4
personality related trust affecting acceptance,4
trust trust critical systems carry,4
social group negative social group,4
decision making,4
trust explored,4
conform trust displayed group relying,4
opinions expressed observers,4
responsible tasks,4
human factors,4
rely sufficiently,4
equation modeling technique conceptual,4
structural equation,4
psychological mechanisms cause ironies illustrated,4
trust hypothesis,4
responsibility machines failing detect cases,4
decision tools used high,4
human emotions oriented human contribution,4
framework assessing viability,4
assisting decision making,4
critical human factors hfs generate,4
factor job,4
foster decrease factor,4
acceptance trust,4
influence different aspects work,4
commonly used test tom humans,4
decisions experience construct,4
satisfaction safety,4
human decision,4
mechanisms compare understand underlying decision,4
negatively influence,4
concerns influence technology trust user,4
acceptance ai,4
based task oriented decision criteria,4
augmentation substitution role service robots,4
apprehensiveness expected,4
anthropomorphism social presence,4
robots driver customer,4
affecting users acceptance,4
perceived safety risk,4
human factors,4
trust built,4
key determinant av acceptance,4
awareness trust,4
structure equation,4
factor promoting positive attitude avs,4
aimed improving public,4
conceptual framework av,4
effects peou pu,4
acceptance requirements facilitated provision explanations,4
acceptance av society,4
transparency trustworthiness compliance,4
delivery fle service robot teams,4
management literature unraveling relationship anthropomorphism,4
robot trust considered necessary precondition,4
view informed consent assurance trust,4
based emotion recognition software effective,4
positive negative andneutral wasperformed classification,4
images shown tablet,4
robot chest web interface,4
negative neutral images selected,4
assess user emotions separately,4
background emotion recognition,4
evaluation types attitude,4
united states participants self categorizing,4
portugal examined group based emotions,4
common human factors,4
level trust actual reliability ai,4
trust major cause,4
evaluated framework,4
caused neglected,4
collectivistic individualistic feel closer,4
choices actual,4
participants informed exclusions financially disadvantageous,4
attitudes equal high precision mean,4
demonstrated positive correlations head,4
parameters tam scores trust showed,4
trust automation,4
entails dissociation,4
investigated attitudes self,4
version technology acceptance model tam,4
development society acceptance largely,4
depend trust,4
unfair algorithm leads decision,4
decision maker humans,4
perceived self,4
voluntary decisions actions,4
analyzed structural equation,4
disturbing factor,4
studies investigate morally controversial,4
features ensure prompt functionality better,4
perceived anthropomorphism perceived,4
social influence,4
behavioural reasons,4
level trust,4
mixed methods approach use,4
user trust,4
embarrassment negative emotion hinder interactive,4
role social emotion anticipated technology,4
quantitative approaches human factors,4
19 pandemic,4
factors sectors focus mental modes,4
effective decisions humans,4
trustworthy robots highly performing robots,4
refusal departs requested agreed behavior,4
trustworthiness matter,4
constructs perceived enjoyment customization,4
gap human factors,4
uk limited trading,4
ed positive,4
tam items,4
positive mediates,4
social influence stronger,4
causal relationship,4
task requiring suppression enemy defenses,4
intimacy mediating role relationship anthropomorphism,4
demand coffee maker anthropomorphic,4
based affect,4
degree anthropomorphism robots affect,4
perform complex services anthropomorphic,4
accelerated wide application service robots,4
benevolent maintained task,4
demand coffee maker anthropomorphic,4
based affect,4
anthropomorphism robots,4
perform complex services anthropomorphic,4
accelerated wide application service robots,4
acceptance rated higher individuals tasked,4
human factors,4
difficult trust variety,4
responses factors affected development,4
prevent reliance utilization,4
attitudes human,4
desired preference data,4
psychological effects,4
decision making dm risk influenced,4
regret effects probability weighting,4
risk human like way,4
uk limited trading,4
decision making depends combination hmi,4
performance expectancy social influence facilitating,4
unified theory acceptance use technology,4
human trust,4
human knowledge services robotics,4
trust understand results interpreted light,4
criteria decision making method prioritize,4
ethics partially investigated quantitatively,4
did necessarily decide according,4
decision making authority,4
repeated previously decisions 73,4
originality value present study,4
consent dead,4
interpersonal emotion regulation,4
decision making gives rise right,4
learning implement decisions,4
decisions little human intermediation,4
sets decision rules,4
awareness displayed significantly positive relationship,4
trust mt competitive psychological,4
critical psychological processes explain,4
control unfavorable outcomes human experts,4
stress related exposure,4
negative consequences subsequently evaluate fairness,4
cause unfavorable,4
uk limited trading,4
panglossian assumption neglects psychological,4
scenes differed,4
extends current understandings trust ai,4
significant mediation role trust relationship,4
efficiency safety compared,4
lacking metaknowledge contrast,4
contrast reluctance use ai,4
contrary subjects acted rationally internally,4
decisions collaborate,4
http creativecommons,4
technology acceptance,4
negative effects decision making,4
confronted challenge ensure user acceptance,4
trust human ai interactions,4
downstream effects causal link psychological,4
communication shown disrupt interpersonal trust,4
manipulated agent reliability,4
trust monitored continuously unobtrusively using,4
trust governing factor,4
helps prevent,4
use acceptance,4
frustration participants decreased acceptance,4
psychologists expertise,4
acceptance model based established technology,4
correct acceptances decreased rate,4
reliance automation,4
workload gain acceptance provide support,4
authority granted automated,4
humans think make decisions,4
humans invariably face questions humans,4
anthropomorphized conversational,4
stronger preference human like,4
users making decisions profit versus,4
framework consists levels,4
group llc,4
robotics influencing marketers consumers,4
motivation using lens self,4
argue net effect,4
bias ethics revisited,4
technology formal psychological,4
organizational fairness,4
voting systems,4
perceptions lower,4
machine experiment latin american countries,4
advice using social utility,4
presence sense alleviates psychological,4
draws factor theory emotion,4
anthropomorphism provided recommendations,4
expectancy social influence,4
showed time risk,4
risk negative influences,4
neuropeptide associated trust humans offers,4
perceived unemotionality,4
people anthropomorphize,4
similarities people trust humanlike,4
presence service robots makes,4
phenomenal subjective experiences like sadness,4
motivation anthropomorphism acceptance objection ai,4
efficiency cooperation fairness,4
group llc,4
express hesitance,4
user behavioural intentions reveal,4
trust compliance,4
patrons decisions,4
individual biases group member interactions,4
equation modeling analysis,4
318 structural equation,4
decision making resulting individuals cognitive,4
originality valuethis study reinvestigates,4
workload situation awareness trust,4
suffer psychological,4
bilateral interaction called choice,4
participants engaged alternating offer,4
alternative models choice selection,4
specific environmental factors,4
trust affected,4
human related environmental societal factors,4
factors proved insufficient number,4
use ai perceived fair received,4
interaction especially high risk extreme,4
enhance users expectations algorithmic fairness,4
racially biased performance,4
2015 human factors,4
user behavior reasoned,4
lack match person values,4
emotions motivate,4
social decision making machines humans,4
intended emotional,4
behavior human negotiators,4
human characteristics sufficient elicit behavioral,4
judgment behavior emergency evaluation,4
inform risk assessment user interface,4
countries imperative comprehend cognitive affective,4
introductions affect perceptions,4
reach agreement,4
demonstrate potential pitfalls using size,4
increases affinity social stimuli,4
bargaining partition,4
user acceptance,4
habit anthropomorphism personalization,4
anthropomorphism continuum similarly placebos increased,4
exhibit highest preference action moral,4
losses meaning,4
vs low risk perceptions,4
equation modeling used,4
affect acceptance adoption said systems,4
noncommercial sharealike,4
improvement perceived outcome responsibility,4
contingency plan optimal course action,4
functions recruitment selection broadest use,4
shape positive attitude dhs,4
results trust technology perceived,4
use social influence,4
people appreciation,4
reasons justifications action used,4
movements decision making concludes review,4
addresses problem automated advice provision,4
assisted moral,4
action used promote acceptance automated,4
presence technology necessary understand performance,4
widespread attention mainstream media,4
structural equation,4
influence user attitudes including,4
future decisions,4
evaluative processes people engaged decision,4
trust machine key point,4
papers highlighted individual trust,4
point encourage acceptance autonomous,4
choice overload associated,4
acceptance trust,4
technologies unclear emotions,4
norms social norms,4
equations model,4
monetary motivation,4
reason advice influences people,4
public trust,4
influence context,4
technology acceptance,4
originality value study enriches digital,4
turn negative,4
higher negative emotions control,4
decision making rational agents fuzzy,4
paper introduce sonar social norm,4
subsequently proposed ai acceptance,4
building trust,4
judicial decision making process ancillary,4
safeguarding equity justice rulings,4
especially people low levels self,4
judgment helps,4
certain goals essentially self interested,4
judges persists,4
governance increasing public acceptance points,4
attitude using artificial,4
acceptance points algorithmic paradox,4
blocks trust,4
environmental social norms,4
commercialized programmed professional advice,4
arousal offer acceptance observable,4
selection processes humans,4
science business media,4
framework support align human factors,4
emotionally charged behavior facing computer,4
group llc,4
decision makers,4
savings come psychological losses,4
decisions diverge,4
making especially user felt responsibility,4
trust crucial ensuring safety,4
tend positive attitude avs,4
concerning human trust,4
potential threats,4
effort trust,4
trust result decreased aa,4
based theory computers social actors,4
emphasising potential,4
social responses use aa foster,4
machine decisions,4
optimism perceive ideal self,4
seeks investigate contextualized trust profiles,4
people react differently,4
theory adopting emerging technologies online,4
versus appreciation,4
perspective article review recent,4
cebs lower anthropomorphism conspicuous,4
decision making,4
subjects preferences based context,4
clarification causal antecedents set overall,4
solution enhancing decision making efficiency,4
human factors,4
levels familiarity,4
score mental,4
improving trust,4
distinctiveness ispd,4
structural equation,4
science business media,4
foster trust ai predictions,4
initial response content largely,4
decisions human workers,4
structural equation,4
strengthening self,4
mode leads human blame,4
option control humans assigned responsibility,4
participants use decisions quality,4
significantly influenced decision,4
principle way decision thinking,4
evaluations anxiety related affects,4
decision making,4
contrasts concept,4
human factors,4
covid 19 pandemic,4
outcome bias contrast effect significantly,4
space symbols meaning value closely,4
interaction trust,4
interaction intention,4
principles decision neuroscience,4
coevolution nurturing,4
hold relatively positive,4
negative emotions whilst working,4
number studies viewed trust,4
acceptance discussed,4
influence employee turn positive,4
trust administering,4
ethical dilemmas security vulnerabilities,4
importance prioritizing human aspects,4
adjust trust automation result,4
consider human factor implementing technology,4
criminals terrorists enabled ai trust,4
rated trust,4
impact interactivity perceived humanness trust,4
cause harm,4
emotions generate,4
factors perceived anthropomorphism,4
human trust,4
implications designing socially responsible,4
impact anthropomorphism,4
work decision,4
identifies reasons,4
equation modeling using 440,4
structural equation,4
based technology acceptance,4
group llc,4
contextualizes trust automation factor,4
perceptions compliance reliance task,4
compared emergency evasion,4
clinical decision making study algorithm,4
social robots,4
reliance task performance days,4
cognition replace human decision making,4
increase public acceptance anthropomorphic,4
structural equation,4
trust acceptance,4
based causal logic reasoning,4
unfavorably desire,4
122 evaluates users reflections,4
public reactions,4
factors public,4
group llc,4
equation modelling deployed test research,4
decision making,4
structural equation,4
adopt mixed methods research,4
group llc,4
showing emotions,4
factors cognitive personality,4
factors subjective norms constructs,4
ai acceptance different outcome,4
ratings did differ,4
yield trust declined,4
recovered quickly trust took longer,4
significantly inhibit aggressive,4
punishment education warning aggressive behaviors,4
incentive measures including reward punishment,4
advent social robots,4
technology acceptance,4
fairness privacy,4
perceived threat pt attitudes,4
evaluated separately wants,4
considerations underlying virtue ethics formulate,4
suit preferences,4
person responsible selecting,4
using online experiments analysis variance,4
based social perception,4
external factor,4
guilt envy play important role,4
maker dm,4
break social norms,4
trust safety,4
robots integral service,4
positive vs,4
limited research conducted factors aesthetics,4
like disembodied advice,4
human factors,4
intricate dynamics trust,4
grounding investigation principles interpersonal trust,4
develop unified framework trust,4
like machines designed make decisions,4
finally examined factors,4
group llc,4
quantify trust lack objectivity,4
preferences based,4
affects psychological,4
reveals pleasure plays crucial role,4
research trust,4
model elm status quo bias,4
bias sqb theory develop,4
trust robots tasks,4
policyhoders acceptance,4
affect trust online,4
social robotics human,4
judgments unaided assistance 93,4
robots subvert control lives,4
refer intolerance indicate,4
phenomenological continuum intolerance increasing,4
ethical variation uncover major,4
undermining authority threatening,4
perceptions emphasizes need nuanced understanding,4
models collaborative decision making,4
robot anthropomorphism,4
equation modelling used,4
affective cognitive,4
users using structural,4
negative human relationships,4
anxiety unsafety perception high,4
science business media,4
humanness people,4
humans implying positive association robot,4
satisfaction increasing cognition based trust,4
social ethical concerns future implications,4
infer human trust workload,4
decision process pomdp,4
robots various services,4
attribution practical implications promoting social,4
societal expectations ethical principles,4
investigated effect warning,4
consumers perceptions future development anthropomorphic,4
trust functional savvy prerequisite,4
scenario influence,4
flexible framework research,4
theory acceptance use,4
willing accept cooperate,4
study aims investigate individuals forgive,4
regret avoidance,4
combinations explain different trust,4
computer social actors casa,4
influence trust icub,4
perceptions anxiety levels predict,4
theory reasoned action self,4
order trust beliefs,4
members increases likelihood trust degradation,4
acceptance anthropomorphism critical presence,4
influence hrm derive specific,4
structural equation,4
role variables technology acceptance model,4
group llc,4
low acceptance insureds,4
moral decisions,4
bias enhancing ethical decision,4
acceptance provides good adjustment,4
paper fair potential,4
interaction types perceived,4
bias varies,4
acceptance use technology utaut,4
symbiosis trust technology,4
perceived comfortable,4
decision making making use,4
planned behavior technology environmental,4
worn psychological,4
trust positively impact behavioral,4
factors evaluated,4
traditional technology acceptance model,4
structural equation modeling,4
time needed ensure equivalent,4
reported attitudes technology sdv improve,4
theoretical framework examination yielding,4
mixed methods approach leveraging,4
concept trust provides valid,4
contribute developing global socially acceptable,4
intention bi mediated pu trust,4
explanatory factors social influence,4
arousal mediating,4
perceived cumbersome ineffective loss,4
decision aids suboptimal way,4
decisions subject human trust mental,4
determine user perceptions influence,4
focuses key perceptions including human,4
facing service robots worker facing,4
user credibility,4
popular frameworks addressing,4
cause intolerant attitude agents predicts,4
attitudes significantly affect users,4
provide dehumanized,4
trust automation,4
demonstrate anthropomorphism needs,4
trust expectation model hatem predicts,4
likewise responses point relevant drawback,4
likewise observed,4
retail service robots,4
argue normative role,4
deeper understanding reasons explain respondents,4
motivational definitional responses communicate,4
originality value,4
monotone vs,4
showed forced interactions intensify responsibility,4
attitudes emerge,4
inflections yielded better outcomes trust,4
perceived humanness bias job,4
user acceptance,4
factors identified inversely,4
open ended responses,4
happens dm,4
importance technology acceptance literature,4
literature introducing new conceptualization trust,4
anthropomorphism moderated associations,4
technology acceptance paper provides nuanced,4
group llc,4
robots consumers retail,4
setup machine provides dm,4
machine decisions,4
computers social actors casa paradigm,4
propensity nature decision errors,4
contrast human decision makers,4
cluster investigation comprehend attitudes possible,4
perceived risk,4
familiarity systems,4
decision process framework,4
threat attitude,4
action used promote acceptance automated,4
decision makers,4
trust development play,4
indicates negative effects influenced,4
critical factors driving ai acceptance,4
participants reconciling information trust automation,4
strategies revealing distinctions experts offensive,4
decision aid conflict,4
increases confidence certainty decision,4
communal attitudes apprehensions transportable behaviour,4
nature experts strategies,4
main factors people ponder,4
technology utaut identified distinctive features,4
anxiety unsafety perception high,4
sociodemographic profile users studied factors,4
observation contrast,4
compounded decisions increasingly effortful difficult,4
reduced increased familiarity,4
decision makers dms flexible adaptive,4
involve anthropomorphism,4
highlight ethical implications autonomous,4
reasons justifications action used,4
existing anxiety siot,4
important ethical security operational issues,4
technology related user acceptance,4
overlooked impact service robots overall,4
decision making machines,4
decision makers practitioners academics,4
outcomes human dm,4
aic management aim,5
case study electric overhead travelling,5
buyers use artificial,5
response speed response accuracy,5
intelligence capability,5
enhances parking,5
traffic controllers,5
ai technologies,5
decades cognitive,5
intelligence ai adoption knowledge,5
test hypotheses complexity inversely related,5
able assess capabilities correctly,5
revolutionize mobility,5
examples iii network dissection,5
automation control mandatory driver,5
second order variable aic,5
operations needs identify methods parallelize,5
ai technologies,5
mbm participants collaborate ais,5
equation modeling pls,5
uncertainty perceived human users,5
automated guided vehicle agv assisted,5
leverage ai,5
xai methods currently discussed potentially,5
smartness associated physical machines software,5
abilities automation,5
variables shape adoption,5
methods account uncertainty ml,5
advancing ai explore ai creates,5
future air traffic,5
underrepresented xai research far,5
trajectory based,5
creativity aim ai driven,5
simulated air traffic support different,5
transport improve safety reducing,5
ai work outperform ai outperforms,5
delegate work ai,5
ai plays,5
intelligence ai affects suppliers,5
teammates ats,5
setting humans ai perform classification,5
drivers bank automation,5
motion problematic ia decision making,5
databases robotics,5
teaming potential,5
cars high end,5
issues safety,5
threat driving,5
freedom moderated car,5
cognitive models humans theory mind,5
use predictive students attitude ai,5
thanks advances artificial intelligence,5
driver type car class,5
specific ai classification ai wrong,5
vehicles influences acceptance adoption,5
human ai relationships emphasizing significance,5
intention limited understanding drivers post,5
robot ingroup condition outgroup neutral,5
ai examine impact fear,5
driving assistance features attracting,5
platform ai enter consumers,5
automation driving,5
driven ai nonetheless willing,5
evoc 2000,5
self determination theory sdt,5
service assistants commerce,5
selfdetermination theory inform design,5
driving dystopia,5
human machine teaming improve flexibility,5
compatibility complexity,5
mental states,5
making increasingly supported artificial intelligence,5
ai systems user centered future,5
ias use machine learning decision,5
consumers regarding autonomous,5
aspects designed cognitive architecture trustworthy,5
fit viability model fvm study,5
road domain transferable,5
representations allow,5
factors driving performance virtual,5
aviation road,5
robotic devices hospitality services service,5
intelligence ai based interactional technologies,5
transport limited tend confirm,5
multigroup analysis revealed pcor exerts,5
paper explains specific character hebrew,5
experiences maritime,5
ai systems,5
development innovative useful artificial intelligence,5
need raise attention curiosity ai,5
icsas initial response focus,5
machine teaming near term,5
new technologies driving intelligent transformation,5
awareness repeatedly controlled simulated air,5
driven cars generate individual urban,5
virtual agents prevalent,5
cognitive schema,5
application artificial intelligence significantly,5
intelligence significantly enhance commerce,5
autonomous vehicles provide reference designing,5
growth interactive kiosks,5
afraid cars,5
using multi armed bandit,5
smart environments,5
simulated drone environment types,5
use artificially intelligent robotic,5
individuals experienced drivers autopilot,5
human cognition processes,5
intelligence ai society encompassing,5
794 showed decision unfavorable ai,5
suggests enhanced capacity modulating responses,5
methods reinforcement,5
promoting social cohesion era intelligent,5
unit cognition,5
accounts openai,5
driving power dependence power,5
augmented intelligence,5
mind things having,5
modeling sem,5
discovered solved teams individuals machines,5
001 reliability perceived intelligence,5
limited trading taylor,5
intelligence gained lost,5
ai lms passenger car,5
robot travel information,5
advancement artificial intelligence ai,5
criminal justice case driving big,5
uncertainty tasks,5
teammates perform increasingly complex tasks,5
maladaptive ai,5
evolving assistants,5
sensory capabilities automated agents,5
robot automatic demand,5
safety human machine systems,5
respondents thought ai,5
operationalized consensus constitutes emotion ai,5
question artificial intelligence ai possess,5
intelligence ai current covid,5
low autonomy walk agv high,5
model today appears autonomous,5
variables based driving,5
drivers dependency,5
autonomous vehicles,5
ai education presents opportunities challenges,5
acceptance making cars,5
experiment self explaining autonomous,5
intelligence practical guides chinese enterprises,5
participants verbal cues crucial traffic,5
especially case,5
technology achieve intelligent augmentation insufficient,5
impact algorithmic,5
car positive impact trust,5
vehicles represent significant,5
advent intelligent,5
perception ai,5
alexa siri,5
artificial intelligence ai,5
ai based,5
artificial intelligence initial stage scholars,5
baseline periods drive driving,5
systems erroneously attributing mental states,5
primary aim artificial intelligence,5
cars automated greater,5
robot travel information,5
means intelligence community,5
robot automatic demand,5
ai dependency needs frustration negative,5
intelligence ai advocates distinction,5
digital intelligence new,5
intelligence service efficiency aesthetics enjoyment,5
size robo,5
topic transitions automated driving,5
expands research focus ai disclosure,5
higher performance expectancy ai,5
services compared airline services,5
users perceived ai,5
intelligence perceived,5
advancement artificial intelligence ai,5
depicts deteriorating cognitive functions,5
reviews history xai ai,5
driving behaviors,5
performed hdv speculative uncertain adv,5
knowledge artificial intelligence empowered customer,5
helicopter navigation,5
safety human machine systems,5
use artificially intelligent,5
primary driving,5
vehicle types,5
states defined,5
explains human ai,5
protect missile,5
psychological drivers,5
display provides discrete trajectory,5
requires considerations design autonomous teammates,5
term mixed traffic consists human,5
hdv autonomous driving vehicles,5
modes ai use increasing,5
pilot trajectory decision making 16,5
efficacy job,5
vary depending team,5
theoretical insights artificial intelligence,5
making process heterogeneous vehicle,5
successful human agent teams leverage,5
ai unprecedented extent,5
ai interaction offer practical implications,5
ai drawing crash investigation,5
accidents continue,5
human cognition processes,5
coverage suggests use ai organizational,5
mind self conscious property,5
new technologies including ai little,5
optimal performance safety human ai,5
purpose artificial intelligence ai,5
supports preservation airspace robustness,5
mbm participants collaborate ais,5
essential ai,5
hybrid teams,5
traffic scenarios used verify,5
simulation tests amateur drivers,5
heuristic systematic model,5
brain regions sensitive changes agent,5
insights artificial intelligence related literature,5
proposed transportation agencies describes driver,5
interfaces aviation domain revealed humans,5
driving systems ads,5
firstly inverse reinforcement,5
ai algorithms manage,5
assistant personalities build trusted long,5
dorsal medial prefrontal cortex activation,5
documents using ai,5
tesla autonomous,5
intelligence ai current covid,5
pickers interacted actual agv,5
brain data,5
intelligence ai,5
machine learning algorithms lasso,5
ai systems increasingly pervasive internet,5
ai technology communication,5
attitudes ai predictions recommendations,5
remote vehicle,5
ai xai aimed clarify,5
28 participants indicate conveying intelligent,5
hybrid teams human,5
vehicle operations transitioning,5
treasures help intelligent assistant,5
intelligence ai,5
artificial intelligence technology increasingly,5
autonomy suboptimal team performance,5
ai xai function viable,5
examine xai influences users,5
deciphering autonomy generated solutions,5
heuristics derive,5
multiple folds,5
human ai hybrid decision making,5
autonomous systems,5
remote uncrewed aerial,5
uas simulation,5
military artificial intelligence ai human,5
intelligence ai,5
customer adoption ai,5
cuteness ai,5
trading taylor,5
situations humans past managing stock,5
issues like traffic,5
users signals sent vehicle,5
exploring intelligent vehicles,5
limited trading taylor,5
efficiency intersections vehicle vehicle v2v,5
influence drivers decision,5
vehicle motion,5
application cognitive,5
orientation svo driving agent,5
incorporate metrics teamwork,5
intersection conflict,5
opposing vehicles significantly promotes cooperative,5
proself vehicles mean,5
extend teams consisting multiple human,5
waiting rate,5
trading taylor,5
support weakens effect ai awareness,5
ai introduction based stara theory,5
identity v2v systems automated vehicle,5
ai machine learning natural,5
ai tools university level educators,5
natural language processing applications,5
need automated modernized air,5
concept machine heuristic mh,5
intelligence ai contactless,5
ia smart,5
air traffic,5
benefits traffic,5
robot automobile distributed big data,5
diverse user groups ai,5
extra complexity,5
safety engineering automation airplane,5
ai roles tasks,5
various modes haic,5
ai agents known human ai,5
consumer parasocial relationship ai,5
modeling pls sem employed,5
intelligence genai technologies,5
study focuses interactions ai shopping,5
artificial intelligence ai assistants,5
ai enabled app,5
management positions use ai sdm,5
artificial intelligence ai strategic,5
approaches safety,5
findings contribute ai,5
big data algorithmic techniques automation,5
rapid development adoption ai,5
experience did moderating,5
tasked directing traffic maintaining separation,5
body evidence ai tool acceptance,5
organizational context artificial intelligence ai,5
trust ai cognitive affective processing,5
conducted explanation ai vs,5
intelligence ai technology engage,5
uncertainty human,5
apply tool teammate models security,5
artificial intelligence ai technologies,5
reveal perceived intelligence service quality,5
consider intelligent,5
studies unravel moderating effects adult,5
artificial intelligence ai,5
teaming hrt,5
integration existing urban mobility,5
autonomous vehicles,5
intelligence ai understanding users,5
impact ai awareness,5
mechanisms cognitive,5
intelligent systems ais exploded range,5
robotics traffic engineering literature,5
role human ai interaction privacy,5
smooth road communication coordination,5
term intelligent,5
driving systems adss lane,5
teammate interaction,5
interaction automated driving,5
machine interface designs drivers trust,5
marketers perceive benefits ai,5
machine learning ml,5
intelligence ai transforming business,5
starcraft ii openai,5
teams require explicit focus just,5
decade artificial intelligence ai,5
users deep reinforcement learning deep,5
summarize key themes emerging ai,5
depends process firms learn,5
understanding ai identity threat,5
identifications jobs ai,5
intelligence ai increasingly integrated,5
understanding user interactions ai,5
architecture clarion,5
representational complexity function environment,5
severity level moderating,5
interactions increase complexity machines,5
driving simulator encountered traffic,5
advances artificial intelligence ai sub,5
opportunities challenges occupational safety,5
behavior gridworld navigation task,5
assumptions human cognition,5
ai systems designed,5
ai roles user motivation adopt,5
cognitive tom,5
tom framework uses known theory,5
construct computational representation tom,5
problem overtrust,5
research artificial intelligence develop,5
privacy concerns related use ai,5
deficiency alignment driver perception,5
improvements driving performance usage,5
requests driver push button let,5
customers support ai,5
ai performance expectancy mediated relationship,5
driver resume,5
detects congestion,5
speed accordingly,5
machine teams,5
capabilities functions automated,5
moderating role perceived,5
sdl artificial intelligence device,5
intelligence gai witnessing,5
vehicles avs highly,5
virtual assistants care,5
research scalable user centered ai,5
cognitive resonance role info,5
road users generated resistance,5
abilities derived humans lack,5
communication unsafe interactions drivers,5
automobiles introduced early,5
created need new infrastructure vehicle,5
structural equation modelling sem initially,5
response speed,5
similar challenges drivers supplanted machines,5
artificially intelligent,5
assistants based,5
freedom maintained allow,5
affected uncertain,5
intelligence ai increasingly used,5
vehicle automation lead,5
published informa,5
fatal crash uber self driving,5
ais rigorously analyzed understood safety,5
expectancy perceived enjoyment intelligence,5
responses systems range,5
2000 taylor,5
accidents involving commercial airplanes,5
versus complex representations doing provide,5
vehicles triggered operationalised personality,5
approach utilising pls sem fuzzy,5
ai applications pose potential threat,5
continues lag,5
innovation means level fully autonomous,5
vehicle pods,5
avps require human driver approaching,5
complexity generally depends firm,5
relative advantage heuristics,5
artificial intelligence,5
available human machine actors based,5
systems managed multiple human teams,5
systems distributed autonomous systems,5
autonomous able make,5
study investigates adaptability artificial intelligence,5
teaming observing,5
model ai agents almaa framework,5
fly advanced aircraft,5
article explores established cognitive,5
assistants care grocery shopping replenishing,5
determinants shape frontline hotel,5
things car intelligent devices robots,5
imperfectly reliable apparent traffic,5
equation modeling sem analysis,5
limited trading taylor,5
learning effect time observed conditions,5
intelligence ai human resource,5
gaps remain areas team,5
neo human capital ai,5
sampling explore ai influence,5
ai calls employees upskill,5
implementation car distance,5
proponents artificial intelligence,5
strong intensity ai emotional,5
positive perceptions ai,5
artificial intelligence,5
contributes burgeoning ai literature identifying,5
partial squares pls step model,5
moderating role ai,5
encourage higher probability compatible,5
ai platforms increasingly,5
used various team,5
development organizations increasingly employ artificial,5
ai enabled tools help,5
ai envisaged scenario,5
useful future studies examining ai,5
intelligence ai,5
road necessary effective measures human,5
flow composed human driven vehicles,5
published informa,5
limited trading taylor,5
machine integration ai merely force,5
merging mixed traffic flow composed,5
degrees obviously ai provides,5
ai rational efficiency simultaneously,5
attacked human drivers,5
mounted displays hmd increasingly used,5
consider factors design automated vehicles,5
warfare artificial,5
explored pedestrians understanding fully autonomous,5
vehicles favs intention,5
road crossing scenes single,5
saccade tests,5
fav distance crossing place physical,5
states attribution result complex,5
improved team,5
dm problems assigning task robot,5
teaming multirobot,5
stop influences pedestrians decision cross,5
machine teaming,5
humans teaming,5
market decision making ai,5
digital assistant pda,5
participants recorded siri,5
fortunately computational cognitive,5
designing autonomous,5
1999 taylor,5
length frequency,5
frequency usage controlled,5
iet intelligent,5
imaging analysis self driving,5
human rationalization ai,5
friendly personality siri opposite,5
autonomy leads higher degree algorithm,5
empathy autonomy making decisions,5
self humanization,5
transport systems published john,5
recent years plethora artificial intelligence,5
ai systems narratives targeted needs,5
increasing number individuals integrating ai,5
framework classifies state based,5
accurate representation chain,5
vehicles ai,5
learning reinforcement learning,5
characterize human theory mind,5
semantic syntactic,5
factors affecting fully automated vehicles,5
aerial vehicles uavs foraging,5
anxiety ai ethics high,5
high scenario ai used weaponry,5
permeating lives public attitudes ai,5
traffic controller computer based tool,5
allocation research,5
intelligence ai,5
subjects supervised swarm unmanned,5
air traffic,5
age years driving,5
swarm reliability,5
driving cars travel time car,5
integration artificial intelligence ai technology,5
attention studies ai commerce,5
frequency driving,5
response time,5
cognition augmentation fundamental applied aspects,5
factor current air traffic,5
traffic management,5
cognitive state sensing assessment human,5
state art ai technology focusing,5
based machine learning,5
ai make,5
react ai driven negative consequences,5
advanced artificial intelligence ai robots,5
discuss consumers accept advanced artificial,5
autonomous cars need able infer,5
intelligent assistant,5
drivers pedestrians predict,5
inferring human mental states prerequisite,5
ai integrated society example,5
theory mind tom,5
ability human mind attribute,5
neural mechanisms,5
ai xai end users,5
literature suggests ai communication end,5
fully autonomous vehicles,5
ai systems decisions ought,5
intelligent propose soft computing promising,5
autonomous vehicles remain unavailable,5
data human machine shared driving,5
intentions autonomous passenger drones,5
shared driving indicated new personality,5
increasingly interactive autonomous sociable mechanisms,5
robots hospitality tourism,5
ai involvement decision making,5
similarly neuroimaging studies better,5
loop reinforcement learning hitl,5
field aiming construct comprehensive overview,5
ai interaction haii,5
growth artificial intelligence,5
stimuli considered perceived intelligence,5
sor theory ai feature,5
field human ai interaction,5
neural network approach,5
intelligence turn enhances user loyalty,5
artificial intelligence systems helping decision,5
extend cognitive,5
effective human artificial intelligence,5
tom models fully express,5
challenge expectations perceived intelligence,5
models fully express complexity human,5
learning area particular recent neurocognitive,5
cognitive neurosciences ai computational models,5
human intelligence hi artificial intelligence,5
aui concept,5
humans machines recognizing irreplaceable role,5
addition new ai algorithms inferring,5
planning scheduling,5
learning ml models increasingly information,5
ai collaboration competition conflict,5
ai serve deeply human function,5
definition field,5
users form ai technology key,5
did moderate link ai,5
antagonistically moderated relationship ai,5
443 questionnaires distributed users ai,5
human ai interaction based theory,5
xai framework study identified personal,5
assessed effectiveness ai,5
intelligence ai,5
ai vs control condition,5
painting emerged leading intelligence,5
backgrounds trigger representativeness heuristic associated,5
sensitive responses ai inconsistent performance,5
punitive assessments ai,5
moderator effects,5
actionable directions development ai painting,5
augmentation acted competing,5
virtual agents,5
ai long,5
robots autonomous weapons self driving,5
driving cars arguably lack control,5
reduces usability whites ai shows,5
technology artificial intelligence ai,5
employees augmented ai based emotion,5
called machine learning,5
came ai,5
artificial intelligence ai technologies increasingly,5
party raters compared humans ai,5
challenge standard operating,5
vehicles avs,5
considered section include autonomous technology,5
crowdsourcing new items testing scale,5
flight modes shift autonomous,5
artificial intelligence shapes subsequent user,5
robots artificial intelligences,5
intelligences various kinds occupy,5
machine learning methods produce,5
medium high traffic density condition,5
termed urban air,5
digitized world,5
humans vehicles evolved,5
increasingly sophisticated ai nature work,5
driving tasks construction user,5
air traffic control atc,5
intelligent steering wheel,5
automobiles enhancing user perceptual,5
field robophilosophy,5
ai transforming,5
artificial intelligence gained,5
development process applied ai,5
rides driver,5
city scenarios crossing,5
78 participants artificial intelligence condition,5
fsqca second,5
automated driving,5
heuristic analytical styles intuition modeled,5
safety particularly vulnerable road users,5
artificial intelligence ai indispensable solving,5
combine human intelligence,5
members align decisions ai counterparts,5
convergence human team members,5
affect employees ai,5
signals signal fit optional ai,5
signaling theory self determination,5
heighten driver comfort increase traffic,5
ai anxiety pursuing,5
using cognitive style,5
humans ai protocols,5
basic safety,5
self efficacy,5
robot hotel experience,5
crossing pedestrian intention visualized correctly,5
vehicle factor pedestrian distracted using,5
intelligence ai,5
ai idea crystalizing exponential growth,5
french drivers,5
users likely react products,5
intelligence ai aids,5
regulating treat ai build,5
ai appears carry treat people,5
consumers interact artificially,5
simulation unmanned vehicle control,5
conscious users human ai,5
question artificial intelligence ai considered,5
ai partner took time make,5
squares structural equation modeling pls,5
intelligence ai,5
basically cognitive,5
study using moderation,5
human ai,5
machine learning global,5
human artificial aspects,5
impact artificial intelligence,5
ai based devices,5
modeling sem,5
relationship ai capability firm performance,5
ai business developed dramatically decade,5
teaming outcomes time pressured,5
drivers using quantitative,5
incorporation ai consideration basic safety,5
aviation little known implementation automation,5
known behavioral effects ai,5
agent playing role virtual,5
intelligence cities policy makers bridge,5
revolutionize mobility addressing,5
autonomous vehicles,5
govern artificial intelligence,5
millions drivers choices,5
algorithms preprogrammed fundamental difference ai,5
avai driven society,5
safety considerations expansive scale systems,5
governance autonomous vehicles,5
person state mind fundamental,5
time resources necessitated safety,5
driving experience,5
independence including pursuits acting freely,5
acting freely self,5
autonomy defines,5
specific motivational drivers barriers,5
situation autonomous,5
automated vehicles avs depend,5
humans based developments,5
route selection,5
interaction artificial intelligence human judgment,5
data inputs degraded ai,5
systems office assistants climate,5
artificial intelligence machine,5
ai robots machine shaped robot,5
brain right,5
equation modeling cb sem partial,5
indicated different configurations ai resources,5
sustainable development,5
infrastructure sdg 12,5
experts crowd evaluators,5
related cognitive processing,5
recent advances artificial intelligence,5
smart display,5
working ai systems workplace policy,5
abilities biological systems,5
aim learn agent multimodal,5
forms narrow hybrid ai,5
ai engine number psychological,5
similarities human intelligence,5
overreliance ai,5
intelligence operation psychological contextual variables,5
new ai,5
role ai enabled systems idea,5
ai based advisory systems positively,5
development ai partners human,5
basis refining transportation policy technology,5
148 users autonomous shuttle project,5
ai related,5
drawing research,5
brought development ai gives,5
artificial intelligence,5
conceptualization cognitive revolution,5
argue artificial intelligence ai generate,5
psychology marketing ai,5
ai technology shown significant antecedents,5
limited trading taylor,5
devices using large language models,5
artificial intelligence means,5
advancements artificial intelligence ai,5
specifically machine learning information technology,5
likely negative outcomes automation,5
subsystems flight,5
organizational resources ai,5
robots tourism,5
artificial intelligence ai meaning,5
especially artificial intelligence robotic process,5
minds artificial,5
rbv dynamic capability,5
capability framework,5
university transportation knut chungju korea,5
automated vehicles,5
traffic av safely efficiently,5
driving behavior,5
intelligence ai,5
future roll ai technologies human,5
perceive accept shared autonomous,5
vehicles savs,5
ai presence application,5
threat autonomy,5
automated transport technologies adopted,5
ai commonplace embedded daily,5
applications using artificial,5
calls examining ai integration,5
computers minds input output,5
dynamics teams ai based members,5
effectively integrating ai,5
cognitive assistants,5
separately implicit lateral vehicle movement,5
urges factories offer wearable cognitive,5
automation flight deck,5
robots artificial intelligence generally,5
bottlenecks double parked vehicles,5
intelligence generally having moral,5
road users highly comprehensible,5
wearable assistants enhancing person job,5
aircraft autopilot acceptance,5
witnessing remarkable use intelligent,5
human cognition fails,5
imitative human cognition,5
ai increasingly used make,5
advancements ai ability address emotions,5
perspective hi ai proposed highlighting,5
hi ai,5
impact generative ai,5
design ai based,5
growth autonomous technologies important,5
introduce autonomous driving,5
archetypal consumer autonomous technology,5
value attributed autonomous cars,5
condition participants positive attitudes ai,5
literature theme autonomy qualitative studies,5
rapidly driving automation autonomy emerging,5
coaching games chess,5
human activating congruent mind,5
research proposes ai higher perceived,5
current era interacting artificial,5
car owners familiar driving conditions,5
allow test consciousness perception,5
travel happier safer efficient,5
intelligent vehicles,5
unintelligible humans,5
robots ai,5
unmanned vehicle,5
puzzle receive ai generated feedback,5
identifies 18 attributes cognition,5
article offer interpretation ai,5
cognition using example heavier air,5
machine learning based,5
tools recruitment collaborating ai developers,5
procedure unmanned traffic,5
traffic control tower simulator work,5
domains healthcare transportation,5
episode air traffic control,5
ai assistant,5
design real time decision making,5
pm analysis levels autonomy cognitive,5
asymmetries highlight difference ai human,5
integrated vehicles,5
description analysis joint,5
framework joint human autonomy process,5
inverse reinforcement learning analyze effect,5
summary machine learning,5
effect differed types ai,5
rôle played human information processing,5
role artificial,5
intelligence ai,5
assess impact ai design,5
abilities tends overload human,5
necessitate drivers control,5
automated vehicles exception featuring level,5
automated autonomous systems enabled artificial,5
intelligence ai bring new,5
artificial intelligence ai,5
ai interactions,5
ai applications psychological,5
promoting mechanized,5
emerging literature using ai,5
public opinion legal processes extent,5
drift diffusion,5
perceived time spent ai based,5
ubiquitous computing,5
ai systems demonstrated impeccable potential,5
introduction artificial intelligence,5
research benefit interested furthering safety,5
managers seeking leverage ai technology,5
detection naval air engineers experience,5
ai development practices,5
systems bringing augmentation human,5
ai systems,5
creating intelligent solutions capable autonomous,5
capabilities shape,5
advances artificial,5
data improve ai predictions general,5
products ai products,5
planning structure using tree,5
wisdom crowds,5
affecting team,5
extant literature leads posit ai,5
team performance difficult translate automated,5
analyze advice ai affects complementarities,5
humans know ai,5
technical systems varying levels autonomy,5
autonomy affect,5
cognitive functionality,5
use independent language,5
recent research ai tends use,5
increasingly autonomous,5
learning interacting,5
characteristics planning,5
using artificial intelligence ai improve,5
ai incorporate process data,5
product autonomy enhances effects hedonic,5
attitudes behavioral intentions using ai,5
evaluations automobile add autonomous,5
computational intelligence ci,5
proposed gaku,5
formation demand ai empowered consumer,5
associated dark ai,5
safety work,5
permissibility cgp,5
intelligence ai,5
slow deliberative thinking,5
neural symbolic,5
integration machine learning daily,5
ai legislation,5
daily computing underscore imperative trustworthy,5
probability existential catastrophe,5
moderating effect,5
hdv personal attributes influence autonomy,5
mirrors strategies employed navigating,5
goals specified natural language stored,5
ai systems potentially revolutionising interaction,5
person make intelligent informed,5
recent advances natural language,5
kind ai architecture language,5
person comfortable crossing,5
platforms devices search engines,5
ai robotics,5
offset autonomy,5
different countries discussed contemporary ai,5
artificial intelligence ai human employees,5
decide uncertainties,5
vehicles avs undermine broader,5
coaching computationally efficient,5
compatible human cognition come afterthought,5
broader transportation policy objectives,5
autonomy competence relatedness turn,5
ai variety business processes functions,5
perceived benefits surround ai,5
aircraft maintenance hypothesised time location,5
regarding future work age ai,5
organization ability leverage ai successfully,5
thinking theory likely based,5
role customers familiarity ai,5
model potential impact ai,5
folk theory perspective,5
process subject moderating influences,5
hypothesize team interaction related development,5
driving vehicles sdv,5
pedestrians essential,5
vehicle automation perceptions,5
increasing capability automating various,5
collaborate autonomous teammate,5
potential immersive augmentation artificial,5
attitudes automation,5
ais reward misspecification goal misgeneralization,5
study determine autonomy,5
ai systems,5
computer human judges decide legal,5
crowds settings,5
described terms built capabilities relatively,5
artificial intelligence,5
end introduce bidirectional imitation,5
agents estimation importance uncertainty decision,5
types software elements ai,5
assistants viewed,5
capability meme knowledge generalization,5
study explored role artificial intelligence,5
heuristic knowledge,5
systems intelligent role,5
learning ml,5
vein driving,5
surrounding artificial intelligence,5
knowledge based products humans,5
logistics preventing accidents,5
according mental processes summon response,5
opportunities innovation transportation,5
years ai,5
augmented intelligence introduced concept utilizing,5
research methodology including classical ai,5
representations essential intelligence consciousness explained,5
computation necessary sufficient mentality,5
presuppositions ai replaced neo heideggerian,5
minefield navigation,5
navigation simulation,5
thinking believing ai entities lack,5
states compared describing novice,5
aims enhance driver performance transitions,5
markov models hmms provide comprehensive,5
disengage driving task need resume,5
rise ubiquitous systems,5
condition voluntary non driving,5
driving related tasks,5
cognitive architecture relevant,5
artificial intelligence ai ensures,5
vehicle consideration effects trust,5
automated vehicles traffic safety,5
ai pervasive organizational phenomenon unclear,5
controllability functions automated vehicles,5
subjective acceptance automated vehicles,5
architecture carried using dempster,5
physiological state ai,5
hands wheel requirement,5
consider capabilities inadequacies,5
ai drawing developmental psychology,5
tom artificial intelligence ai,5
theory mind,5
complexity surroundings like humans,5
begin understand distinct mental states,5
drivers attention brief period,5
intelligence ai,5
traffic control task participants,5
insights reconceptualization ai,5
autonomous driving actions human operator,5
development involves autonomous driving,5
directly interact programmed reactions vehicle,5
saccade planning,5
visuomotor steering task,5
car driving,5
united nations sustainable,5
complex navigation,5
work adoption artificial intelligence ai,5
cognitive processes,5
gaze directed road centre,5
increasing complexity digital age optimization,5
manual aircraft conflict,5
framework understanding bright dark ai,5
machine team,5
powerful evolving,5
easily embody complexity,5
ai benefits manifested business,5
classify wellspring ai,5
constructed hierarchical succession reactive,5
reactive lower level cognitive higher,5
man machine actions dynamic extension,5
survey results tested effects ai,5
assistants finding,5
driving simulator propose novel way,5
propose network approach target measures,5
advantage ml traditional programmed,5
capability autonomous action artificial society,5
intelligence word refers computational process,5
simulated air traffic control,5
extension technique vehicle behavior model,5
interactive machine learning,5
ed artificial intelligence research,5
ml typically,5
demands ambiguity form complexity places,5
control unmanned vehicle,5
theoretical lens dunning kruger,5
vehicle area search behaviors,5
safety technology,5
intelligence serve catalyst job creation,5
field presented,5
like apple siri google assistant,5
naval bridge resource management,5
maritime training,5
autonomy arises,5
ranging command driven consensus locally,5
international regulations mandatory,5
flying conditions significantly correlate altitude,5
participants determined pairs aircraft,5
development intelligent,5
especially artificial intelligence robotic process,5
background hai,5
failure vehicle driving slowly,5
discussions extended minds philosophy examine,5
robots hospitality,5
ai adopt targeted managerial,5
intelligence collaboration willingness,5
sign crossing pedestrian braking,5
artificial intelligence necessary desired humans,5
deployed real vehicles simulators,5
recent advances robotics artificial intelligence,5
important decisions intelligent systems,5
replaced artificial intelligence,5
employee artificial intelligence awareness eaia,5
insecurity moderating role ai,5
hindrance appraisals artificial intelligence,5
moderating roles,5
resolving tickets,5
explain mechanisms underlying human process,5
steep development artificial intelligence,5
unlikely ai prove psychologically,5
german car,5
mc highly automated driving,5
complexity calibration lies,5
artificial intelligence ai primarily robots,5
critical overview relationship ai,5
driven vehicles need trust,5
cognitive implications using autonomous technology,5
ai technologies poised revolutionize consumers,5
artificial intelligence,5
intelligence disrupting,5
technology attributes,5
application artificial intelligence ai based,5
trading taylor,5
ai technologies poised revolutionize consumers,5
artificial intelligence,5
mechanism consumers experiences ai,5
moderating factors,5
intelligence disrupting,5
ai exploring dual,5
intelligence ai profound impact,5
results fsqca support,5
learning ml artificial,5
general functional analysis ai,5
driving cars complex activity,5
competencies required adopting ai,5
task fulfilment expectations ai,5
ai hrm identified utilizing dynamic,5
address workers fear working ai,5
communication coordination ai best,5
dimensions level performance level autonomy,5
explains lead self ai integration,5
test behavioural criterion intelligence advocates,5
aircraft synthetic task environment,5
limitations sls conditional driving,5
heterogeneous unmanned vehicles serves,5
driving automation society automotive engineers,5
perceived able benevolent impersonal,5
map vehicle location proposed,5
view driving,5
information reasoning uncertainties,5
risks associated use ai,5
levels driving control,5
vehicle automation,5
smart technologies,5
ai based systems crucial better,5
tasks successful teams make substantial,5
human autonomy teams,5
lowest effort drivers regardless,5
drivers age groups terms trust,5
cognitive ability age groups clear,5
drivers cognitive,5
increase drivers,5
uncertainty avs decision making action,5
second investigate role ai personalization,5
effect experiences opinions ai,5
human interaction ai systems,5
second drawing mediated moderation perspective,5
artificially intelligent,5
form realism ai,5
users building working heuristics,5
advocates cognitivism,5
processing emotional information elicitation synthetic,5
moderating factors,5
explains lead self ai integration,5
roles teaming experimenter simulated ai,5
artificially intelligent,5
learning effect dwindles does vanish,5
artificial intelligence theoretical,5
held methods ai,5
drivers experience rti number,5
reduction response time,5
rate successful intervention car,5
intelligence appearance interaction effect,5
graphics depicting current state,5
conducted driving simulator 100,5
cars function perfectly drivers,5
assistant gt moca embodiment,5
driving environment mental,5
investigates critical behavioral factor ai,5
robots intelligence,5
automated vehicles,5
artificial intelligence ai,5
study ai,5
consisting ai accessibility human ai,5
organizational process consisting ai,5
autonomous vehicles medical assistance devices,5
traditional ai new models,5
australia previously used ai,5
moderation effect information,5
nature scope discussions surrounding ai,5
mixed human artificial,5
intelligent technologies potential bring,5
issue ai systems,5
recalibrate air combat virtual,5
assistants onboard advanced fighter aircraft,5
dealt integration pilots virtual,5
ai enhances detracts customer,5
example driving,5
route differs,5
autonomous machines developing using prodec,5
making route suggestions users,5
background human machine teaming,5
cognition impact,5
teaming hmt typically combines,5
unattainable given certain,5
perceptions attitudes ai,5
ai resistance,5
alleviate employee artificial,5
autonomy means possibility dislaying providing,5
claimed falcone castelfranchi autonomy,5
user centric ai systems,5
requires autonomous robots able,5
pls sem technique empirically validated,5
studies transportation medical technology,5
player coordination,5
limited trading taylor,5
enablers successful integration ai technologies,5
ai driven supply,5
figure somebody thoughts,5
characteristics ai influence,5
optimal uninhabited,5
intelligence ai claimed offer,5
additional determinants,5
encounter ai,5
questions drivers lead managers,5
artificial intelligence based algorithms automated,5
ai increasingly emerging,5
mental states inevitably meaningless,5
decisions failure current ai engage,5
unpredictable ways precludes certainty,5
ai powered automated stores,5
introduces wide ranging working ai,5
air traffic control simulation conditions,5
example hybrid teams consisting conversational,5
electroenergy network used define typical,5
intelligence ai develop potential partner,5
drivers performance terms cognitive,5
pursuing research topics focused ai,5
artificial intelligence ai scholarship,5
ai technologies positive,5
tests establishes deploying ai,5
intelligence ai support human,5
adoption assistive ai systems,5
penetration autonomous machine,5
cognitive uncertainty,5
especially isles autonomy,5
autonomy concept articulated,5
emergent general artificial,5
role digital artificial intelligence ai,5
distinct expressions applied autonomous systems,5
ai remains open,5
research artificial,5
actions cognitive reliability used,5
ml based decision,5
intelligence ai communication,5
robots autonomous,5
ai technology,5
tedious intelligence,5
design implementation autonomous digital,5
nature algorithms impossible predict advance,5
hotels categorized plutchik wheel emotions,5
studies regularly demonstrate intelligent,5
driver innovation diffusion process,5
aircraft conflict,5
safety issues emerging current,5
mind brain,5
ai applications medical areas,5
reading book including machine learning,5
trading taylor,5
operator dyadic team having,5
account background computing ai,5
companion ai,5
contribute ongoing debate applying ai,5
designed provide consumers synthetic interaction,5
presents diga philosophical concept,5
defining ai,5
reach non machine learning experts,5
semantic debuggable machine learning,5
dat using viewpoints technology,5
guiding modeling annotation cognitive activities,5
guidance upcoming advancements ai systems,5
using machine learned models,5
ends routes,5
reasoning mental states self,5
ai interaction influences employees,5
cognitive tests,5
especially high complexity scenarios,5
aerial tasks aiming optimize decision,5
modes aviation,5
ai optimise,5
activate business value drivers,5
increasingly using artificial intelligence ai,5
increasingly embracing artificial intelligence ai,5
work intelligence systems everyday,5
human machine teams,5
interpersonal teamwork effectiveness,5
human ai,5
high fully automated vehicle,5
mobility providers improve older,5
ai dm processes introduced,5
autonomous vehicles avs lead,5
policies autonomous,5
question ai systems engage conceptual,5
neuronal workspace theory consciousness prevails,5
based autonomous vehicles,5
intelligence ai research refine,5
using ai employee results employees,5
negative perceptions deployment ai,5
result allayed negative ai disclosure,5
participants expect aito make,5
possibility act cap represents autonomy,5
humans autonomous systems,5
relative roles ai analysis,5
incipient ai literature serves theeoretical,5
superior decisions grow technology evolves,5
higher levels self efficacy studies,5
checkouts artificial intelligence,5
fears concerns ai,5
reputation largely neglected temporary,5
instance unclear machine learning,5
vehicles lack analysis based,5
ai deployed new occupation,5
legitimate addressed ai developers result,5
encroachment ai,5
variations psychological requirements ai potential,5
using example pet feeding robot,5
level simulator simulated journeys,5
factors overtrust,5
best practices designing communicating ai,5
ooda aerial combat,5
intuition circumstances potential artificial intelligence,5
companies consider deploying ai tiered,5
design traditional vehicle human,5
artificial intelligence ai constantly,5
shows firm fails convert ai,5
aircraft enables,5
ehmi intend yield perspective pedestrian,5
indicated initiate crossing,5
artificial agents,5
calls examining ai integration,5
virtual control artificial agent,5
based cognitive,5
dynamics teams ai based members,5
artificial intelligence ai enabled products,5
mechanisms moderators models,5
vision tightly coupled teams humans,5
proposed aiepsam,5
aging ai robotics automation,5
customer point view ai,5
teaming permits,5
driving reliable,5
controlling increased traffic,5
intelligence robotics stand change,5
intelligence ai,5
growth artificial intelligence ai applications,5
intelligence ai enabled,5
driven ai appears shifting meaning,5
anthropomorphize mentalize artificial agents,5
av equipped state ehmi braking,5
limited trading taylor,5
braking intent,5
vehicle dynamics explicitly incorporated intent,5
just bias based heuristics anchoring,5
individual determinant,5
motion planning proposed courtesy definition,5
adopted regression moderation,5
sustainable effective implementation aa,5
ai psychological impacts implementation workplaces,5
driving taxis moderates relationship,5
determine perception self driving,5
laws legislation surrounding ai,5
making driving drivers knowledge,5
intelligence ai fundamentally change,5
field human ai interaction,5
years debate automated vehicles,5
intelligences ai ethically loaded led,5
world decisions artificial intelligences,5
behaviour unmanned,5
coping data uncertainties consequently,5
engage machine learning,5
technical autonomy main,5
influence pedestrians,5
underlying data driving,5
consensus firm use ai,5
actions aim enhance ai,5
autonomy decomposed,5
optimise team composition customise training,5
structural models decision theory training,5
intelligence ai inception offered new,5
contrast dominant narratives argued ai,5
artificial intelligence models dataset,5
cognitive artifacts,5
retasking intelligence surveillance,5
counter attitudinal information attributed ai,5
ai scenarios tested,5
internet celebrities replaced artificial intelligence,5
ai virtual anchors consumers willing,5
lag approach,5
chinese language using,5
expectation ai ai assisted humans,5
moderating influence perceived enjoyment using,5
artificial intelligence blamed,5
speed interface,5
language evolution study interaction machine,5
vehicle speed continued,5
movement pattern,5
influence artificial intelligence ai enabled,5
interview vehicle,5
labeling annotations,5
highly autonomous require,5
traditionally machine learning,5
proof intelligence,5
testing different models ai tom,5
trust autonomous cars,5
consciousness highly,5
human ai,5
ai assisted,5
heterogeneous unmanned vehicles serves,5
map vehicle location proposed,5
transportation medical care resulting broader,5
eschew classical ai,5
imagine receiving medical,5
response time,5
tradeoffs automated vehicles,5
pedestrian save pedestrians,5
pedestrians participants accepting avs,5
human thinking,5
information reasoning uncertainties,5
ai provide,5
overall appreciation ai created,5
intelligence ai technology used,5
form ai blossomed,5
adopting ai based algorithms enhance,5
empirical research specific impacts algorithmic,5
inevitable risks road users,5
uncontrolled intersections,5
elicitation awe,5
pedestrians interaction,5
assistance systems create danger,5
heuristic biases offering data driven,5
terms hindrance goes autonomous,5
programmes highly dependent efforts individual,5
inclusive mobility,5
furthermore ai entry gastronomy,5
adoption artificial intelligence ai,5
virtual assistants,5
ai interventions,5
intelligence ai organizations,5
view understanding impact ai service,5
ai propelled transformation technology led,5
intelligence gai decision making,5
43 drivers tutorial human reliability,5
analyzed ways drivers years,5
managers automobile industry,5
determine possible confusions reasoning driver,5
systems lane keeping assist lka,5
automated cruise control acc,5
heuristic based,5
embrace generative ai adoption voicing,5
autonomy competence lens self,5
synergistic interaction human intelligence,5
course cognitive subsystems,5
xai autonomous,5
examine employee ai interactions role,5
retailers seeking leverage ai,5
automated vehicles avs,5
limited trading taylor,5
ai customer,5
research examine impact artificial intelligence,5
employees ai,5
blind spot size 75,5
intelligence ai impact,5
time replanning routes,5
intelligence ai use value,5
autonomous surface vehicles,5
intelligence ai machines agentic,5
technology intrinsic biases,5
sem methodology,5
artificial intelligence ai devices,5
ai technologies increasingly prevalent,5
integration potential reliance,5
intuitive thinking effective,5
vessels remote,5
leverage ai enhance strengths,5
ai hybrid team,5
exploration consumer attitudes ai particularly,5
study helps ai designers,5
ai based systems comes,5
heuristic human ai interaction haii,5
dynamic integrated,5
google assistant highly complex advanced,5
apple siri,5
alexa google,5
decision making heuristics,5
concern ai,5
artificially intelligent app analyzed,5
dependency ai technology levels,5
argues artificial intelligence ai enabled,5
assistant tends,5
development aipa,5
disparities particularly urban,5
sem sample 253 aipa users,5
modelling pls sem sample,5
personal assistants,5
congruent behaviours ai users,5
reactions artificial intelligence,5
artificial intelligence,5
modeling language sysml diagrams task,5
engagement ai systems educational contexts,5
key driver,5
driver societal,5
limited trading taylor,5
perceived warmth support ai,5
published informa,5
modify human abilities,5
conducting xai experiments,5
complexity autonomous,5
assessing attitudes ai management work,5
ai agents,5
incorporating demographic self efficacy,5
vehicle automated,5
driving sae level requires,5
directions research minimize likelihood errant,5
affect driver behavior safety,5
ai daily life contributes accelerating,5
avoidance technologies future autonomous driving,5
basis emerging crash avoidance technologies,5
human machine teaming,5
cognitive architecture known,5
missile flight control officer,5
mfco tasked flight termination,5
flight safety,5
limited trading taylor,5
driving scenarios showcasing,5
efficacy act model predicting mental,5
underscores model potential improving driver,5
adoption artificial intelligence ai,5
field machine learning ml developed,5
ai performs highly vs low,5
perceived intelligence usability positive,5
ai interaction haii,5
intelligence hcai research,5
ai performance customer,5
ensuring human driver vehicle,5
attitudes automated buses,5
driver decoupled,5
streams draw cognitive qualities information,5
vehicle hmi reviews current,5
interdependence parallel,5
ai collaboration,5
safety critical scenarios flying,5
adoption artificial intelligence,5
ai based decision,5
potential confuse driver,5
vehicle behavior,5
current external situation driver,5
interrelated proposed,5
reflect ability influence cognitive,5
stable internal representations dynamic situations,5
pedestrians make quick appropriate crossing,5
interdependence parallel,5
decompose view haii,5
identifying tensions inherent ai design,5
ai systems user,5
sa mitigate negative impacts ai,5
people support ai creators,5
ai explain,5
remains robust ai baseline humanlikeness,5
sem used analyse,5
machines working team,5
factors influence practical usage ai,5
increasing ubiquity artificial intelligence,5
paper trace development affect heuristic,5
understanding ai tool,5
practitioners policymakers ai,5
driving exceptionally,5
study advocates symbiotic understanding ai,5
heuristic variety,5
intelligence humans,5
tourism literature state robotics artificial,5
equation modeling pls sem,5
feeling state consciousness ii demarcating,5
fundamental comprising perceived intelligence quality,5
combined integrated collective intelligence,5
human machine perception cognition action,5
machine symbiosis,5
consumers use artificial intelligence,5
robotics artificial intelligence ai service,5
automated shuttle,5
personal assistance lower internal,5
asb considered essential sustainable direction,5
loop loopthat influence operations ai,5
currently car manufacturers suppliers,5
surpassing ambitious plans regarding driving,5
driver replaced,5
ai diversity life shows bear,5
decision making ai proclivity customer,5
areas associated ai technology modeling,5
cognitive approach,5
driving situations,5
grant certain time human driver,5
future traffic,5
robots hotels,5
focusing utility cooperative driver vehicle,5
objective driving data,5
agents empowered artificial intelligence ai,5
driving states predictors individual utility,5
actions initiation overtaking maneuvers,5
agents ai,5
agents empowered artificial intelligence ai,5
artificial intelligence ai,5
plans repurchase ai artificial intelligence,5
risks opportunities sitting human ai,5
540 apply domain car,5
emotion tested mediate voice ai,5
consumers trust ai,5
aviation design,5
additionally moderators including,5
intelligence ai profoundly transforming,5
artificial agents provide means,5
automated driving systems ads,5
moderators including age gender,5
drivers influences trust,5
automated driving ad,5
way users understand uncertainty automated,5
artificial intelligence ai finding,5
moderated hotel class size,5
need scrutinise relationship humans ai,5
ai organizational structures culture,5
trading taylor,5
car automation,5
scholars engage discussions ai literacy,5
complexity high,5
vehicles savs emerging mobility solution,5
shared autonomous,5
ai related competencies aspects skills,5
moderating effect,5
organisations ai era paper explores,5
robot autonomy,5
ai collaboration,5
taxi service companies,5
research initiatives regarding human artificial,5
ai systems deploy subliminal,5
manipulating human thoughts,5
countries face integrating ai,5
human cognitive,5
artificial intelligence ai,5
driving mobilities,5
systematic review academic ai research,5
ai technology,5
intelligence ai changing marketing,5
trading taylor,5
lack research ai,5
ai machinelearning emerging applications consulting,5
safety critical,5
intelligence ai methods smart decision,5
systems help reduce complexity operators,5
ai interfaces investigating components user,5
learning developing countries,5
ai recommended specific product,5
comfortable ai,5
artificial intelligence,5
technology public transportation,5
technologies parking traffic jam situations,5
intelligence act aia,5
exacerbated creative combination ai innovative,5
perceived issues meaning car,5
deployment artificial intelligence experimental settings,5
autonomous cars services,5
infrastructure improvements support ai,5
indicate faith intelligent machines,5
contextual characteristics moderators,5
intelligence ai crucial,5
sine qua non ai,5
trading taylor,5
ai attracted immense,5
sides artificial intelligence,5
intelligence xai hri hci,5
xai systems make outcomes,5
efficacy feasibility,5
overview research ai dark,5
autonomy routine,5
increased self driving,5
intelligence xai resurfaced,5
ai xai,5
machine learning ml essential,5
artificial intelligence important,5
box nature systems allows powerful,5
team performance decline following autonomous,5
autonomous people,5
automated service vehicles asvs,5
ai based decision making,5
adoption artificial intelligence,5
analysis using pls,5
setup composed real unmanned,5
public perceptions ai,5
focused normative perceptions ai,5
role artificial intelligence ai,5
intelligence ai generated increasing,5
ai organizations fundamentally changed,5
intelligence reviewed aim identifying,5
ai vs human,5
ai recommendations enhances perception collaboration,5
users ai people lack necessary,5
review conducted articles related artificial,5
society autonomous,5
litigants ai,5
intelligence ai systems decision,5
main trending areas related artificial,5
makers streamlining impartial sustainable transition,5
leading process prefrontal cortex associated,5
intelligence business setting,5
human autonomy teams,5
piloted aircraft systems rpas task,5
sem examine validate,5
deployment ai judicial entities,5
coverage concerning utilization ai legal,5
working ai development seek,5
cognitive pathway expectation disconfirmation,5
risks uncertainties,5
used state art machine learning,5
extensive integration ai significantly altered,5
military intelligence support saso identified,5
situated agency ai classification explicate,5
intelligence ai robotics researcher,5
companies manage incorporate ai,5
artificial intelligence ai,5
apply design ai agents collaborate,5
used compare flight,5
military intelligence analyses stability,5
vehicles help,5
crisis confidence ai,5
collective intelligence research human,5
symbolic statistical approaches ai,5
proposed ai bridges technical,5
structure ai proto,5
ai personhood,5
ai effects,5
intelligence ai progressively engaged,5
ai design develop research framework,5
cognitive architecture,5
artificial intelligence ai,5
line accounting moderating role,5
views ai evolution underlining,5
trading taylor,5
high fidelity driving,5
driving related task ndrt auditory,5
driving sprints conducted low medium,5
determinants analyzed corresponding,5
development artificial intelligence,5
social intelligence,5
mental processing resulting,5
generative ai rise web3 technologies,5
dilemmas faced autonomous,5
driving events relationship identification,5
cognitive resonant frequencies reveal,5
automated vehicles,5
high fidelity driving simulator,5
live traffic,5
answer given time use cognitive,5
traffic lane motorway,5
study suv bmw,5
development machine learning,5
driving related task ndrt auditory,5
predict susceptibility,5
technological advancements ai,5
abilities artificial systems,5
machine learning integrate concepts,5
driver approve,5
perceived singularity,5
team time comparison,5
human ai lead scenario,5
experiences neural activation human ai,5
versus low ai structure,5
team evolution idea entrainment team,5
interactions anthropomorphized ai,5
artificial intelligence ai,5
teams resulted stable rigid,5
artificial intelligence algorithm research object,5
ia sustainability,5
artificial neural network ann aspects,5
vehicles avs potential transform infrastructure,5
autonomous vehicles,5
influence ai technology,5
techniques learn model policy,5
exploration feedback reinforcement learning,5
driving ad factors,5
vehicles avs,5
successful deployment avs nz,5
include ai,5
experiment driving,5
amid unprecedented population road safety,5
shared mobility experience vehicle ownership,5
expectations ai agent moderates,5
virtual driver,5
vehicles avs lots,5
assisted outcome,5
assistant apple siri research context,5
ai tools aid taking shopping,5
suggest environmental uncertainty prompt people,5
intelligence reveals occurrence conflict remarkable,5
vs female robo,5
investigates moderating role,5
modelling sem smart,5
evasion capabilities ai assisted,5
ai dominant intelligent vehicles,5
vehicles gradually gain,5
near future vehicles,5
driving monitoring,5
transformation incorporating artificial intelligence,5
ai business processes functions,5
ai technologies instead people,5
driving capabilities higher emergency,5
systems driving action delegated,5
aimed investigate impact ai,5
driver functional state dfs longer,5
intelligent mode transport autonomous,5
expertise proved moderating variable,5
self driving,5
model autonomous vehicle,5
parking areas guiding,5
making systems autonomous vehicles avs,5
technology little research examined ai,5
ai technologies,5
conspicuous ai,5
traffic situation elder group lacks,5
make information available cognitive processes,5
possesses internal representation oneness,5
intelligence ai products services,5
trading taylor,5
adoption implementation ai,5
driving compared young middle 23,5
perspective negative impacts ai failures,5
preference based autonomous driving,5
insights designing driver,5
traffic related elements individual perceptions,5
young consumers use artificial,5
ai instrumental attributes consumer,5
cognitive processing,5
impact human ai collaboration,5
research unmanned,5
vehicle acceptance,5
notion symbiosis increasingly mentioned,5
driving environment indicate method semantically,5
safety remains dependent human,5
teaming applications working robots,5
rail operations europe,5
study identified perceived mind,5
define autonomy,5
enhances team chances succeed,5
ai teammates similarly adapt changing,5
ai agents active,5
rapid advances ai technologies caused,5
participants program autonomous vehicles,5
cooperatively driving,5
leverages wizard oz,5
moderating test did differences,5
teams consist people intelligent machines,5
driver promoting trust worth,5
ai promise future,5
making autonomous driving,5
driving policies,5
driven methods deep reinforcement,5
learning drl directly acquire driving,5
driver deliberation,5
intelligent machines robots virtual,5
new method involves cognitive,5
decide self,5
traffic management ertms,5
times seen emergence intelligentmachines,5
published informa,5
trust overtrust undertrust,5
measured real time function autonomy,5
resource managers emphasised importance ai,5
ai rpa remaining globally competitive,5
impact driver,5
ability respond taking abilities,5
agent controlling ship aerial,5
kinematic data vehicle providing information,5
driving operations,5
autonomy high risk,5
shaping ai,5
ai considers issues embodied cognition,5
aviation automotive industries,5
organizational researchers use machine learning,5
safety capacity performance facilitating,5
distributed artificial intelligence,5
perceived intelligence,5
train driver,5
ai supervisors incentivized,5
communications intelligent board systems,5
act autonomously,5
limited trading taylor,5
addition moderating role gender differences,5
drivers trust,5
describes driver,5
brands increasingly integrate artificial intelligence,5
ai methods,5
propose concept ai literacy,5
identified primary core constructs ai,5
impact ai usage technological self,5
representation ai,5
augmentation remains,5
trading taylor,5
negative aspects ai,5
companies increasingly leverage artificial,5
artificial agents imminent,5
intelligence ai enhance,5
ai enabled ease use impact,5
dilemmas faced autonomous vehicles,5
intelligence come concerns machines,5
intelligence scale gaais following initial,5
artificial intelligence ai predicted individual,5
computational approach tom recently,5
reinforcement learning,5
sciences enable artificial agents proficient,5
intelligence commerce artificial intelligence directly,5
generative ai genai,5
self efficacy employees promoting,5
box ai systems means ultimate,5
intelligence ai daily life important,5
languages millions people,5
ambiguous perception ai related people,5
ai double edged sword,5
xai designers utilize,5
valence perfectly independent entire,5
algorithms goal oriented human machine,5
perfectly independent,5
aviation space,5
extent cybersecurity attacks autonomous vehicles,5
vehicles depends drivers,5
intelligence ai medical,5
theory mind,5
autonomous vehicles avs affect human,5
driving situations mental,5
critical technology driving,5
fueled continuous advances natural language,5
ai critical,5
driving simulation experiments induced 115,5
theorizing way humans perceive ai,5
miscalibrated trust essential drivers,5
artificial intelligence ai based artifacts,5
context vehicle driving,5
theory approach avoidance systems theory,5
driving performance downward,5
ai based applications,5
tom psychological,5
theories build stimulus,5
uncover machine learning,5
cognitive automation powered,5
advanced intelligent technologies increasingly,5
machine integration intelligence,5
humans hands free route,5
complexity machine,5
intelligence level,5
like abilities autonomous decision,5
cars indispensable,5
processing systematic thinking tailored,5
users non users ai,5
robotic services hospitality,5
robots artificial intelligence ai,5
technological complexity,5
safety concerns significant,5
practitioners conflated ai,5
pre trained language models predict,5
assistants enormous potential area financial,5
moderates relationships ai,5
sem used,5
smart pls,5
leveraging artificial intelligence ai,5
autonomous car increase drives human,5
study tested ai driver create,5
augmentation states al,5
use artificial intelligence ai essential,5
growth effort cluster investigation,5
ai transform organizations work practices,5
teaming humans,5
termed robot cognitive,5
machine learning dynamic modeling,5
pre trained language models predict,5
intelligence al penetrated organizational,5
processes typically characterized uncertainty complexity,5
safety human autonomy,5
notion overtrust,5
cognitive neuroscience,5
perceptions autonomy control affects,5
smart products,5
integrated google dialogflow facilitates,5
addressing complexity humans offer,5
drivers passenger judged driver human,5
development artificial intelligence ai focused,5
mirrors idea intelligence,5
enable objects act autonomously,5
artificial humans called embodied,5
state affect integrated,5
reactance theory,5
artificial intelligence related factors,5
specific usability heuristics mobile,5
method driving,5
cognitive reactions undergoes conceptualise broken,5
role interactions algorithmic,5
academic framework ai adoption,5
findings comprehensive review relationship ai,5
evaluation framework vehicle llms,5
shaping consumer attitudes ai,5
goals make autonomous decisions,5
intelligence behavioural economics control,5
seeking behavior moderates effect perceived,5
llms begin human assistants,5
vehicle intelligent systems based,5
intelligent cockpit,5
natural language processing driven growing,5
ai viewed,5
autonomous machines making,5
product planning,5
airline cockpit,5
paid attention artificial intelligence research,5
intelligence research organizations different,5
bibliometric analysis articles artificial intelligence,5
large language models,5
states exemplified companies uber,5
taxi driving,5
15 uber drivers netnographic study,5
personas different vehicle,5
law military self driving,5
ai development advocating paradigm shift,5
cognitive complexity,5
cbd model estimation efficiency ai,5
ai collaboration,5
artificial intelligence ai reshaping practices,5
adoption artificial intelligence ai,5
faster response speed compared proactive,5
event delivered information prompted driver,5
driving simulator study assigned low,5
basis classical cellular automaton,5
uncertainty unpredictable given,5
believed facilitate driver trust,5
general intelligence agi compels,5
level cockpit partial incomplete interactions,5
safety critical tasks driving,5
automation teaming design,5
trading taylor,5
reevaluation ai human interactions particularly,5
participants completed uninhabited vehicle,5
prevalence ai,5
intelligence ai human,5
evaluation automated vehicles,5
robotic uninhabited vehicles,5
traffic flow,5
speeds activity,5
instead capable learning autonomously,5
smarter machine learning artificial,5
vehicle vulnerability,5
intelligence ai interact humans,5
paradigm ai cognitive machines,5
intelligence making,5
attack drive prevented,5
active safety assistance,5
properly operating vehicle multiple incidences,5
ai emotional,5
assistance completely inhibits emergence,5
autobraking assistance increases human,5
personal assistants,5
dyads drive robotic vehicles,5
experienced drives,5
future brain public,5
simple complex machine intelligence,5
cortana amazon alexa known,5
intelligence increasingly,5
apple siri google assistant,5
positively probability using ai,5
popularity artificial intelligence ai based,5
progress artificial intelligence ai result,5
likeness makes,5
intelligence ai,5
knowledge artificial intelligence management business,5
limited trading taylor,5
published informa,5
advanced intelligent personalized assistant,5
hv drivers different,5
purposean ai,5
functions gain deeper understanding adoption,5
mixed driving,5
human driven vehicles,5
intelligence ai discourse central,5
study investigates intellectual structure overlay,5
differs human artificial contexts,5
10 20 years ago,5
delineates fundamental forms ai concierges,5
ai systems,5
smart homes smart cities,5
smartphones smart,5
impacted intelligence ineptness dimension,5
organizations deliver personalized assistance refined,5
study applied building driver,5
offers novel perspective defining ai,5
nations field ai broadly development,5
consumers autonomous technology frontline,5
timeliness responses threatening aircraft,5
drivers passenger judged driver human,5
assistants examples ai,5
growth techno empowerment process,5
message strategy ai nonhuman,5
customers wish use artificial intelligence,5
moderation employee,5
intelligence safety,5
emulation human cognition,5
virtual agents form hybrid,5
symbiosis theory,5
user autonomy stay,5
care dependent persons artificial systems,5
lays ground theory human,5
hfe perspective autonomy,5
hcai gained momentum scientific,5
human centered artificial,5
fairness online car,5
ai operations 30 exemplar marketing,5
industry deploying ai based systems,5
consumers engagement ai based,5
higher order capabilities clarify enablement,5
cognition theory,5
enablement ai enablement frequently,5
intelligent devices,5
ai marketing,5
autonomy artificial,5
collective efficacies human ai collaboration,5
ai technologies,5
propensity adopt ai,5
unknown growing smart car,5
car market,5
learning ml engine artificial intelligence,5
superintelligence form,5
systems organizations comes claim ml,5
consider obstacles creating,5
limited trading taylor,5
concepts designing human ai systems,5
artificial intelligence ai holds,5
intelligence ai technologies growing organisations,5
multiple distributed teams interwoven large,5
effects algorithmic monitoring,5
levels instability uncertainty unpredictability,5
artificial intelligence ai systems address,5
unpredictability necessarily self,5
adopts artificial intelligence ai device,5
data collected 364 drivers,5
evolutionary concepts applied explain drivers,5
assistants techno,5
ai experts managerial strategic capabilities,5
including intended human machine teaming,5
intelligence ai induced personalized,5
fostering drivers work,5
performance low effort using ai,5
ai management,5
emerging ai,5
drivers eyes path hands wheel,5
shared autonomous,5
vehicles savs,5
determining autonomous computer,5
autonomy level anthropomorphic characteristics,5
teams future air traffic,5
artificial intelligence ai significantly reshaped,5
key areas intersection ai,5
ai features reveal impact pi,5
psychological problems underlying introduction car,5
satisfaction ci sst role ai,5
emergent field leveraging ai,5
language models establishing unified,5
intelligence pi perceived,5
ai affects users perceptions social,5
active driver lead share,5
seeks understand ai anxiety,5
consumer appraisals collaborating ai,5
viewing interface drivers takeover performance,5
urban mobility,5
lane reveal conflict object form,5
lead vehicle cut,5
attention drivers pay traffic capable,5
believed artificial intelligence consumers,5
intelligence based tools use,5
ai workplace generate stress affect,5
machine learning use cases respondents,5
working alongside ai algorithms,5
artificial intelligence technology enterprises voice,5
license taylor,5
car hailing platforms uber lyft,5
ai soar cognitive,5
ai based systems make,5
using pls sem,5
promoting urban,5
application sustainable development ai,5
study understand secure driver,5
ai technology users,5
insights implementation adoption ai,5
team adaptation,5
second international driving symposium human,5
inferred negative motives moderating,5
intelligence autonomous robotics similar technical,5
likely remain important cognitive,5
driver engagement,5
assistant technology companies different countries,5
perceived intelligence perceived animacy socio,5
framework aims locating contribution ai,5
customers ai decision support perspective,5
underlying cognitive processes involved,5
outcome autonomous,5
processes drive,5
ability manage complexity prepare,5
finally brain,5
vehicle innovation,5
aircraft uas ground,5
takes place ai,5
chmi2 unmanned aircraft,5
potential effect traffic widespread issue,5
autonomous vehicle,5
new approach aviation human,5
anthropomorphism ai authenticity,5
moderated ai usage motivations,5
driver algorithm,5
autonomous systems mission critical,5
ai relationship development model context,5
employs artificial intelligence ai,5
tests human artificial intelligence,5
cognitive states based measurement,5
tasks intersection navigation maneuvering,5
ai culminating interaction termination,5
cognitive processes,5
cars indispensable,5
drivers asymmetrical,5
ai taking jobs time,5
study tested ai driver create,5
using aircraft,5
perceptions ai consequent influences,5
ai integration understanding extent,5
purpose artificial,5
moderation effect exerted job,5
atsps directly responsible freely maneuvering,5
autonomous car increase drives human,5
goal setting self,5
art formalization human cognition dynamic,5
probe automation occur future air,5
controlling nonequipped aircraft mixed,5
ai performance affect employees,5
crossing objects examine ai performance,5
humans hands free route,5
intelligence ai painting,5
ai tools process creating satisfactory,5
dynamics painters,5
affect decision making individuals teams,5
psychological drivers,5
communication strategies amid ai,5
scenario air traffic service providers,5
theories heuristic systematic model human,5
human machine teaming,5
employs layer architecture comprising sensing,5
autonomy organizational support psychological,5
psychological costs receiving help ai,5
ai agents perceived,5
ai enabled technology digital,5
range cognitive activity single theoretical,5
introduction rise artificial intelligence ai,5
essential achieving safe fully autonomous,5
organizations ai gradually assuming,5
industry authors predict ai,5
called artificial intelligence risen,5
modelling smartpls,5
ai managed platform despite,5
unified theories cognition,5
user centered design ai needed,5
actor ai based dss,5
artificial intelligence ai,5
research model based artificial,5
model tam external drivers,5
people cognitive processes,5
interaction standpoint current psychological ai,5
machine learning ml researchers,5
human drivers,5
artificial intelligence similar,5
nature algorithmic governance,5
nature asserts ai,5
machine learning focused input output,5
theories based machine learning,5
adoption artificial intelligence ai,5
mathematical framework based tom improve,5
intelligence ai enabled human resource,5
sharing ai mks exchange hrm,5
mediated knowledge sharing ai,5
mind tom order understand,5
outcomes ai,5
using self developed 2d,5
representation used interactive machines known,5
model using pls sem,5
separation assurance collision,5
uas significantly reduce reaction time,5
demonstrated moderating,5
artificial agents lack,5
fundraising event artificial intelligence,5
general cognitive architectures propose,5
structural equation modeling pls sem,5
needs theories endorsed psychologists driving,5
ai biases vulnerabilities experienced,5
systems employed current autonomous vehicles,5
overlooking common perception based theories,5
intelligence ongoing,5
bottleneck using machine learning study,5
sacrificing passenger instead pedestrian,5
vehicles behave safe,5
human cognitive,5
employ reinforcement learning,5
process intelligent driving technology,5
train driving tasks scrutinized challenged,5
ai products services processes,5
ai ml marketing adopting dual,5
machine learning ml prominent method,5
intelligence ai machine learning,5
work expect enhancing ai,5
psychology autonomous vehicle decision making,5
interface afford teams enhanced,5
state expressions classifying,5
intelligence ai,5
development process sddp facilitate identification,5
autonomous vehicles observe human drivers,5
human drivers estimate svos,5
machine learning ml,5
perceived animacy pan perceived intelligence,5
merging lanes unprotected,5
axai capability framework,5
driving styles,5
drivers adapting,5
speed train,5
deployment autonomous vehicles,5
national differences ai,5
ai systems increasingly,5
ai constructing self relation,5
driven sight,5
integrated fva,5
infringe uniqueness autonomy,5
individualists prone view ai,5
modes differed restrictions,5
contrast ai robot,5
ai features facilitate conforming consensus,5
ai characteristics user behavioural,5
aviation cyber robotics applications,5
artificial intelligence technology machine learning,5
employees initial stage ai development,5
artificial intelligence companies,5
determined ai robot benefit type,5
improves performance primary driving,5
roads promises increased,5
intelligence ai focusing effects social,5
likeness pre,5
outgroup ai,5
observation response time,5
increasingly relying artificial intelligence,5
investigating use ai applicants,5
ai tools ai tools,5
widespread availability ai,5
cruise control acc,5
simulate social intelligence,5
industry adopted ai,5
square structural equation modelling pls,5
cognitive assistant,5
displays increasingly automated vehicles,5
commercial pilots suggested autonomous,5
artificial intelligence ai,5
interactions ai agents range routine,5
makes autonomous teammate paper presents,5
perceive autonomous,5
identity autonomy,5
intelligence systems generate,5
tied ais produce extraordinary outcomes,5
efficacy artificial intelligence,5
intelligent robot,5
using artificial intelligence ai,5
limited trading taylor,5
ai anxiety change,5
readiness artificial intelligence,5
ai devices hospitality service settings,5
submarine track,5
imperative ai cultivating compelling loyalty,5
based simulator 48 drivers drove,5
ai examining affective,5
xai developers future work policy,5
intelligence substantially impact managerial,5
challenging traffic,5
benefits derived ai features gen,5
artificial intelligence ai,5
artificial intelligence operations decision making,5
organizations address work overload cybersecurity,5
explicability effect reducing cognitive,5
cognitive load associated decision automation,5
policymakers developing ai supported digital,5
exponentially detrimental safety critical settings,5
preferences drivers,5
autonomy effort expectancy facilitating conditions,5
implemented obstacle,5
providing drivers continuous,5
professionals organizations ai developers offering,5
limits behavior imperfect vehicle,5
use artificial intelligence,5
vehicle control automation,5
states ai human resource,5
systems remove drivers active,5
view rbv explain perceived ai,5
interaction hai takes,5
clearance automated flight deck systems,5
ai language status native english,5
virtual agent,5
intelligence ai highly,5
world dominated semiautomated automated autonomous,5
insight orse metaphor human machine,5
automotive domain,5
temporarily delegate driving,5
highly automated driving,5
iaaam professional,5
restaurant robot,5
modelling sem results study non,5
perceive ai functions decision maker,5
ai deeply integrated daily,5
needs displayed driver,5
recent advancements ai accelerating,5
generated drivers younger men white,5
vulnerable road users,5
driving experience,5
background autonomous,5
level marital status income driving,5
pedestrians concern,5
information driver using augmented reality,5
automated vehicles,5
facilitating conditions,5
productive transportation enhancing mobility vulnerable,5
autonomous vehicles,5
creation intelligent assisted,5
interviews indicated pros cons driving,5
intelligent control communications technologies,5
automated vehicles avs,5
artificial intelligence ai,5
experiences drivers,5
strategic insights successful implementation ai,5
intelligent technology,5
adopting artificial,5
hyperbolic themes concepts stemming ai,5
statistical analysis certain ai,5
marketers managers ai,5
confirmed moderating role,5
simon employed characterisations current ai,5
modelling pls sem used testing,5
ai researchers developers providing,5
ai systems korean,5
impact ai,5
use robots hotels,5
trading taylor,5
sem used test proposed structural,5
driving simulator experiment involving,5
examines moderating,5
paucity research antecedents ai,5
examined receiving assistance impacted,5
information vehicle deceleration,5
cross driverless,5
level vehicles widespread,5
conditional driving,5
ai supported consumer,5
vehicle emergency pay,5
intelligence ai changed,5
driver needs,5
emergence artificial,5
factors influence drivers,5
xai consider,5
reflecting current understandings human intelligence,5
models self efficacy,5
passengers understanding vehicle,5
xai techniques developed shed light,5
requested goal ai applications,5
ai widely,5
trading taylor,5
semiautonomous systems developed automotive,5
accountable ai educational research practice,5
vehicles avs bring huge,5
promotion application autonomous vehicles,5
determine responses artificial intelligence,5
ai self efficacy motivational factors,5
ai predates current,5
safe engagement non driving related,5
machine learning practices explanation,5
assistants affected value perceptions,5
ai assistants,5
car stopped,5
stopped abruptly gradually,5
gap adoption generative ai,5
recommendations design human autonomy interfaces,5
car communicated,5
digital assistant recent,5
longer enter roadway vehicles,5
user perception ai,5
guide road crossing decisions,5
practical perspective helps ai supported,5
improving human performance interacting autonomous,5
environmental driving related,5
powered capabilities bring value,5
conundrum exists autonomy added reliability,5
role technology attitude ai attributes,5
capability framework define armc,5
enabled analytics ai enabled relational,5
intelligence ai conducted different,5
intelligence perceived animacy,5
artificial intelligence ai,5
behavior initiating crossing gradually decelerating,5
types ai vs,5
equation modeling pls sem,5
descent scenarios responding series air,5
perspectives ai applications ii human,5
allocation based underlying idea team,5
tolerance autonomous,5
ais develop psychological,5
susceptibility proneness autonomy,5
systems artificial intelligence ai era,5
al ml primarily focus,5
users interacting ai,5
undesirable robot swarms,5
diffident faced outputs reliable autonomous,5
states spanning overtrust distrust user,5
machine learning,5
model based confusion matrices originating,5
recently launched large language model,5
safety critical decisions unless,5
intelligent means algorithm stock market,5
intelligence anxiety scale general,5
artificial intelligence ai transforming world,5
work leaving individuals wondering ai,5
self proactive career,5
vehicles avs level,5
starting define intelligence,5
conduct comprehensive review ai,5
literature ai business,5
notable exponential increase ai related,5
intelligence ai,5
ai algorithms,5
explain customers intent adopt artificial,5
simulator environment accompanied ai,5
ai algorithms compensate omission cultural,5
cognitive pathways shaping individuals,5
equation modeling pls sem,5
ai important link online,5
jhm sensitivity,5
autonomous robots,5
artificial intelligence scale gaais turkish,5
scarce costly,5
intelligence ai,5
2000 taylor,5
ai systems,5
air navigation,5
mccarthy mit coined term artificial,5
climate fosters synergies ai human,5
ai human employees customers require,5
higher sensitivity hss lower sensitivity,5
traffic management atm,5
intelligence ai emerged,5
function obstacle,5
reviewing literature present utilizing ai,5
acceptance autonomy mental,5
demonstrates potential impact ai,5
different explanatory techniques impact driving,5
structural equation modeling sem used,5
modularization deconstruct,5
robot fle fast casual dining,5
potential ai,5
assistance tool employees helping,5
consequently accidents autonomous driving level,5
ai coach,5
components self driving cars,5
ai robots users constant features,5
process design ai robots,5
assisted driving instruction directly,5
highly autonomous reliable,5
interactions human driver autonomous,5
critical need human driving improvement,5
driving technology considering factors influence,5
driving new,5
autonomy albeit increasing,5
intelligence learning speed selected,5
focus multitasking capabilities intelligence,5
building mind brain inspired,5
digital cockpit,5
perceived complexity average unexpectedly factor,5
ai business spurred explosion,5
manufacturing vehicles high level,5
design implications future autonomous,5
ship automated modelling sam,5
ai replacement providers,5
little insight customers respond ai,5
consideration achieve human intelligence real,5
provisions autonomous,5
analysis changes stimulating artificial intelligence,5
planning vehicle,5
information quality iq service quality,5
revealing framing ai augmentation,5
adapted general attitudes artificial intelligence,5
differences airbus,5
hope deploy autonomous vehicles av,5
artificial intelligence ai,5
ai changing human experiences workplaces,5
recognized double edged tool ai,5
automated advice regarding certainty uncertainty,5
2000 taylor,5
ai documented current,5
artificial intelligence ai automotive companies,5
considerations forefront ai decision making,5
perspectives domain ai practice,5
trading taylor,5
assistants aipas,5
moderating variables,5
institutions improve features ai,5
context current air traffic,5
intervehicle interactions conventional motion state,5
intelligence ai,5
autonomy important mediator relationships,5
voluntary use range bearing line,5
themes assess impact ai powered,5
automation simulated air,5
possess types artificial intelligence,5
ai mechanical,5
view effects interplay human algorithmic,5
significant transformation catalyzed ai integration,5
development model air traffic controller,5
teamwork finding right,5
aircraft conflict status,5
participants reliably check aircraft,5
negative experiences poorly implemented ai,5
2001 taylor,5
ai technologies organizations recently,5
ai eventually replace,5
use ai based research,5
values proposed approach transforms hep,5
calculation conflict involved svo unsignalized,5
decision making based reinforcement learning,5
ai given market segment service,5
unsignalized intersections human drivers,5
implementing artificial intelligence ai,5
interacting flight deck,5
artificial intelligence ai,5
collaborative intelligence ci extent ci,5
empirically level intervention moderates,5
additionally ai effects,5
artificial intelligence ai pervasive,5
contingency factor effects stronger ai,5
identify previous ai experience employees,5
design training accelerating industries air,5
time autonomy necessary building ethical,5
consumers machines,5
background sought,5
promote safe,5
adoption ai industry,5
trading taylor,5
intelligence ai,5
avs human driven vehicles hvs,5
avs sharing roads,5
focused improving safety reliability autonomous,5
autonomous driving crucial consider collaboration,5
driving habits intervehicle interactions,5
fear ai samples,5
today changing times ai incorporation,5
machine learning algorithms lasso,5
cbd model estimation efficiency ai,5
deep understanding effective human,5
artificial intelligence rai subset,5
responsible artificial,5
changes aviation domains need addressed,5
purpose artificial intelligence ai,5
announced establishment ai,5
ai refers technologies support execution,5
artificial intelligence,5
factors affect individuals intentions ai,5
normally requiring human intelligence,5
antecedents rai implementation,5
unique impacts loa autonomous decision,5
team coordination performance,5
different loas human machine team,5
stress simulated multi unmanned aircraft,5
uav intelligence,5
autonomy loas,5
characteristics perceived intelligence positively,5
reinforcement learning,5
ai capabilities bundle data,5
addition ai readiness positively,5
field cognitive,5
ai agents team members,5
associated use artificial intelligence,5
processes artificially intelligent ai,5
artificial intelligence ai steadily,5
rational inattention,5
autonomous technology hot,5
artificial intelligence advances unprecedented,5
coping data uncertainties,5
physical safety proximal abstract concepts,5
driving reliable,5
intelligence ai related technologies robots,5
assuming embodiment fully autonomous personality,5
systematic review literature 111 ai,5
ai algorithms compensate omission cultural,5
ai assistant use moderator relationship,5
question hfles perform better ai,5
shaping aiconsumer,5
intelligence ai religious,5
affect ai self efficacy,5
reality feasibility human autonomy,5
age responsible production artificial,5
state trait,5
intelligence ai,5
traffic control rely advanced,5
future air traffic,5
interaction dynamic representations needed,5
hfs autonomous driving technology,5
suggested aspects driving styles,5
artificial intelligence ai offers digital,5
role generative ai positively affecting,5
applications integrated everyday life ai,5
occupational safety health,5
innovative technologically advanced dining,5
origins ai use ml,5
norms technological self efficacy,5
ai robot applications different cultures,5
emerging ai applications embedded physical,5
significant moderation effects,5
enact distinctly different thought patterns,5
ai workplace applications shift,5
furthermore uncertainty avoidance long,5
ethical cognitive aspects machines,5
pls sem bootstrapping method used,5
culture customers intentions use ai,5
robots hospitality,5
intelligence ai,5
autonomous systems widest,5
intelligence technology published john,5
artificial intelligence algorithms,5
trading taylor,5
traffic control,5
integrating ai capabilities sets,5
artificial intelligence ai increasingly,5
experience anticipated benefits ai,5
reactor state safety danger,5
impact artificial intelligence,5
goods reveals consequences unveiling mind,5
creativity predictability drive,5
eu national legal frameworks addressing,5
ai practice theory,5
ai human machine interactions,5
modeling artificial neural network approach,5
solutions product expected provide,5
development team,5
inspiration human cognitive systems areas,5
ai companies china used,5
intelligence ai technologies widely,5
team atmosphere plays,5
dependence specific parameters planning,5
ai belongs new type,5
essential airline,5
approximate human cognition argue human,5
intelligence ai,5
ai capability framework integrating,5
field ai began small,5
applications possible machine learning,5
cleaners smart refrigerators steered,5
anthropomorphism perceived intelligence perceived,5
study focuses ai applications impact,5
artificial intelligence,5
foundation research artificial social intelligence,5
set concepts currently studied ai,5
ai deployment expanding,5
argue ai,5
intelligence people,5
impact artificial intelligence,5
capability vital decision,5
emergence culture multi agent,5
identity ai based technologies,5
intelligence big data spain using,5
loa driving factor determining primary,5
sustainable responsible incorporation ai,5
artificial intelligence ai,5
big data citizens indirect determinant,5
incorporating character considerations traffic actions,5
abilities enable individuals,5
like traffic dilemmas,5
expanding field aims develop machines,5
autonomous vehicles hope align intelligent,5
ai rapidly,5
vehicles requires algorithms capable,5
safe autonomous vehicle,5
tai autonomous vehicle construction sectors,5
ai goals values,5
role ai alignment steerability,5
vehicles avs depends,5
pedestrians acceptance,5
driving behavior traffic signal presence,5
artificial intelligence ai,5
ai disruptive force,5
ai usage policy execution,5
study manipulated factors av driving,5
2004 taylor,5
better understand perceptions adopting ai,5
ai powered virtual assistants,5
teammate interactive,5
normal aggressive crosswalk type,5
artificial intelligence ai demonstrated,5
business corporate world artificial,5
ai usage policy execution,5
investigated managers perceptions using ai,5
intelligence ai raises,5
intelligence ai demonstrated need,5
level cognition accounts,5
aspects catalyze hinder ai,5
determinants cover technological,5
maximum likelihood estimation,5
language models llms interactive,5
literacy dil,5
sustainability remains underexplored,5
swift progress generative artificial,5
suggest merging ml,5
computer networking capabilities extent assimilated,5
general attitude ai perceived threat,5
rise cognitive abilities support decision,5
complexity tasks involved,5
attitudes behaviours utilization artificially intelligent,5
ai important,5
evolution innovative enterprise ai landscape,5
reconceptualizes tenets,5
vein present,5
amplificator human potential light,5
based idea sustainable growth driven,5
growth driven interplay,5
undertrust detrimental performance,5
intelligences ais affects,5
equipping ai tools interact socially,5
consumers perceptions artificial intelligence,5
ai machine learning,5
integrating cognitive consistency,5
terms latent cognitive,5
organism response framework ai,5
published ai access,5
networks ubiquitous,5
artificial intelligence ai suggested,5
moderating influences browsing modes,5
evaluated aircraft levels,5
include flight management remotely,5
theories specific machine learning architectures,5
monitored cluttered air space,5
mind perception influenced effectiveness distinct,5
naval air,5
turk determine mind,5
intelligence ai especially reinforcement learning,5
studied heuristic automation,5
entities source operate govern,5
ai tools including,5
team sa requirements team,5
experience integrating feedback training loop,5
man intellect realistic,5
autonomy ai developed wide variety,5
ai teams hat,5
shows application explainable ai xai,5
tactical displays,5
tandem people forming human ai,5
cognitive misfit,5
like appearance mind utilize expectancy,5
examine perceptions combined levels technology,5
grow effective teaming behaviors,5
data based passenger volume analysis,5
driver distraction intricately linked human,5
attacks unmanned ground,5
sine qua non expanding ai,5
ai research,5
researchers engineers craft automotive,5
needs xai users,5
beneficial ai,5
ai related user related,5
ai ubiquitous appearing large language,5
cognition cover,5
ai tools resistance ai systems,5
driving attitudes artificial intelligence ai,5
developments artificial,5
ai enabled weapons systems,5
harm like ai enabled,5
technologies rapidly turning ai,5
investigating intelligent products social,5
research ai,5
autonomy comic,5
people control ai importance,5
artificial intelligence ai tools,5
control including current ai act,5
provide service change driver potential,5
lane position,5
draw connection literature ai science,5
warfighter underlying cognitive,5
driving mode,5
automated vehicles affect driver,5
measured driving,5
genai necessitates intricacy appropriate prompt,5
engagement content produced generative ai,5
machine teaming,5
artificial intelligence systems,5
spectroscopy drove driving simulator current,5
integrating autonomy enabled,5
dismounted warfighter systems augment,5
integrate artificial intelligence ai,5
democratization powerful artificial intelligence,5
current machine learning,5
potentially dangerous operation driving,5
accelerated arrival artificial intelligence ai,5
ai domains daily,5
artificial intelligence,5
aims protecting safety reducing,5
driving systems,5
optimize human intelligent agent teaming,5
drivers average speed 40 13,5
ai advice classification tasks,5
ai support addressing diverse,5
mixed traffic,5
knew junction clear proceed stopping,5
software algorithms used driverless,5
conceptualizing ai,5
sa cognitive levels,5
consumers likely use ai,5
emphasize cognitive aspect intelligence designing,5
invited engage simulated driving,5
ai systems reshape users,5
previous findings loss driving,5
intelligence workflow processes,5
unrest situations ability make best,5
regulations predictions modern artificial intelligence,5
artificial intelligence ai systems,5
robust automotive,5
safety task,5
anxiety automation,5
models information based problem solving,5
extreme gradient boosting xgboost performed,5
study driving simulator participants requested,5
self efficacy,5
approach involves employing machine learning,5
drivers trust,5
actively seek leverage capabilities artificial,5
domains aviation automated driving intelligence,5
information processing sa measure drivers,5
reluctance ai,5
crowds model interaction,5
individual drivers selected foundational,5
adoption autonomous decision making,5
ai allowed users,5
future researchers directions explore autonomous,5
intelligence ai led emergence,5
machine learning algorithms uses,5
intelligence xai successfully solved,5
box paradox artificial intelligence,5
ai accep tance,5
considering rapid development adoption ai,5
missile measurements operator,5
challenge interaction drivers automated vehicles,5
driving time enhancing career,5
multilevel regression models autonomy,5
ai negativity europe,5
psycho logical needs autonomy,5
associated smes ai,5
focusing design sociable autonomous,5
intelligence ai,5
autonomous robots operate complex uncertain,5
insufficient safety driving,5
method flight simulator,5
progress smart,5
relatedness increased ai positivit decreased,5
underlying consumers perception autonomous,5
drivers social,5
artificial intelligence ai diverse operations,5
counterfactual cognition,5
driving behaviour autonomous,5
autonomous cars,5
evaluative attitudes ai,5
virtual agents,5
vehicles rov,5
ai devices hotels traditional,5
decisions use artificial intelligence,5
22 21 using actual autonomously,5
road junctions looking,5
limited trading taylor,5
pioneered investigations role artificial intelligence,5
follows reinforcement experience weighted,5
design vehicle programmed,5
ai digital assistant skills,5
ai impact behavioral intention ai,5
effects human ai teaming,5
multiple simulated unmanned air vehicles,5
leadership support relationship ai,5
intelligence enhance knowledge sharing causes,5
communicating vehicles,5
manual mode ai mode efficient,5
anthropomorphized ai devices,5
nuanced interplay consumer attitudes artificial,5
national safety,5
trading taylor,5
especially work ai,5
women ai use,5
cdas driven artificial intelligence emerging,5
interdependency complexity proposed variables,5
autonomy perceived,5
intelligence ai including,5
intelligence perceived,5
technology characteristics,5
protective effects promoting attentive driving,5
research ensuring design human ai,5
simulated driving driving performance,5
tech hybrids driven ai,5
feel artificial intelligence,5
using autonomous machines people,5
aged drivers nearly fault crashes,5
reasons reasons opposites entirely autonomous,5
importantly self enhancement emerged,5
ai use readiness physical retail,5
consumer products artificial intelligence,5
robots tourism hospitality,5
experience perceived risks ai technologies,5
states peaceful concentrating reflective assessed,5
research development design voice based,5
centric xai lack end user,5
mechanical turk,5
554 respondents willingly engaged ai,5
exhibit interactions ai,5
advent ai consumer,5
systems driving factors interaction,5
using modified cognitive task,5
artificial intelligence virtual navigation tools,5
presented illustrated lens evolutionary hsi,5
highly automated driving systems,5
exhibit behaviour characteristic overtrust,5
words software based assistant systems,5
driving performance following emergency,5
based assistant,5
impact dynamically communicating uncertainties,5
threat extended ai technologies,5
driving simulator study used,5
ai systems treat people differently,5
pivotal role moderating connections customers,5
ssdm ai,5
multilevel analysis results suggest uncertainty,5
movement creating human centered ai,5
want apply ai,5
limited trading taylor,5
suggestions extend framing ai myth,5
define modern business operations ai,5
driving systems,5
cars lethal autonomous weapons systems,5
study analyzed using pls,5
pls sem fsqca,5
ai systems gaining popularity set,5
touristic unsafe neutral streets,5
single hypothetical city,5
map based use matrix,5
concepts robot 433 554 ai,5
proposals incorporated artificial emotions,5
routes oriented operational efficiency,5
intelligence ai systems cause inspired,5
flexible passenger,5
offered conventional public transportation,5
research xai,5
complexity human cognitive,5
ai systems,5
risks driver distrust unsatisfactory,5
heterogeneous traffic characterized vehicles,5
driver intervention violated,5
fundamental human intelligence development,5
partially autonomous,5
adss longer distant reality,5
response rigidity routes travel conditions,5
identify vital xai design,5
positive potential outcomes ai,5
aerial vehicles developed knowledge,5
self efficacy ai,5
autonomous cars ages,5
antecedents moderators domains methodologies participants,5
vehicle technologies impact future mobility,5
employ moderators did,5
background ai management,5
businesses organizations vastly impact ai,5
impact ai implementation,5
introductionartificial intelligence,5
ai seen driver,5
cornerstone automotive industry strategy,5
consumers forefront ai,5
study examines complex effects ai,5
risk overconsumption environmental impact ai,5
future mobility needs,5
necessity adopting ai balanced manner,5
autonomous driving,5
anxiety ai incidental emotion perceived,5
artificial intelligence ai,5
motives regarding fully autonomous,5
adoption general generative artificial,5
technological guidance connected autonomous vehicle,5
interactive delay ai enabled emotion,5
traction different,5
collaboration ai drawing,5
intelligence social,5
research streams ai,5
based autonomous robots uninhabited,5
application cognitive,5
typically perform cognitively,5
ai small,5
enterprises smes jordan key player,5
application ai greatly change,5
ai anticipated trajectory oscillated unjustifiably,5
development ai technology,5
winding arrive faster,5
future ai face,5
adoption artificial intelligence,5
owners managers attitudes ai,5
conceptual framework modeling ai introduced,5
smoothly integrate ai technologies line,5
members voluntary use ai mandated,5
decision use ai left,5
commonalities ai,5
field unmanned driving proposed people,5
ai arena,5
theorize human team,5
ai despite human involvement stage,5
automated vehicles,5
