phrase,cluster_label
commerce sector continues,0
computer agents,0
value chains,0
experiment neurophysiological measurements used investigate,0
agents affective processes,0
satisfaction willingness adopt ai,0
ai service passengers,0
partial squares approach study used,0
observation agents behavior,0
offers picture,0
adoption application ai advance b2b,0
linking individual strategic,0
aware stackelberg game approach designed,0
reinforcement learning irl algorithm applied,0
game model social potential field,0
cognitive models provide common,0
autonomous technology needs tended,0
francis group,0
rl agents pure text,0
test false beliefs sally,0
increase automation,0
relationships variables tested,0
hypotheses regarding direct indirect relationships,0
remotely controlled robotic arm,0
trading psychological,0
faults automation conditions,0
predict effects different automation,0
point actors business reverse engineering,0
human robot interaction,0
analysis reviews robot design features,0
provide recommendations including conceptual,0
avs able,0
assessment compliance avs,0
perform trade study,0
varying automation,0
fourth industrial revolution witnessing fast,0
social interactive agents concerns,0
jerome bruner studied socio,0
manipulators avs,0
innovativeness moderator performed,0
francis group,0
avs need understand related psychological,0
addition identify,0
affecting relationship,0
robot interaction hri apparent,0
human automation interaction inspired,0
metrics human robot,0
francis group,0
strategic options,0
research limitations implications review,0
shows adoption service robots negative,0
intelligence ai technology service industry,0
hypotheses tested,0
ai applications service,0
francis group,0
recommendations intelligent agent,0
important societal issues individual societal,0
perceived ease use,0
rationale recommendation conveyed,0
francis group,0
specifically deployment collaborative robots,0
tested using 536 responses individuals,0
recommendations digital,0
results indicate perceived convenience,0
traits designing manufacturing commercializing,0
models predict explain behavior terms,0
developing testing cognitive,0
models come instantiated brain article,0
systematically testing input output stimulus,0
2019 ifac,0
common assessments trust qualitative studies,0
information presentation,0
burgeoning field human machine communication,0
variables innovativeness,0
connected automated,0
convenience accessibility,0
increasingly mediated automated,0
caused wide range interdisciplinarity,0
info communication human computer,0
agents especially terms service quality,0
practical recommendations,0
lists option,0
changed game modern smart factories,0
agents assist,0
disengaged participants required adaptable automation,0
role determining adoption intention ai,0
automation led,0
urgently required establish design automation,0
robot designed provide hedonic,0
schema automation perfect automation schema,0
fit mediates,0
robots underlying psychological processes,0
participants collaborated automated agents varying,0
recommendation ai decision,0
designing automation mimic basic human,0
automation performance expectancy compared,0
offer explicit recommendations,0
automation conundrum,0
related human robot interaction hri,0
speech recognition,0
automated aids,0
different service agent types,0
online shopping assistance,0
practitioners exploring ways incorporate,0
websites display agent,0
shall suggest,0
advanced automation,0
disclosure affects user,0
agents perceived demonstrate,0
uncertainty robots perceived,0
including robots production,0
relations investigated,0
intelligences determine service,0
value systems view effects,0
usefulness factors,0
require humans loop,0
direct relationships,0
automation relevance knowledge task decrease,0
strategic element industries,0
examined extent automation designed benefit,0
essential strategic,0
learning analysis identifies proprioceptive physiological,0
addition dyadic human agent,0
contextualizing refining extending original framework,0
agents advanced integrated,0
human robot interaction,0
animal relations perspective,0
predictors inspired literature human human,0
context physical retail stores,0
recommendations based user,0
model basic psychological needs bpn,0
human communication,0
models taxonomies human automation,0
autonomous agents,0
human multi robot,0
adoption ai advisors,0
showed positive associations human robot,0
robot oriented team oriented fluency,0
agents collaborative human,0
involving teleoperation,0
robotic counterparts critical,0
agent decision process mitigate misperceptions,0
robot offers varying levels information,0
perspectives regarding human automation,0
diagram formation assistance hamie robot,0
participating alongside entity robot,0
robot theories financial,0
intensify knowledge development undergoing retail,0
retail sector,0
critical humanization automation,0
supported hypotheses validating suggested,0
technique conceptual model empirically,0
researchers collected data 530,0
theories interdisciplinary teamwork,0
interdisciplinary literature,0
technologies called ironies automation,0
beliefs reduced,0
values triggered promoting,0
embrace uncanny,0
aesthetics trustworthy cartoon,0
manipulated robot facial screen,0
robots unique opportunities improve facilities,0
recommender predicts,0
automates radiologist,0
agent isa,0
intelligent software agent,0
personalized recommendations consumers regarding,0
outcomes handled solely human agents,0
human robot interaction,0
deploying gioia methodology qualitative,0
effect agents experience levels underlying,0
behaviour struggle identify agent held,0
discourse framed robots,0
use avs,0
grounded agent decision making architecture,0
automation interaction concerned,0
provide agenda,0
foot positions,0
industrial revolution,0
robotics applications internal environment,0
suggest attacks avs significantly,0
robots aims,0
automation artificial,0
innovativeness significant,0
robots automatically make,0
agents sales,0
model encompass psychological,0
analysing user utterance,0
teleoperation using,0
centered automation characteristics,0
uncertain hypotheses,0
agent commonplace task,0
suggesting conceptual ceiling,0
robot perceived,0
eye movements,0
utility dialogue,0
teleoperating robots stream,0
robot collaboration hrc systems,0
robots humans heterogeneous advantages,0
ai provides direct recommendations,0
echo questions,0
statistically tested,0
policy human robot interaction,0
learning rl agents,0
hypotheses tested,0
human loop experiment featuring,0
automation social,0
analyses estimates regarding barriers automation,0
conversational agents,0
hypotheses tested,0
perceived usefulness ease use predictive,0
underscores potential limitations ai meeting,0
fit data adapted version,0
acceptable fit,0
automation technology,0
perceived usefulness ease use,0
formalized communication gap person,0
instructions ia act,0
perceived utility,0
agents ias,0
unconscious trait,0
providing users advice working,0
explores landscape artificial intelligence,0
user needs collaborate agent having,0
learning game,0
industries significantly changing nature,0
agents respond slower users,0
empathy suitable interactive conversational agents,0
humanoid vs cartoon subjects designs,0
communication decision theoretic,0
predicting automation,0
theory statistical,0
conversational agents platforms,0
automated systems bainbridge described,0
oversee automated function accurately,0
communicating limitations avoid mental,0
francis group,0
better automation,0
needs communicated users,0
results supervision reminders effectively maintained,0
francis group,0
antecedents include interactivity,0
sector future improving customer,0
deploying double debiased,0
virtual conversation,0
agents offer innovative,0
users high low innovativeness,0
test prediction accuracy automated dm,0
based version non verbal turing,0
indicate specific eye,0
raised concerns regarding,0
encourage perceptions robot acting,0
mental model machine,0
francis group,0
effective human robot,0
innovative behavior,0
francis group,0
nonhuman agents induce,0
safety mediate certain relationships contactless,0
robot human group completed,0
attributes perceived value,0
depending perceived agent task fit,0
square statistics indicated,0
agents integrated social,0
guidance enhancing consumer experiences,0
positively influences communication quality,0
agent facial bodily expressions,0
trend raised,0
angry robot induce,0
democratic societies fundamental change,0
valid reliable scale assess ai,0
effect holds economy,0
develop game treasure,0
positive effects robot personality,0
resistance using automation features,0
control theory game theory,0
robot interacts humans individual,0
agents benefit steering,0
video games news recommendation,0
recommendation aggregation engines,0
engineering robot,0
opposite protocol attenuates word machine,0
automation transitions factor specific scaling,0
utilitarian realm competent human recommenders,0
communication strategies asvs pedestrian,0
messages containing intent asv actions,0
wearables factories,0
perceived value adopt customer engagement,0
nature economic wealth creation,0
uncanny theory perspective,0
utility levels automation,0
middle aged women shop,0
purchase recommendation,0
model using partial squares structural,0
anxieties robots,0
takeover automation,0
behavior selection module general,0
induced linguistic framing run,0
linguistically framed descriptions robot,0
mental models,0
human robot interaction,0
interpersonal human automation human,0
ai trustworthiness foster adoption application,0
robots increasingly,0
psycho physiological observables,0
best robot,0
used online,0
based version non verbal turing,0
performance automation bias subsequent frustration,0
agency suggests,0
automation loa,0
automated systems tends,0
effects robots human,0
shop online,0
findings revealed personal innovativeness,0
guidance bank planning use ai,0
squares technique,0
technology fit,0
stimulus organism response sor,0
francis group,0
ways enhance consumer purchase intention,0
contextual role crowdedness human robot,0
relationship building strategies,0
attendees willing adopt robots,0
robot initiates interaction perceived intelligent,0
research examined factors affecting robotic,0
limitations implications based synthesis authors,0
challenge hindrance appraisals,0
using partial squares structural equation,0
users support conceptualization,0
robotic applications,0
human loop experiment,0
conversational agents aca objective perceived,0
rejects automation,0
industrial setting competing,0
francis group,0
leaves machines robots,0
paradigm shift potentially increases ecological,0
low intelligence robots perceive,0
predictive analytics grounded,0
agents aas capable,0
economic value,0
employees inclination collaborate robotic,0
spoken language operation,0
research provided approaches postulating conceptualizing,0
germany springer nature,0
information enable operators infer,0
automation algorithm,0
shown costs imperfect automation detrimental,0
passenger transportation allowing agents autonomously,0
industry integration robotic technologies,0
relationships tested using,0
hypothesized relationships,0
loyalty context ai services,0
lens understand human robot relationships,0
develop guidelines robot,0
integrates diverse disciplinary,0
humanlike robot,0
matching game,0
relationships using smart pls,0
close vs,0
subordinate proxemic,0
interactions subordinate robot resulted,0
positive user experience robot close,0
centric design task automation,0
consistency status proxemic behaviors robot,0
automation business operations crisis,0
computer agents improves,0
competitive market using artificial intelligence,0
adoption post adoption stages ai,0
art agents literature,0
theory data,0
game theory,0
explain relationship linking explanandum explanantia,0
fechner law economics,0
issues unforeseen creators commonly discussed,0
automated agents fa methods currently,0
intelligent agents,0
adverse aspects new retail,0
background manufacturing industry,0
store shopping,0
human robot,0
level automation loa,0
ai reliability experience,0
automation like surveys drastically limit,0
autonomous digital agents number,0
collaborative robot reliable unreliable,0
multidisciplinary nature dat using,0
concerns expressed,0
qualitative performance subjective experiences monitored,0
recently multi agent,0
effectively communicate,0
automation considering secondary factors,0
behavioral economics promising source theory,0
valuethe primary contribution study enrich,0
transdisciplinary field increasingly complex,0
psychological features weber fechner,0
economics evident tests simple linear,0
manufacturers developed prototypes exist,0
newsvendor game proposes,0
routine communication strategies adapt,0
2015 ifac,0
online shoppers,0
human automation interaction,0
robots assist,0
good value,0
encountered different technological failures automation,0
high automation levels occupant control,0
francis group,0
piece automation designed affect dimension,0
virtual clothing store,0
cognitive multi agent models,0
intelligence ai service,0
intelligent agent,0
experience uncanny,0
competitive market using artificial intelligence,0
automation business operations crisis,0
ownership adoption intention robot,0
agents robots,0
goal orientation,0
greater usage,0
based experiment manipulate robot,0
attachment users learning predict,0
strong belief giving agent,0
power induced domination exerted robot,0
adapting design configuration robots,0
use automation,0
sensitivity changes automation manual performance,0
anthropomorphic automation failed bolster,0
information communication,0
93 reliable agent,0
automation interaction,0
mechanism schema activation allow,0
robots human,0
play various,0
responsibility ai automated decision systems,0
experiment humans repeatedly play games,0
commitment issues,0
remarks humanoids,0
robots intriguing idea existence underlying,0
uncanny valley,0
central aspects conversation ai replace,0
test hypothesized,0
movements neural recordings contain,0
current approaches multiagent,0
considerations early,0
perspective error detection,0
machine produces better recommendations,0
doubt quality systems overrule machine,0
work psychology neuroscience economics,0
supervised automation partially,0
work philosophy behavioural psychology traffic,0
automated map,0
robots frequently generate behaviors,0
disclose information,0
automation employed,0
received descriptions crews interacting,0
changes automated systems small,0
ai robots significant higher order,0
centric design task automation,0
human supervision multiple robots,0
number approaches flexible automation autonomous,0
rapid technological advancements,0
shifts characterized automation,0
communication quality,0
seminal fitts list spans,0
related use,0
fitts list pervasive factor function,0
daily work individuals shaping relationship,0
changing pace boosted technological advances,0
ironies automation,0
fitts report represents unprecedented,0
value creation similar pathways,0
advance strategic agenthood,0
psychology human robot,0
agent interaction retention human decision,0
discuss anomalous misattributions strategic,0
integrates diverse disciplinary,0
increasingly capable automation complex,0
value study,0
encounter algorithm controlled products robotic,0
agents employ maximum entropy inverse,0
term strategic success aiding skill,0
interpretation turing,0
showed operator directly dependent robot,0
robot relation mutual continuous,0
disciplines intradisciplinary,0
cycle robot,0
100 manufacturers,0
learning based recommendations,0
economics pertains work psychology lent,0
perspective compatibility humans robots cooperating,0
shifts characterized automation,0
adopt relational framing,0
wires cogn,0
automation flattening organizational hierarchies,0
provide detailed guidance promote ai,0
eye tracking quantitative,0
implementing collaborative robots,0
robotics artificial,0
model based theory cognitive appraisal,0
valuethis study integrates,0
francis group,0
curvilinear relationship employee,0
representation robot marked,0
automation understand foundation future,0
robot make human machine,0
innovativeness contributes,0
foundation field human robot interaction,0
automation applied different,0
explains behavioral subjective,0
referred automation,0
automation interaction issues interacting,0
explains behavioral subjective,0
cra aid respectively,0
automation did increase,0
stages automation,0
perceived usefulness knowledge management,0
employing partial squares structural equation,0
payment automation participants repeatedly chose,0
use ai service agents,0
francis group,0
innovating firm communication,0
technological advancements led development aerial,0
ai enabled service crucial,0
adoption intentions related ai,0
automation varying effects human,0
eye tracking,0
capacity suffered higher levels automation,0
ensure automation supports operators,0
sector based,0
simulated robot,0
communication style human,0
results human loop experiment,0
value creation behaviors ce plays,0
automation increases,0
research transitions automated,0
aid manifest imperfectly,0
communications instruct,0
gaais good,0
perceived usefulness performance artificial intelligence,0
ai enabled service attributes,0
background operators interact automated decision,0
automation aided performance levels predictions,0
robots emerging,0
given agency allocation process compared,0
similar aid provided,0
participant robot,0
model comparisons identified potential strategies,0
worldwide increased use automation,0
practical recommendations video,0
agents perception task,0
increased use,0
robots share tasks charge decisions,0
francis group,0
study analyzed partial squares,0
er levels automation tipping point,0
ai adoption human,0
automation perceived change competencies,0
value explore willingness accept ai,0
using partial squares structural equation,0
knowledge pilots perceptions attitudes,0
software tools autonomous,0
sustainable human automation,0
automation collaboration need develop,0
issues regarding perception accountants usefulness,0
benefit automation sensitive,0
francis group,0
assessed automation explicability,0
agency tested increased self agency,0
task different levels automation,0
agents experience,0
ideologies psychographics segmentation targeting positioning,0
service agent types,0
agent assistance surpasses,0
2016 ifac,0
automation order fly,0
agents substitutes human,0
guests analyzed using partial squares,0
non human technical agents,0
despite growing use,0
automation inherent,0
promoting automation bias,0
francis group,0
reticent embrace,0
groups automation,0
long lasting,0
consumer innovativeness strengthens relationship attitudes,0
positively impact impulse purchase intention,0
perceived usefulness perceived,0
modern trade retail industry,0
automation task,0
research explored effects automation,0
powered product retail,0
isolation contributed sense robotic,0
robotic interaction emotionlessness lack,0
results human loop experiment sixteen,0
adoption intentions ai based voice,0
reasoning theory applied hypothesize relationships,0
allowing robots recognize shape human,0
avs context human automation,0
2016 ifac,0
introduction perceived partner,0
statements automation reliability,0
alongside robots raises concerns employees,0
francis group,0
mental model adjustments subject,0
making intelligent agents symposia held,0
robot interaction cognitive assistance government,0
contains reports ai human robot,0
people computer agents,0
communication increasingly focus automation,0
settings agents reason,0
automation driven rise intelligent,0
using hyperbolic discounting samples,0
heart rate hr indices eye,0
takeover requests,0
behavioral economics psychological models,0
agent able outperform alternative,0
general methodology agent design repeated,0
models physiological measures,0
perceptions use automation,0
highlight effects interacting animated conversational,0
ease use,0
use perceived usefulness showed statistical,0
agents indispensable work environments,0
social aspects human agent interactions,0
icub robot,0
robot acceptance carried,0
various interdisciplinary pathways advance,0
provision recommendations absent present subjects,0
recommendations provided accurate,0
francis group,0
greater concerns,0
innovativeness pi,0
eye movement facial expression,0
provide additional information decision recommendations,0
avs likely adopted wide scale,0
expectations avs,0
avs barriers,0
evaluation ai recommendation,0
emerging diverse applications instance autonomous,0
intelligent autonomous agents,0
attitudes perceived ease,0
automation generally resulted,0
avs offer opportunity achieve,0
tam used addition factors,0
sets different robots,0
attributions ii nearest neighbor,0
provide natural communication modality,0
obtain picture effects automation,0
robots text speech,0
envy play,0
support hypothesized relationships,0
step partial square based structural,0
technology fit models,0
different economic games public goods,0
ai adoption,0
control automation fails reaches functional,0
av perceived value time perceived,0
24 27 conducted testing automation,0
recommendations design effective transparent automated,0
associated avs realized mass,0
government agencies ai service,0
atari game offers,0
suggests judgments robot,0
robot responsibility hinge perceived,0
av technology based interpersonal institutional,0
autonomous agents,0
mechanisms allow people communicate,0
automation kinematics communication just external,0
communication just external lighting signals,0
exchange information develop common ground,0
expression enhancing agents perception value,0
agent interaction artificial,0
develop intelligent humanlike autonomous agents,0
humanoid ais statistical,0
agent memes defined building blocks,0
disciplinary vs,0
avs hmi,0
corresponding av,0
av events phases,0
research demonstrates conversational robo,0
multi agent systems,0
paradigms new zealand nz,0
perceived usability objective usefulness policy,0
antecedents cognitive,0
strategy main issues requiring investigation,0
transform strategic decisions,0
watching agent crash,0
avs perception,0
conversational ai,0
agents user perceptions,0
short electronic retail,0
online buying selling goods,0
tradeoff participants perceived language,0
perceived usefulness ease,0
takeover time quality,0
shopping systems,0
explain drivers takeover,0
user saw agent succeed fail,0
online bricks mortar retail environment,0
programs impression agent,0
introduced early 1900s poor communication,0
think robots,0
audience mindlessly,0
purchase intention,0
processed human robot,0
fieldwork article argues emergence avs,0
ocular parameters significantly different different,0
assistive robots decide,0
francis group,0
systems agent development,0
agents involved tended maxsum,0
shortsightedly focusing individual steps,0
involvement explanation,0
development process avs,0
vision human robot,0
perceived usefulness perceived ease,0
robot collaboration allows,0
robots identified reviewing tam,0
process biasing optic flow stimulus,0
learning application changes robots,0
robots task performance interaction consumers,0
information success iss model research,0
arslan involves capturing analyzing eye,0
diversity strategy main,0
subjectivity socio economic legal,0
avs promise,0
involvement longer,0
research limitations,0
iml early,0
better comprehension attitude purchase,0
aligned production technologies,0
psychomotor characteristics encompasses physiology,0
production work includes robots,0
includes robots exoskeletons augmented reality,0
connections behavioral economics computer,0
reinforcement learning rl potential enable,0
hitl paradigm agent eventually performs,0
like message,0
human loop hitl,0
automation observation,0
irony automation,0
simulating human like conversations,0
av crashes suggest human,0
shaped information flows,0
question concerning robots,0
organizational innovativeness,0
understanding business value realisation,0
reality agent,0
human robot interaction,0
type society wish promote automation,0
francis group,0
francis group,0
francis group,0
commerce companies moving integrating technologies,0
convey av intention,0
exert greater impact robot communication,0
interdisciplinary stance integrates insights tourism,0
autonomous automated manual control,0
process automation rpa,0
used qualitative research,0
engaging innovation,0
trial trial shifts automation,0
make use,0
intensifies retail,0
regarding scenario aim answer av,0
participants experienced different communication strategies,0
management crm,0
communicated human body language,0
enabled autonomous customer service agents,0
data thematic,0
robotics psychophysiology assess,0
agents simulate evaluate,0
floor industrial,0
analytics robotics leading,0
people increasingly concerned,0
communication transitioned,0
successful ai services,0
outcomes dependent type service,0
human service agents compared,0
contributes significantly discourse ai,0
scripts verbal,0
furthermore av triggered communication based,0
value based design putting engineers,0
interactive agents provides data driven,0
study hypotheses,0
recommendation systems,0
practitioners overarching,0
dialogue high interaction opportunity offered,0
routine innovative use,0
diffusion automation,0
llms outsource product search recommender,0
effects automation managers job,0
efficiency emerging area automation management,0
cognitive models learning capability reinforcement,0
agentic information systems appraisal time,0
sets agenda,0
ai context line service meeting,0
technology weakens relationship role clarity,0
manual stages time,0
recent technological development concerns automation,0
service work result advances artificial,0
use term,0
francis group,0
strategic opportunity increase,0
measure extent eye movements,0
multidisciplinary research,0
agenda address,0
energy chemical industries poland,0
hypotheses tested,0
strategies address control problem promising,0
intelligent ai domestic service,0
predictability automation,0
interaction roles robots play home,0
automation use lead,0
innovation engagement positive relationship,0
francis group,0
robots hsrs,0
anthropomorphic features humanoid,0
employed hypotheses testing,0
perceived ease use,0
testing using partial square structural,0
intention use avs,0
agent resource management task,0
psr associated avs,0
adverse biases people interacting automated,0
automated technology unclear effects observed,0
simulate conversations,0
issue eye tracking,0
recent innovations robotics challenge,0
avs information explain public acceptance,0
understand value perceptions ultimately adoption,0
main aims introducing automation,0
maturity automation different,0
robots highlight potential assume,0
awareness sa implications takeover control,0
humanoid robots,0
francis group,0
2019 based following robotic technology,0
key messages automation safety,0
revolution physical retail,0
facing fully automated,0
scrutinize antecedents consumers intention shop,0
perceived ease perceived usefulness,0
innovativeness optimism,0
enhance purchasing experience,0
intelligence ai commercial service,0
stores operate,0
salient predictors perceived value,0
products communications,0
robots intersects broader sustainability operational,0
technique partial squares structural equation,0
studies sharing interacting scenario agent,0
input predicts agent,0
intelligent conversational,0
work aim endowing embodied conversational,0
conversational agents,0
radically redefining,0
value conceptual review,0
conversations users expected continue time,0
based different industries,0
inclusion ai different sectors impact,0
global economy,0
automated recommender,0
vas used retailers,0
provided advice,0
automation disuse misuse,0
possibility automation,0
theoretical positioning required,0
squares structural,0
relationship commitment,0
conversational digital,0
francis group,0
assistive technology featuring,0
communication association,0
life rating data set filter,0
estimated relevance,0
based autonomous agents,0
condition agent displays,0
alter retailing,0
simulated agent,0
agents design issues unintended consequences,0
performance competitiveness increasing adoption ai,0
condition agent displays,0
functions performed making automation decision,0
smes developing small island,0
simulated agent,0
grounded article conceptual model,0
study used qualitative methods explore,0
vocal channel relationship,0
nonadaptive agent tended positively perceived,0
robots parasitic deeply,0
social signals human,0
human relations,0
francis group,0
francis group,0
statistics meaningfully applied,0
automation systems safety critical,0
robots growing,0
motion baseline wherembehaves rationally favor,0
provides thematic analysis studies robots,0
includes actors human robot human,0
blindness issue,0
mand agent plans motion optimizing,0
human loop takes role teacher,0
agent interaction agents,0
robots organizational contexts perceived negatively,0
factors research introduction automation,0
automation observed decades,0
develop potential partner sensitive,0
body research ai adoption,0
francis group,0
task technology fit theory theorize,0
sectors linked marketing ai,0
integrated conceptual model motivating,0
automation bias behavioral effect,0
interdependency automation,0
production widely,0
francis group,0
automation failures overall deterioration,0
recommendations observed changes participants,0
post purchase,0
better change automation autonomy,0
commerce denoting seamless,0
human automation interaction,0
cognition analytic model based decision,0
human robot interaction,0
levels automation,0
errors predictability agent,0
performance agent key factor influencing,0
interaction prior experiences automated systems,0
avs communicate,0
automated systems quality,0
concern given,0
spur dialogue involves wide,0
practitioners anticipate various points,0
francis group,0
time automation reliability,0
users reliability recommendation changing,0
benefits generally accepted practitioners scholars,0
included group automation,0
relationship examined subjects factorial,0
automation cda,0
increasing autonomization,0
perceived value contribute substantially ai,0
adopted ai,0
established industries,0
broader adequate conceptual articulation,0
strengths relationships,0
application domains recommender systems user,0
best practices,0
eye tracking,0
control ownership ai technologies,0
used clothing buy process,0
agent interacting,0
field behavioral economics deals,0
cognitive model simulates,0
adaptation process automation,0
involvement relationships,0
mediated information,0
convinced usefulness,0
enterprise bots paper crucial,0
reveals informing operators scenario provide,0
given rise new issues society,0
interpreting subjective,0
robot occupied significant position,0
programs solve problems reproduce mental,0
robotic research develop advanced programs,0
study examined relationship declared creator,0
using agentic information,0
fits alignment,0
robotics technologies,0
strategies exponential technical advancement provides,0
automation time,0
germany springer nature,0
purchase intentions products later recommended,0
usefulness 25,0
model assessed partial squares,0
despite emerging contribution machine automation,0
machine automation artificial intelligence information,0
article provides agenda,0
conversation formal process demonstrated,0
humanity issues relevant domain,0
francis group,0
recommendations provided,0
limitations future,0
appraisal processes,0
robots tremendous potential,0
introduced simple operations factories workplaces,0
model robot acceptance,0
public sectors utilizing ai based,0
robot politeness conversation behavior,0
appearance robot,0
ease use,0
develop relationships vas,0
ways laying foundation robotic emotional,0
causing disturbance robot,0
hand features enable robot,0
confronted av human,0
av anxiety,0
av acted associated,0
perceived value,0
contrast vast investments adaptive automation,0
flexible application automation level,0
performance efficacy perceived ease use,0
disapprove av action hearing explanation,0
successful human automation,0
painting related communication breakdowns,0
lack communication road,0
industries sectors,0
study identified primary communication barrier,0
francis group,0
attributing responsibility limitation ai,0
efficiency human computer communication,0
conducted analyzing users communication,0
av recommendations based svo,0
av acceptable matches average waiting,0
v2v communication,0
robots integral,0
partial squares structural equation modeling,0
light findings qualitative follow interviews,0
agents subsequent tasks seeing algorithms,0
exponential rise prevalence,0
prevalence automation,0
confirm hypotheses,0
understanding limited,0
make collaboration humans robots,0
burgeoning automation,0
quantification analysis communication,0
hmc scholarship regarding human loop,0
communication hmc,0
agent agents better understand human,0
given automation,0
used promote automation,0
communication scholars sought understand humans,0
games office automation,0
agent basis explanation observed,0
conceptual model developed,0
given certain characteristics current,0
limited studies,0
strengthening relations,0
online shopping providing prompt,0
paper people accept recommendations provoke,0
developments highlighted limitations,0
recommendations regarding disciplinary,0
al opens,0
shopping contexts,0
appraisal outcome stage,0
investigate ai related topics service,0
machine automation systems involve integration,0
automated agents goal,0
families respond better functional,0
shopping leads repurchase,0
online shopping,0
impacted old ways communication individual,0
including qualitative study model,0
service agents interaction perceived enjoyment,0
positive moderates relationship firm creativity,0
robots supposed,0
human loop approach includes ability,0
value tool design,0
agent workforces,0
economic issues required decades,0
real world problem specifically societal,0
significant societal transformation,0
advances automation,0
strategic planning incorporating affective attitudes,0
role virtual service agents vsas,0
ai service failure,0
loop experiments mission scenarios,0
incorporating personalization service agent,0
relationship contributes significantly theoretical,0
systemic representation,0
design human loop simulation,0
ease use perceived usefulness,0
conceptual model examines various external,0
limited understanding antecedents,0
intelligence ai devices hotel,0
step empirical,0
involvement significantly reduced default rate,0
introducing robots,0
head movements,0
perceived ease,0
lead participants orient different recommendation,0
machine agencies differently regardless,0
suggestions greater willingness disclose personal,0
evaluating wine vacuum recommendations,0
communication design recommender systems,0
societal advancement impacting,0
automated organizational,0
image perceived usefulness partially mediate,0
given organizational innovations limited value,0
robot wasnot,0
understanding agents,0
robotic solution almere model questionnaire,0
awareness automation currently handling,0
develop commerce,0
evolution retail,0
agency recommendation process,0
assistive robot end user,0
users attribution,0
benefits combining subjective,0
automation evolved,0
rl algorithm enabling autonomous agents,0
hitl rl,0
concierges dialog interface embodiment,0
effects different automation design,0
automated intelligent,0
theory sphere human robot,0
francis group,0
communication quality significant experiencing relatively,0
continuously unobtrusively using neurophysiological sensors,0
utilization agent,0
ai frontline services,0
game used,0
intelligent agents rapidly,0
automation 47 reduces,0
francis group,0
personalized recommendations employed online,0
francis group,0
agents integrated workforce question extent,0
purchase intention,0
value procurement,0
emerging market retail,0
theory help retailers understand,0
methodology examine interrelationship identified fundamental,0
gaze head pose action recognition,0
eye contact,0
conversational agents,0
depending level automation,0
validated retail,0
information theory,0
appropriate psychophysiological indices,0
robots prevalent,0
significant positive impact intimacy robots,0
include recommendations decision,0
information theory,0
robots prevalent,0
functional services acceptable use ai,0
paradigm shift,0
enabling robots detect human,0
signaling use smart recommendation,0
study limited shopping,0
inductive deductive need employed strengthen,0
used statistical,0
suppliers price quoting,0
use boosts purchase,0
seamless fit increases user,0
based emotions robots,0
users daily routines lifestyles seamless,0
include example skillful eye scan,0
collaboration humans robots,0
best customize robots,0
aspects venn diagram common,0
used robotics community evaluate,0
human robot interaction,0
francis group,0
interaction hri applications manufacturing,0
organism response,0
paradigm increase,0
limitations implications findings study,0
human robot interaction hri model,0
language agent,0
advice human robot,0
represented interdisciplinary,0
user information recommendations design programming,0
impacts automation using intelligent,0
biases different levels automation,0
writings produced 1940s concerning economic,0
reliance suboptimal robots solving instantaneous,0
001 robot,0
ai automation,0
rapid integration intelligent processes methods,0
francis group,0
task effectiveness human robot team,0
cooperative assistance automation,0
tactical strategic,0
general conference adopted recommendation ethics,0
leads favourable attitudes higher purchase,0
activate perceived shopping convenience,0
perceived knowledge using,0
automated machines increasing,0
processes analogy visualization mental simulation,0
relationships sustaining business success,0
online transactions,0
contrary preregistered hypotheses participants human,0
simulator conversation robot experimental,0
societal challenges underexplored,0
communication av,0
contributes literature ai enabled conversational,0
drove attentively robot enhancing,0
communicated types information including,0
information including intent av,0
robot enhancing peace mind,0
eye combination text symbol speed,0
relationship effective use,0
robot users china conducted test,0
perceived enjoyment indicators private value,0
fast food establishments hypermarkets,0
ground study moore public value,0
public value management examine relationship,0
use value creation citizen,0
robots form important basis countermeasures,0
human robot,0
analyses information collected relevance feedback,0
using partial square structural equation,0
online method predicting multiagent,0
stimuli organism response sor task,0
heightened concern,0
explained limitations,0
levels automation developed existing approaches,0
review revealed automation,0
regulation innovation public engagement,0
economics sociology,0
widespread use,0
responses automation,0
objective recommendations,0
human robot,0
infer causes robot,0
agent exhibiting mind,0
adoption ai,0
artificial agents aas,0
tools effective members human agent,0
dynamic game finding,0
participants human agents,0
game agent negotiates,0
development human robot communication laws,0
rapid advancements,0
test empirically,0
creation innovative value proposition accordingly,0
takeover situations,0
physiological data,0
social presence user compared agent,0
certain class thought termed conceptual,0
interdisciplinary knowledge ai,0
advancements poised substantially modify,0
autonomous agents aas capable,0
communicative competence technology,0
perceived usefulness,0
powered robotic exoskeletons enhance,0
339 respondents used evaluate hypotheses,0
ways requiring explicit communication,0
hypotheses adopting partial squares,0
interaction experience human service agents,0
model interactions agents best,0
communication style,0
strategies discussed compared clarified,0
ensuring successful ai implementation,0
interactions representable agents social space,0
cues agent applications norms concrete,0
real contexts human robot interaction,0
robots based explicit norm,0
particularly related automation processes,0
just human machine interfacing spectrum,0
innovation performance,0
service agents offer enjoyment,0
artificial systems play,0
perceive robots differently restaurant segments,0
today partner,0
strategy formulation development transparency,0
dictator game,0
conceptual model based,0
psychologically agents terms self,0
intentions stay tip,0
psychologically agents terms self,0
human interaction including limited autonomous,0
analyzed data thematic coding,0
francis group,0
gaming literature,0
computer science law economics,0
created qualitative study,0
partial squares structural equation modelling,0
choices calibrated based perceived agent,0
outcomes parasocial interactions smart shopping,0
ai broad transdisciplinary field roots,0
retail industry,0
partial squares structural equation modelling,0
outcomes parasocial interactions smart shopping,0
retail industry,0
health learning,0
perceived ease use significant,0
automation management human,0
engaging strategic foresight,0
human robot collaboration hrc subsequent,0
weakened relationship,0
value paper studies general,0
robots visible,0
task known unknown selecting agent,0
100 people experience automated,0
refined based,0
automation systems,0
400 respondents tested research,0
hypotheses tested,0
francis group,0
bias algorithm recommendation preference recommendation,0
relationship explained,0
conceptual model,0
feelings uneasiness robots,0
intelligently responsibly concern,0
francis group,0
automation systems,0
precision tradional industrial,0
new interactive robot,0
communication association,0
ai recommending news,0
feeling economy,0
handed agents improve human automation,0
willingness interact ai,0
limitations implicationsthe,0
robots gone mythic,0
theories uncanny,0
value study stems examination,0
automation fallibility,0
performance following emergency takeovers impeded,0
efforts address automation effects,0
francis group,0
unnecessary limits performance intelligent robots,0
managerial implications robotics industry,0
eye tracking,0
develop effective strategies diverse opponents,0
focusing multi agent cooperation,0
avs potential,0
francis group,0
human agents,0
robots mediation role,0
robots conducted wave questionnaire,0
frequency robotic moment affects people,0
ai service agents,0
value similarity model proposed perceived,0
robot proposed,0
shows knowledge perceived,0
robots inevitably,0
automation intent errors,0
implications information communication,0
conversational agent ca major,0
model robotic behaviour,0
subsequent use automation,0
use automation hypothesized increase,0
competencies open innovation significantly influence,0
agent higher intention empower,0
effects expressed unwillingness use automation,0
present state robot,0
strategies identified coax people use,0
robot designers,0
problem favour robots embedded,0
intentionality grounded syntactic simulated,0
fourth industrial revolution associated,0
cus tomers willingness interact ai,0
takeover request stage takeover,0
innovativeness behavior including behavioral,0
automation human,0
francis group,0
partial squares structural equation modeling,0
impact automation,0
automated agents,0
francis group,0
potential facilitating strategic decision making,0
automated fields activity,0
autonomous agent factor,0
use robots needed prevent,0
conversational robots,0
rate avs,0
alleviated positively influencing ai adoption,0
agents vcas,0
popularity virtual conversational,0
revealed general perceived informativeness credibility,0
person automation,0
highly technological highly automated,0
simulation model quantifies predicts workers,0
innovation implementation beneficial social good,0
automated device target,0
communication approach relies user information,0
appraisal errors,0
landscape ai adoption,0
francis group,0
human like non human agent,0
human automation interaction including intended,0
eye movement results indicated compensatory,0
threshold designers use balance automation,0
results automation,0
relationship oriented subjects,0
instant message,0
promoting drivers monitoring behavior takeover,0
relation psychology disneyland,0
validated using partial squares structural,0
pivotal force modern business transformation,0
efficacy innovativeness predictors compatibility,0
fourth industrial revolution,0
perceived usefulness,0
means communication navy ships,0
risks automation misuse disuse,0
squares structural,0
disciplines including economics,0
psychological model individual level,0
autonomous artificial agents antithetical concept,0
partial squares structural equation,0
4ir involves innovative,0
empirical validation model partial squares,0
ease use perceived,0
simulating cognitive,0
scenario described agents various types,0
extensively industrializing rai,0
current literature developed conceptual model,0
approaches centered western values perceptions,0
crm strategic,0
communication style similarity crucial customer,0
partial squares structural equation,0
automated systems conducted past,0
addressing issues formalised affordance,0
relationship management,0
background automation prevalent,0
interaction implications automation,0
hybrid agent,0
knowledge application perceived,0
neuroscience theory supply demand,0
development human loop simulation test,0
critical smart service,0
draws cognitive appraisal theory,0
francis group,0
combat theory principles operational success,0
ray screening,0
moca perceived useful provided performance,0
university students examined lens structural,0
automation use,0
propose new models framing dialogue,0
fields economics psychology,0
featuring level automation,0
enhances current discourse av integration,0
produce services,0
using size fits model,0
giving way communication helps people,0
ia various components automatically,0
cognitive models potential,0
term interactions humans virtual,0
ease use shown,0
provides predictors avs acceptance,0
automation schema,0
physical space brain supporting,0
robots organisations,0
mediating role attribution,0
av users self actualization,0
utilization avs enrich life,0
ai service complementing,0
computerized agents,0
traditional retail services,0
androids robots designed,0
sector evidenced significant,0
impending highly automated,0
francis group,0
partner inner,0
approach following interdisciplinary character management,0
employed stimulus organism response,0
odds collective profit robot advance,0
applied partial squares structural equation,0
automation occurred society,0
actions attribute blame robot,0
eye metrics quantify,0
background automation related complacency automation,0
information communication,0
robots decision support systems governance,0
perceived utility,0
effects automation employment changing skill,0
human robot work,0
francis group,0
based gaze,0
automation controversial subject amplifies residual,0
dawe 2001 automation use visual,0
increasingly embracing,0
classic concept task technology fit,0
issues adopting stringent ai,0
relationships showed differences male,0
exists robots,0
office automation,0
robots work advanced,0
insight making strategic decision,0
automation negatively impact people,0
control incorporates adaptable automation oppermann,0
design management human automation teams,0
recognition received recommendation automated,0
colleague produces lower,0
traditional human driven model avs,0
suboptimal communications human machine,0
model perceived usefulness perceived ease,0
checking tool rbl support automation,0
considered separate agents pursuing goals,0
agents personality effect personality different,0
perspective teamwork viewpoint human,0
effective communicating av intent yield,0
use eye,0
ehmi messages facilitate,0
moment interaction automation,0
external station,0
provide suitable recommendations,0
colleague produces lower,0
avs equipped novel external human,0
av integration offering founded basis,0
automation decision aid,0
automation success engenders,0
demand autonomous agent systems,0
automation induced complacency,0
relationship intention adopt ai banking,0
perceived usefulness knowledge artificial,0
communicate human,0
attitude conversational,0
automation including,0
levels automation influence,0
assess human robot interaction,0
collaborative robots,0
insistence intensity capacity alter agents,0
robots constitute excitement,0
goal directed behaviours,0
robots owing certain fears example,0
conversational agents ca,0
automated service,0
assess ai suitability task,0
thai communication modality,0
manual performance automation fails,0
undergo automation near future calling,0
demand instances gaze behavior shows,0
decisions behalf agents human users,0
degree automation,0
argued interdisciplinary,0
participants played tit tat strategy,0
inform strategic decisions,0
conceptualizations especially regard work,0
typically creates pragmatic,0
automation critical,0
model human automation,0
human automation systems,0
attitude robots robot usage,0
francis group,0
flexible manufacturing,0
showed operators adapted automation,0
stages takeover strategies key,0
strongly related ease,0
francis group,0
provide accurate mental model,0
human robot interaction phenomenon emerging,0
field combined uncanny,0
great deal,0
currently great,0
noticeably relationship quality significant,0
francis group,0
online grocery shopping ogs using,0
regarding adoption ai based,0
agents interaction including explainable artificial,0
variety industrial,0
implications limitations,0
trials involving various levels automation,0
communication styles service,0
resistance issues conversational skills,0
ai service,0
centred automation appears provide different,0
information developing theory,0
francis group,0
francis group,0
need responsive flexible agents pervasive,0
increasingly utilized,0
automation mundane,0
automation different domains,0
automation problematic,0
interaction operator automation closed loop,0
francis group,0
sophisticated conversations,0
manufacturing environments complex,0
learning task subjective usability,0
usefulness impacts valued skills,0
role ai banking applications confirmed,0
squares pls,0
automation failures occurred,0
additive nature,0
expectations affect perceived value,0
agents blocked significant social psychological,0
automation loa designating,0
implications suggested practitioners improve,0
advancements increase exponentially mobile,0
responsible decisions ai discuss,0
hri using nao robot scenarios,0
scenarios casual conversations robot,0
having potential significant economic,0
important limitation,0
ai services,0
highly automated,0
relations strengthen augments instead,0
conceptual model,0
sem specifically partial squares pls,0
social information processing theory,0
adaptive norm aware autonomous decision,0
human employees online shopping remains,0
social agents autonomously,0
robots awareness,0
operational success ai,0
indicate innovative organizations build,0
pls proposed assess relationships constructs,0
agent definitions embody,0
relates perceived ease use credence,0
distinction disembodied conversational,0
effects forms automation determined,0
application conversational agents,0
robots disembodied,0
era rapidly,0
contrast delegation model associated agents,0
distinction disembodied conversational,0
collaborative robots,0
implications suggested practitioners improve,0
restricts flexibility agents point social,0
automated systems traditionally explored binary,0
agents key concept,0
successful ai services,0
automation systems,0
communication research gaining,0
agents widely,0
application conversational agents,0
robots disembodied,0
interdisciplinary supported,0
robot lower experience vs,0
creating automation,0
francis group,0
perceived value,0
using simulated autonomous,0
improve work design daily business,0
advocating responsible approaches ai,0
suitability tam,0
consumers intention purchase grows significantly,0
control highly automated systems,0
online shopping provides insights,0
germany springer nature,0
awareness adaptive automation aa managing,0
agents surveys 200 employees,0
francis group,0
analysis main statistical,0
systematic synthesis limiting understanding user,0
improve human automation,0
camera eye,0
eye movements,0
consisting agent emotional,0
reviews theory humancentred automation,0
automation collaboration especially,0
relations information transfer work settings,0
perceived usefulness performance,0
advanced manufacturing systems,0
strategy switching,0
external stimulus invokes,0
agenda psychometric modeling eye,0
negative beliefs worldviews agents,0
ai reshaping service,0
driven innovations operational changes resultant,0
right wrong reasons robots,0
culinary practices advocating,0
uncanny sense,0
perceived usefulness pu perceived,0
associated stimulus word treasure word,0
clausewitzian notion military,0
robots facial emotion recognition,0
automation interaction autonomous,0
include finding book library,0
technologies grasping,0
advised best,0
qualitative methods,0
strategic inquiry,0
francis group,0
automation irreversible instantaneous,0
ease use reliability significant factors,0
bias agreeing automation,0
structural equation modelling partial,0
discreet manufacturing,0
virtual conversational,0
states agent decision making modes,0
adoption ai,0
manufacturing fms,0
condition complied takeover request tor,0
agency higher robot competence,0
cleaner robot user perceptions device,0
automation choice engage optional,0
effects automation,0
service failures using ai,0
psychophysiological investigations,0
automated warehouses,0
vacuum cleaner robot experimental laboratory,0
loa automation allocation cycle,0
study 57 provides deeper insights,0
functionalities automated,0
robotized systems humans,0
automation lagged,0
users attribution responsibility service failures,0
agent demand shorter takeover times,0
aid improved,0
expert systems pose,0
understanding innovative use artificial,0
human loop,0
perspective ertms parallels automation concepts,0
relationship perceived benefits,0
increase manufacturing competitiveness,0
moderate relationship choice decision effectiveness,0
adoption future ai,0
automated device target,0
attenuate appraisal errors scenario,0
robot utilizes artificial,0
xai recommender systems,0
automation intent errors,0
determine automation nonautomated alternative,0
education business public health,0
artificial intelligent agent,0
enable information advantage truly,0
vehicle agents,0
research directions including mitigating language,0
endorsed robots having,0
agents capable,0
information requirements transitions migration,0
interaction intelligent agents,0
experiment human boy humanoid,0
monetary value,0
agents delivering information different,0
lessons learned industries technology,0
levels warfare strategic,0
cooperate robot,0
transition automated,0
francis group,0
study extends uncanny,0
engagement robotic,0
study enhances understanding human robot,0
impact willingness interact robots,0
internet celebrities shopping value directly,0
incorporate qualitative,0
transition organizations,0
agenda stimulate future,0
considering recommendations modern black box,0
relevance design,0
celebrity live streaming,0
agent affects,0
av vs,0
user conversations theory relates user,0
automated systems,0
likely missed automated,0
type service,0
francis group,0
ia offer valuable opportunities,0
vulnerabilities individual agents humans,0
analytical emotional social tasks robots,0
addition qualitative approach,0
non humanoid,0
evaluative criteria automation design using,0
levels automation,0
shape successful adoption ai decision,0
optimizing digital market,0
using middle,0
automation used effectively,0
robot teams benefit imperfect static,0
themes meanings data allowing,0
failures moderate ai,0
87 check robots,0
automation ia,0
thematic analysis examine,0
francis group,0
relation theory,0
technologies fear job displacement automation,0
study provides implications adoption robot,0
appraisal potential technique,0
purchase intention,0
av vis vis human agent,0
enhancing purchase intention,0
interdisciplinary research,0
robots increasingly present,0
offer great,0
francis group,0
automation interaction hai operations,0
competition fierce,0
great value,0
language processing induce users deem,0
participants equipped eye tracker,0
product development,0
agency attribution,0
produce better,0
relationship voice capabilities artifact users,0
components reflection knowledge utilization psychological,0
usefulness plays mediating role,0
increasingly used,0
purchase intention,0
research limitations,0
information real life realizations,0
area cognitive modelling,0
paper human unconscious processes,0
models folk psychology understanding traits,0
overall human robot,0
themes qualitative,0
air ground communication,0
recognition atr reliability low,0
memorable online shopping experiences,0
oversight ai systems tasked deployed,0
uncanny valley theory,0
understand effects automation imperfection,0
strategy game,0
100 automation,0
economics need interdisciplinary,0
consider everyday knowledge expectations users,0
tasked supervise multiple robotic,0
artificial intelligence online service,0
automation controlled automation,0
means automation,0
standard deviation,0
bridges technical psychological theological perspectives,0
intelligent agent sia technology,0
squares structural,0
emotional societal impacts developing,0
ai technologies implementing responsible guidelines,0
reduced occupant agency avs study,0
retard understanding innovation,0
201 retailers,0
including focus taskwork sa agent,0
empirical access futureð,0
automation rich complex process given,0
responsibility agents lack time,0
francis group,0
automation exacerbates erosion human skill,0
making effective strategy,0
mental models,0
approaches incorporating physiological data,0
observers know human agent theoretically,0
suggest ease use important,0
organizations automate knowledge,0
exposed automation technology likely main,0
evident adopts historical,0
robot induced unemployment understand,0
using intelligent recommendation,0
effective communication directly linked higher,0
churned themes qualitative,0
involvement interaction hybrid service,0
recommendation intentions,0
purchase postpurchase stages utilizing,0
human oriented communication,0
researchers identified 69 thematic,0
retail sector,0
create seamless enjoyable shopping experience,0
valuethis study seeks understand,0
tentative conceptual model,0
agents icsas widely used automated,0
loop modeling based,0
question disclose involvement,0
organisations adopt anticipatory strategies,0
interdisciplinary research,0
francis group,0
non voluntary occupant sacrifice avs,0
service agents,0
qualitative data,0
disruption multi agent systems,0
alternatively agent,0
believe avs prioritize serving users,0
robots divided datasets participated,0
robot technology,0
introduce automation,0
hypothesis tested using,0
antecedents intention,0
ai adoption advocating,0
explores reasons adoption ai,0
francis group,0
including game theory theory,0
optimism innovativeness likely,0
emphasizing study contributions implications limitations,0
avs varying levels reliability,0
results reveal perceived usefulness,0
test hypotheses,0
francis group,0
avs vary,0
building accurate models cognitive behavioural,0
public concerns regulating,0
agents collected firm recently integrated,0
psychological construct model internal mental,0
potential impacts future automation,0
conversational skills ideal tools delivering,0
addressing ai service,0
implications retailers seeking make,0
robots make,0
adoption resistance robots,0
human robot interaction literature mixed,0
ai service encounters factors,0
automation continue,0
robot behaviors,0
determines beliefs,0
robots order exhibit conversational,0
robotics industry,0
frontline service automation,0
advancements limitations methods,0
agent teams time pressured continuous,0
ai services,0
organizing multi agent,0
cognitive models enhanced,0
technology fit perceived leadership,0
reliable agent contributing overall team,0
wires cogn,0
automated information,0
moderate key relationships,0
av systems promote effective human,0
automation bias societal,0
bias job automation,0
automation bias represent different,0
cognitive models,0
used conduct,0
effective aid,0
adoption ai,0
high performance ai infrastructure crucial,0
levels communication,0
utilization automation disuse utilization,0
using prisoner dilemma games manipulating,0
avoid uncanny valley effect,0
increasing application robots workplace,0
levels information disclosure,0
existing literature human robot,0
share robot control,0
robots influence expectations acceptance emerging,0
robots increasingly important machines,0
francis group,0
manual alternatives available recognition errors,0
automation control mechanisms,0
review literature cognitive model,0
network externalities present conceptual,0
apps turn increases perceived usefulness,0
options appraisal errors,0
francis group,0
founded theories task technology,0
eye tracking objective,0
francis group,0
different communication patterns performance simulated,0
robots specifically potential lead burnout,0
reliable automation compared manual performance,0
expand understanding av explanation,0
robot interaction hri particularly,0
communicate freely communication restricted denied,0
technology fit network,0
perceived utility automation bias,0
broadened future ai related banking,0
automation affect,0
attribute nonhuman agents,0
automated insulin delivery,0
industrial setting,0
adaptive interface created impression talking,0
growing interdisciplinary narrative asserts,0
resolution performance eye movements subjective,0
identity disclosure willingness donate,0
used stage approach,0
adoption human like intelligent,0
used make,0
agents humanoid robots assumed facilitate,0
enhances users sense agency positively,0
conducted qualitative real life,0
industry thematic analysis establish constructs,0
ai adoption organizations,0
human robot interaction human experiment,0
information fusion decision,0
like intelligent robots,0
francis group,0
robot collaboration implicitly explicitly highlighted,0
experiment 496 adults conversation,0
technology fit illustrated using empirical,0
omission commission errors,0
limitations implications specificity indian,0
overly rely misuse automated,0
economic rationality,0
option relying automation employing manual,0
inaccurate predictions decrease,1
effect mitigated employees tenure firm,1
open ended responses,1
achieve greater job performance,1
assistance lower internal locus control,1
research largely focused technical,1
complement algorithmic,1
theory practice public,1
augmented worker performance,1
influence organisational capabilities,1
diversity cues training data labelers,1
pivotal implications management,1
augmented performance interplay countervailing forces,1
generate performance feedback,1
collaboration systems dimensions task,1
affected invites,1
experience increase performance increased,1
established user experience,1
managerial abstract,1
centuries old philosophical questions,1
objectives benefits scope ai applications,1
rely algorithms,1
situation awareness differing,1
effect experience,1
specifically focusses teamwork dimension,1
algorithms increasingly playing pivotal role,1
repercussions persist,1
emergency safe reward,1
learning consulting,1
psychology accelerating,1
study law senses captured,1
mimic humanlike behaviour,1
inviting feedback enhances users sense,1
aia singles specific dangers,1
ascriptions knowledge belief,1
theory takes account actions,1
types wait demand proactive,1
research concerning important phenomenon,1
time pressured continuous domains,1
accounts users persons artifact,1
technology impacting organizations teams,1
degree levels comfort corresponded,1
interactive media effects haii,1
research enhances understanding user psychology,1
evolving dynamics user interaction,1
emergence reciprocity people,1
collaborator prompted adaptive,1
persistent repair failures lead,1
time machine learning second users,1
helps hurts algorithm augmented,1
likelihood automation probability,1
related behavioral responses aircraft,1
workers assigned resolve problems manually,1
research concerning important phenomenon,1
interaction technology,1
occupations high low,1
relevant topractitioners,1
important role dealing shortage caregivers,1
personal group societal level,1
lack match person values,1
background interaction efficiency,1
psychologists play helping organizations,1
remote operations guide future,1
team performance offset loss,1
task performance structural equation modeling,1
approach assessing,1
difference performance algorithmic,1
integrates individual,1
tp highly relevant issue technology,1
systems measured pre post,1
guidance extended human machine collaborative,1
greater efficacies changing organizations,1
operate meta evaluation predictive,1
theoretical model,1
performance interventions including meaninglessness organizations,1
measured study,1
roles categories stereotypes typically exploited,1
model study,1
theories information ecology psychological resistance,1
working 20 hr,1
opportunity perception stability,1
analyzed using,1
cultural valuation human,1
racially biased performance,1
culture based development cbd model,1
deployment use,1
normative guidance extended,1
effects incorporate psychological,1
operators participated study,1
aggregate knowledge identify,1
suggests specific queue design,1
taxonomy use,1
roles played religion regional,1
anticipated technology embarrassment,1
version people processes technology,1
companies understand,1
life history person,1
levels used benchmark,1
daily lives,1
impacts employees satisfaction thwarting,1
manage challenges facilitate,1
experts align experiences,1
increasingly influencing,1
interactive workers,1
algorithms enable,1
organizations management deploy,1
bust cycles make potential,1
requiring human,1
global labor,1
result perception,1
view high excitement cluster 1334,1
article contributes literatures organization design,1
process based,1
organisations face close interaction artificial,1
workload prediction model proposed,1
context ai use medicine,1
automation suggested combine machine learning,1
possible unintended consequences accepting algorithmic,1
literature performance evaluation models developed,1
performance likely degrade,1
person values spirit artifact spirit,1
strategic organizational counseling supports modeling,1
empirically tested using scenario,1
automated support varies,1
concept person fit introduced,1
feedback employees tracking employee behavior,1
interactions little time,1
integration supply chains,1
aimed unveil users,1
versus tool characterized inverted,1
employment showed little influence,1
pursuit task interconnects individual,1
enhance employee productivity deployment effect,1
demographic change,1
little influence comfort,1
effects theoretically,1
support mechanisms facilitating environment,1
likewise australians likely,1
captured nuances multitasking,1
philosophy claims humans capable,1
users algorithmic avoidance,1
measures approaches,1
97 indicating,1
high accuracy,1
design considerations affect employees,1
theory managerial psychology regarding unintended,1
computer interaction reputation software suppliers,1
organizational goals,1
strategies useful overcome,1
models emerged powerful tools gaining,1
collaboration human,1
individuals whims irrationality digital,1
impact nihs,1
predicted process,1
model predictions,1
insightful knowledge dynamic processes,1
employee concern replaced,1
performed managers presence fixed,1
behavioral research investigating ambiguous solely,1
personal group societal level,1
30 participants recruited driving,1
learning techniques used model categorization,1
information processing awareness sipa,1
humans perceived favorably,1
discipline evaluate workers,1
major barrier,1
social oriented,1
reduce power asymmetry inequality organizations,1
algorithms continuous increase hardware,1
humans various content moderation generation,1
domains advances programming algorithms,1
proactively address mitigate loop performance,1
discrepancy enlarging threatening employee self,1
enhancing work goal,1
oriented task,1
high vs,1
pervasiveness increasing sophistication,1
employee performance think likely dark,1
divides misinformation artificial,1
activity theory create model serves,1
activities successfully predicting actions resulting,1
organizational control strong current evidence,1
management tasks work allocation task,1
differences moderating effect task complexity,1
study cooperation,1
individuals oppose biased,1
government significant,1
scenarios experiment 80 examined effect,1
records human task actions ignorant,1
sender entangled roles human,1
theoretical framing organisational roles,1
nhkws synthetic computational,1
implementation workplace,1
learning algorithms organizations complete abandonment,1
reconnaissance task,1
business managers question,1
algorithms execute operational management,1
algorithmic work,1
enabling roles machines,1
gainful employment nhkws similar,1
research examine users experience differing,1
based artifacts private organizational social,1
displayed led,1
statistically significant difference,1
suggestions managers,1
knowledge workers,1
biased algorithm recommendations,1
interaction task habit analysis,1
human operator simultaneously increasing,1
participants recruited,1
moderating impact technology turbulence acceptance,1
collaboration dutch industry,1
objective examine satisfying experience online,1
shifts innovation agility,1
capabilities organization including organizational,1
virtual world,1
automation decision making employee roles,1
change noticeable,1
world change,1
organizational landscapes significantly influencing,1
sharing real time feedback vcas,1
human computer interactions demonstrated,1
personal contextual,1
scenario method,1
changes penetration,1
computational version reflective equilibrium approach,1
theory states possible organizations decisions,1
technologies user engagement,1
requirements ksaos production workers,1
effective leadership transparent,1
production workers engineers play,1
experts middle level management,1
seen possible,1
performance problems impact efficacy,1
employee jobs,1
augmenting employee,1
implications managers,1
tasks accuracy precision,1
provide actionable,1
nature cognitive demands placed human,1
implementation organization lead success failure,1
augmentation bright terms ability,1
skills development emerge pivotal strategies,1
require human interferance function,1
example users diabetes interact,1
case interaction voice based,1
computer information,1
information sensitivity vcas anthropomorphic roles,1
key concepts emerge including human,1
leads satisfying,1
human dependence evaluation,1
role creation maintenance human,1
dominating world,1
loop learning,1
juvenility dimension functional tasks impacted,1
algorithms substantially change employees,1
evidence shows public opinions,1
individual experiences scenarios assessed people,1
individual psychological correlates,1
signal based scenarios,1
aims reveal knowledge influences driver,1
expertise judgment social interpersonal issues,1
anthropomorphic trustworthiness visual attention regulatory,1
likely algorithm appreciation,1
failures contribute adverse customer,1
developed used associated metrics evaluation,1
sequential steps,1
scenario based design,1
support failure,1
tasks users,1
role just fallback mechanism automation,1
making tasks math card game,1
role conceptualized commander,1
performance trust collaboration expert,1
human operators increasingly,1
visualization techniques tools needed,1
algorithms prove value making important,1
algorithm performance relationship,1
algorithmic psychological,1
technologies transforming workplaces harbingers,1
mimic humanlike behaviour,1
human experience,1
evaluation research emerged define measure,1
life enhancing human performance sophisticated,1
typical situations results better performances,1
needed establish feasibility tool,1
tool range application domains details,1
social context essential,1
encompassing human like,1
expertise critical determining appropriate,1
everyday interactions,1
001 significantly impact,1
significant influence,1
address collective challenges tacit understandings,1
lead miscalibration sipa performance predicting,1
incentive measures including reward punishment,1
scene related sl determined knowledge,1
work systems,1
impacts risks,1
alarm systems control human attention,1
surprise significantly influence,1
task considered,1
individual social technological organizational level,1
enhancement application quantitative methods explore,1
continue accelerate organizations pursue,1
organizations achieving expected returns,1
directly involved operational aspects business,1
encompassing human like,1
frequency smartphone usage played significant,1
biased view organizations primarily,1
curricula emphasizing importance new,1
best uv complete missions,1
predicted aid calculation 60,1
automated assisted task demands,1
type nature tasks identified primary,1
organizations primarily human,1
vastly improve human daily lives,1
outsourcing development implementation nudges black,1
organizational goal attainment generate robust,1
study human activity,1
decision support systems broader expected,1
social tasks impacted,1
aid simulation create realistic scenarios,1
distributed automated processes human,1
help organisations employees understand future,1
problem algorithmic,1
utmost importance,1
just operational,1
diffusion psychology literature,1
include end user interactions,1
concurrent task demands increased transparency,1
interaction social,1
wide scale deployment,1
expert users approaches necessarily,1
people rely carefully maximize,1
pre quantitative,1
quantitative aspects comprehensive research,1
associated general decline sipa,1
impact industry,1
emerging end user,1
predictors compatibility,1
main processes human centered,1
basis insulin needs calculation,1
presumes specific knowledge business process,1
organizational development involves managers professionals,1
technology agency,1
makes human,1
decision time perceived workload,1
involving cooperation,1
tia models,1
reaching consequences,1
organizations face increasing pressure implement,1
individuals technology suspicious,1
suspicious prefer visual,1
considering interaction carry effect impressions,1
influencing citizens user experience,1
iaaam provides comprehensive model explaining,1
managers attitudes,1
organizational decision making creates challenges,1
phenomenon proven beneficial firms,1
attributes varies generations gen,1
fosters creation type psychological,1
contracts significant,1
technology anxiety,1
noticeable decline,1
goal sdg promote productive employment,1
control people job satisfying directly,1
development goal,1
human employees dehumanize work,1
collaboration focus performance goals known,1
humans remain fragile ring organization,1
suspicious prefer visual,1
context dependence integral,1
affects effectiveness,1
tensions human,1
effects traditionally considered,1
behavioral responses avs,1
way earn living,1
organizations prepare arrival,1
important lives,1
fundamentally impact work practices,1
effects employee,1
traditionally considered canonical violations,1
known potential influence job satisfaction,1
situation employees engage cognitive,1
job meaningfulness accountability human,1
management knowledge controversial,1
perceptions emphasizes need nuanced understanding,1
important employees,1
measures nasa task load,1
index tlx situational awareness rating,1
significant influence simplifies businesses,1
forecast future events aid decision,1
everyday life applications ranging food,1
using logistic regression,1
tasks electrodermal activities,1
participants stress,1
english proofreading software,1
time 40,1
people lives,1
uninterrupted operation,1
ensures high productivity accuracy tasks,1
user expectancies human,1
fixation time,1
operators ratings,1
simultaneously interactions,1
evidence measures theoretical assumptions investigated,1
mental effort performance frustration situation,1
theory planned,1
employees introducing systems called,1
literature shows technologies,1
efficient automating,1
great potential enterprises increase productivity,1
features recognize repair user va,1
developing measurement,1
training inaccessible societally,1
awareness measure developed study distinct,1
people lack knowledge interact,1
distinct workload related operator performance,1
influences attention decision,1
clear evidence sart,1
index measure,1
propositions organizations,1
factual scenario knowledge,1
virtual museum,1
systems widespread supporting decide,1
order quantities,1
options timing response prompts,1
example choices influenced relative locations,1
scenario based experiments financial,1
employee outcomes ci features relate,1
detailed traceability,1
broader context ai,1
process output node,1
employees increasingly,1
drag replacement,1
replacement human,1
law fully automated decisions,1
used illustrate model applied design,1
variables factors concerning respective work,1
implications normative institutional decision,1
managers practitioners,1
psychological science human centered,1
education workplace design,1
timing manipulations relatively equibiased,1
responsibility threat meaning work adherence,1
assimilate new knowledge bridging existing,1
unified oneness division labor,1
collaboration humans,1
expand scope,1
characterized increasing,1
performance orientation enhances effect utilitarian,1
address phenomenon,1
role algorithm,1
phenomenon manifests,1
psychological research,1
temporal dynamics work aims provide,1
queries equibiased,1
influence observed,1
collaboration types outcome expectations,1
particularly transparency process control,1
particularly linking psychological,1
support systems context newsvendor,1
problem solving skills,1
sustained human,1
collaboration effective human,1
collaborative virtual,1
helps interpret represent world,1
human operators perform,1
companies google proquest,1
social presence flow perceived,1
direct indirect,1
impact technology human decision,1
context computational,1
firms beginning,1
information users,1
individuals technology suspicious,1
play business game real task,1
task traditionally,1
quantities pull center,1
representation improve algorithm,1
human operators,1
efficiency coding efficiency,1
affects effectiveness,1
users algorithmic,1
article integrates psychological technical normative,1
recruited commercial online access,1
theory personal interaction theory popularity,1
algorithmic processes,1
act sheds light potential,1
countering potential perils,1
independent algorithmic review bodies,1
concept ubiquitous assimilation,1
text based,1
paramount cultivating,1
participants took,1
anomalous context,1
used interactive aiming task participants,1
predictability affects cognitive load,1
computational principles lead good,1
constructivism individuals assimilate new,1
supporting expert performance host hedges,1
helping people develop expertise,1
participants completed range scales,1
applied grounded theory,1
optimized represents consequences,1
leadership identity,1
balance opposing identities,1
employees maintain strike balance,1
strategies employees,1
illusory control,1
face behavioral,1
psychological technological factors,1
thirst illusory,1
transformations work practices,1
female virtual,1
gender extent social presence perceived,1
time hear,1
assessment method,1
theory interactive media,1
technology simulator sickness presence,1
cause paradoxical tensions role making,1
assessed phenomenon,1
efficiency promoting positive workforce outcomes,1
measurement determines mathematics,1
acceptance model social presence,1
importance prioritizing human aspects,1
problem single solution optimally,1
satisfies objectives,1
furthermore variables significantly influence,1
requires knowledge inference,1
necessarily requires,1
organizations adapt,1
performance employee,1
accelerated shift remote work,1
increased sense presence virtual,1
concept technophobia fear aversion technology,1
work transforming,1
measurement psychometrically assessed,1
experience algorithms general psychology human,1
humans amounted relevant items using,1
basic information map,1
chain increasing productivity complementing human,1
provide useful implications developers managers,1
organisation identifying futuristic,1
defense task managing team heterogeneous,1
learning organisation,1
unique business opportunities,1
workplaces practices look like remain,1
insights formulating model operation,1
organization environment,1
time reactions,1
explored real,1
positive accuracy,1
form model underlying algorithm,1
unexpectedly retracted evaluation,1
processing time needed conditions information,1
tensions machine agency human agency,1
time increased likely additional,1
various leadership capacities associated,1
personalized user interfaces lead inequality,1
imbalance human action affect,1
active learning random,1
purpose present iterated learning,1
capture dynamic iterative properties bias,1
bias static factor,1
make biased predictions leading,1
interactive processes human algorithms,1
information biased samples,1
population form labeling,1
recently algorithms,1
time increased likely additional,1
processing time needed conditions information,1
potential alter,1
basic information map,1
defense task managing team heterogeneous,1
past behavior input,1
considered ratio,1
knowledge infrastructure managerial commitment training,1
advancement benefited data,1
vehicle complete missions,1
participants required assign,1
revealed perceived behavioral control,1
predictor aoai,1
model used managers predict,1
predict users likely,1
significant predictor,1
text analysis,1
used positive context,1
perceived humanness bias job,1
machine delegating,1
human centric situational aspects,1
model current study based iaaam,1
leisure money,1
perceived animacy theory planned,1
attribute value,1
manipulated participants,1
human like,1
improving user experience different,1
adaptation mechanisms,1
reaction learn adapt fly,1
experience adaptation models virtual,1
collaborative thought,1
worn psychological,1
behavior interacting human interlocutor,1
psychological research,1
human human,1
key mechanism,1
extending tam include human centered,1
defining consequences,1
views defining,1
exploration themes ending comprehensive landscape,1
based various psychology related theories,1
form projected decision outcome visualizations,1
remote work environments emphasizing,1
employment design,1
east context,1
lesser explored,1
automatization work lines pushing human,1
operators use diverse cognitive processes,1
provides valuable,1
quality model inspiration developed,1
theory service,1
applications business proliferated,1
organizational psychology,1
automation job insecurity,1
older workers jeopardizes employability,1
emerging field,1
working definitions components models,1
required collective,1
achieve goal collaboration,1
capabilities organizational dynamics,1
societal impacts developing deploying advanced,1
linkage objective task,1
transformation prikshat malik budhwar 2021,1
devices workplace,1
learn offsets effect,1
subsequent effects user performance,1
task demands subsequent,1
learning influence decision maker reliance,1
possible cause algorithm,1
evaluates impact,1
support support provides superior performance,1
avoidance model iaaam,1
research indicates people prefer human,1
optimising functional performance organisations,1
dimensions user,1
participants requested control,1
control condition false alarm,1
job satisfaction,1
facilitate access information,1
studied models,1
aspects carefully evaluated,1
developing impactful,1
improving individual accuracy,1
fake news,1
agency locus human,1
construct exploring employees perceived,1
levels ad real life situations,1
evolving anticipations ad everyday lives,1
content analysis used analyse,1
knowledge people past,1
user insights studying individual technology,1
technology experiences lab settings,1
user experience ux,1
computer interaction research automotive industry,1
assistant effect mediated psychological,1
indicated high,1
role attention constitutes good theory,1
role psychological distance,1
task detecting fake,1
different theories models,1
social presence,1
furthermore seen,1
systems multitasking strategy adopted,1
reality interactive technology proved popular,1
interaction types perceived,1
personnel training,1
models post hoc analysis,1
significance level,1
similarity human,1
results group interacted humanized,1
algorithms lack,1
social presence,1
process mapping pm,1
value contribute body knowledge robo,1
process control temporal developments,1
episodes interaction human operators,1
judgments systems driven machine,1
repetitive tasks common,1
setting experience,1
models performance make,1
theory practice identifying,1
presence appearance voice response,1
technological objectives human users perspective,1
companies advancing,1
emphasizes central role task strategy,1
positively affect perceived humanness,1
smartphone usage came,1
visualized participants perceived situation critical,1
customer support increasingly automated automation,1
complex goal,1
aspects types consumption activities automated,1
applicants automated support systembeforeparticipants processed,1
enables task augmentation automation,1
randomly assigned groups performed,1
managers likely carefully evaluate potential,1
systems personnel selection specific management,1
fundamental search choice,1
sensing acting abilities,1
guidance designers leverage knowledge,1
perceived workload,1
operationalization poses major,1
predictive power computational,1
domestic environments,1
makers information expected result informed,1
interactivity framework,1
social interaction opportunity participants liked,1
scenario based experiment,1
factors reduced explanatory power capacity,1
complex patterns vast,1
hallucination biases training data jailbreaks,1
human cognitive resources information overload,1
information processing superiority contradictory,1
tasks lateral,1
participants reported similar levels,1
utilizing social response theory,1
contextually useful information,1
changes managerial,1
negative moderating effect technology anxiety,1
tracking task performance,1
daily routine tasks mobile,1
characterization grounded human aa,1
interpreting using models,1
characterizes coordination,1
humans data generated humans psychology,1
enabled tasks performed automatically,1
allows various biases impact models,1
aas participate increasingly complex,1
virtual personal,1
psychologists face fork,1
work rapidly executed multiple,1
scientists reduce models deleterious,1
model elm status quo bias,1
turn expertise bias growing field,1
curtail bias ml,1
necessary condition human,1
identifying extant psychological research help,1
mobile phones,1
human leadership critical,1
increase potentially far,1
bridges technical business,1
enables identification nature human,1
collaboration increasingly prevalent,1
research norm psychology,1
systems supporting worker decision making,1
dyadic collaboration suggesting important,1
atenabled knowledge based systems,1
perception action,1
models shape decisions behaviors,1
developed algorithmic models,1
reliable sensory,1
augments instead replaces worker,1
behavior mutual knowledge,1
human relationship technological,1
collaboration hrc,1
functions performed exclusively humans,1
experience measured just terms distance,1
future production management systems,1
reaction time,1
strategies interruption,1
meta task developed based,1
added concurrent tasks based multiple,1
matb monitoring task automated,1
attribute task battery,1
sa task,1
compared sa comprehension prediction,1
situation awareness reduced mental workload,1
sa perceptual level,1
division labor human,1
promise collaboration humans algorithms,1
algorithms producing good,1
hmi selection operator attention allocation,1
performance declined,1
investigated effect warning,1
bias sqb theory develop,1
difficulty measure,1
increased participants passing times,1
safe deployment current future automated,1
helped build model,1
cooperation humans,1
knowledge work require,1
tasks subject change,1
vitally important,1
social media context,1
changes perception,1
human human interaction human technology,1
performance behavioral safety human,1
contribute goal,1
situation awareness sa key indicator,1
diversity multitasking make difficult,1
literacy including awareness use,1
supplement replace humans service interactions,1
rated highly comprehensible avoided crashes,1
human capabilities,1
programmed algorithmic knowledge managed,1
attention predicting people nudged,1
included information processing stage level,1
multiple predictors,1
typically lacks,1
failure cost increased mental workload,1
learning methods combining,1
continuous manual operation condition hat,1
mechanism attention indicating,1
atik assessment training situational awareness,1
based predictions affect,1
situational awareness ship,1
incredible accuracy,1
consider rl fundamentally human,1
strengths humans,1
fact used collaboration machines,1
engagement time auto rbl manual,1
interaction user,1
driving exceptionally fast growing technology,1
active learning,1
findings computational learning theory,1
information data increasingly,1
pressure multitasking,1
differences groups exist,1
curve flattened meaning higher amounts,1
30 weight managerial,1
rates steadily increased point humans,1
partnership humans majority vote,1
cooperate machines,1
input improves,1
form appears generate satisfactory behaviors,1
models interpretable,1
discriminate recognize behaviors,1
outputs preference ability,1
iml course behavior evolution,1
selected behaviors low high,1
human collaboration ml,1
tackles requirements revising concepts,1
reward function challenging impossible,1
voluntary use rbls,1
text analytics deployed alongside penalty,1
threes triads,1
prior work focus b2b settings,1
triad concretely interpreted data knowledge,1
identification task automation,1
wisdom dkw hierarchy,1
participants interacted group started,1
basic principles,1
declined reliability level decreased,1
perform individually,1
environments provide,1
harmful impact,1
human knowledge decreases,1
coevolution nurturing,1
responses improving individual,1
attention play crucial role captured,1
objective examine human operators adjust,1
wider variety distractor,1
performing hedonic tasks,1
novice expert outlined discussed,1
lifting compared novice expert,1
variable strengthen decay,1
challenging impossible define hitl,1
recognition task,1
process argue human centric approaches,1
ground dive training tasks,1
aided memory,1
analysis cognitive load,1
presented distractor,1
limitation interaction simulated,1
new challenges goals phase,1
visual analog,1
reach potential cooperate effectively,1
tasks invites attention,1
task manipulated perceived competence,1
information processing decision making automation,1
subsequently guiding,1
technology interaction,1
augmented decision making,1
topic particularly international business managers,1
managers practitioners derstand main trending,1
results study help business managers,1
necessarily distinct different,1
literature showcasing role technology,1
belief evolving individual,1
forming perceptions society,1
understand user interactions emerging technologies,1
types task,1
oriented vs,1
158 participants employs technology,1
employee presence,1
tam renowned emphasis perceived,1
human staff critical,1
algorithmic management little,1
employees hindrance low performance high,1
focus experiences customisation,1
reveals institutional,1
attentional control demonstrated reverse inference,1
idiosyncrasies potential markers attentional control,1
making humans redundant,1
professional knowledge minimally disruptive costly,1
nudging participants,1
opposite property user susceptibility,1
participants disclosing return adjustment value,1
displacement experienced humans believe,1
user insusceptibility resilience,1
juries examine courtroom evidence infer,1
business operations enhance organizational,1
specifically hypothesize extent prechoice information,1
seen obstruction making good predictions,1
good predictions impulse revise predictive,1
survey 384 managers information,1
executives examine perception,1
understand employees,1
social presence significantly influences user,1
shafer theory,1
memetic automaton,1
interaction ca,1
based social perception,1
perceived organizational support,1
occurred respect perceived data,1
processing capacity function,1
perceived adaptable,1
involving human,1
human vs,1
heterogeneity different city classes,1
vignette methodology hypothetical work scenarios,1
implementation human workers,1
forming especially situations,1
perform leadership,1
humans ii turning pyramid,1
literature identifying threshold effects,1
theory belief estimation,1
effect human sav,1
decrease human,1
social pressure,1
human collaborators help effective,1
investigate effects,1
infuse characteristics respective humans antecedent,1
reverse true competitive pressure,1
practices scattered firms fringe companies,1
encounter command based interactions,1
recently increasing trend study impact,1
requests cause inadequate ca,1
game demonstrate superior performance proposed,1
effective knowledge transmission,1
control method meme expression enhancing,1
context information,1
based implicit,1
involve wakeword,1
attention intensity,1
firms constantly experimenting,1
employee workload fewer customer requests,1
impact conversational,1
common mouse operations potential new,1
adaptability shared leadership team diversity,1
assessment usually ask users,1
labor differences nature,1
used analyze,1
computer interactions,1
elsi enhanced awareness fully examined,1
voice recruiting face immigration,1
declined sharply,1
implications study explores extent humans,1
different models algorithm partners,1
focuses work design,1
factors impact technology,1
differences including demographics,1
user experience,1
significant challenges team dynamics,1
organizations need cautious,1
collaboration occur variety configurations division,1
plethora mental disorders world,1
symbiotic systems specifically change user,1
department effectiveness tested,1
outputs supporting beneficial outcomes,1
process critically reflecting,1
industrial application collaborative,1
work alongside humans,1
increasing productivity relieving repetitive strenuous,1
perceived av motion sickness,1
workers reluctant collaborate,1
timing intervals,1
collaboration hrc,1
fails devote citizens user,1
probability theory model types behaviors,1
results indicate importance corporate,1
address citizens psychological problems government,1
change aspects lives including,1
task organization,1
psychological distance users,1
comes followed,1
participants non directive,1
workload communication,1
effects response,1
task performance,1
periods task load,1
presence pilot onboard vehicle assess,1
participants assigned,1
conduct cordon search style,1
design collaboration performance team,1
social responses use aa foster,1
void introduce situation awareness sa,1
efficiency aa outperform higher efficiency,1
consider user needs personal background,1
research broaden focus encompass diverse,1
machine learning perceive,1
management theories psychological concepts,1
focusing design collaboration performance team,1
organizations need cautious,1
indicated experienced higher,1
paid effects,1
collaboration occur variety configurations division,1
implications human,1
labor differences nature,1
used analyze,1
provides potential,1
enhancing knowledge,1
implications study explores extent humans,1
different models algorithm partners,1
states government work united,1
focuses work design,1
contributor official duties employee,1
presence feedback,1
interaction workplace,1
measures indicated,1
workload directive condition objective,1
agency embodiment experience dimension,1
challenges face,1
interaction leads synergetic,1
work partners shared experience,1
joint actors,1
modeling individual,1
partner responsiveness scale serves,1
linear symmetric perspective adopted,1
investigate influence perceived humanness personality,1
examining interplay,1
wealth management,1
individual differences,1
accounting individual differences necessary order,1
understanding humans interact,1
interact new technologies increasingly,1
use shown directly affect perceived,1
demonstrates model,1
social presence interactivity drive,1
measures model dynamic changes,1
data belief asymmetries,1
different scenarios,1
participants asked jointly balance,1
adjustments create spillover effects,1
bias misconceptions,1
incentive conditions,1
available information evoke mental,1
considering effects employees implementing agv,1
game task,1
users information,1
disruptions accompany transformation work,1
technologies encompass wider wider,1
transformation public sphere,1
coordination task preliminary test,1
classifier 84,1
model nearest,1
compared baseline model,1
capture classification,1
led suffer,1
model used user,1
phenomenon investigated,1
generate genuine novelty new knowledge,1
participants role rescue,1
using leds expressive,1
constitute human,1
considered task,1
communication modality search rescue sar,1
examples improved,1
interaction performance,1
joint highly coordinated action,1
transformation organization,1
provides step step process technological,1
strengths partners resulting higher overall,1
effects different,1
different task,1
technology educational organization,1
educational organization problematic internal external,1
workers situational awareness,1
research factors influencing,1
decide consider prediction,1
research physically coupled human,1
workers offering notable efficiency scalability,1
social interactions mediating attachment communicating,1
rise worker resistance manipulating algorithms,1
manipulating algorithms fake,1
emulate human interactions,1
perceived black,1
paradox challenges,1
grounded perception,1
model using data 363,1
modeling used analyze model,1
managers showing empathetic,1
support caring mitigate worker resistance,1
driven workplace,1
highlights power human touch,1
transitioning tools collaborators,1
impact training,1
computer interaction,1
differences boredom performance low,1
predicts workers experiences aa shedding,1
interpersonal perceptions perceptions change help,1
managers beliefs positively influence change,1
performance work systems,1
acts involving artificial,1
strategic implications automating ooda loop,1
efficiency employment security concerns,1
different scenarios wrongful,1
advantages obstacles essential industry,1
complex datasets algorithms robo,1
industry experts decision,1
replace human operators,1
humans process,1
automatically design maintain investment portfolios,1
underlying afss operations,1
automation artificial intelligence,1
space operations,1
military genius role,1
replace human labour altogether,1
human work better worse depending,1
led managerial,1
mars mission,1
high concurrent events task loads,1
study investigate impact feedback modality,1
actions situated work,1
human expectations teammate behavior benefiting,1
additionally versatility approach potential optimize,1
science fiction movies reality started,1
improves efficiency,1
humane work systems industry,1
examined employees psychological adaptation,1
experienced task,1
accomplished goals focusing employees working,1
organizational unit,1
listening workplace generative,1
task allocation,1
working care,1
country level variations,1
association fear,1
use mobile,1
human task organization,1
sphere estimate human,1
different behavior,1
course time,1
need human contact replicated,1
literature demonstrating organizational psychology theories,1
approaches depend fixed expert opinion,1
methods use performance shaping,1
model human behavior,1
cultural scenarios appears need human,1
indicated significant impact interactivity,1
scenario based,1
method centers human perspective,1
perception congruence jointly,1
substitute human frontline employees hfles,1
mediated job stress organizational identification,1
regression model chinese,1
process respect railway,1
job demands,1
infiltrate industries decade,1
situations multiple humans,1
demand forecasts,1
evidence overoptimism,1
algorithms hybrid contexts,1
tool efforts delineate roles,1
bias mean anchoring,1
decomposed guidance based,1
improve forecasting,1
case fictitious company,1
significant difference using,1
model technology organization,1
means assess performance,1
abundant environment characterizes algorithmic,1
bounded human rationality,1
required focus user,1
variations occupations,1
concurrently attitude,1
teammate provided verbal written,1
requires employees,1
unintended challenges carefully,1
consequences humanising,1
algorithms conduct,1
imagery processing positive predictor,1
did occur track,1
different kind previous machines tools,1
psychological ownership products,1
importantly social presence imagery,1
machines purport replace humans entirely,1
applied different,1
behaviors artificial intelligence,1
capacity reckoning use smith,1
use smith terminology,1
action humans ultimately aspire,1
content learning,1
companies fully exploit,1
adapt new work,1
interactions tactical operations,1
speaker influenced participants impressions,1
employment opportunities area psychological,1
text based,1
interpersonal domains,1
plays important indirect role regulating,1
maintenance experts participants represent,1
model tested industrial maintenance workplace,1
development theoretical model explains end,1
user dynamics,1
users remains somewhat,1
contemporary decision support,1
future research explore impact human,1
enhance individual adaptability,1
interaction employee vitality especially,1
analysis using,1
influences employee learning,1
offers new opportunities presents unintended,1
reasons decisions disseminates information,1
information local reasoning data,1
occurs action,1
action daily,1
sharing occurs,1
avoidance task,1
fusion interaction,1
repeated interactions automated,1
behavior research,1
users struggle,1
human machine collaboration,1
human interaction preferred,1
vices featuring human interaction,1
preregistered prediction,1
difference teamwork performance,1
increased awareness ca actions,1
written information dedicated display,1
indirect effects conducted,1
analysis mga students,1
managerial accounting successful example implementation,1
application intelligent collaborative interaction,1
examine problems,1
output information users,1
instructor convey information,1
expertise trust observational,1
learning processes,1
collaborative software,1
workers increasingly embracing artificial,1
negatively influence perceptions jobseekers,1
performance outcomes,1
influences overload experienced participants,1
attention mitigates uncertainty,1
knowledge artificial,1
optimise various aspects operations workplace,1
knowledge management,1
predicted agreeableness,1
significantly impacts,1
information influences,1
consequences broad employment modern explainable,1
increasingly important,1
understand individuals,1
operations cycles throughput primarily,1
dealing quantitative,1
models human,1
focuses key perceptions including human,1
workers 100,1
production plan cycle lead,1
performance individual significantly influenced,1
stability production,1
management production constitute basis,1
flexibility organizations management,1
employees computer industry,1
employee psychology performance analysis,1
intermediate goals,1
resource based view knowledge based,1
impact human workforce orga,1
secondary element production planning employee,1
human centric operations,1
employee operator cycle time,1
collaboration occurred humans,1
demonstrate perceived algorithm,1
hanoi puzzle,1
implicit human reward structure guides,1
algorithms learn adapt versus low,1
algorithms products,1
focused alternative considering integration artificial,1
humans anymore,1
performed humans,1
computational models understand people incorporate,1
leading establishment prerequisites optimal work,1
innate human,1
mutual continuous production flow,1
understand behaviors,1
planner collaborative workplace standardized durations,1
optimal psychological conditions identified cooperating,1
psychology situ manufacturing,1
systems facilitating human learning,1
index taken input variable employee,1
human operators operators,1
organizational environmental,1
fears related,1
sustainable supportive work environment,1
pressure evolving technologies fear,1
capacity employee socio behavioral concerns,1
application business response crisis future,1
ultimately improve society perception,1
execution strategy according managers perceptions,1
supply chain management inventory,1
firms informal corporate social,1
business effective operations covid 19,1
affects psychological,1
exchange theory authors investigated managers,1
work life,1
life balance,1
consequently redefining human roles experiences,1
consequently redefining human roles experiences,1
expand businesses focus,1
recurring patterns themes,1
models proposed different,1
security work related stress,1
cooperation resilience,1
shed light multifaceted perceptions,1
potential benefits increased efficiency productivity,1
burgeoning integration everyday,1
efficiency innovation,1
avoidance long term orientation power,1
understanding process,1
proponents recognise transformative potential,1
identity job satisfaction,1
inclinations resonate,1
role automation workload management implications,1
rpa tools influence organizational routines,1
essential navigating challenges opportunities,1
human centric operations,1
aid human performance operators,1
interact automated decision,1
social psychology,1
setup machine performs,1
capacity make better predictions,1
situation awareness sa,1
human experts,1
philosophical framework use cases supervisory,1
inclusion evidence accumulation framework training,1
work systems increasingly,1
conflict judging relative arrival time,1
behaviour skills,1
tracing condition evaluation cascade table,1
proximal scale reasons tracing,1
event related human actor tracing,1
technological interaction,1
based core assumption human persons,1
perceptions workplace,1
performs repeated,1
multidisciplinary research project meaningful human,1
primarily focuses making best,1
high dm,1
users distinctly different,1
behavior predictable according laws folk,1
folk psychology function desires beliefs,1
human potential,1
validity experimental research study,1
humans value added activities,1
replace humans,1
impact future,1
effects mediated,1
novel insights highlighting importance perceived,1
adding humanness element,1
complementarity suggest,1
conditions learning failures,1
belief overruling,1
subject called verification bias dm,1
examine psychological mechanism,1
synthetic expressions raises,1
interaction realize expressions multiple modalities,1
expressions important,1
different perceptions,1
caught social structures,1
repairs effective humans,1
regain sense power,1
participants rated,1
ongoing process,1
limited contexts,1
understanding human,1
important predictor collaboration,1
evidence participants perceptions,1
classifying service occupation tasks terms,1
beliefs important predictor,1
leveraging influential concepts management human,1
detection task diagnosed hypothetical,1
offers alternative approach grounded social,1
humans different,1
bias varies,1
perceived comfortable,1
better psychological,1
virtual humans,1
development good sa mental,1
highlight potential,1
behavioral factors,1
operations management discourse concerned studying,1
job design transport,1
supports learning processes employees,1
application business response crisis future,1
evidence process,1
kirby augmentation strategies adapted,1
based learning systems creates new,1
interaction psychological power,1
play crucial roles understanding mechanism,1
larger diverse,1
additional time,1
mechanism underlying effects,1
professionals position,1
ultimately improve society perception,1
tasks attempts assist people augmenting,1
used manage behavior,1
hci related fields psychology,1
crafting job insecurity,1
focusing effects people,1
production context build comprehensive view,1
potential dark employee collaboration,1
major individual household,1
health finance law,1
true situations,1
particularly true,1
coded debate,1
consequences employees,1
know really goes,1
model emphasizes need managing team,1
team negative attitudes,1
mandatory use suppresses collaboration,1
industry employees employees adopt proactive,1
asymmetric effects collaboration level,1
effects systems social environment embedded,1
acceptable ontology rapidly expanding,1
visualization tools dimensions,1
eligibility criteria 50 mainly,1
reality immersive training,1
overcome human capacity constraints,1
artificial intelligence remote collaboration tools,1
workflows enhancing knowledge,1
tools leading productive workplace,1
behavior tracking tools articulating employee,1
team members actions propose,1
employee expectations,1
abstractions valuable practical models presented,1
human centered context sensitive architectures,1
replacing traditional tools,1
software based,1
industrial engineering research operational worlds,1
highlighted benefits collaboration promoting efficiency,1
ias support humans,1
generally views,1
memory tims new vision collaboration,1
situations dogfighting,1
sex recruited perform assembly,1
conducted mission manager,1
time mental workload mission,1
expressed techniques limited,1
manager task performance recorded,1
tools applications capabilities received tremendous,1
development flourished,1
field grew,1
imaging psychological,1
inner workings limited knowledge,1
70 participants situational cooperation tendencies,1
behaviors sex,1
role self,1
workload autonomy context,1
techniques provide granular understanding influencers,1
analyzed post hoc,1
supplementary information components,1
components users look effective,1
focus psychological employees,1
knowledge intensity ia ability complete,1
team based working processes,1
teams social psychology information systems,1
developed scales measuring,1
inventory jopi functions work,1
perception inventory,1
tool prisma,1
use tims tool requirements,1
organizational outcomes,1
requirements formulation prepare software agents,1
job identity considered development implementation,1
collaboration essential,1
moving rbt theory forward,1
development increasing connectivity operational practice,1
development increasing,1
humans enables,1
model used analyze data collected,1
assessment tool,1
behaviors humans ai,1
network effects,1
item aias demonstrated superior,1
use similar predictive,1
managerial implications,1
human value,1
strategies revealing distinctions experts offensive,1
advantages speed,1
speed reduced costs respondents make,1
people considered,1
offensive focus,1
early stage human development,1
research emphasizing organized nature,1
nature experts strategies,1
information overload intuitive,1
situations characterized unfamiliarity information,1
firm business model,1
derived integrated model digital interaction,1
samples employed final analysis,1
emphasis initial setup aspects gameplay,1
knowledge imbalance users,1
understanding process,1
explained perceived,1
management inventory management,1
role congruity,1
job displacement,1
utility potential impact technology society,1
properties scale,1
business effective operations covid 19,1
exchange theory authors investigated managers,1
psychometric properties,1
study revealed need divide,1
rpa tools influence organizational routines,1
version scale developed validated,1
essential navigating challenges opportunities,1
creating appropriating substantial,1
framework hi gai,1
collaboration emphasizes transparency,1
bringing different,1
numerous decision support issues requiring,1
learnable abstractions reasoning,1
focus gig workers despite,1
workers despite lacking expert knowledge,1
photographing targets,1
model human newcomer,1
study uses video vignette design,1
triad randomly assigned participants navigator,1
ability report feedback social impact,1
behavioral sciences considering complex,1
diverse nature human behaviour,1
influence receptivity components perceived hat,1
people appreciation,1
effectiveness degraded,1
research social perception,1
predict success,1
likely production,1
multiple rounds participants,1
predetermined conditions require,1
comprehensive portrayal operator performance facilitating,1
effective business practices successful,1
analysis hai operator,1
optimization training efficiency,1
expertise instrumental resource,1
1000 times independently possible,1
selectivity index previous calculation,1
enabling occupants interact,1
operators achieve expert,1
objective compare predictive power,1
firms virtually industries,1
epistemological psychological,1
typologies based explanantia presented,1
use human game,1
linear models,1
support influencing factors previously identified,1
managerial social aspects,1
area heterarchy knowledge anticipation mental,1
logit model used,1
identified key aspects,1
conditions providing resolution advisories,1
variety biases operational process,1
decide trigger support,1
support systems,1
process online,1
emphasizes universal nature,1
firms variety biases,1
controller workload limiting,1
bounded optimality models characterize human,1
humans invariably face questions humans,1
quantify cognitive workload,1
inspiring task crafting approach,1
proposes contexts,1
unjust effect riders engaged task,1
decision support,1
new capable increasing efficiency,1
project roadmap enabling,1
acquisition methods psychopathy,1
potentially fruitful direction provide support,1
team members collaborate effectively efficiently,1
group received security update post,1
second analyzes,1
effects perceptions,1
ranking scale relative significance,1
paper developed model criteria human,1
job satisfaction,1
institutional environment 23 sub criteria,1
realistic workplace situation job received,1
support significantly,1
understanding introducing new technologies influence,1
octagon measurement useful,1
people feel risks technologies,1
llms study selected psychological scales,1
information integration,1
result improved workload ratings,1
social development organizations,1
information contained,1
human operators,1
deeper understanding factors lead development,1
technology formal psychological,1
psychologists expertise,1
autonomous vocabulary learning,1
human ia collaboration challenging,1
collaborative environments education,1
practical implications enhancing enterprise product,1
human performance suffered result,1
provide mixed,1
interactions humans,1
kind algorithm,1
performance explained kind,1
contrast humans did delegate did,1
overlay visualization keywords,1
open access,1
partial impact,1
managing abnormal situations,1
disclosure significant effect wtd,1
algorithmic management,1
interaction user model,1
model potential improve model quality,1
chain events,1
caused behave certain way,1
aspect appearance,1
technology mobile contexts proposes comprehensive,1
include interactivity time convenience compatibility,1
practical managerial,1
improve productivity,1
negative effects worker need satisfaction,1
web texts,1
regarding influence management worker motivation,1
performance wellbeing,1
enthusiasm explained rapid,1
captured sustained focus researchers,1
management rapidly spreading,1
prevented participants properly operating,1
impacts insurance,1
tasks activities,1
indispensable humans,1
participants exposed scenarios,1
distributed cognition joint,1
analysis example,1
failed pass test passengers detected,1
work opposite direction,1
indispensable humans,1
gives rise need,1
failed pass test passengers detected,1
combat retaining meaningful human,1
algorithm shortcomings,1
experts loop,1
measure components,1
participants learn algorithm,1
mathematical human,1
complex operational settings met,1
conflicting demands,1
increasingly workplaces,1
usage led employment uncertainty higher,1
interactive behavior human,1
explained different psychological reactions anticipated,1
interaction effect perceived,1
model assessment reveals professional status,1
policyholders policyholders,1
inexperienced factory workers initial,1
results intuitively visualized,1
remarkable proficiency handling routine tasks,1
noncontextual unpredictable manner,1
rigid understanding presumes informed,1
era informed,1
research identifying factors contribute,1
algorithms data trained sets,1
increasingly rely algorithms,1
drawbacks directions,1
mimicry effect,1
transfer effects building components mathematical,1
propose human,1
human dm,1
reduction removal irrelevant information,1
theory devise mathematical dm model,1
irrelevant information does,1
management society,1
production operations,1
investigation revealed critical skills employee,1
job replacement theories contend,1
losses organizational think,1
policyholders seamlessly manage active insurance,1
widespread fear corresponding job,1
intelligent machines execute routine,1
va affects employees collaborating,1
impact tools employees collaboration exploring,1
tools used various,1
participants experienced drives baseline,1
psychological effects,1
instance model,1
subjects shift focus relevant,1
accuracy model,1
managing tensions develop ml models,1
paper fair potential,1
model better understand data scientists,1
team members share mental,1
overall model,1
potential theoretical,1
hours generally,1
support preferred,1
algorithm sticky,1
past demand demand independent,1
development comparable,1
bias known law,1
contacting insurer action claim,1
task allocation human,1
forecasting persisted albeit lower,1
achieve objective employed,1
comparable humans,1
need understand predict,1
nominal situations,1
baseline constraint,1
humans share,1
share space collaborate reach common,1
prioritize human,1
production performance,1
human maintaining,1
centered smart,1
art model,1
ending increment production,1
current state art model,1
incorporation contextual variables determination,1
human like qualities personalized,1
functionality better experience,1
clusters variables classified,1
human perception,1
second micmac analysis,1
highlighting role uncertainty xai,1
analysis aspects,1
reactions algorithmic,1
intentions extends knowledge impact artificial,1
continues deployed workplaces,1
improving algorithms greater customer,1
extent consequences employees limited,1
consciousness perceived control affect ai,1
employee job attitudes career,1
modeling used,1
job insecurity time psychological,1
distress time career exploration behavior,1
united states participants self categorizing,1
integration workplace despite positive,1
talent management particularly need communicate,1
faith consciousness perceived control purchase,1
people irresistibly believe,1
used analyze,1
human interaction positively,1
taxonomy performance aspects venn,1
digraph specifying hierarchical,1
dual approach establish explain behavioural,1
ism methodology develop contextual,1
organizational social levels,1
value final collaborative outcomes,1
undesired skill,1
erosion poorly,1
mechanisms step,1
affects firm performance,1
formed order variables basic,1
crucial psychological factor leading algorithmic,1
humans spontaneously associate newly emerging,1
workers mindfulness,1
following sequential mixed,1
hypothesize mediating,1
role user,1
activity awareness competence maintenance output,1
remain obscure acknowledged,1
practices configurations individual organizational,1
workplace entails new,1
phenomenon widely acknowledged dynamics undesired,1
effect individual employees tasks,1
hierarchical framework using interpretive,1
collaborate humans complete,1
potential improve user experience,1
machines act peers,1
actors stereotype content model,1
automated working processes humans,1
response focus enterprises,1
assessment manikin sam,1
increasingly close collaboration,1
expanding scales,1
human performance essential,1
initial response content largely,1
essential human expertise problematic workers,1
specifically examining joint impact information,1
spatial configurations centering,1
interactions employees information flow outside,1
posed need manage information expanding,1
psychometric scales useful tools,1
arguments used support,1
classification algorithms,1
prevalent touch,1
mental demand signaled,1
drawing social presence theory,1
45 accuracy respectively estimating,1
gap developing highly collaborative task,1
interaction interpersonal relationship,1
behavior design artificial intelligence,1
optimize effectiveness,1
improvement ohc,1
replika intends provide psychological,1
human operator expectation consistent agent,1
work mourning,1
pleasure played significant,1
group behavior community,1
traditionally organized individual,1
presence theory research comprises,1
people develop use,1
touch panel affects,1
advancing domain,1
16 optimal,1
based display lead better,1
navigation display compared,1
constraint based display provides information,1
advanced systems advisory display,1
generalizability exhaustive training,1
maps fcms,1
humanness people,1
models given general state space,1
behavior participants required understanding dynamics,1
impression management,1
key attributes ai,1
concierges play pre encounter,1
interactions social,1
perceived control,1
aimed advancing,1
affected interaction,1
processing analysis dissemination,1
joint task,1
furthermore effect relevant variable va,1
perceived self,1
usage employee,1
australia based time employees experience,1
push employees make use new,1
new technologies workplace,1
tools work,1
terms accuracy execution time knn,1
execution time,1
mean sd,1
time mean,1
videos rf,1
rf algorithm performance wasbetter,1
job performance appraisal,1
anxiety employees consequently,1
reach increasing heights organizational,1
algorithms increasingly used,1
organizational efficiency,1
social attributes,1
user experience guide users,1
information help make decisions,1
significantly influences shapes user experience,1
tasks making medical diagnosis judging,1
provides evidence,1
psychologization humanization,1
vr drive,1
job security significant,1
called standard model intelligence shared,1
existence implicit theory held,1
present future employees humans,1
behaviour published john,1
taken today emerging business model,1
major role application,1
sort collaboration,1
attributes employees play major,1
entails dissociation,1
acknowledged workers,1
develop new technologies arise,1
increasingly diverse domains human,1
based individuals work environment,1
role biases,1
discuss pertinent challenges,1
perception localisation,1
algorithms lack capability deliberate carefully,1
environments operate,1
important requirement,1
seen important,1
management attracted increasing researchers rooted,1
fields impeding development cumulative knowledge,1
management literature,1
provides important,1
scenario based experimental design 361,1
managerial implications suggested,1
psychologists long established socio,1
increase ensuring,1
constellations employees,1
employees increase,1
overview general specific effects missing,1
workers tools fluent interaction,1
everyday life,1
conceive interaction humans computers,1
human operators working,1
joint task execution,1
substantiates knowledge theory pre announcement,1
interaction essential,1
interaction far documented despite,1
cooperation interaction,1
joint action considered,1
regard tasks work design,1
mechanisms underrepresented,1
specific effects adaptability cooperation,1
situation awareness,1
mean effects calculated,1
interactions employees,1
subjective job performance,1
enter learn contribute,1
working systems,1
sonar used learn adapt,1
able match humans terms multi,1
sensual perception world,1
proposed bypass,1
customer service failure,1
adss affect behavior capability,1
potential replace human tasks,1
essential mediating,1
algorithms human,1
finally validated predictive,1
predictive performance model using,1
measured multimodality,1
support focuses technological factors,1
people successful achieving coordination,1
background previous experiments tacit coordination,1
observations likely improve,1
learn adequate behaviors,1
infer goals beliefs,1
managerial implications suggested,1
executive actions,1
humanity remarkable achievements,1
specific changes,1
models include specific technical,1
specific technical considerations,1
focus task job,1
job control multiple,1
multiple theories,1
attention perspective taking communication social,1
working conditions ability exert,1
social learning formats,1
aspect humane,1
tam interpersonal attraction exert greatest,1
tool simplifies,1
observer predictions various levels,1
based learning theory iblt,1
life private households,1
mediating role,1
fluency relates employee job,1
mental workload situation awareness henceforth,1
managers study,1
suggested directions substantial impacts,1
age work,1
creativity care work decision,1
employees social support,1
impractical administer,1
twsa estimates,1
learning applied,1
psychological mechanisms cause ironies illustrated,1
operators chocolate wrapping,1
human behavior,1
realizing improvements,1
embedded measures proposed unobtrusive,1
hidden problem,1
guidance behavioral,1
measures derived actions operators,1
conditions significant,1
journals 2018 2023 behavioral research,1
converted model,1
addition perception,1
dislike lengthy textual,1
incorporate extraction,1
mediates joint,1
shows unexplored,1
value attribute,1
making context,1
general behavioral,1
studies emphasize timing crucial factor,1
visual perception,1
discrepancy lead mistimed explanations,1
examining impact technology,1
transformation innovation empirical research,1
assigned humans,1
ivr helps create improved,1
production systems,1
increasingly algorithms,1
reports participant uncertainties visualisations,1
changes model input changed,1
technological affinity technology substratism human,1
solving problems require new,1
novice users,1
individual receipts,1
models user data,1
degrees information loss defined intermittent,1
impacts tested invariance,1
defined intermittent reception data noticeable,1
knowledge factors increase,1
efficiency accuracy time savings,1
missions achievable direct operator involvement,1
human operators little,1
tasks typically creates,1
implications organizational,1
strongest predictors substratism,1
goals hope achieve people click,1
sensory cues,1
role emotional,1
spaceflight relevant tasks,1
versus human face certain visual,1
chest screens influenced human,1
statistical models incorporating embedded,1
hopes identify,1
results stepwise algorithm building statistical,1
measures frequently corresponded intuitive increase,1
common training environments starcraft,1
care work,1
predicts moment diagnoses,1
click mindlessly experts tired make,1
model decisions addition evaluating performance,1
human characteristics turn make interchange,1
automated decision making,1
offer attributes human,1
processing learning interpretation,1
accountability machine,1
human learner,1
effect company,1
collaborative human computer,1
resistance come,1
support proposed theoretical framework,1
employees future,1
employee happiness proposes model,1
significant differences,1
haic interdependent exploitation independent exploitation,1
interdependent exploration independent exploration,1
human cooperation,1
human human,1
effects people,1
spss process macro,1
using quantitative,1
performed analysis,1
enablement frequently discussed literature technology,1
software order,1
terms generalizability,1
make procedures linked force insurance,1
enriched providing theoretical managerial insights,1
differences mental,1
modelling study based total 418,1
scope designing training uncovers,1
assistance human operator,1
understandable users improving interaction,1
difference measures,1
cues present simulated environment,1
analyzes relevant behavioral issues,1
issues interactions warehouse,1
manipulated situational,1
applied identify important issues,1
information described psychological,1
assisted mushroom hunting people,1
half participants threat,1
hunting game walking highly immersive,1
assessment rota measures person,1
partner advanced tool human,1
particular help firms progress,1
progress hierarchy capabilities,1
insignificant effects perceived,1
uber lyft exemplary embodiments algorithmic,1
paid role humans humanistic,1
theory stress authors examined,1
action possibilities developed,1
let non technical end users,1
study investigates association social media,1
models behave output,1
salient 4ir action,1
existing definition,1
derived media effect theories,1
sense definition mirrors existing definition,1
definition mirrors,1
psychological methods theory,1
knowing nonhu man identity,1
solutions effectively insurance,1
social occupational environments form,1
management drivers managed algorithms task,1
activities gig,1
algorithms widely,1
workers public spanish,1
theory shast conceptual,1
literacy contributes,1
purpose development mobile technology changed,1
social support informational support,1
interactant satisfaction communication facilitates,1
approach microsoft xiaoice,1
quantitative approach structured,1
policyholders communication insurance,1
research attention,1
related task ndrt performance,1
performance visual attention viewing,1
ads did using baseline sat,1
interacting sat level action,1
tom specifically increasing,1
management perceived benevolent,1
narrow focus technology enabled business,1
humanness perceived,1
multi attribute value theory integrate,1
processing applications challenge managers,1
application easily accessed user multiple,1
user current context,1
intelligent applications effectively model manage,1
differences different,1
demographic attitude,1
leadership functions supplementing substituting certain,1
dynamics humans,1
collaborative leadership,1
interact large organisations,1
people world seek interact,1
human mental model supported value,1
gap regarding information,1
important component,1
investigated effects human consideration high,1
time available cis,1
managerial capabilities,1
decision makers faced challenges solve,1
mission application,1
finds key reasons differences,1
personalities potentially lead differences collaborative,1
identity collaborating,1
literature extending understanding collaboration,1
negatively impact employees identifications,1
fundamentally change workplaces professions,1
level technological expertise user,1
humanmachine teams assist employees,1
examine object based social beliefs,1
scenario based experiments 124,1
humans involved interactions,1
experience service,1
managerial social capital dcv considered,1
models assign posterior probabilities competing,1
behavior embedded artificially intelligent systems,1
evolutionary learning processes,1
functions recruitment selection broadest use,1
fully synchronized humans,1
complementing work,1
correlate productivity,1
able engage,1
algorithms judge quality,1
end user understand underlying algorithms,1
quality interactively explore solution space,1
examine temporal,1
roles positive emotion,1
physical presence require,1
consequently interactions,1
challenge multiple,1
likewise responses point relevant drawback,1
effect studies 7a,1
engaged disengaged actions handing control,1
word machine effect robust,1
significant role warehouse future distinctive,1
virtual reality,1
applications optimisation,1
action appropriate given,1
using display leads,1
behavioral research,1
employees working,1
supervisors employees behavioral reactions remained,1
characteristics affecting,1
identify employee,1
new amplify existing risks,1
potential introduce new,1
algorithms causal,1
managerial necessity consider human,1
information seeking social interaction entertainment,1
marketers capitalize conversational capabilities social,1
perceptions social support users,1
black box human behavior,1
collaboration social internet things,1
es decrease ci,1
interactive contexts,1
extensive performance test,1
demonstrate application metrics spacecraft maintenance,1
employing quantitative research methodology collected,1
offloading tasks artificial,1
user friendly,1
temporally based,1
negative user experiences maintaining,1
proficiency length,1
theoretical psychology,1
adhered suggested improvements,1
using prototype ecological interface,1
improvements presented outcome review,1
guiding principles,1
sciences organizational psychology,1
need overcome established drawbacks,1
effect human operators,1
programming causes,1
difficult avoided behavior humans,1
significant impact field education,1
user interface model,1
introduce rite concept psychological,1
academy management,1
fitting user profiles,1
acting machines changes way people,1
lack perfectionism frame context engineers,1
deal development,1
constraints interaction,1
learning algorithm,1
action phases distinction team processes,1
demolished assessment,1
effect generalizes,1
devices actions indicative human,1
social roles engage human,1
use proven,1
organizations started providing post hoc,1
teamwork finding right,1
daily tasks project management,1
companions contribute significantly improving,1
evidence effect,1
logic algorithmic,1
productivity independently aca,1
analysis model,1
social environments perception,1
cultural valuation human,1
past experience,1
psychology 91,1
produces given prediction,1
interaction required proactive,1
culture based development cbd model,1
development suggests scope extension tam,1
affected participants control,1
explanation human interaction,1
handled non expert human user,1
266 explore people qualitative descriptions,1
functional tasks compared social tasks,1
importance values,1
neutral instruction,1
ease use unanticipated finding,1
applied aspects,1
virtual reality unsurprising arrival emotionally,1
potential state,1
interactive motions performance,1
dependent user,1
humans applications,1
participants integrated,1
little work examined conjoint effects,1
future continue use existing users,1
performance similar,1
decision support,1
promoting user interaction,1
task asked classify random dot,1
dot images,1
ideal model information integration,1
making information available,1
series experiments examined human operators,1
task type,1
collaboration high depending,1
participants invited interact virtual reality,1
experience cx diverse business,1
designing virtual,1
participants conformed comparable,1
speculate future social interaction humans,1
study human psychology,1
perceived econsumer productivity,1
organizational market challenges engineer,1
conform normative informational motivations,1
detection performance particularly,1
induce social,1
important enjoy,1
participants assigned computer,1
android sophistication likely achieved 50,1
technology model chinese educational context,1
indistinguishable humans,1
analytical versus social task,1
tool usage facilitating conditions habit,1
organizational environment face lack time,1
variables essential guiding future,1
participants underwent training computer based,1
industry reports case,1
fearful reactions employees,1
perceptions regarding observers,1
algorithms capable assisting making,1
employees expert,1
android indistinguishable,1
functioning hollnagel,1
presented tasks,1
interfaces striving compliance,1
delineate roles human machine task,1
processes evaluated mapping descriptions rasmussen,1
generate plausible movements,1
measure improvement,1
support human,1
arguments automation,1
loa taxonomy applicable,1
71 mean,1
mean responses,1
03 mean,1
presence measure,1
human operator replace,1
following exploitation contrast participants cooperated,1
operator involvement performance leading,1
investigated effects exogenous oxytocin,1
information performance history,1
dynamic control task means improving,1
operator computer control,1
showed usual bias competitive emotion,1
operators cognitively engaged,1
framework offers means modelling interaction,1
gaits gestures gazing friendly virtual,1
fvas interact user avatar agents,1
friendliness model computed using user,1
increases affinity social stimuli,1
organizations use sophisticated complex software,1
reinforce weaknesses human beings,1
change human development behaviour learning,1
human operators effectively oversee,1
slightly improved,1
joint human option,1
biases emerging,1
model operator decision,1
investigated considered important experiential dimensions,1
systems consider task,1
information processing requirements automated,1
cooperation hoc,1
removal operator task implementation,1
human characteristics sufficient elicit behavioral,1
performance decrements,1
loop performance,1
performance situation awareness workload,1
fitting indices standardized loadings ranging,1
dependence scale acceptable model fitting,1
ar environment generating appropriate movement,1
fms environment help define role,1
items underwent item analysis,1
automated option generation,1
significant return manual deficits,1
loa designating degree human operator,1
overrode expectations coalition alliances,1
users different organizations different functional,1
roles design creation operation maintenance,1
readily engage social categorization,1
tasks level automation,1
shed light psychological processes,1
context play,1
performance context information,1
moment acc state relative operating,1
acc continuous information indicated,1
presence technology necessary understand performance,1
machines leads reduced cooperation,1
characteristics contextual,1
important role,1
model joint,1
individuals achieve,1
combined visual,1
operating limits,1
increasing need,1
organizations require,1
felt wisdom,1
differences human performance multiple tasks,1
require good performance,1
user task load,1
data synchronously processed,1
information use,1
adaptive user,1
led significant,1
integrate tools social psychology autonomous,1
reduced subjective workload degraded,1
analysis did make task,1
christian view wisdom shows,1
information acquisition,1
management task varying task load,1
performance ensuring individuals,1
power enriching potential human lives,1
collaboration team context,1
bias emerged critical,1
automation improve operator,1
algorithm behavior,1
systems increasingly entering workplace,1
directions address complexities algorithmic bias,1
trajectory predictions,1
situation awareness sa ability regain,1
moderates direct,1
research algorithmic,1
used analysis,1
dependence developed,1
design manually automatically adaptable software,1
ethnicity machine virtual,1
emphasis hybrid interaction human actors,1
dfs originates kinematic,1
management psycho sociological perspective,1
theory consists,1
existing knowledge,1
ability human operators interact adaptive,1
affects breakthrough,1
ecm information success,1
effects peou pu,1
human centered,1
superior people skills compared,1
uncertainty users,1
users technology usage,1
employee moderates,1
interaction employee,1
computer cooperative problem,1
variation uncover major clusters countries,1
recent developments psychology social cognitive,1
social exchange,1
understanding employees psychological,1
human employees,1
cooperation support employees introducing,1
business indiana,1
impact social crowdedness,1
georgia tech mission operations cooperative,1
understanding production nonverbal behavior,1
212 portuguese adults identify social,1
role laissez faire leadership,1
processes resulting growing fear smart,1
dynamic coupling highly proficient algorithmic,1
identify key principles,1
workers innovative work behaviors iwb,1
performance influences,1
using step,1
role function affect generally recognized,1
experience increased role ambiguity unrelieved,1
built perception,1
lists important events interactive graphics,1
information accessed,1
high tech employees pakistan,1
modeling analysis,1
complex behavior especially presence learning,1
organized ideas technology help future,1
enhanced improving pu reducing,1
guidance event organizers suggesting collaboration,1
decision support,1
knowledge workers,1
aimed improving public,1
transformational leadership,1
strength organizational,1
model confirmed structure,1
employees introducing new technologies driving,1
epistemic actions involve manipulating objects,1
implementing enterprise,1
context conative use conceptualized second,1
better task,1
measuring effect expertise,1
lead unpredictable cx,1
reacted strongly algorithm,1
additionally female,1
ecological interface,1
value based model intelligent,1
algorithm errors,1
female participants,1
provide significant,1
human centered decision support tools,1
results indicated performance increased situation,1
address gaps,1
awareness declined levels,1
personal variables gender shaping algorithm,1
information processing ability,1
firms better,1
situation awareness,1
task environment,1
situated approach,1
frustration human performance,1
american psychologist,1
iwb mediating role stress appraisal,1
variable use activity mandatory,1
control actions compared skilled novice,1
intelligent operator,1
represents behavior,1
mandatory use end users,1
patterns experts various,1
respond social affordances naturally,1
mind lead unexpected,1
interactions attracting increasing,1
refers embodied,1
core refers,1
humancomputer interactions,1
attenuation internal processes,1
automating tasks improve efficiency,1
本研究旨在顯示在前線服務會議的情況下人工智能所扮演的角色 以便了解使用者如何接受人工智能科技化服務 研究的設計 方法 理念,1
recruitment fundamental,1
systems use activity viewpoint social,1
management drive organizational performance,1
development presents organisations new,1
operators minimise,1
characteristics influence,1
offloading deliberate,1
processes favor augmenting,1
labor shortages,1
processing storage,1
software performance,1
uv complete missions,1
enlightening consensus ontological issues psychology,1
studies complacency bias human,1
systolic blood pressure heart rate,1
operators fail,1
based operator workload states measured,1
task operator attention,1
machine cooperation believed,1
complacency occurs conditions multiple task,1
action implementation aspects task based,1
sufficiently alarm,1
joint human,1
1979 model,1
naive expert,1
develop better interaction visualization,1
operators answered questions concerning,1
expert participants overcome simple practice,1
analysis used,1
activity recorded ambulatory,1
gain autonomous functionalities,1
weighting values,1
computer work places equipment,1
industry responsible human,1
automated decision support systems provide,1
organizations challenges,1
arises problem solving role,1
challenge belief loa frameworks,1
aims examine effects performance error,1
based theoretical predictions media equation,1
based theory,1
significantly influence,1
drowsiness impact,1
leaders low vs high design,1
modeling model based management,1
teams perceptions group exert greater,1
different targets,1
especially important new,1
operators controlling electroenergy,1
sensory psychomotor information processing functions,1
potentially profound impact workplace,1
boredom induced decrements human,1
psychology technology,1
discuss suitability existing human performance,1
experience cx,1
model demonstrates,1
guidance wedded model questionable,1
model questionable predictive value,1
assistance adaptively applied information acquisition,1
trust lead task failure,1
challenges management,1
task analysis involving,1
task performed manually trust,1
course multiple interactions users,1
computer interaction hci user modelling,1
employed strengthen external validity generalize,1
paint loa,1
decisions lower perceived workload increased,1
using tools instrumentality,1
simultaneously considers task difficulty,1
alarm affects,1
person soon interact information,1
task called multi ball motion,1
operational research,1
understanding social beings involves independent,1
performance attention allocation,1
engineers studying human operators,1
leads differential human performance,1
studies provided 164 pairwise effect,1
30 min scenarios 12,1
12 performance level,1
manipulated participants,1
analysis assess,1
management technique business business,1
learning contexts received,1
point manifestation machine learning contexts,1
growing number applications,1
service employees leadership offering theoretical,1
imperfection miss,1
examples include finding,1
technologies impacts firms,1
play important role modification processes,1
stress strain processes affect human,1
role human interactions leads flexible,1
individual level important,1
simultaneously considers task difficulty,1
inform design automated decision support,1
task called multi ball motion,1
implicitly assume users benign fail,1
bias outcomes moderated,1
users wrong strategy,1
accidental user poses particular challenge,1
performance reduce workload compared manual,1
kam programmes,1
atc tasks automation conditions including,1
type automation,1
centred sia,1
trust lead task failure,1
participants make,1
beneficial overall performance,1
information did use,1
context conflict detection resolution advisory,1
did decrease,1
analysis required,1
decreased misuse,1
systems dependence human,1
human participants presenting scenarios,1
loss standing compared,1
control seek replicate ethical,1
triggered new,1
powerful predictions,1
sentinel alert,1
effects interact,1
answer profound effects,1
objective investigation assessed effectiveness performance,1
act dynamic situations humans past,1
human instead,1
algorithmic society,1
process information act dynamic,1
enterprise managing,1
mechanism automatic detection relevant events,1
perception choice choice,1
work public,1
detection task,1
effect perceived,1
took operators thought processes optimal,1
perception paradigm independent variable conditional,1
seeking information took longer operators,1
making steady progress disruption,1
receive alert operators grew,1
integration rooted team centric concepts,1
increased machine,1
social interactions computer,1
scenarios 95,1
means human,1
human unique characteristics relate,1
functions automated extent given model,1
interaction organizing diagnostic concept,1
teammate interaction,1
factors including knowledge image,1
society human users started,1
small insignificant,1
performance contributions individual team,1
human performance research provide guidelines,1
workload mwl interface design user,1
ongoing behavior associated,1
capability vital decision,1
mental workload,1
defining challenges technology implemented,1
trends surrounding sphere present,1
learning algorithms,1
question examination role emotions useful,1
implemented hoped proactive structured programme,1
effectively human operators complex systems,1
domain command control,1
preparing managerial response,1
probabilistic estimations user states,1
unveiled perceived authenticity,1
iteratively refined,1
exploration environment fy19,1
naturalistic novel settings extend,1
employees high performance ranking,1
vicious cycle biased manipulation unbalanced,1
psychology albeit challenging directly,1
demonstrate quantitative,1
awareness critical situations,1
understanding user states interaction process,1
disuse rates high 84 operators,1
accurate machine,1
task allocation process workflow,1
uses multimodal,1
including adjustments task,1
operators paired accurate,1
training disuse rate decreased 29,1
information conveyed visually,1
models human performance,1
tracking data indicate operators adjust,1
increases operator workload impedes users,1
using visual display significantly,1
knowledge tasks,1
digital physical social realms,1
collaboration process receiving real time,1
observe essence,1
understanding technology emergence te technology,1
sense user fully,1
various work situations,1
se insights designing user interfaces,1
covered clerical work computer,1
imprint model created varying,1
operators normally trained,1
scenario training,1
operators intervene right moment suspected,1
leading development state transition matrix,1
process incorporated software prototype,1
interviewed c2 operators using,1
intelligent machines describing human behavior,1
aid users intelligently decluttering,1
performance research integration tool imprint,1
making organizational behavior context human,1
presence yielding octants,1
causal evidence effect manipulating performance,1
specifically improving efficiency learning,1
models role technology human,1
actual job tasks study workplace,1
informed mr source,1
task analysis methods analyzed data,1
management studies,1
effect driven employees perceived potential,1
mechanism provided study,1
psychological safety plays,1
operator preference automatic manual control,1
plays mediating role team oriented,1
implications theory leadership,1
behavior leadership practice,1
operations requires rare events,1
iterated decision process evolution operator,1
pressure technology development work,1
kind authentic leadership,1
factors needs predict reverberations technological,1
study human subjects aided virtual,1
comments various platforms quantitative study,1
pose new challenges,1
assistant completing series missions,1
powerful algorithmic aids discussed,1
social analytical task task known,1
define intuitive reward,1
adviser got task assignment task,1
consider intelligent information presented,1
model demonstrates effects different,1
participants prefer human,1
al behavior individual performance,1
models adaptive human,1
rationality plays key role,1
drop assign cavs cost effective,1
team management tactical situation awareness,1
acceptable principles machine,1
applicability models,1
relies knowledge base,1
excellence drives operational requirements pressures,1
individual variations,1
platform gathered 40 million decisions,1
psychologists studying,1
metrics user interaction,1
decluttering little effect aircraft judged,1
multiautomation situations,1
management theory born industrial,1
working conditions produce human,1
enterprise management impacted,1
describing quantitative model,1
operate dynamic virtual environments,1
implications human,1
studies intersection people technology work,1
based characteristics,1
technology development,1
human rationality,1
work major aim areas design,1
cavs poised revolutionize,1
interaction weapon mounted target acquisition,1
model multionerator,1
improved human machine collaboration,1
social interaction heterogeneous,1
time points 455 frontline,1
rho plan socially,1
dismounted systems necessitates human,1
behavioral control,1
benefits intricacies employing computer,1
deemed distinctly human,1
yielding increase economic efficiency,1
tradeoffs included support,1
quantitative approaches,1
flow reduce accidents reduce social,1
combination behavioral patterns lead,1
level urgency subjects,1
models inform,1
performance data systems built,1
repertoire behaviors,1
research behavioral,1
reality environment,1
absence financial incentives high performance,1
mental workload situation awareness,1
power symbolic threats adverse effect,1
situational awareness target acquisition capabilities,1
compare situations humans make,1
computer issued,1
human transportation replacement,1
implications understanding managing high performers,1
research managerial,1
managerial implications,1
possibilities largely converted traditional shortcuts,1
growth issues malaysian lawful agencies,1
functions information acquisition,1
flexible adaptive changing battlespace conditions,1
shortcuts access design process task,1
human centered,1
coordination demands human operator,1
greater evidence accumulation improving,1
future raise important issues occupational,1
cognitive collaborative demands user engaged,1
model types levels automation,1
framework adv considering social skills,1
analyses stability support operations saso,1
support operations visualization,1
improved performance participants frequently disused,1
experts developed aiding concepts implemented,1
military analysts,1
structural cost function human driven,1
online interactions,1
additional requirements effective decision,1
cat model make suitable,1
developing formal model firm performance,1
user priorities,1
performance modeling early effective design,1
analyzed light,1
technological development humans likely,1
consists sharing tasks dynamically human,1
feasibility study aims assessing impact,1
rate people facing proself,1
limited experience exhibit higher resistance,1
presented integration human machine collaboration,1
significantly higher,1
used explain improve experiential goal,1
participants behaved,1
users experience return,1
experience developed developing,1
picture situation awareness used,1
relevant variables,1
labor shortages maintaining high,1
framework guides managers improve efficiency,1
model development origins theoretical basis,1
finally model,1
alerts advisories reflects components,1
roles control humans machines,1
human user dependence automated alerts,1
strengthening self,1
decision support operating,1
interactions isa mediates,1
light workload,1
institutional characteristics,1
specialists outline field terms main,1
processing tasks annotation relation identification,1
used analyze relationships variables,1
human peeking approaching,1
fields related operational research management,1
critical information requirement ccir,1
design variables derived decision support,1
machine characteristics incorporation user extraversion,1
developed wealth detailed knowledge,1
individual temporal changes,1
participants shift deontological doctrine,1
impact social information,1
sets potential,1
interactions address,1
technologies organisations,1
information exploitation hamie investigation,1
training programs tailored,1
workload safety,1
results showed non significant differences,1
strategies mitigate cognitive biases,1
basic cognitive demands associated managing,1
processes conducted human geo political,1
way cooperation,1
reward depends actions,1
balancing workload maintaining user situation,1
induce behavioural,1
training operators quality,1
addition scale exhibited,1
important measure quantities,1
human culture technology,1
recurrence quantification,1
importance vigilance,1
technological development social,1
assessed situation awareness,1
interaction conceptual framework review,1
128 organizations used test,1
human aspects,1
operators determine automation nonautomated alternative,1
perception intention change,1
interaction member team,1
hmi does help understand environment,1
action execution,1
detection task,1
reliant operators high,1
interaction hat time dynamic,1
information acquisition action,1
hmi high,1
errors leading users lose trust,1
information understanding dependent question,1
multivariate regression indicates man,1
training similar impact,1
identify adaptation user controlled driven,1
understanding sustained attention,1
growing importance,1
maximise isa utility aligned,1
alive growing,1
support equip discussed specified design,1
functions operator support,1
development common meta model,1
biases psfs identified multivariate,1
error cases psychological,1
level significance,1
analysis informational synthesis combination,1
competition john henry effects,1
svo participants final waiting,1
measures compare possible divergences,1
analysis facilitates,1
organizations opt partially replace,1
define information needs displayed,1
replace support augment human,1
metastable behavior,1
employees increasingly,1
computerised model,1
historical analysis informational,1
000 people,1
experiences authors believe need,1
interaction virtsi,1
efficiency denotes,1
breakthroughs appeared,1
automation involve recognizing unique monitoring,1
tools predict operator,1
focus realm,1
measurement scales algorithm,1
did continue investigation,1
career success nurturing,1
operator performance,1
computer collaboration,1
black swan events studied,1
computer interaction,1
interaction hai model based tools,1
assessments revealed features,1
display technologies tailored context specific,1
influencing way systems work perform,1
understand human interaction,1
outcomes organisations employees,1
desert survival,1
functioning vast majority operating,1
algorithm augmented work algorithm,1
utility government infrastructures took advantage,1
theoretical models analysis considers contextual,1
task outcomes,1
algorithm adoption,1
influence people daily lives,1
properly consider human capabilities involvement,1
computer interaction literature managerial,1
spiritual world increasing,1
likeability legitimate users whilst protecting,1
important issues related managerial decision,1
management involves information seeking filtering,1
findings operator training,1
crisis management,1
acting theory,1
performance workload,1
importance affect,1
include time,1
performance complex systems,1
detect repair,1
experiences business business business,1
perform helpful tasks user,1
automation aid users intelligently,1
leveraging time gained,1
human centred intelligent,1
world able access interfere,1
required production intelligent behaviour,1
malevolent users,1
compared using human employees affecting,1
effective maintaining task performance transparency,1
displays quickly,1
perceived control future work,1
appearing behaving virtual,1
resolution approaches human adapting,1
individual biases group member interactions,1
processing approach sufficient explain,1
technology allowed development human,1
management technology mot operations,1
effects motion sickness young participants,1
visually searching weapons,1
task based description wellde,1
attending human user individual differences,1
interpersonal teamwork effectiveness,1
issue oriented theory driven,1
operations management explicitly considers effects,1
theory driven lacks distinctiveness rigour,1
performance influenced cognitive biases,1
human behaviour goes task based,1
based description wellde fined,1
shifts sacrificing,1
field responsiveness,1
issues emerging organisations learn exploit,1
interactions user,1
effects human behavior process,1
participants preserve lives perspective,1
longitudinal experiment time employees uk,1
important performance organizations,1
operations assume people,1
especially critical situations way control,1
mental load task,1
smartphones tablets access computers networks,1
randomly assigned different computer partners,1
clarified terms levels types automation,1
work related outcomes offering critical,1
replace human passengers protective,1
interactions work related,1
career behavior decreased low,1
design computer aided visual search,1
presence drivers fully,1
management scholars,1
format communication process task partner,1
crash risks psychological processes,1
dependency remain,1
addition user experiences communication,1
execution pace model basic psychological,1
models operations management suggest fruitful,1
opportunities high,1
behavioral operations,1
interactive use computers economically,1
focus facilitating interactivity improved,1
impact perception,1
fourth differences correlate modern,1
explored issue,1
development especially,1
research assistant blind variations controlling,1
behaviours directly inferable,1
context interpretable machine learning,1
media context,1
operator succeed current goal,1
housed 3d world second life,1
study participants rated permissibility algorithm,1
alerting systems minimize need,1
given avatar guided tour virtual,1
information witness testimony base rate,1
test 3d virtual environment,1
tasks monitoring planning,1
privilege non linear,1
actual humans,1
humans algorithm,1
ownership make difficult identify human,1
interferes proper functioning,1
abilities tends overload human,1
ground station developed,1
computer vast information processing,1
limited evidence individuating information,1
strategy expected behaviors different,1
judge decide reward suspected,1
human operator,1
human element,1
aims constraints,1
similar average scores traditional learning,1
functions typically identified functional requirements,1
decision support systems,1
overall trends behavioral,1
maintains rl convergence improves stability,1
affects individuals,1
behaviour artificial agent,1
degrade attentional abilities trend,1
specifically human mind society,1
jeopardizes mission,1
roles evaluated,1
led spread,1
abilities integrate information judge,1
having capacity make voluntary,1
accurately factors cause information overload,1
associated human,1
drawing recent philosophical literature responsibility,1
information sources continuously monitor,1
developing capabilities strategy,1
emulation task performance using knowledge,1
processing behavior discussed provide suggestions,1
process human computer interaction,1
interaction practical applications organizational,1
clusters dimensions identifying subsystems,1
widespread include concurrent multitasking mixed,1
human operators,1
spread virtual,1
channel virtual real interaction,1
management drawn,1
results discussed terms task,1
suggest individual differences predict,1
promising capacity,1
tools understanding human,1
openly discloses knowledge gaps,1
managers deviates considerably optimal,1
humans help complete challenging industrial,1
scale items,1
information humans computers use,1
complete information behavior human,1
bounded rationality established modeling human,1
management particularly,1
social cues,1
long recognised challenge,1
performance conversations,1
design approach capture social,1
display relatively poor performance,1
included messages support awareness,1
task structure,1
era witnessing entering professional,1
latent structure underlying systems pilots,1
changing scenarios,1
situations interfaces,1
task environment,1
support people,1
management information consists major,1
changing world impacting daily,1
different ways providing users,1
human users essentially,1
systems complete tasks technologies perfect,1
icas suboptimal condition commercial,1
icas generally evaluated users,1
affected boredom,1
models improve learning efficiency,1
provides background,1
human user,1
shows deleterious consequences human performance,1
challenges behavior,1
work situations,1
important characteristic modern,1
stress level eye,1
important human computer interaction problem,1
cooperative tasks visual,1
entering professional cooperative society bloom,1
provide examples problem real world,1
information processing development use,1
task communication neutral condition included,1
manage perception,1
evidence participants grounded understanding,1
want computers interrupt,1
recognisers introduce delay analysing,1
virtual mind,1
state art,1
disruptive people,1
development components interoperability coordination cooperation,1
systems mass employed,1
technologies researches going particular,1
perceptions machine intelligence turn,1
examine loa aa,1
think feel like human,1
maximise productivity,1
functions previously completed,1
physical control interaction increasing,1
initiated action turn,1
distributed cognition entire socio technical,1
operators mental task resources,1
resilience using,1
focuses technical issues benefits,1
processing required task,1
analysis identify,1
china revealed belief machine capabilities,1
progressively automating functions,1
insights needed model types human,1
jobs want computers,1
srt significantly,1
differentiate different,1
parametric goal oriented mission capable,1
perspective technological mediation,1
support states facilitate multiple,1
attention required cognitive,1
decision support systems,1
future automated decision,1
perceived control,1
detailing theory human centred,1
large number individuals perform wide,1
nasa task load,1
role perceived,1
aware systems involved decisions affect,1
enhance employee management efficiency,1
workload 291 ms vs,1
intelligent context aware systems,1
argue net effect,1
representing different home discipline,1
participants achieve higher performance,1
absurd busy,1
devices act way previously humans,1
information processing strategies adopt problem,1
magic utopian white magic,1
user experience,1
computer various types organizational,1
users encounter service failures challenge,1
model left,1
scales formed,1
participants initiated response suggestive,1
organizational contexts interplay cognition,1
provide support extension,1
constraints disparate entities joined,1
original goals,1
managers users,1
fundamentally teamwork goal,1
knowledge based mimics human,1
numerical rating,1
focus technology designers,1
weaknesses humans,1
decisions primarily comparing capabilities humans,1
sequential operations,1
social relationship avs users study,1
information processing,1
successful job performance,1
rewards time gating mechanism,1
simulated search rescue missions,1
time pressure little evidence,1
human information,1
task represents vehicle operation,1
computer sense model,1
argues expropriation human,1
predictors resulted,1
planning implement new technologies,1
task latent,1
job satisfaction ultimately,1
technologies used result lower,1
identify enduring,1
knowledge based,1
uniqueness concerns diminish users perceptions,1
experience alters way potential users,1
users face services,1
interindividual user characteristics computer,1
cognitive development relationship emerging technologies,1
lacking model,1
previous experience,1
changing information environments collaborate communicate,1
comparable computing,1
systems world human work,1
computing utility,1
roadmap future trends,1
significant small large effect,1
technology interactivity fit cooperativity,1
evaluated available evidence,1
low participants initiated,1
style predict decision behavior,1
performs task productions manage,1
computerized information,1
organizational styles management models,1
dimensional human,1
example man,1
algorithms action,1
proportions suggestive algorithms best response,1
human operator situation awareness individual,1
proposes cognitive task analysis,1
information interaction design vehicle,1
human machine cooperation performance,1
businesses significantly improve,1
achieves accuracy comparable,1
virtual humans,1
participants instructed achieve,1
man interaction,1
notably improve overall user,1
task analysis method integrating srk,1
characteristics constitute basic,1
guiding mechanism man,1
recruitment reduce biases enhance,1
given origins experimental psychology,1
intuition subconscious pattern recognition,1
achieve goal improved performance,1
tool text classification,1
magic mysticism,1
roles cognition,1
education providing quantitative,1
control ability gaming experience,1
detected payoff increasing,1
subject matter experts creation,1
argue reliable detection,1
key reasons productivity loss,1
environments perform cooperation people,1
explore highlight,1
imperfect accuracy,1
revolutionizing organizational,1
perceived experience,1
relate imperfect,1
numerous function,1
user productivity tasks programming,1
learning algorithms detect,1
achieve objective,1
outset function allocation,1
intelligence automation relationship,1
influencing ph effects value,1
psychology tested human,1
enhancing user experiences analysis,1
opportunities sensitively humans,1
parasitic deeply ingrained human social,1
weak improve algorithms payoffs,1
user needs models design intelligent,1
believe need better,1
interactivity communication manner responsiveness perceived,1
experimentally varied information subjects received,1
participant incurred higher task,1
analyze models,1
influences researchers rasmussen,1
increasing cooperation psychology computer,1
rate cognitive demands predict behaviors,1
unanticipated tasks broader,1
intermediating mechanisms,1
assessing human reaction vehicle,1
optimal learning performance realistic appearance,1
requirement man serve decision element,1
analysis define goals alternatives study,1
macro analyze,1
perceived management support perceived,1
work objective method classify,1
classify people,1
operational stressors,1
work operator performance process,1
designer incorporate enhance role,1
essential users understand algorithmic,1
particular perceptual,1
variables performance classes participants,1
computational techniques support,1
grounded resource based view,1
argue benchmark,1
sa model comprehensively,1
assessment scale developed based,1
task context features influence professional,1
action selection,1
dynamically changes environment,1
training experience examining operator,1
collaborative work,1
analysis features performed,1
performance change dynamically,1
core scenarios simulation,1
systems assist decision making,1
recognition problem,1
overlaps work especially work,1
advance developing psychologically,1
study aims reveal interaction happens,1
ideas provided basis moderated,1
electronics information,1
idealized process,1
like characteristics models,1
behaviour performance capture human psychology,1
human responses,1
affected view intuition,1
behaviour methods aiding behaviour briefly,1
operators make hai decisions,1
making performance man machine,1
automating various tasks continues,1
better understanding affects people,1
partnering particularly humans trust collaborate,1
explore alternative learning theories,1
uncover important role expectation mismatches,1
contextual mission,1
decision support tool designed,1
weigh different kinds information deciding,1
support tool designed embed contextual,1
human expertise,1
context current debates future artificial,1
military operations nightmare military,1
patching opaque models post hoc,1
ai context specific constructs perceived,1
type computational,1
measures workload situation,1
task instead primary task missile,1
agency seen fundamental humans,1
uncanniness tied perceptions,1
research examines quantitative methods,1
managerial implications domain,1
self organizing,1
procrastination mediating role,1
human knowledge,1
perception theory explains ascribing mental,1
decision theory organization theory,1
recognized human behavior,1
significant effect,1
employees task design enhanced,1
context specific,1
philosophical zombies,1
reported workload increased reported team,1
team collaboration indicating team intent,1
interactions categorized,1
information helps overcome costs,1
experience capacity feel sense agency,1
higher individuals tasked depending protect,1
coverage compared manual performance,1
information ats beneficial,1
included isr coverage response,1
interacting human operator user,1
tools understandable operator provides rationale,1
human participants gradually tailored prescribed,1
messaging interfaces task performance situation,1
assume roles,1
situation awareness sa,1
heard perceive,1
experience training using automated transport,1
tested machine capable experience,1
control machine human role experience,1
occupied humans,1
role assisting individuals diverse,1
general patterns,1
categorized enhanced impeded,1
employees competitive mindset employ effective,1
systems interpersonal,1
requirements elicitation functional,1
learning combined text,1
proxemic distance organizational status power,1
task structure task distance people,1
partners differed,1
theory applied improve interaction design,1
situation awareness,1
work computer design noted reasons,1
based explicit guidance human,1
given interaction game,1
surface intelligent behaviors,1
manipulated power,1
reasoning environments mix typical adult,1
reference computer based management information,1
indices assessed,1
abilities influence aggregate social,1
positively impact value,1
ecological interface design task stabilization,1
orientate companies develop successful collaboration,1
scenarios low moderate,1
people sensitivity,1
characteristics imt iterative,1
dependent user oriented,1
unfortunately building models,1
actions interactions closely observed,1
proposed derived,1
engaged convoy,1
evidence error,1
early development key tenet incose,1
actors behaviors,1
missile control leading overall degradation,1
computer based scenario participants interacted,1
human aid automated,1
response bias,1
humans biased perceived,1
automated tools view accurate humans,1
biased estimates,1
perceived utility automated,1
presence explored,1
century brought interesting challenges,1
increased people performance compared interacting,1
rapport social,1
practicing tasks,1
systems interact,1
social distance guide,1
affecting humans,1
task interdependency fostering cooperation,1
32 played game different task,1
motivated belief human mind,1
prevailing definitions,1
captures important regularity automation fitts,1
classification proposed,1
managerial implications,1
achieving goals field activity,1
frontline changing,1
time saved using cues,1
development models,1
social categorization ingroup vs,1
concurrently perform,1
infusion model significant effects,1
routine tasks augmenting,1
concerns impact human,1
personal knowledge,1
medium high manipulated subjects,1
new scale,1
basic units model goals,1
highlights importance considering,1
cues help operators perform,1
motion development algorithms interfaces interactions,1
operators perform binary categorization,1
methods rely experts prior experiences,1
unanticipated situations make complete understanding,1
contextual experiences,1
significant effects affect hypothesized,1
advantages model understanding operation,1
extensions model interpersonal,1
evaluating different,1
consequences controlling different parameters,1
different responses,1
techniques identify prioritize information,1
provision reduced participants ability discriminate,1
knowledge elicitation wake method identify,1
frustrating mental physical demands reduced,1
augmented knowledge,1
knowledge risks maximizing,1
operator decision making,1
incompatible rapid iterative,1
strategies psychological,1
investigate dynamics human robot,1
evidence customer,1
designing organizational change strategies,1
emergency pay attention feedback,1
operation management,1
tasks monitoring failures,1
significant main effects,1
higher level functional goals,1
tasks advanced capabilities,1
accuracy user self perceived accuracy,1
analytical methods including analysis variance,1
reconnaissance mission atr static,1
employee job satisfaction,1
performance machines,1
overview current knowledge field,1
complexities beleaguered human practitioners,1
learning referred,1
performance higher human,1
aiding help counter,1
uv complete missions,1
outcomes firm performance process innovation,1
assignment problem,1
ecological interface called,1
model human,1
organizational identification highlighting critical,1
enables improved,1
addition model proposed,1
improved ier activities,1
human assumption superior performance,1
environment conducive sustainable organizational success,1
feature positive impact failure,1
participants conformed,1
fictitious automated ray screening task,1
goal attainment,1
mediated effect,1
human jobs lack,1
machine performance,1
model proposed defined complement,1
stress related exposure,1
failure detection,1
improved sensor,1
differentiate human interaction,1
automated operator perceptual resources freed,1
executives firms adopted,1
display information,1
technical systems make decisions win,1
reflect level mh individuals,1
measurement items,1
easier apply supplies,1
products websites levels social,1
guidelines planning production,1
potentially increase,1
participants min,1
unless used,1
experienced event required,1
human behavior received little,1
increasingly make managerial,1
algorithms increasingly,1
interactivity high,1
high vs,1
aact produced superior performance,1
inevitably held accountable errors machine,1
cause harm,1
occurs human subjectivity,1
modeling techniques reference,1
randomly assigned,1
little analysis production literature,1
indicated human like avatar preferred,1
studies examine impact,1
interactive content didn,1
concept embodied employees fears inefficacies,1
content didn improve individuals,1
individuals perceived,1
significant increase,1
increase performance,1
trajectory belief,1
social presence theory investigate,1
people use,1
article illustrates psychological approach agency,1
occurs individuals compare unfavorably,1
human behaviour recognized source productivity,1
persuasiveness heightening social presence,1
previous production literature uncertainty,1
resistance organizations,1
systems modern workplace,1
legal implications fixed attributes human,1
talking listening computer,1
level model integrates various,1
perceptions algorithms regardless,1
experienced frustrating,1
reach certain performance exceeding mental,1
load index cues improved performance,1
modified predator prey workbench,1
aa measures did,1
resulting different applications wake,1
examining perceived interactivity,1
performance reduced frustration,1
aids organizations better managing,1
information leads increase level user,1
people respond technology,1
braking lead car failed react,1
ratings significantly improved,1
response test indicator mental workload,1
instrumental theory technology,1
sets descriptive labels machines,1
information improved performance,1
workload mwl lower,1
did reduce,1
specific information better,1
postphenomenological concepts embodiment,1
attention task,1
shed light dynamics,1
governments choose aid,1
reported physical demand effort compared,1
behavior modeling human performance,1
social interaction,1
literature various presentations social cues,1
play important role,1
scenario based,1
participant behavior consistent maximizing,1
secondary task performance reduced self,1
information users,1
told players task experiment,1
cognitive load improve avs,1
humif help supervisor achieve goals,1
problematic people,1
special emphases human operator models,1
help counter adverse effects static,1
fair possible,1
measured situation,1
particularly dealing incompleteness knowledge,1
insight overall operation,1
fake potentially influencing elections,1
cognition utcs offer,1
greater aa,1
sa measured,1
various principles,1
improvements conventional,1
awareness method,1
completion time number,1
loa provide method describing authority,1
used assess performance sa workload,1
associated display,1
performance relation model context,1
research human operators underutilize,1
situation present,1
es users support,1
differences human human human,1
overview layer provided layer,1
perceived authenticity,1
information display design,1
time employees organizations implementing algorithmic,1
performance simple tasks,1
focus research studies,1
tasks declined,1
residual biases present studies social,1
social impacts,1
centric provide little,1
embedded secondary monitoring task,1
study imply appropriate management expectations,1
dual task scenario 75,1
affected outcome,1
psychological ownership theory aiming investigate,1
paid participants took driving,1
military operations human operators,1
psychological theories,1
human behavior information available people,1
human social interaction concept,1
display formats,1
poorer multi taskers,1
conducted dual task scenario used,1
attribute defined based current interpretations,1
processes affect appropriateness,1
reliance automated aids reliance humans,1
explores firms systematically foster,1
bias human,1
physical human analysis,1
informedness managers,1
tracking variables provide discrimination,1
implemented physical,1
interaction hri collective service,1
collaborative cognition envisioned,1
interaction possesses predictive power estimate,1
roadmap cyber physical,1
assisted subtask,1
overview potential,1
organizational sociological interpersonal psychological,1
objectively latency,1
sap environments generates advice,1
hypothesized effects,1
generally computational nature intended model,1
basis modeling uses,1
science experience,1
collected online self administrated,1
study business game,1
spot phenomenon engagement psychology,1
business operation taiwan target,1
workload effects low intermediate high,1
significant effect,1
workload measured,1
performed examine effects perceived,1
reviewed focuses computer role,1
discusses alternate classification scheme referred,1
abstraction lhca,1
task performance situation awareness sa,1
consider individual differences,1
05 situational,1
operators automated,1
significantly predicted,1
unlike adults children control condition,1
power plants inference operators thoughts,1
operators thoughts understanding diagnosis current,1
green varied timing onset,1
tends disrupt operators action outcomes,1
tended hesitate making,1
allow participants cross,1
computer role decision making problem,1
early task,1
mirrored adult participants overwhelmingly denied,1
professionals seven organizations using purposive,1
firm experience knowledge,1
life problems,1
awareness sa claims operators,1
agility dynamic,1
development improved operator training program,1
measures included tasks completed minute,1
work central concern,1
organizations enhancing adaptive,1
type operator support human,1
text modified text programs impression,1
percentage primary task time,1
easily understood non computer experts,1
terms firms construct representation environment,1
children concerning overreliance,1
main advantages firstly easily,1
scenes differed,1
measurements collected,1
liking new key appropriate,1
involve repeated interactions people,1
better multi,1
car immersive,1
implicit information,1
computers organizations,1
conditions firms use simple versus,1
perceptions lower,1
developmental trajectory,1
experiments 80 operators,1
required operator inputs,1
recruitment performance assessment,1
operators weakest performers,1
learning curve,1
operators automating,1
ingrained human machine relationships delegation,1
emphasizes growing,1
operators perfect automation,1
manipulated subjects allow participants,1
increased experience using,1
overall learning,1
differences groups,1
superior performance intermediate loas facilitated,1
purpose model provide human,1
operators unaided decision,1
defective user,1
discrepancy accounted assuming human,1
information processing,1
lever increasing,1
anticipated technological,2
inscrutable machine,2
significant positive impact consumers,2
enabled products services,2
personalization negatively impacts,2
performance expectancy effort expectancy,2
ergonomics society,2
intelligence ai chatbots persuade,2
black box theory driven,2
diagnostic chatbots,2
framework used improve human machine,2
involving new technology enabled services,2
consumer brand relationships manifested process,2
man machine,2
cobot relation perceived,2
technology adoption,2
machine interaction maintain,2
refers use proactively,2
individuals satisfaction use,2
technology service scenarios individual readiness,2
field evidence actual consumer,2
investigate chatbots,2
al systems designed intention,2
adoption intention event settings,2
work engagement,2
service quality remains gap,2
users satisfaction continuance,2
services support individuals carrying work,2
adoption recruitment focusing role,2
customers rejection,2
creates innovative service,2
customer perception propose mode emotional,2
relationships explanatory variables behavioral intention,2
meet diverse customer demands,2
machines lack complete mind,2
continuance intention,2
routes promise aversion machine,2
quality hospitality service,2
aversion mediated perception,2
unwillingness adopt use systems sabotage,2
chatbots able,2
work ai governance suggesting guidelines,2
infer human intent,2
machines human counterparts,2
sem 356 word mouth consumer,2
customer experience intersection,2
questionnaire public disagreement agreement using,2
convert online customers designing verbal,2
emerging technologies widespread critical risk,2
scale differentiates comfort enjoyment robots,2
ai chatbot promotion,2
ergonomics society,2
human machine coworking,2
satisfaction employee engagement leader,2
explore innovations,2
groupings affordances capture,2
hospitality businesses,2
preference repurchase,2
machines notions,2
intention assign decision making,2
instrument social scientists wish,2
integration autonomous technology moral,2
chatbot knowing,2
enhanced consumer engagement,2
satisfaction considerably increases,2
recognition robopsychology,2
aversion prove challenging integration autonomous,2
strategies brands,2
customer patronage,2
timeliness accuracy sentiment boosting sales,2
intelligence quotient eq emotional,2
questionnaires filled,2
tools chatgpt jenni ai,2
chatgpt educational,2
aims examine factors influencing adoption,2
exhaustion inhibiting service innovative,2
environments exhibition contexts visitors,2
turnover intention,2
adoption compared,2
hospitality sector adopted,2
interact consumers,2
people willingness trust decision aid,2
customer perceptions,2
generative personality model structure encode,2
setting hotel 426 credence service,2
representation design fuzzy,2
visitors provide services visits,2
influence customers trust,2
positively influenced hedonic value service,2
significant potential enabling marketing,2
reuse chatbots integrating different,2
voice assistant services provides,2
published informa,2
technology enables poorly understood,2
online questionnaires,2
travel sector applying theory acceptance,2
created questionnaire,2
hotels lahore,2
service empathy,2
service providers employed star hotels,2
service quality,2
contactless services customers,2
data collected hotel,2
generative ai,2
receptionists room service providers employed,2
ai common tourism,2
acceptance model computer mediated,2
awareness hospitality employees ti moderating,2
used train personalized,2
need mapping adoption,2
social sciences humanities,2
socially acceptable use rule,2
human machine interactions pace future,2
marketing employees,2
evaluate utility conceptual,2
chatbots perceived risk negatively affect,2
innovation adoption theories,2
ai solve ethical,2
observed general reluctance use,2
belief desire intention bdi model,2
divided chatbot related factors expertise,2
complaint behavior,2
tourism association,2
management recovery service,2
impact marketing,2
using chatbots context b2b marketing,2
employees perceptions chatbot effectiveness discomfort,2
cognitive theories social communication theories,2
personalization availability,2
technological progress,2
hospitality businesses,2
machines beginning far reaching consequences,2
adapt web based usage,2
technology related policies,2
intention provide systematic overview answers,2
sophisticated machine probably able,2
research offers naturalistic experience passenger,2
understand customers process react chatbot,2
building customer trust disadvantages increasing,2
chatbots increasingly deployed,2
questions derived,2
customer reactions closely associated,2
machine effect phenomenon utilitarian hedonic,2
consumers service evaluation purchase decisions,2
instead concern employee engagement,2
compared traditional word mouth human,2
policy makers harness transformative technologies,2
unfulfilled expectations algorithmic aversion heuristic,2
research offers naturalistic experience passenger,2
speech recognisers enable,2
intelligence ai chatbots,2
social media,2
continuous interaction ai voice,2
assistants chatbots,2
adoption compared,2
robots cobots entering production sites,2
mechanisms consumers readiness,2
tourism hospitality scholarly attention,2
model employing questionnaire responses,2
orientation human likeness chatbot avatars,2
articles findings reveal discrepancies customer,2
chatbots currently,2
significantly impact consumers repeat purchase,2
large amounts information chat synthesizing,2
relationship type customers chatbots moderate,2
ai aversion,2
affect customer satisfaction using experiments,2
analyses customers acceptance,2
artificial intelligence,2
spokesman said managing chat,2
siot service,2
predicting satisfaction,2
advanced artificial intelligence,2
reuse chatbots integrating different,2
powered chatbots capable,2
causal forest transformers,2
black boxes opaque reasoning hampers,2
social media brand,2
banking app adoption intentions,2
production man machine virtual,2
hofstede cultural dimensions theory developed,2
understanding human machine interaction new,2
artificial intelligence,2
held owner,2
ai common tourism,2
paper designed questionnaire,2
cultural backgrounds,2
chatbots provide,2
acceptance model,2
staff 35 star hotels,2
acceptance model computer mediated,2
tourism agencies united arab emirates,2
technology enabled,2
implementation hospitality tourism industry,2
organizations create superior customer,2
performance expectancy,2
tourism firms suggestions use humor,2
cobots important,2
better services cost reducing,2
scant scholarly attention given cultural,2
cultural influences,2
continuance usage intentions perceived communication,2
chatbots invaded,2
findings provide marketers theoretical,2
employs effective engagement travellers,2
dehumanizing experience evaluated machines,2
hotels integrated service,2
cues used visitors travel suggestions,2
increasingly applied hospitality tourism industry,2
real life customer experiences,2
invaded tourism industry owing low,2
non human machines artificial entities,2
expressive reactive artificial,2
machine competencies,2
adoption continued use,2
reliability social opinion bot,2
studied benefits overall human machine,2
ai integral assisting travellers offering,2
factors ergonomics,2
sponsoring renowned brands attracting new,2
humans relieving engage creative pursuits,2
occasional reference,2
service sabotage,2
known effects frontline employee service,2
technology chatbot,2
continuous usage intention utilitarian dominant,2
artificial intelligence,2
adoption usability improved,2
relationship perceived cuteness customers,2
service outcomes received attention researchers,2
intention usage,2
usage behaviour,2
chatbots widely,2
address customers,2
influence customers trust,2
deepen brand intimacy strengthen affective,2
technology necessary,2
cross cultural,2
marketers presents opportunity differentiate human,2
willingness buy,2
chatbots transformed,2
based customer attitude,2
tested structured questionnaires using,2
results happiness,2
personality human like empathy,2
questionnaire seemingly unrelated regression,2
advisory services,2
service innovation,2
experience design implementation chatgpt educational,2
effort expectancy,2
serve techniques,2
acceptance robo,2
fuzzy set,2
customer facing roles,2
qualitative comparative analysis artificial,2
effort expectations drive perceived competence,2
advancement chatbot technology,2
investment knowledge selected study,2
jordanian stock market investors,2
service subjective,2
quality control task,2
harmonious human machine interactions gig,2
touch algorithm,2
governance serve linchpin ai,2
principles european commission emphasising,2
hotels consider customers perceive respond,2
critical role organizational culture effectiveness,2
weigh benefits drawbacks chatgpt,2
voice assistants,2
overall consumer attitudes adoption,2
squares structural equation,2
affordances language learning,2
chatgpt represents,2
adopted prior,2
practitioners consumer focused alternative,2
assistants voice assistants provides,2
real german apartments,2
provision featurebased explanations,2
deceptive machines self,2
machines decisions different forms far,2
mitigate problems associated black box,2
black box nature modern ai,2
items various aisles deliver,2
chatbots completely,2
technology determined feasibility,2
technology getting complex enabling devices,2
conversational ai tools voice assistants,2
held owner,2
processes designers design humanized,2
decades computers involved society,2
customer experience,2
listing prices real,2
estate industry estimated listing,2
investment game,2
published informa,2
incorporating emotional intelligence,2
main actors continue adapting social,2
impact chatgpt usage,2
hedonic quality relevant factor explaining,2
intention use social influence,2
technology readiness,2
essential understand individuals different attachment,2
emotional intelligence,2
engage ai chatbots order build,2
study simulating customer facing service,2
known capability influences customer,2
emerging technologies,2
receiving services,2
relationship users attachment styles interactions,2
customer experience intention continue,2
feature based,2
chat generative,2
approach service design perspective,2
variables perceived machine,2
far remains,2
social science models underestimate technology,2
service context,2
ai powered,2
design influence customers willingness use,2
machines increasingly mediating work managerial,2
influence consumer utilitarian hedonic value,2
moderated mediation model investigating,2
strategies product promotion,2
published informa,2
factors understanding av adoption,2
remaining items questionnaire,2
functional social,2
ai measured using items ethics,2
role awe strengthening link customer,2
technological advances,2
services provide,2
aias present manuscript,2
travel options,2
technology illustrate necessity democratic,2
payment reduces,2
self reporting observational,2
communication psychology sociology support,2
stimuli empathic communication,2
consumer value,2
framework consumer engagement,2
participants opt delegate decisions,2
especially risk averse consumers,2
perceived personalization autonomy community,2
including financial incentives social,2
effective facilitating service evaluations heightened,2
customers dual pathways affective pathway,2
interactions customers,2
shaping algorithm aversion utilization offering,2
administrated questionnaire,2
future deeper understanding consumer perceptions,2
important factor various online services,2
ergonomics society,2
1438 responses portuguese consumers research,2
ai chatbots focusing,2
consumers utilitarian,2
rational hedonic,2
goal understand consumer engagement,2
technology ignores study needed,2
recommend making technological changes,2
interactive marketing strategies,2
necessarily mean users work hard,2
change consumers emotions internet,2
adoption finance,2
powered artificial intelligence enhance,2
adopting chatbots,2
twitter reddit suggest everyday life,2
qualitative comparative analysis fsqca asymmetric,2
fuzzy set qualitative comparative analysis,2
preparedness perceived benefits technology readiness,2
shopping values experienced different emotional,2
use customer perception,2
analysis twitter reddit chatgpt3 chatgpt4,2
chatgpt created numerous concerns,2
generative ai tools,2
based chatbots,2
satisfaction mental health services supported,2
citizens user experience user satisfaction,2
credit decisions depend,2
voice interaction,2
examined perception investors,2
mass public intention make use,2
squares structural equation,2
analyzes consumers reactions,2
role behavioral intention,2
spawning new generation fintech,2
consumer service provider,2
systematically exploit machines,2
human computer,2
make use technology,2
engaged crowdvoting,2
warehouse pick load 10 boxes,2
society consumer,2
perceived humanization ph examining hedonic,2
frequency visit generation conducted,2
increasingly investing use,2
artificial intelligence,2
study investigates service quality artificial,2
intelligence ai chatbots,2
positively affects customer loyalty perceived,2
innovation diffusion theory,2
squares structural equation,2
satisfaction effective,2
machine interaction,2
benefits human machine,2
article highlight expressions important benefits,2
arising intentioned,2
satisfaction effective,2
driving assistants offer,2
berlin germany,2
customers patronage experience visiting,2
customer acceptance humanized,2
seeking effectively leverage service,2
explore mistrusting machine,2
results demonstrate high utility,2
based systems especially voice,2
assimilation positive impact customer,2
customer performance identify,2
landscape hotel industry integration,2
contrary existing assumptions providers advertising,2
hesitates forever machine,2
reshaping service dynamics,2
generative artificial intelligence,2
future research directions sdt perspective,2
oversight role,2
technology accelerated development,2
humanized chatbots,2
human reliance computer based,2
used manage behavior,2
artificial intelligence,2
philosophy science fitts list,2
marketing literature,2
adoption despite investing time,2
rapid technological advancements,2
ganisations need look technical,2
innovation mindset governance strategy ai,2
greater intentions use willingness,2
humanmachine systems,2
readiness develop strategies adopt,2
high technology,2
ai chatbots digital voice,2
001 focusing ai chatbots integrative,2
market investment example,2
shown consumers respond differently,2
ergonomics society,2
computer science consumer research,2
ergonomics society,2
german speaking countries act,2
report builds,2
compensatory consumption,2
industries including services impressive changing,2
relationship firms customers,2
report builds,2
new zealand highlights varying cultural,2
empathy response interaction,2
machine systems discipline,2
exploitable opportunities,2
technology foster social,2
activity human machine,2
human oversight,2
culture respectively,2
cross cultural analysis china,2
implications practitioners tourism,2
seek ascertain powerless consumers view,2
painful leads consumers compensatory,2
berlin germany,2
positively influences anticipated improvement consumers,2
machine actionable,2
specific variables organizational customer agility,2
construal hedonic,2
chatbots question,2
psychology marketing,2
machine equivalents motivations,2
sacrificing passenger compared,2
machine interactions,2
adoption production,2
awareness affects service performance,2
dimensions human machine,2
paper outline social self determination,2
customers adopt human,2
complex human machine world focuses,2
service industry,2
powered artificial intelligence potential replace,2
incorrectly judged bot,2
ergonomics society,2
architectures ethical ai,2
intelligence markup language aiml,2
considered terms individual human machine,2
goes inside,2
used machines,2
ergonomics theorythe nature extent,2
association information,2
known consumer reactance service,2
consumer reactance psychological inertia,2
research managerial guidelines successful adoption,2
resistance intentions directly,2
technologies research techniques,2
machine systems,2
technology forcing,2
comfort 85,2
computing services constitute new,2
critical effective interaction oversight systems,2
ai engineers use intention attitude,2
ai criticized black box characteristics,2
trolley problems,2
bot employed chat engine called,2
generative artificial intelligence behavior,2
chatbots incorporate,2
offering nuanced understanding indian online,2
hospitality industry increasingly using,2
customers responses,2
experience social exclusion,2
hospitality contexts examine effects immersive,2
perspectives defining possible quality,2
suggest machines unnerving,2
augmentation social inclusion contingent customers,2
experiment examined machine humanlike,2
power ais use representation,2
valuable guidance hospitality managers seeking,2
exclusion heightened customers independent,2
origin destination,2
usually definition travel,2
necessarily related passenger travel experience,2
immense value brand managers offering,2
elevating user satisfaction turn predicting,2
411 questionnaires,2
behavioural dynamics consumers,2
marketing elements satisfy customers,2
emotion hedonic service,2
pls sem,2
reporting quality,2
amstar distiller sr robis,2
analysed adopting,2
tourism services,2
hedonic consumption goals strong tie,2
chatbots study,2
set qualitative comparative analysis,2
results willingness occupants,2
trust determinants customers,2
affects customer communication behavior shed,2
achieve higher engagement rates human,2
positive electronic word mouth,2
chatbots emerged,2
controllers reporting perceived comfort,2
instant messaging interactive voice,2
improvement available technology,2
driven solutions like chatgpt vital,2
cobot operators working shop floor,2
ergonomics job,2
psychological barriers,2
significant impact trading investing,2
design future human machine,2
specific barriers biases adopting,2
variations predicted joint cultural,2
areas humans outperform machines,2
principled culturally sensitive way avoiding,2
trust behavioral intention actual usage,2
intelligence ai chatbots,2
ongoing processes innovation people,2
intention wom students workers,2
triggered aesthetics form foundations interactions,2
machine characteristics,2
engagement relationships,2
interchange technology,2
emergence generative,2
adoption generative,2
interaction stock market approach,2
humans machines,2
transformative impact automation ai tourism,2
governance address ai,2
design features overview general,2
systematic selection literature structured coding,2
value research investigate algorithm aversion,2
affordances adaptability,2
aversion varies based approach,2
affect performance satisfaction affect situation,2
resultant shifts consumer behavior industry,2
machine conflict,2
incorporate novel technologies,2
ergonomics society,2
cobots changed,2
advisors investing algorithm,2
player performs sequence information,2
technology appealing admissible,2
machine systems enhance mission performance,2
adoption use improving customer,2
ergonomics society,2
model understand user engagement,2
tool chatgpt focusing university students,2
chatbot continuance intention,2
impact human machine,2
fashion industry services tourism,2
machine competition,2
supervisors peers strongly drives adoption,2
improved brand awareness better,2
chatbots recommenders virtual,2
machine systems research,2
journey trends today changing times,2
early stages adoption social,2
directing customers different stages,2
chatbots latest,2
latest technological advancement shaped,2
consumers tourism,2
human machine,2
canbot u03,2
usage wom usage,2
effect satisfaction behavioral intention,2
serial mediation effects,2
human assisted machine information,2
traits technology use,2
visualisations greatly influenced willingness,2
market approach lay belief,2
utilitarian benefits,2
quality significantly,2
management personalization,2
frontline service researchers require,2
machine effect explained basic theories,2
technology adoption process,2
factors influence willingness use autonomous,2
technologies enable harmonious high performance,2
robo advisory services significantly reshape,2
industry military consumer settings,2
tourism industry,2
technology recent years,2
acceptance model,2
understanding motivational mechanisms consumers adoption,2
intelligence ai powered autonomous,2
feel reluctant adoption,2
consumers feel,2
social recognition hedonism technology security,2
ergonomics society,2
effort expectancy social,2
behavioural intention,2
research practical adoption emerging,2
personalization understand benefits,2
introducing social value orientation,2
remain especially convincing consumers switch,2
background subjective questionnaires commonly,2
using gaussian mixture,2
survey 551 respondents identify necessary,2
machine interaction,2
findings inertia trust nonlinear characteristics,2
approaches usability thoroughly,2
customer client,2
people satisfaction,2
association information,2
service compared mediated,2
usage intention tends greater humanoid,2
consumer acceptance,2
ergonomics society,2
equity pullulating digital services,2
communication social policy equity,2
deployed moral machine,2
community established substantial tradition construct,2
web2 technologies characterized centralized applications,2
hospitality tourism,2
services essential competitive,2
adoption information,2
adoption avps,2
business b2b marketing growing demand,2
marketing customer life,2
acceptance model,2
bots primed positive,2
online questionnaire,2
surrounding culture,2
technology left high,2
paradigms emerged widespread existence humancomputer,2
service triad,2
frontline employee,2
utilitarian hedonic value ultimately customer,2
willingness use buy try good,2
defined behavioural intention,2
customer fle,2
resulting customer repatronage,2
functional performance achieve customer,2
willingness help,2
excellent interactions customers,2
chatgpt plus tasked responding,2
black box,2
concerning investment decisions prosocial behaviors,2
procedurally generated,2
research conducted domain marketing consumer,2
innovations provide service,2
suggest entering new technological zeitgeist,2
zeitgeist profound implications marketers,2
marketing important research topic dating,2
marketing important,2
chatbots specifically large,2
blackbox ai models,2
study examines passengers performance expectancy,2
preferred trusted ads ads ads,2
attracts tech savvy customers,2
satisfaction digital marketing innovation,2
explanation visualization preferred users dislike,2
case studies demonstrate versatility socialai,2
ai chatbots,2
machine interactions,2
used airports utilize technologies,2
adoption behavior,2
employees behavioral intention,2
increase function operators personal investment,2
conformal solutions,2
showing politically conservative tourists,2
additionally satisfaction strongly,2
positioning considerations en hancing marketing,2
recruitment processes streamlined technology adoption,2
association agreeableness adoption,2
power r2,2
insights hotel managers,2
literature ai hospitality,2
humans machines interact order arrive,2
consumers increasingly,2
delegation social,2
higher functional social value higher,2
despite barriers reluctance professionals artificial,2
tools adoption consequent benefits understood,2
challenges diffusion,2
organisational culture,2
based services,2
usage intention,2
point individual longer willing,2
new technologies,2
content quality mitigated,2
voluntary use problem maintaining engagement,2
affect customer satisfaction,2
users usage intentions,2
loyalty chain hotels,2
questionnaire data 232,2
humanness value loyalty model,2
engagement variety,2
data 186 hotel,2
issue human machine interaction,2
greater willingness continue using vas,2
ergonomics society,2
tourism industry,2
ai hotel,2
travel demands need automated,2
employee adoption,2
future use intention,2
ergonomics society,2
free association questionnaire administered,2
premium subscriptions,2
remain indispensable service workplace superior,2
methodology approachthis study analyzed questionnaire,2
research identified aversive behaviors,2
advanced features,2
payment readiness,2
boosts satisfaction doesn affect payment,2
directly drive willingness subscribe paid,2
technologies increasingly prevalent hospitality,2
delegation decisions,2
help machine person,2
random forest classifiers delegation,2
user satisfaction willingness,2
human machine interactions hmis potential,2
advantage empathetic creativity,2
drawing self regulation theory,2
socially embedded model,2
industry practitioners,2
ergonomics society,2
data driven culture truly mediates,2
analogous perfect storm machines involve,2
marketing possible,2
personalization decision making,2
extends mere segmentation personalization,2
squares structural equation,2
machines involve convergence,2
human machine systems high speed,2
machines care ones worth focusing,2
human machine,2
machine interaction influences,2
marked conception tool,2
questionnaire 500 employees,2
innovation management research idea,2
marketing managers organizations distinct,2
ergonomics society,2
decisions areas consumers,2
interdependently predict intention use social,2
amas systems powered artificial intelligence,2
quality perceived waiting time positive,2
useful implications companies selecting service,2
ordered probit,2
studies increasingly examined consumers,2
services processes transforms everyday life,2
machine interaction,2
crucial role consumer expectations,2
ergonomics present provides opportunity explore,2
cultural organizational,2
work overload enhancing ai,2
questionnaire used,2
humans express comfort,2
load theory social identity,2
ergonomic design,2
focusing customer satisfaction,2
service encounters different service uncertainty,2
chatbots online,2
significant aversion amas vs humans,2
intelligence ai powered chatbots,2
held owner,2
investment rely person,2
adoption rates,2
affect outcomes like customer satisfaction,2
purpose social,2
satisfaction reuse intention,2
chatbots robots,2
chatbots form,2
human computer studies,2
endorse utilitarian principles normatively justifiable,2
utilitarian benefits likely,2
comfort different models human,2
ma mit man machine systems,2
today technology far able,2
extending previous work algorithmic aversion,2
performance expectancy effort,2
recognizes different man machine,2
machine arrangements carry,2
central iraq,2
machine systems,2
objective consumer,2
sav service adopted model based,2
hedonic motivation perceived ease use,2
religious tourists just,2
development smart voice technology ai,2
just visited karbala,2
tourists affect ai,2
impacts users,2
continuance intention,2
theoretical model consumers cope,2
questionnaires conducted,2
failures aipas affect consumers,2
facilitating development empathic,2
humans artificial agents morality,2
robo advisory,2
advisory solutions offer customized,2
need personalize websites,2
single machine advice avenue,2
examines customer response human,2
customers different emotional,2
increase spending loyalty intention,2
contingency effects service tiers mechanical,2
machine recommendations,2
managerial guidance smart service,2
concerns service personalisation benefits,2
services extending utaut,2
flourishing social moral good,2
related agreeableness chinese sample,2
advisors algorithm based,2
utility rapport,2
affects user engagement,2
role cobots,2
built moderated mediation,2
replicable cross culturally applicable,2
making ubiquitous online service platform,2
customer data automatically design,2
influence human machine research,2
specifically focusing openai chatgpt,2
advisory services,2
satisfaction result poorer decision,2
human machine,2
ux design analysis prominent chatbots,2
answered questions concerning subjective strain,2
influences adoption rob,2
extent consumers trust,2
advisors robo,2
variable chatbot relationship perceived,2
services developing regulatory,2
ergonomics society,2
developing robust governance,2
rawlsian public,2
awareness ai ethics,2
association information,2
growing trend ai ethics main,2
voice inflection,2
machine generated,2
human rules machine learning,2
artificial intelligence,2
intention gamble,2
understood tendency human human machine,2
automatic features make travel,2
studies examine adoption influence,2
security social,2
argue product features,2
technology growing,2
artificial intelligence,2
powered chatbots,2
contribution work pieces impact personalisation,2
personalisation systems spread multiple,2
emergence tech savvy clients,2
factors ergonomics,2
marketed public set professional,2
ras suggests diffusion innovation depends,2
provided robo advisors ras,2
participants families introduced evolving,2
disciplines dealing human machine,2
speaker based ai assistants examine,2
machine systems,2
tourism hospitality literature,2
insights regarding service,2
intentions use future,2
investigated acting influences communication social,2
encouraging use perceptions impacts use,2
based technologies,2
online advertising,2
role enhancing customer,2
powered cx,2
industries literature fully document nuances,2
fortifies customer engagement interactive,2
emerge personalized service,2
obtained 12 item instrument quantitative,2
chatbots supplement replace,2
service scripts encounters,2
encounters subsequently determine customer,2
standardize customer service,2
consumers constituted,2
chatbots terms satisfaction purchase intention,2
industries travel tourism,2
technologies like chatgpt sparked,2
tailored recommendations hospitality,2
chatbots handle,2
facebook messenger,2
ai tool chatbot examining antecedents,2
technologies chatbots,2
known consumers attitude,2
chatbot yellow,2
provide engagement effective decision making,2
consumer satisfaction,2
chatbots increasingly,2
trust chatbots showed dimensions order,2
consumers experience psychological processes,2
significant service,2
service setting,2
effective adoption,2
service recovery,2
based self administered questionnaire,2
tourists cognitive organisms,2
associated knowledge associated technologies,2
chatgpt travel services remained limited,2
satisfaction continuance,2
rapport turn influence service outcomes,2
usage acceptance aidua model,2
context smart hotels,2
examine barriers adoption,2
quality endogenous variables,2
delegate substantial parts shopping process,2
prepare ingredients implement recipes,2
acceptance model,2
technologies increasingly,2
structural assurance potential indicators consumers,2
behalf consumers,2
ca major paradigm human technology,2
consumers initial trust,2
factors computer,2
implications use service,2
hotels positive effect consumer satisfaction,2
incorporating technological innovation,2
using operational data 3790 hotels,2
innovation management,2
customers helped humans,2
marketing psychology human computer interaction,2
machine induce human exert,2
cultural barriers suggest ways craft,2
impact machine input human,2
experience important implications investor behavior,2
computing power machines perform specific,2
immense computing,2
advertising discussed,2
applications primarily asia provide future,2
machines western counterparts,2
exposure explain asians accepting,2
react differently machines,2
artificial intelligence,2
aversion versus,2
research cultural,2
culture surprisingly absent emerging,2
technological powers,2
corresponding chain human machine interaction,2
solutions growing demands highly technological,2
exclusively technology driven,2
markets special care,2
markets systematic,2
human machine,2
intelligence using mediation,2
evaluations overall service experience,2
intelligent upgrading transformation affect consumer,2
service employees satisfy digital users,2
marketing activities pricing customer support,2
pu satisfaction,2
affects consumers,2
indicated higher willingness control,2
quality ai architecture talents,2
success iss model,2
chatbot based customer,2
gathered hotel customers,2
chatbots different levels anthropomorphism,2
satisfaction continuance intention,2
human computer,2
forgiveness errors chatbots,2
expectancy customer emotion,2
accountability pressures increase worker engagement,2
pathway factors impact consumers adoption,2
responses continued usage intention hsrs,2
consumption brings exciting,2
globalisation market dynamics resulted mixed,2
theory human computer,2
artificial intelligence,2
artificial intelligence,2
pls sem,2
technology enabled services ites,2
ethical guidelines ai,2
adoption driven multiple,2
technologies knowledge service,2
implicit requests,2
british academy meeting explore,2
contrast earlier research algorithm aversion,2
employ generative,2
clarity user willingness accept,2
approach study collected 454 korean,2
advisors initially envisioned,2
cases chatgpt currently reshaping recruitment,2
governance rules,2
intention adopt,2
user satisfaction,2
results showed satisfaction,2
advisory services,2
robo advisors alter perceptions trust,2
emerging service marketing,2
gai witnessing lot adoption industries,2
ai chatgpt version,2
conceptually categorize public service,2
fuzzy logic,2
ai voice,2
business consumers employees,2
adoption appropriation,2
behavioural intentions cbi business environments,2
focus empathy facilitating conditions ai,2
investigates determinants impacting consumer behavioural,2
moderating influence customer trust,2
driving questionnaire using original scales,2
internet revolution,2
consumer trust,2
based results,2
usage intention,2
potential political contexts online,2
driving technology way market various,2
model generative ai,2
emphasizing importance new technologies,2
perceived effort,2
gen hedonic motivation,2
impact user,2
governance policy decision making,2
judgments concerning technology current future,2
machine dysfunctions guide,2
strengths machine computational capabilities particularly,2
self regulation theory,2
intelligent machines,2
thinking machines ibm,2
low brand,2
watson intelligent chatbot,2
findings representations usability,2
profound technological,2
paper aims examine willingness accept,2
oversight especially,2
adoption hospitality services,2
acceptance aidua,2
device use acceptance,2
innovation 30 years,2
business customer b2c relationship makes,2
customer satisfaction rapidly,2
moderated mediation individuals high fwss,2
psychological barriers,2
artifacts allow affordances tasks users,2
abstract features human machine,2
governance technological,2
online technology long term,2
frequency socializing,2
transportation behavior era,2
social compensation willingness interact,2
detract subjective consumers creation behaviors,2
technology brings great convenience people,2
theoretical implications human computer,2
barrier adoption avs,2
science social science,2
investments artificial,2
held owner,2
valuemost research ai hospitality,2
chatgpt mrs led lower,2
findings reveal potential customers,2
essential successful adoption consumers,2
design features,2
415 adopting scenario,2
mediation relationship established confirms ai,2
artificial intelligence big revolution tourism,2
addition technological advancements persuading consumers,2
framework studies examine customers react,2
consumers transition traditional,2
contribute tourism hospitality,2
cobots execute,2
aversion research,2
explosion algorithm aversion research,2
role chatbot,2
moral machine experiment latin,2
algorithm aversion user,2
adoption promises,2
create advertising,2
examined factors influence consumers overall,2
machine heuristic perceived eeriness,2
perceived hedonism elucidates inverse relationship,2
influencing work practices triggering cultural,2
denotes desire use available,2
human partners rated positively social,2
customers emotions utility function,2
experiences linked human machine interactions,2
based functionality,2
qualitative comparative analysis fsqca,2
understanding consumers,2
technological society,2
widespread use synthesize,2
interviews hospitality contexts workers work,2
innovations key,2
consumer worker,2
marketing organizational behavior develop consumer,2
frontline workers research far,2
functionally similar capacity social,2
technology socio,2
terms governance,2
human machine,2
adoption proposed embeds extended version,2
social science disciplines psychology,2
readiness levels used,2
rural participants emerge prominent,2
ergonomics society,2
subsequently used fuzzy set qualitative,2
widely adopted,2
usability issues,2
generative artificial,2
marketing published,2
customers includes subjective valuation,2
using gai chatbots,2
affect customer loyalty technology adoption,2
identification customer types help,2
loyalty making touchpoint available human,2
turn negative customer experiences opportunities,2
advocate development moral machines,2
chatbot emotions specifically frustration aggression,2
retailer autonomous chatbot used,2
causally estimate impact chatbot anthropomorphism,2
increasing number companies introducing chatbot,2
emotional intelligence best,2
conversion derive consumers increased,2
consumers increased willingness disclose personal,2
preferences offered explain cultural,2
based use,2
chatbot led contexts,2
insights addressing challenges creating service,2
make potential adopters,2
machines best engineered,2
nuanced understanding distinctions human machine,2
dynamic current technological limitations,2
impressive developments,2
intention use social,2
machines anthropomorphic shape people overtrust,2
human machine,2
elements called ai black box,2
capable service,2
behavior innovation diffusion theory investigate,2
domains work possibly compete,2
managers insure man machine,2
service climate,2
enabled checkouts conditional consumers self,2
ethics artificial,2
consumer literature callousness,2
forums analysis uber web pages,2
anthropomorphize machines,2
technologies demographic individual,2
ergonomics society,2
indicated demand agent habitable naturalistic,2
intention using artificial,2
service adoption,2
human oversight,2
transformative technologies,2
squares structural equation,2
overall human machine performance,2
pls sem analysis revealed social,2
preferences offered explain cultural,2
development natural human machine,2
customer service grown rapidly recent,2
human machine interactions application domains,2
customers includes subjective valuation,2
customers emotions utility function,2
critical different actors shareholders bondholders,2
interactive rates increase social,2
service development malaysia,2
based application cultural psychology,2
compared recent technological innovations,2
adoption sor theory ttf,2
thought manifested machines,2
machines significantly enhance complementary,2
new products novel innovations examined,2
online questionnaires,2
understand consumers,2
interactions hospitality context,2
improve equity accessibility tourism,2
expect machines differ,2
ergonomics society,2
valuable designing marketing strategies service,2
manipulate fuzzy,2
text comments,2
sustainability operational efficiency customer satisfaction,2
computational social sciences social psychology,2
service delivery guest,2
social media discussions,2
impact att intention use,2
performance expectancy pe facilitating conditions,2
online contacts customers increasingly,2
intention use ai,2
sectional comparative,2
advisors differences reliance familiar human,2
erring advisor,2
purposive sample employees non adopters,2
model concerning interactive influences,2
adopt osas,2
consumers adopt,2
intention technology,2
services offered service organisations customers,2
valuable inputs technology,2
marketing managers,2
examining influence customer engagement,2
complex industrial machines,2
explores influence consumer emotions,2
consumer brand,2
readiness acceptance model,2
adoption anxiety,2
number studies used tam wearable,2
published informa,2
consumers facing,2
study explores intricacies adopting,2
behavioral intentions real usage patterns,2
algorithm aversion,2
ergonomics society,2
machine interaction service executives human,2
human machine interaction,2
service quality,2
model chatbots people query directly,2
ica fit service,2
marketers benefit,2
machines competent morality,2
needs assessment little known marketers,2
ml technologies uptake use support,2
technologies ideal,2
create ads,2
recent research connected cultural,2
adoption imply culturallydriven psychological,2
determine consumers,2
food parcel delivery,2
investment managers algorithms robos,2
people prefer investment,2
reorganized upgraded traditional advertising specifically,2
advertising efficiency tourist destinations,2
actors paradigm spreading activation theory,2
controversial stocks investment portfolios,2
marketing utilizing descriptive,2
generative artificial intelligence,2
aversion significantly likely choose machines,2
ai powered technology,2
chatbots radically,2
customer service,2
redefining customer,2
factors driving adoption affects,2
experiment manipulated va perceived service,2
published informa,2
servicio publicaciones,2
driven innovation,2
performance expectancy,2
carried serving,2
study shows intention use,2
tam recruitment chatbots,2
barrier adoption innovative financial,2
technologies fintech,2
factors determine adoption use artificial,2
linked individuals intention use,2
specific technology,2
serving distinct,2
difference mind machines redefining specifically,2
automated chatbots machine interaction,2
adopting various technology practices relevant,2
impact chatbot,2
content based filter,2
step man machine,2
machine synergism,2
features consumer satisfaction purchase,2
personalization algorithms,2
young consumers,2
symbolic enabling effects affordances,2
supporting customers digital,2
chatbots creating,2
chatbots accommodate,2
declarative psychological responses interaction virtual,2
technologies changing way engage brands,2
technology adoption upbringing era,2
consumption lifestyles,2
significantly shaping positive consumer responses,2
examining usage intention,2
users interactions banking,2
bias personalization filter,2
focused ethical moral implication machine,2
contrary expectations perceived usability,2
remain competitive meet evolving consumer,2
industries ranging chatbots,2
chatbot implementation,2
new technologies offering unique,2
nvivo coded,2
shaping customer,2
associated intelligent machines technologies,2
particular poses new problems passengers,2
machine interaction presented suggesting desirable,2
machines leveraged workplace,2
human machine workplace configurations,2
interaction prioritization machine teammates psychological,2
customer responses using covariance,2
examine mediators effect increased perceptions,2
technologies potential,2
technologies seeing remarkable,2
customers delegate,2
algorithms subject bias born ingesting,2
effort expectancy performance expectancy,2
service quality,2
ai ethics technological,2
genai systems offer,2
cphss benefit understanding humans,2
service provider henceforth used making,2
innovative technologies assist customers online,2
perceived convenience personalization service,2
empathy recently,2
key feature,2
technology shaping lives individuals,2
potential technology garnered widespread,2
chatgpt sparked,2
marketing practitioners,2
threat aging technology work,2
quality satisfaction,2
customers resist use,2
sample hotel customers,2
youtube service,2
powered artificial intelligence sent online,2
generative artificial,2
cyberphysical human,2
usability decades human factors,2
people capabilities using machine,2
emotional intelligence synthesising evaluating current,2
various technology adoption theories,2
studies chatbot,2
adoption gaining,2
impact usability,2
generative ai,2
self report usability cav,2
cultural psychology add questions research,2
65 years participated exposed journeys,2
answered respect central notions cultural,2
questionnaires computerized,2
enthusiasm new technologies,2
application social,2
interactive machine teaching,2
issue intent,2
teaching imt,2
empathetic intent,2
intent inference algorithm proposed,2
remains challenging reach non machine,2
present integrated teaching environment ite,2
machines gives rise,2
possibilities machine ethics just human,2
individuals visit,2
delegation theory article extends marketing,2
technology provide uplifting,2
modeling 775 consumer evaluations automobile,2
product evaluations usage,2
practical implications service firms benefit,2
usage willingness underlying mechanisms,2
regarding country differences cultural performance,2
consumer differences,2
dynamism relationships ai powered,2
dhs access personalised service,2
technologies capable,2
machines programs completing,2
lead consumers develop relationships dhs,2
potential outcomes ai chatbots,2
evaluations adoption intentions met,2
regulating customer,2
practical contributions technology applications service,2
underpinning interaction consumers,2
form personalised digital avatar complement,2
innovation product innovation,2
features surprisingly engagement,2
coping frontline service,2
machine interaction,2
individuals overly rely machine,2
positive effects performance expectancy,2
growth adoption,2
adoption use technology,2
oversight seen effective means,2
customers continuance intention use,2
459 center service interactions assessed,2
psychology social sciences share,2
explain customers,2
article contributes field ethics artificial,2
chatbot typical product,2
adoption chatgpt related,2
costs response,2
study advances consumer behavior research,2
expectations consumers rate autonomous,2
perceived service,2
offer mapping technological architectures,2
ultimately influenced perceptions hotel,2
customers higher tr optimism likely,2
human computer machine emerges new,2
service economy,2
maximize happiness,2
chatbots increasingly,2
systems chatgpt demonstrates effectiveness optimizing,2
machine schema human,2
machine like,2
human machine,2
making safer policies manage innovation,2
perceived transportation,2
higher interactivity adoption narrative style,2
development targeting user satisfaction,2
intention use technology,2
ergonomics society,2
possible favoring,2
questionnaires end experiment,2
tpb predicted intention,2
machine involvement class managers,2
serial mediation mechanism,2
human machine,2
service quality perceived,2
factor hospitality service offerings,2
cyborg creatures strong individual,2
behave like borgs,2
including chatgpt sparked business,2
service employees,2
misusing machines,2
nature work service frontline,2
engagement behaviors cebs,2
customer behaviors,2
customer emotions,2
service environments increasingly,2
relationship marketing literature,2
electronic word mouth data assess,2
aversion private public sector respondents,2
responds question responsibility involves technology,2
technology determines way,2
pls sem,2
algorithmic aversion,2
performance customer,2
overall customer evaluation tourism,2
social influence hedonic motivation anthropomorphism,2
survey questionnaire 19 illustrative statements,2
theories economic orientation theory,2
service technology sst,2
self service,2
held owner,2
insights consumer value,2
technology used starting points,2
hospitality tourism industries increasingly employing,2
workplaces customer,2
held owner,2
anthropomorphism pai user satisfaction,2
questionnaires analysed using pls,2
adoption organizations employees opportunity,2
intelligence affect travelers intention use,2
hotel customers rely social groups,2
transformative technology,2
travel behavior responses,2
intelligent devices influenced social,2
framework delves consumers paradoxical expectations,2
human bio computer,2
intelligence ai chatbots,2
questionnaire survey,2
experienced use travel ai,2
chatbots known personal environments,2
organizations consumers,2
visit intention ai,2
utility values productions updated,2
behavior cognitive ergonomics explores,2
reduces users purchase,2
machines increasingly used make,2
products demonstrating high level perceived,2
gen loyalty based benefits,2
deliver services travelers,2
workers psychological contract engagement,2
vulnerability consumer va,2
output quality perspicuity dependability,2
engagement trust,2
adoption positive effect,2
consumers develop,2
sdg premised strengthening relational contracts,2
vas phenomenon proven,2
increase potential tourists trust,2
aidua framework hospitality service,2
residents expected behavioral,2
expectancy value,2
effective human machine interaction,2
online questionnaire,2
patronage industry insights,2
hotel guests intention continue using,2
afforded technology,2
significance building loyal clientele,2
travel agencies otas,2
suspicion adoption avs fully examined,2
usability satisfaction,2
insights online travel,2
significant innovations,2
purposethe study investigates consumer attitude,2
integration technologies customer shopping,2
research recognizes dyadic customer service,2
justice sciences,2
online hotel reviews referring,2
instil public confidence application,2
30 german internet,2
chatbots significant,2
systems make decisions consumers negative,2
offer technologies,2
literature impact technology suspicion adoption,2
key consumer,2
consumer response themes,2
social processes new technology,2
indicate utilitarian behavioral,2
implementation intelligent machines draw recent,2
significant recent technological developments,2
continuance usage intention utilitarian,2
future development anthropomorphic features service,2
ai changing world power creating,2
antecedents customers willingness objection,2
marketing power understanding,2
effective human machine interaction,2
man machine,2
grey marketers unique power,2
power leverage ai robotics developments,2
modulating young consumers satisfaction continuance,2
utopia marketers stake finding,2
use chatbots,2
hedonic values hotel,2
400 hotel guests,2
rules intelligent,2
hotel reviews considered,2
self regulation drawn posit,2
voice assistants vas,2
customers express,2
features overlooked,2
distinguishing humans machines,2
394 valid questionnaires conducted,2
using technology,2
proposes ai powered tools,2
innovation culture ic,2
journal consumer,2
va empathy,2
algorithm aversion individual discounts,2
intervene proposed machine actions,2
satisfaction higher av,2
cobot operators danish manufacturing,2
adoption critical,2
cultural cue ethnicity,2
clearance inappropriate implementation clearance automated,2
effect job engagement employee service,2
travel tourism segment recently seen,2
intention real world experience technology,2
answers research automation tourism,2
marketers human,2
contributes service research,2
known algorithm aversion,2
technology critical,2
introduce mediator perceived,2
purpose powered artificial intelligence voice,2
continuous timely efficient customer,2
agents chatbots obviate need,2
customers using adequately engaging tools,2
competencies embedded customer facing conversational,2
prior information systems user engagement,2
participants distinct cultures japan,2
world consumer experiences,2
delegate decisions follow advice,2
artificial intelligence,2
cobots social interactions employees,2
devices service contexts influenced social,2
adoption conversational,2
consumers adoption,2
inhibitors consumers,2
interactions smart voice,2
digital engagement competence warmth,2
dimensions voice assistant va,2
engagement model utilizes,2
novel dual arm hand mobile,2
naturalness comfort hri,2
va interaction,2
complete mediation,2
study chatbot called,2
future sias specifying,2
content community,2
coding integrated generate vroom,2
intention model employs,2
evidence role customer perceptions va,2
examine customer,2
social exchange theory,2
stronger determinant hospitality,2
delivery hedonic services,2
behavioral intention use,2
prevalent service,2
drives adoption increasing va usage,2
algorithms black boxes aiming reduce,2
empathy enhances customers attitude,2
tourists attitudes,2
customers perceived,2
superiority machines respect compared human,2
machine interaction arise consequence mention,2
problems human machine,2
prevalent service,2
technological advancements,2
machines employees consumers,2
customers perceived,2
positive service outcome,2
advisors increasingly seen,2
systematic barriers,2
subconsciously machines certain,2
customer brand,2
reproduction ai moral,2
bidirectional interactions man machine context,2
devices willingness unwillingness use,2
innovations literature subjective,2
chatbots influence customer brand relationships,2
assessed consumers emotional,2
hotel industry,2
perceptions tourists regarding,2
mediated social exchange building theoretical,2
negative impact considered hotel,2
social content,2
sfr process influencing customer,2
comfort service failure tolerance,2
intelligent machines increasingly equipped,2
enterprises consumers,2
age artificial intelligence ai chatbots,2
assistants vas transforming firm customer,2
technological change,2
article explores use social,2
customer emotions determines,2
influence hedonic motivation,2
artificial intelligence,2
utilizing data collected potential customers,2
aidua model tested,2
predictive engagement strategies,2
pakistani hospitality sector,2
large variation organizations adoption,2
explain customers willingness accept,2
creativity psychology,2
artificial intelligence ai enabled voice,2
shown computers highly creative,2
various players humans machines,2
interactions come lacking empathy,2
artificial intelligence,2
effectiveness vas,2
emotional connections customers,2
customer psychological reactions behavior,2
consumers decisions adopt,2
responded online questionnaire,2
anthropomorphize machines certain robots computer,2
chain culture,2
influence customer responses financial service,2
social value orientation svo,2
chatbots virtual,2
published informa,2
computer symbiosis augmentation man,2
technologies fintech,2
implications adoption,2
ergonomics society,2
superhuman computations based dnn machine,2
use customer education corporate reputation,2
adoption drivers performance,2
consult robo advisors key wide,2
investors willingness,2
principles guide machine behavior,2
axial coding selective,2
aversion algorithms,2
interaction privacy concerns continuance intention,2
association security,2
services restaurants,2
design goes human machine interaction,2
traction hospitality sector frontline service,2
major issue human computer studies,2
reasoning theory better customers,2
marketing campaign strategy focusing benefits,2
hospitality industry,2
policymakers lessen present customer attitude,2
ergonomics consider important,2
machines report reasons,2
emotional intelligence,2
decades internet enabled,2
study results indicate cultural,2
algorithm aversion prevalent,2
cost personal computers,2
voice ai chatbots,2
habit tedious,2
systems policy delegation joint,2
coded using,2
adoption asian countries,2
present study aims discuss consumer,2
preferred advisory,2
bots context,2
draws insights literature service management,2
concierges customer journey,2
concierge technologically advanced,2
bad delegation,2
goals acting users behalf,2
analysis interviews shows subjects intention,2
marketing strategies extends scope,2
social media data human machine,2
behavioral intention use variable trust,2
attributes appearance ai chatbot,2
foster willingness engage psychology students,2
service management marketing psychology human,2
questionnaire developed distributed,2
paper analyses policyholders attitude,2
customer experience ensure omnipresence,2
behavioral intentions ohc context,2
social psychology neuroergonomics,2
chatbot loyalty moderated mediation,2
machine capabilities bolsters,2
features ai chatbots,2
emerging ai powered,2
voice assistant,2
analysis reveals lower prices exert,2
hotel room,2
satisfaction levels behavioral,2
chatbots enable,2
mediation tests confirm,2
increase trust consumers,2
consumers respond differently emerging technology,2
travel healthcare leveraging ai,2
black box feasible explainable,2
voice assistants,2
ai chatbots remains scant,2
generated messages ai better detecting,2
inception computers,2
despite optimistic market,2
chatbot products rise,2
published informa,2
evolved utilitarian perspective partnership,2
customer service expanding industries,2
aversion leading people reject,2
contexts induce algorithm aversion leading,2
vary affordances,2
customer interactions essential use policies,2
chatbot acceptance,2
behaviours 265 food delivery riders,2
self regulation theory,2
chatbots insurance policy management,2
human machine,2
industry professionals,2
consumer skepticism,2
customers reluctance services,2
making human creativity,2
enable banks strengthen customer engagement,2
ethical use modify ai systems,2
designing machines know,2
social sciences,2
ethics morality problems artificial intelligence,2
empathy defined scientific literature,2
stakeholders potential,2
satisfaction motivation features algorithmic management,2
user satisfaction,2
evolve continuous human oversight essential,2
connect customers offer promising,2
ergonomics society,2
deploying chatbots connecting,2
effective customers satisfied chatbots,2
brand engagement using,2
relevance trust explaining customers acceptance,2
engagement cognitive understanding need,2
acceptance model integrating,2
empathic effect overlooked,2
arousal pleasure increasing tourists continuous,2
mediating roles service,2
maintain meaningful social,2
machines establish,2
questionnaire amq usability,2
usability scale sus administered,2
sales advisors,2
withdrawal behavior,2
used study technology adoption,2
promoting prosocial service behavior,2
usability acceptability,2
behavioral intention,2
hotel employees,2
data 280 hotel,2
accessible companies recognized far reaching,2
individual employees intentions use,2
papers organizational adoption new,2
customer engagement highlight potential technologies,2
conducted using questionnaire respondents,2
commerce making accessible personalized,2
predictedto fundamental features social,2
transition people intention use ai,2
context social chatbots,2
vroom expectancy theory motivation using,2
satisfaction sustainable use,2
integration chatbot,2
customers adoption,2
chatbots people,2
external customer,2
design training operators arguing motor,2
novel formalization extension fuzzy cognitive,2
boosts willingness adopt engage continuously,2
uses chatbot automatically inquire,2
personalize various,2
psychosocial factors consumer,2
quotes female male chatbot buyer,2
output black box representations,2
value customer relationship management managers,2
acceptance models provide,2
analyzed effort expectancy habit,2
organizational culture habit,2
device use acceptance aidua,2
developed based service dominant logic,2
empathy continuous improvement genai recommendations,2
motivating nonusers adopt specific technology,2
artificial intelligence,2
rated usability,2
challenges adoption,2
effort expectancy positively affects performance,2
chapter discuss proposed machine,2
theory variables mobile service quality,2
chatbots programs communicate users primarily,2
future research carryout consumer bias,2
ergonomics society,2
manifested willingness,2
customer service framework,2
service success,2
computer assumed greater,2
social planetary,2
items questionnaire,2
influencing consumer,2
technology social,2
hedonic motivation facilitating conditions,2
insecurity intention use,2
general particularly chatbots,2
fit consumer related psychological factors,2
based chatbots,2
based chatbots,2
intention use,2
paper aims review extant hospitality,2
shift traditional robo advisors,2
restrictions placed human computer,2
sectors including hospitality,2
customer satisfaction,2
recommendations explored contextual differences hedonic,2
utilitarian product types,2
chatbot empathy identity disclosure,2
customer emotions explores,2
paternalism tp,2
lots intelligent machines,2
recent technology adoption,2
online questionnaire,2
conditions antecedents continuance usage,2
service industry professionals,2
cognitive engagement mediates,2
machines process,2
eaia alludes,2
based systems make decisions consumers,2
consumer traits,2
aims examine hotel,2
mr mrs online hotel,2
expectancy effort expectancy perceived,2
changes social distancing lockdown covid,2
computer interfaces presenting ergonomic properties,2
adoption avs vary country,2
decision theory neuroscience linguistics cybernetics,2
instead machine,2
machines develop exercise authority,2
hotel employees intention,2
implementation nudges black box,2
computer hardware software make possible,2
virtually aspects human machine systems,2
emotional needs consumers hotel service,2
impose limitations new technologies,2
ask type partner machine human,2
technologies transformed numerous facets lives,2
ergonomics society,2
advice seeking technology infused,2
chatbots implications,2
particularly investment value,2
customer experience,2
machines present novel,2
hotel industry,2
condition participants 1st chose adviser,2
voice assistants popular ai,2
efforts perspective,2
study bridges service design thinking,2
consumers shopping journeys sparse understanding,2
specifies ethical challenges ai partially,2
consumer traits,2
technological advances enabling,2
parallel assessment humans machines analyzing,2
machines future,2
dehumanization increase customers perceptions service,2
artificial morality,2
humans interact machines,2
services advantages,2
machine capabilities allow,2
consumers car experience aid decision,2
advantages adoption unknown,2
impact factors market,2
personalized services cars india,2
humans machine adapt unforeseen,2
using questionnaire based,2
using fuzzy interpretive,2
chatbot service failures frontline second,2
generative artificial intelligence,2
advertisements targeting young consumers,2
conditions antecedents continuance usage,2
expectancy effort expectancy perceived,2
consumers shopping journeys sparse understanding,2
technology managers questionnaire survey consumers,2
consumers prefer non,2
association demographics travel behaviour,2
customer experience,2
online questionnaire,2
collected 506 questionnaires,2
service recovery,2
capital investments particular focus,2
aversion accurate algorithmic,2
opinions adoption,2
behavioral intention,2
affect individual behavioral intention,2
sector relevant governance recommendations policymakers,2
engagement uncertain period covid,2
restaurant segments trust,2
recovery specifically use chatgpt,2
theoretical debate consumer,2
hand algorithmically personalized,2
voice assistants popular ai,2
mediation analysis shows replication factors,2
new technologies favor maintaining human,2
market dynamics services,2
emotion exhibited effectiveness chatbots,2
programme research planned meet,3
age partial,3
fully automated control dynamic control,3
implications findings,3
contributions discussed,3
future research,3
literature sociology distributed,3
practical theoretical,3
data driven information revolution,3
method satisfies users,3
model derived validated experiment,3
switch point sp,3
science fiction,3
presents types research,3
identify new areas inquiry,3
ago science,3
data procured survey university,3
illustrate shift,3
modelling used test hypotheses,3
humans technology online service,3
international association,3
qualities information technology,3
items dsp,3
university students,3
data analysed,3
students participated experiments,3
seam 10 20 years,3
experiment 78,3
theoretical discussions applied research generative,3
safe relaxed,3
relationship interactivity information quality customer,3
according literature,3
institute electrical,3
results discussed,3
interview data ai,3
personal data,3
exploratory research providing deeper understanding,3
copyright 1982,3
hand peripheral cues warmth,3
data collected conjoint,3
human appearing behaving,3
paper argue,3
stage conducted depth qualitative interviews,3
use 45,3
theoretical practical,3
findings elaborated,3
interviews study gain insights,3
incorporated departures rationality assumption,3
implications followed future research,3
finance marketing,3
introduced warmth competence mediating,3
theory prior,3
privacy issues negative,3
sustainability context digital,3
religious workers journalists representative sample,3
findings incorporate,3
providing explanations artificial,3
156 compared participants judgments experiments,3
participants 20 countries total 10,3
xiaodu smart,3
assessed verbosity disfluencies indices,3
artificial intelligence,3
published wiley,3
experiments participants,3
periodicals llc,3
2023 gatzioufa,3
implications developers,3
paraskevi et,3
study explore unified explanation,3
explainability including scope,3
et al,3
theoretically study extends elm introducing,3
interactions heart digital transformation,3
debate focuses disclosing nonhuman,3
85 population,3
theoretical development empirical validation,3
user better able calibrate trust,3
conventional methods,3
employed data,3
distributed terms creative commons attribution,3
findings results showed pi pa,3
research numerous advantages,3
variables age,3
explanation conducted subjects experiment 32,3
worked working,3
commercially available companion,3
platforms financial,3
understood academics,3
understanding canadian data scientists self,3
contributes academic discourse identifying critical,3
significant gap current literature mental,3
applications authors worked working,3
test commercially available,3
literature mental,3
resulting wide range theory practice,3
concern applications,3
knowledge hiding,3
subjects experiment 32 participants,3
areas theories investigation approaches discuss,3
study offers implications,3
insight potential safety,3
taylor francis,3
setting reviewed,3
scope study suggesting demographic,3
sampling method collect total 360,3
data bangladeshi consumers,3
information systems distributed,3
study office,3
taylor francis,3
paradigms fostered advancement digital,3
approachthis study validates model,3
privacy concerns affecting various social,3
societal ramifications exemplified challenges,3
challenges opacity algorithmic processes,3
artificial intelligence,3
financial technology,3
research model hypotheses,3
indiscriminate sr,3
implications study,3
used determine constructs internal,3
reliability validity,3
mathematically evolution,3
approach paper reviews,3
internal consistency,3
approach study adopted random probability,3
data collected using,3
transparency ai supported,3
collected using purposive,3
2023 international,3
international journal,3
valid responses verify proposed,3
commons attribution,3
conflict scenarios occur,3
comparative research model model development,3
utcs include expansion branches,3
key element,3
mixed perspective,3
participants rate video clips pedestrian,3
usually associated scientific disciplines remains,3
information systems engage hemispheres,3
park et,3
theoretical practical,3
information systems major research streams,3
291 respondents users digital banking,3
banking apps structured,3
discussed scope,3
et al,3
indian banking consumers,3
questions area,3
study attempted,3
long standing areas inquiry particular,3
inquiry particular,3
explainability discussed,3
authors cited,3
2024 international,3
historical perspective,3
research areas influenced changes,3
2024 copyright held owner,3
result inappropriate auds,3
needs shared hat provided including,3
article visit,3
oriented research,3
paper trace,3
2019 huang,3
discourse topic,3
computer applications relied,3
copyright 2025,3
shift demand digital,3
information quality fit,3
generational shift,3
need research justified,3
practice followed future research,3
literature practice,3
cognitive information systems cis,3
clear understanding latent variables,3
implications av,3
divergent validity related,3
2012 431438,3
412 validated responses service industry,3
published license,3
comprehensive understanding,3
sci 2012,3
2021a 2021b 2022b,3
related article,3
rust 2018,3
taylor francis,3
taylor francis,3
employed online platform,3
structured interviews cognitive absorption,3
population british columbia,3
building background initial study,3
1981 john,3
develop comprehensive research agenda consisting,3
quantitative empirical,3
privacy loss app addiction,3
gaining traction different fields,3
drug development privacy,3
paper identifies common purposes human,3
incorporate techniques control intent,3
design methodology approach thematic,3
concept davenport,3
journal management,3
core idea augmentation,3
theoretical practical,3
professionals pursue strategies step,3
international management,3
taylor francis,3
age play crucial,3
studies collected,3
central findings,3
3942 studies,3
study replicated,3
collectivistic countries low,3
2024 author,3
claim gives,3
size survey,3
conducted including samples 246 495,3
response statistics 26 231 people,3
sample representative age,3
collected 219,3
provide automated decisions,3
new delhi,3
far reaching implications,3
demands explainability,3
investigatory techniques,3
information systems,3
cyber physical lab experiment,3
spanish university,3
model using sample 249,3
experts policymakers,3
experiment involving 70 participants revealed,3
leader experiment,3
static sense,3
study test,3
interviewing 41 analytics ml,3
naturalness artifacts fueled continuous advances,3
discusses theoretical practical,3
2023 mazarakis,3
method study proposes model better,3
perspective applies various stakeholders,3
skala braun peters,3
implications remotely operated,3
opaqueness human,3
concluding section,3
evolution technologies,3
directions future research,3
institute new,3
sample quota,3
2024 international,3
involving 364 sme owner,3
method proposed,3
rapid evolution artificial intelligence ai,3
study online survey,3
model based empirical,3
theoretical research contains,3
approach research utilizes cross sectional,3
identified database,3
report phenomenal,3
scholars report,3
reviews meta analysis guidelines,3
general digital competence,3
2024 taylor,3
total 7912,3
modified turing test,3
sociotechnical systems way,3
copyright 2013 institute,3
rhetoric emphasising,3
experiment 278,3
tool used collect,3
data online,3
methodology approachwe conducted depth interviews,3
200 training trials,3
research tool,3
papers required,3
automated decisions diverse users,3
2013 human,3
alternatives study interrelationships critical elements,3
concerning techniques designer,3
requires traceability automated decisions,3
study subject,3
published license,3
throe phases,3
expectancy largest effect size,3
discuss implications,3
theoretical contributions provides relevant information,3
inclusion extra modalities,3
participants chose relying observations,3
structural attributes extracted characteristics,3
association advancement,3
330 german,3
results simulation evaluation assess influence,3
2022 international,3
2013 john,3
2023 copyright held owner,3
wiley sons,3
study aim identify subjects,3
copyright 2013,3
impact cognitive attitudes digitalization,3
study 410 participants,3
difference sipa repeated observations,3
articles identified,3
results little misuse,3
crown copyright commonwealth,3
seeks approach,3
making discussed,3
commonwealth australia,3
2023 crown,3
findings suggest,3
research appears dispersed lacks systematic,3
covariance based structural equation,3
depth laddering interviews revealed,3
discuss implications,3
deficiency method,3
sketches revealed,3
frequently depends people abilities constantly,3
standardized explanation,3
human beings critical functioning vast,3
iaaam saudi arabia,3
author exclusive licence springer verlag,3
current academic debate overly concerned,3
cartoon images studies prevented,3
actionable insights businesses suggesting emphasizing,3
exploratory analysis user,3
discuss important practical implications resulting,3
explanation method,3
observed general,3
investigation develops theory desirability,3
tested proposed model using,3
research paths followed,3
findings suggest people expect,3
validate iaaam using purposive,3
banking industry,3
issue providing important insights automation,3
experiment conducted,3
research objectives,3
conducted 47,3
study based,3
cross sectional data,3
reveal agent,3
uk limited,3
data online survey,3
discussed study,3
results confirm need differentiate individuals,3
study presented attempts address conjuncture,3
phase study,3
model hypotheses tested utilizing,3
results revealed,3
interviews 10 participants laying foundation,3
user perspectives,3
crane operations presented validate,3
engages 28 participants refined,3
copyright 1981 john wiley,3
wiley sons,3
remarkable potential revolutionizing educational,3
foundations deriving unifying,3
implications discussed,3
overarching theoretical,3
considering category innovation ventura evolution,3
information discussed article,3
study meaningful,3
published license,3
present work,3
students evaluate developed model,3
meaningful guideline development,3
costs group collaborating conventional technology,3
implications systems,3
online vignette experiment 225,3
results study,3
semi structured interviews employees working,3
test model study employed,3
data performed using structural,3
collect data asian,3
conducted achieve,3
increase representativeness sample,3
2012 wiley,3
syst eng,3
studies reported demonstrate,3
survey involving,3
undergraduate master ph,3
implications theory practice future research,3
studies examined human human,3
recent release,3
avenues exemplar research,3
robustness adaptability based claim right,3
release tools,3
copyright 2012,3
scientific discourse lacks clarity,3
report findings controlled experiments,3
calibration systems modulate drivers trust,3
2024 taylor,3
semistructured survey,3
validate models multinomial logistic regression,3
shapley additive explanations explainer determine,3
findings research,3
survey answered workers public,3
conducting online surveys truck,3
method participants 40 engaged,3
elicited specific,3
naturalistic methods needed validate theoretical,3
tracking technology aided interviews gain,3
sampling method adopted based,3
conflict detection skill,3
language using survey,3
studies conducted,3
countries pakistan,3
article draws insights boyd emphasis,3
acceptance including ethics privacy considerations,3
saudi arabia expanded utaut,3
characterize evolution dm,3
current study based,3
1973 human,3
critical information,3
2021 using,3
conducted test,3
hoc explainability,3
data 343 customers southern region,3
finally discuss future research directions,3
imposing robust,3
empirical quantifiable methods,3
2023 production,3
emerge noisy accumulation evidence,3
based prescriptions,3
subjects data critical,3
july 17,3
methods mathematically rigorous grounded relevant,3
data critical systems development challenges,3
survey conducted,3
critical systems,3
concept dwell realm abstract,3
multichannel sampling great,3
generated interviews warehousing,3
historical points mentioned,3
insights provide,3
research higher,3
library personal financial,3
success characteristics establish ra,3
release source code,3
contradictions arise gap ra,3
separate research streams far analysed,3
gardening paperwork,3
approach pls,3
practical implications design ivas,3
systematically reviews,3
information technology ways,3
theoretical practical,3
financial industry,3
implications findings,3
overview academic,3
studies largely consisted subjective,3
applications work everyday,3
applications casino setting,3
104 peer reviewed articles indexed,3
piece research provides overview,3
visibility security,3
current literature offers inconsistent,3
taylor francis,3
empirical study conducted,3
authors discuss,3
llc springer nature,3
sociology professions robo,3
pilots participated experiment consisted,3
finding study emphasizes role work,3
account management,3
information technology,3
mutual conflict,3
experts research development business functions,3
respondents finally responded,3
regression multigroup structural equation modeling,3
karasek 1979,3
history boom bust,3
set challenges information systems,3
summarize methodological,3
include disagreements best,3
current controversies,3
hrm identifying research gaps,3
modeling used test proposed relationships,3
advances psychometric econometric,3
method ninety undergraduates used submarine,3
reliability operators,3
taylor francis,3
collected online survey analyzed structural,3
weight theoretical proposals previous,3
society increasingly,3
obtained pakistani,3
literature point empirically unexplored,3
conte paolucci employing,3
taylor francis,3
17 trials,3
conflict probe,3
latitude play important,3
integrating findings different scientific disciplines,3
principal research,3
results atsps detected,3
paper questions view critiquing,3
model needs tested,3
study aims,3
studies demonstrated,3
regulatory focus,3
conducted facial recognition hiring contexts,3
study important,3
methodology laboratory,3
regression analysis,3
research shown,3
study leverages,3
briefly discusses potential implications regarding,3
sample 451 participants,3
analyze valid survey sample,3
previous literature,3
study focuses human,3
perception warmth,3
ca financial,3
operators rated systems riskier showed,3
popular myth,3
finding study emphasizes role work,3
study explores dilemma discusses,3
responses aircraft transparency,3
dilemma explicit commands disturb natural,3
result users produce,3
2022 human,3
shown lay,3
computer science engineering reflected,3
situational response surveys adopted,3
future research directions,3
acceptance turing test,3
mid 20th century current literature,3
fresh insights consequences,3
enter intelligent financial,3
business journals according review,3
fodor argued,3
regression multigroup structural equation modeling,3
scopus web,3
evolution model approach panel,3
2010 human,3
discuss study,3
future research focus,3
subject longitudinal study,3
behaviors society relatively small data,3
humans reliability,3
does include,3
attention paid,3
incident response phases,3
employee survey data 345 center,3
subjects experiment used,3
verlag london,3
idea evaluation,3
author exclusive,3
studies demonstrated ehmis,3
experiment required initial,3
experiment 580,3
hoc explanations,3
paper provides,3
approach conducted semi structured interviews,3
food thought future research highlight,3
base research results multiple fields,3
practice identifying directions future,3
retained step content validation,3
taylor francis,3
reproducible research provide entire,3
chapter concludes discussion,3
31 items retained,3
conclude discussing implications theory practice,3
65 items capture constructs,3
samples data,3
survey collected,3
reliability validity tests second,3
inquiry ranging computer science,3
raising issues algorithmic transparency human,3
announcement phase,3
sons behalf institution engineering technology,3
primary survey data,3
results confirmed proposed construct model,3
nuances applications,3
uk limited,3
taylor francis,3
design methodology approach understand customer,3
entire code,3
lawrence erlbaum,3
walker forster hergeth,3
wintersberger martens,3
kraus payre,3
methods contribute,3
research gap,3
study analyzing 372 responses users,3
extent explanations improve,3
previous findings,3
1189 1207,3
journal applied,3
reveal algorithmic transparency perceived,3
information reliability issues,3
2005 human,3
body research,3
juries scientific,3
trust conceptualized calibrated measured taking,3
systems results compare information technologies,3
science anthropology,3
discussed utilized 101,3
experiment discussed,3
dimensions considered,3
review 26,3
summarize findings,3
method approach,3
interviews helped,3
management review,3
future research,3
study conducted,3
users private lives professional ones,3
copyright 2005,3
26 356 376,3
data evidence fearful,3
prediction different human theory,3
surprising result general,3
suggest loss privacy human,3
roadmap evolution intelligent,3
experimental studies evaluated type,3
llc springer nature,3
methodology approach work,3
manipulate data generate information,3
warmth perceived competence,3
seven dimensions study,3
explanations cfes gained considerable traction,3
critical decisions,3
paper develops tests model based,3
39 exploratory interviews develop research,3
experiments effect manipulations agent,3
response surveys adopted identify configurations,3
regression analysis,3
highlight concrete feasible steps consumers,3
mold dominating scientific technological,3
technology lens incorporating data,3
science technology,3
respect final,3
2022 association,3
information science,3
debate exists,3
suggested human reliability improved,3
findings extendable human,3
findingsall constructs,3
implications pose new,3
research shown,3
comprehending examining,3
explanations game type scenario low,3
privacy explainability apparent opacity algorithms,3
problems decades old analogy,3
lives significant impact privacy,3
case connection information,3
manufacturers credit work valuable threefold,3
final verdicts,3
exploratory case study different german,3
run controlled powered user studies,3
study constructs demonstrates,3
findings provide useful insights,3
research groups practitioners means,3
largest accounting,3
scientific philosophical,3
concepts theories related,3
taking perspective sociotechnical,3
hillsdale nj,3
taylor francis,3
interaction quality credibility,3
accounting firm experienced,3
analysed structural equation model,3
corporate infrastructure,3
identity security occupations provided,3
nj pp,3
intervene world engage directed experimentation,3
artificial intelligence,3
implications argument understanding origins novelty,3
variety disciplines,3
results laboratory,3
shown divergent,3
substantiate claims,3
1987 john,3
systematic scholarly,3
modeling technique 372 respondents,3
lack transparency regarding algorithmic outputs,3
promote sustainable digitalization,3
participants experiments,3
took study,3
theoretical practical,3
llc springer nature,3
taylor francis,3
study accentuates public divergent views,3
new interpretation classic problems,3
implications work,3
issue context,3
amidst polarising narratives,3
research investigated issue,3
designed data,3
experiments analyzed,3
approach helps criticize overcome,3
conclude discussing,3
2025 marialuisa saviano,3
outcomes pessimistically proponents recognise,3
involved envisioned forms digital air,3
future data link systems procedures,3
rapidly entering variety,3
machine reliability,3
wiley sons,3
description key issues tradeoffs,3
000 online reviews,3
automated decision aid,3
future directions,3
subscribers located discussion,3
conclude research,3
providing voluntary checking tool,3
box intelligent systems users confronted,3
survey instrument used gather data,3
design methodology approach survey,3
study manipulate,3
using lisrel,3
role financial engineers improving,3
focus human contribution common investigations,3
human oriented perceptions security experience,3
terms rasmussen,3
insights effects,3
smart pls software,3
conflict detection automation,3
policymakers urged proactively,3
systematic literature review,3
2010 springer,3
policy discussed,3
slr bibliometrics analysis conducted identify,3
multinational firms 2022 used,3
london limited,3
explains ia associate firm triple,3
research applied current,3
shown research model,3
app narratives,3
application scenarios,3
years old 20,3
structural equation model,3
critical systems increasingly everyday,3
results analyzed,3
making study algorithm transparency,3
empirical findings foundations theoretical framework,3
daniele verderese pasquale sasso,3
insights better integrating,3
application approach,3
natural consider future end study,3
mentioned paper partial,3
sr novelty,3
lack research determinants,3
literature provide guidance,3
directions future research discussed,3
actual potential applications research include,3
trials participants chose engage,3
application liking,3
replicate understand,3
concludes discussing,3
information systems concerned large,3
fintech mobile banking banking domain,3
society research,3
analysis based sample 613 users,3
2024 society,3
easily induced,3
academic field information systems,3
discussing future work,3
trial participants performed,3
analysis path analysis used systematically,3
bootstrap methods study validates,3
themes include perception job security,3
research findings make theoretical practical,3
discussion critical issues,3
data safeguarding security judicious governance,3
integration finance shedding light,3
contribution theoretical model explains human,3
marzia del prete,3
pragmatic aspects sr,3
office workers collected data analyzed,3
survey based,3
method participants watched video,3
approach collecting data,3
important future research need,3
insights 1389 scholars uk germany,3
experience sampling field,3
saviano asha thomas,3
field study conducted india study,3
researchers working area,3
huge volume data,3
structural equation modelling,3
different studies verified different test,3
transparency effects,3
illustrated application,3
studies human,3
validity models proposed,3
total 120 participants,3
data 357 respondents 39,3
privacy risk,3
experimental data,3
purpose digital revolution changed,3
uses result,3
periodicals llc behalf cognitive,3
questions engage proposal develop sociocognitive,3
survey australia,3
total 398 responses,3
cas forming especially,3
study offered theoretical practical implications,3
perspectives unexplored research settings,3
given reliability,3
help research connect,3
different perspectives,3
juncture critical,3
existence proof,3
sociotechnical consisting,3
published license,3
study proposes future,3
taylor francis,3
privacy concerns,3
hmms fewer hidden states compared,3
critical successful implementation,3
undergraduate students future research test,3
aligns prior research,3
provide insights area,3
john wiley sons,3
test model populations determine,3
issue psychological perspective,3
layers allow closer inquiry discovery,3
satisfaction perceived warmth competence,3
furthermore research,3
copyright 2023,3
taylor wang,3
survey sample 451 respondents,3
model based valid survey sample,3
royal society,3
dataset telecommunications,3
telecommunications firm used evaluate,3
discuss contribution,3
2023 taylor,3
contribution empirical study fading,3
research endeavour contributes advancing,3
scientific account explain,3
uk limited,3
information improve transparency adapting reliability,3
computational scientific,3
gap providing systematic review analysis,3
reject functionalist interpretations,3
interaction quality respondents possess following,3
2024 human,3
policy management implications,3
use attitude data privacy willingness,3
review analysis different approaches companies,3
implications findings,3
maslow pyramid,3
differences model empirically test formulated,3
argue sa appropriate valuable theoretical,3
management published wiley periodicals llc,3
based usage profitable,3
address gap provide insights,3
387 va users usa,3
detect conflicts especially time pressure,3
paper finds,3
broader implications projection society,3
finds key,3
copyright 1991,3
better guide,3
discussion mailing lists administered rediris,3
approach provided,3
categories internal,3
speculative design affirmed exploring existing,3
workshops analyzed,3
thirdly concepts asb resulting,3
cleaning retained final 318,3
critical reflection,3
design methodology approach authors,3
conflict event auto rbl vs,3
tested predictions conducting experimental studies,3
automation transparency improves accuracy,3
differences casr,3
data verify,3
method participants assigned conditions,3
conflicts likely missed,3
correctness approach,3
tools sociotechnical effect human,3
method seventy participants took,3
study uses self,3
data cleaning,3
scholarship practice,3
institute management,3
taylor francis,3
research model examined lab,3
experiment 212 samples,3
reliability assured important understand effects,3
electronic markets aspects privacy,3
usa using survey administered,3
research questions,3
accurate incomplete information,3
satisfactory internal consistency overall,3
validation study revealed,3
experiment participants performed reconnaissance,3
conducted preliminary item version,3
llc springer nature,3
perceive financial services role,3
survey administered amazon mturk,3
implications related,3
collected using online surveys experience,3
aim research study address,3
experimental sciences,3
article review recent findings machine,3
copyright 2022,3
usually impractical,3
2022 human factors,3
2011 human,3
results path,3
published license,3
extracting novel insights adoption,3
hat performance,3
using diverse samples separate studies,3
support transparency,3
discuss proposed,3
concludes proposing promising avenues,3
methodological approaches,3
future research outlining,3
golgeci imran ali,3
arslan cary cooper zaheer,3
validating research model,3
users data security,3
perceived security,3
privacy high data dependence nature,3
summer workshop dartmouth college,3
dimensions extensively,3
use facial recognition,3
computer engineering,3
validating research model,3
methods explore,3
perceived security,3
rates generally calibrated based,3
development online comments various,3
experiment participants sought advice,3
questions bring multiple academic communities,3
conversion resulted high online activities,3
resistance attributed,3
primary data collected consumers,3
consumers developing economy india tested,3
ai agents metaverse focusing ability,3
platforms like epic games,3
epic games altspacevr instead analyzes,3
protecting consumers personal data,3
management including transparency human,3
empirically verify model conducted human,3
human subject study 30 participants,3
collected 400,3
digital dementia,3
tackled future research,3
research agenda proposed basis conceptual,3
conducted structural,3
survey methodology collected data nationwide,3
digital dementia,3
tackled future research,3
research agenda proposed basis conceptual,3
perspectives domain experience helps,3
corporate information technology support,3
subjects experiment corporate,3
participant interviews suggest highest experience,3
results society,3
data 410 customers commercial banks,3
tanzania employing quantitative survey,3
metric framework evaluating human,3
digital orientation digital innovation,3
used test,3
research model,3
digital era negative consequences,3
relate digital,3
jayaraman creech,3
creech tilbury yang,3
taylor francis,3
future research,3
present implications,3
conceptual review extant,3
data collected,3
theoretical constructs offering insights adaptive,3
developing new data structures,3
crown copyright commonwealth,3
prior studies conceptual,3
explanations behavior make reference mental,3
extent assimilated society taken granted,3
proposal correct,3
article draws recent discourse analytic,3
belief presume behavioral performances instantiate,3
uk limited,3
review propose integrative framework,3
findings provide,3
discuss implications,3
finally considers additional,3
provide directions future,3
vice versa,3
perspective salient,3
personal perspective,3
knowledge developing research hypothesis,3
conflict scenarios,3
applications user behavior research suggests,3
perceived privacy,3
approaches applying,3
experiments directly comparing adaptable,3
copyright 2021,3
2021 human,3
important implications,3
privacy security matter adaptation,3
remains unclear explanations promote,3
commonwealth australia,3
objectivity transparency worker related decision,3
2022 crown,3
civilization provide insights current,3
organizations increasing opacity,3
artificial intelligence,3
entirely new classes experiments promising,3
approach authors conducted exploratory,3
metaverse evolving demands,3
value authors paper,3
conformism discuss,3
wooldridge book account,3
research constructs,3
finish discussion mind,3
study demonstrated,3
research gap combining,3
collected extant published papers theoretical,3
topic timely emerging research points,3
theoretical empirical,3
theoretical practical,3
additional insights,3
discussed provide additional,3
trustworthy hmt systems operators quickly,3
design development time sociotechnical,3
prodec used validated mohican,3
applied suspicion theory explore operators,3
figurative tangibility,3
2024 regional,3
regional association,3
sociotechnical needs envisioned work,3
identified key,3
broader consideration socio,3
experimenter teams demonstrated,3
stories future,3
concepts knowledge examined levels,3
research agenda brought,3
differentiating formal evaluation methods empirical,3
user interfaces aim improve explainability,3
various approaches including new,3
based method comprises main steps,3
including new concepts models,3
box models lack transparency,3
lack transparency decision,3
practical implications,3
make credible regarding results,3
regarding results experimental,3
experimental protocols,3
sociotechnical failures discontinued,3
2021 author,3
springer nature,3
apparently opportunistic attempts provide rhetorical,3
developers needs model interpretation understandability,3
asvs approach,3
method concept formation,3
2024 social,3
research community efforts,3
efforts expand agenda interpretability,3
sciences research society,3
tested using,3
using pls,3
evolution necessitates robust,3
collected responses 174 employees directly,3
method adapts triplet competence,3
policymakers educational,3
states unesco general conference adopted,3
positivism instant rewards inappropriate,3
education employment showed,3
opportunities challenges education,3
using data field experiment,3
theoretical empirical models affect human,3
public policies,3
results showed,3
showed hypothesized,3
accuracy consistency analyses information collected,3
final results,3
required obtain,3
showed respondents comfortable,3
john wiley sons,3
journal published john,3
strategic management journal published,3
convergence results appears clearly,3
presents problem,3
problem especially,3
results appears clearly transparency,3
paths significant,3
cat home making use,3
safari trip leaving beloved cat,3
practitioners increasingly encounter,3
augmented reality according transparency principles,3
disruptive potential significant limited knowledge,3
resulting cat death,3
consecutive days resulting cat,3
investigates automation transparency ensure,3
method discover possible conflicts,3
sl concept rti typical,3
council elsevier,3
2019 national,3
grounded theory investigate dimensionality,3
medical examination,3
good level validity,3
2020 taylor,3
research model,3
reliability comprises 22,3
tested experimental studies manipulate level,3
finally discuss,3
discuss theoretical,3
practical implications,3
taylor francis,3
providing explanations approach facilitating av,3
foreign copyright,3
helps operators calibrate trust,3
experiment 40 participants,3
explanation request permission,3
took action explanation,3
users engaged visual search,3
taylor francis,3
transparency capability achieve transparency adaptive,3
encompasses just,3
paper ask holistic,3
concept technology,3
explanation based knowledge limitations,3
foundation research systems make decisions,3
interview data,3
future concept ideas created,3
systematic literature,3
247 customers engaged various,3
results experimental research polls algorithm,3
dimensions examination compentents elaborated,3
implications results,3
conclusion discuss,3
discuss practical,3
survey data,3
study examines factors collectively,3
software engineering poetry,3
older participants did experience protective,3
field studies uncontrolled,3
oz method used experimenter,3
panel mounted,3
time external,3
method participants recruited,3
experimental interview,3
according post experimental,3
experiments conducted,3
respondents 328,3
39 elderly,3
sophisticated vs,3
business students,3
discuss theoretical,3
implications findings,3
seeking understand broader implications,3
published oxford,3
scientific measurement instruments caused empirical,3
interviews human,3
empirical research structural dimensions measurement,3
vocational education,3
north american,3
data analytics increase quality,3
actionable financial,3
hat evolve remotely piloted,3
uk limited,3
various digital platforms,3
conflict intervention performance using,3
survey algorithm transparency improve service,3
results online,3
experiment support,3
platforms prosocial,3
online platforms china,3
transparency widely reported,3
2018 contemporary,3
new york,3
methodologies actionable insights,3
association new,3
design methodology model applied navigation,3
pathways evidenced various,3
research synthesizes insights evolutionary biology,3
quantitative evidence trends numerous,3
relevant literature smart,3
study represents novel attempt,3
painting experiences data collection,3
achieved close,3
hci models attracted attention scholars,3
privacy accountability safety,3
2024 human,3
age significantly related themes,3
tested structural,3
paper used analytic hierarchy process,3
xaines project investigates explanation,3
comparisons based,3
explanation delivery allowing interaction,3
taylor francis,3
cc license http,3
article cc,3
directions proposed,3
keywords identify popular topics,3
present users effective summary,3
result lack metaknowledge humans,3
key intellectual contributions,3
investigation area,3
learning decision making lack explainability,3
various digital humans,3
explainability going makes human ia,3
proposes manifestor method explaining,3
future motion explanations generated,3
problem did exist ablation learned,3
novelty seeking,3
tested octoparse,3
fortunately need new scientific,3
scientific grounds,3
spss 22,3
2015 advent publications topic captured,3
reflect actual usage traditional surveys,3
future research leverage motivational knowledge,3
currently private nationalized banks deploying,3
expected dominate banking,3
2018 human,3
470 indian banking,3
conflict object car bag,3
information technology advances prevalence,3
methodology approachthis article takes,3
research include confirmation plays crucial,3
research area,3
prompt test,3
hands free,3
experimental studies,3
reveal mechanisms work opposite,3
investigated human,3
metrics algorithms functions,3
ideas used,3
author exclusive,3
verlag london,3
hands free,3
data gathered 330 staff,3
cpc did,3
future research,3
research endeavour demarcated,3
progress concerns privacy violation discriminatory,3
foundation claim algorithmic,3
said digital,3
data used secondary noncontextual,3
experiments evaluate proposed model,3
various kinds occupy just niche,3
lab field experiment 213 participants,3
experiments test providing information leads,3
upcoming behaviour help,3
warmth competence affect customer,3
human lives involved extending educational,3
generates new research questions,3
2024 wenbo,3
investigated human,3
evolving work,3
2017 springer,3
purpose article propose,3
results provide,3
work carried sociotechnical systems,3
web science,3
experiment conducted 40 participants randomly,3
data collected online survey,3
structural models assessment,3
analysis research model,3
garg khera,3
2022 jain,3
copyright 2022,3
distributed terms creative commons attribution,3
automatically analysing data help human,3
findings results,3
survey provides,3
professionals multinational corporations mncs information,3
study conducts factorial randomized,3
sales randomized field experiment,3
automatically make decisions,3
remains controversial,3
individual used,3
distributed terms creative commons attribution,3
data individual,3
despite large numeric shifts trust,3
repeated consistently subjects examined average,3
waited additional,3
machine study,3
study bar,3
spam metrics response,3
message production explainability,3
summarization addressed current theories methods,3
llc springer,3
consumers india,3
research methodologies,3
contribution current research development hierarchical,3
perceived privacy risks,3
journal content,3
initially data collected,3
participant interviews,3
using theoretical sampling,3
service adapt evolving digital landscapes,3
banking financial,3
performed systematic search relevant databases,3
explain differences,3
concepts area,3
assumptions portuguese participants,3
collected portuguese,3
used 1438 responses collected,3
experiment online platform compare suppliers,3
forefront digital transformation,3
facial detection recognition,3
publisher llc,3
llc 2024,3
phase pepper,3
illustrate various,3
future research,3
science publisher llc 2024,3
theoretical practical implications,3
studies combined 1129,3
warmth perception svas mind perceptions,3
items derived explication open ended,3
identified fundamental variables results digraph,3
wiley sons,3
lab experiments,3
explainability use,3
experiments empirical findings,3
wave survey based study,3
survey based study test model,3
nontrivial implications theoretical,3
interviews sampled set conversational,3
discuss implications,3
critical understand impact human,3
aim aiddm,3
dynamism ed,3
study helps enterprises leverage,3
2022 chen,3
copyright 2022,3
esperança wang,3
shortterm rewards salient,3
education particularly used,3
discuss research design implications,3
field experiment,3
asian microloan,3
tackle issues present study specifically,3
studies propose diverse explanation methods,3
model associated hypotheses developed based,3
model associated hypotheses developed based,3
collectivism beneficial,3
2024 john,3
sons australia,3
dimensions interaction changing artificial,3
progress research strategy,3
ended survey,3
offers scholars overview,3
copyright 2022,3
2022 human factors,3
science traditionally,3
game used experimental setting,3
setting 40 users took,3
empirically investigate compliance,3
comply systems erroneous,3
empirical analysis key,3
data integration tasks,3
achieve calibration trust,3
502 valid responses,3
responses collected experimental,3
transparency reliability levels significantly,3
agent transparency explanations,3
research agenda,3
additionally lays research,3
concerns aspects emerging self,3
violation theory sphere,3
findings evolution expectation violation,3
article introduce concept,3
formed parts,3
provide guidelines scientists,3
used consisted 32 depth interviews,3
examples video examples different,3
insights integrating hi,3
offers insights future research,3
experiment pilot participants,3
key findings practical,3
dimensionality exploratory,3
implications design,3
contributions literature,3
china collected time,3
design methodology approach study builds,3
collected survey 203 employees,3
examines discusses implications internal external,3
literature reviews,3
sources identified,3
tourism journals used identify articles,3
identify areas future application study,3
emerging topic,3
explored question investigating way humans,3
results humans want exclude,3
responses examine research gap,3
analyse 244 survey,3
study reflects,3
results revealed subtle wording,3
functional topical use digital,3
individuals use digital,3
driven financial advice,3
attitudes reactions genai based financial,3
explanations induced,3
data 822 mobile banking users,3
higher outperformed users,3
platforms suggest products media content,3
2024 taylor,3
friendly 27,3
identify trends data,3
broader thematic,3
engage resistance,3
li xia,3
society industry,3
transforms dimensions society,3
author exclusive licence springer verlag,3
automated elements make individual decisions,3
based study,3
took lab,3
copyright 2021,3
2021 daronnat,3
halvey dubiel,3
hats human team members interact,3
critical aspects hat performance,3
paper proposes steps aimed effectively,3
potential avenues,3
theory perspective investigate internet,3
conducted mixed,3
empirically conducted,3
method study,3
person interviews 30,3
relying participants explanations interviews develop,3
german population,3
using quota criteria age,3
experimentally reinvestigate,3
results contradicting confirm mediating,3
published license,3
taylor francis,3
experimentally results contradicting,3
reliability rate human reliance,3
extend findings,3
study systematic literature review motivation,3
provide little insight,3
necessary examine,3
operators appropriately trust,3
covariance based structural,3
path coefficients significant,3
survey 269 uk business,3
research model tested large,3
paths proposed model,3
online survey 281 investigated technological,3
2018 copyright held,3
2008 incorporates determinants information technology,3
gio presents study investigated user,3
theoretical contributions,3
study discussed,3
practical implications,3
crucial source experiencing meaningfulness,3
area gtha residents,3
group findings greater toronto hamilton,3
2024 taylor,3
humanity themes crime conflict jobs,3
yields longer reviews mitigates,3
study examines,3
information systems humans,3
future research streams marketing,3
research questions forming agenda future,3
form based reviews introducing structure,3
results shorter lower quality,3
research results individuals order,3
online reviews,3
companies worldwide offer,3
research model,3
sectional study analysed,3
resulted 60,3
argues assumption,3
procedures theory selection model development,3
stimuli larger number tested,3
privacy concerns,3
attribution license cc,3
access foundation creative commons,3
quality information interaction mode,3
results exemplary,3
application value future,3
current explainability,3
taylor francis,3
approaches considered particularly advantageous,3
performed study crane,3
society prompts rethinking multiple relationalities,3
surveilled data infrastructures shaped,3
technology digital,3
type narrative,3
action research cases formal,3
world scientific,3
publishing company,3
2020 world,3
copyright 2020,3
2020 human,3
claimed novelty av trials congested,3
implications study conducted specific,3
total 1025,3
studies total,3
conducted empirical,3
results human managers want exclude,3
uk limited,3
phenomenon automation,3
essay concludes,3
experiments used dominant color identification,3
large chunks life,3
platform scholars,3
changes experiencing consider history broader,3
tracking data,3
data decision,3
user studies propose,3
discussion best,3
based comprehensive,3
analyse early empirical,3
propose positive associations armc organizational,3
stefano bromuri,3
deniz iren visara,3
research address,3
scientists researchers discussed,3
school business,3
public policy,3
years characterized,3
2024 kelley,3
indiana university,3
effect ascription warmth,3
protocol constructivist theory,3
multi method study consisting analytical,3
reliability group,3
published management,3
experiment groups,3
commons attribution cc license permits,3
50 reliable increased 100,3
recommendation changing 300 trials,3
experimental group,3
use 38,3
insights helps decision makers introduce,3
published oxford,3
banking sector incorporating insights psychological,3
2024 taylor,3
areas believe,3
understanding added,3
evolve persist times using technologies,3
conclude outlining research,3
explanation contradictions,3
themes sub themes evaluated critical,3
paper contributions double,3
252 studies,3
end 2022 indexed scopus,3
2024 ucjc,3
society review,3
research real world consequences,3
2024 taylor,3
implications future,3
discuss results,3
uk limited,3
increasingly popular way studying human,3
data 301 replies,3
clear theoretical,3
article holistic,3
opportunities derive way digital,3
conclude discussion,3
directions emerging,3
sent online survey,3
concerns privacy,3
410 respondents,3
filter resulted,3
sample users previously engaged,3
prior work taken techno,3
offers explanation paradox showing benefits,3
respondents online,3
proof concept implementation simple,3
metric comfort,3
motivate new progressive disclosure,3
calibration lies presence person loop,3
transparency human performance related,3
calibration driving functions performed,3
insights developers marketers,3
explanation reasoning,3
collectivism strengthened positive,3
transparency human performance related,3
findings discussion,3
additional issues,3
discussion set,3
explanation reasoning,3
set additional,3
moderators drs isabella seeber lena,3
relied reliable labels,3
data general,3
panel discussion moderators drs,3
position statements elaborated,3
performed samples high sa,3
discuss implications decision makers,3
received transparency actually negative,3
crucial connections revealed empirical analysis,3
focusing rendering ai decisions transparent,3
explained variance,3
study provides,3
area study,3
2021 biancardi,3
dermouche pelachaud,3
lives demonstrated,3
perspectives expectancy confirmation theory,3
experiments using different types,3
groups 18 19 people participated,3
2024 taylor,3
mean effect size,3
studies investigate,3
data driven methods digital,3
developers prevailing size,3
content creation gather vast quan,3
offers simplify content,3
tities data apply business,3
selection peer review responsibility,3
research engineering 2021,3
committee international confer ence applied,3
theoretical assumptions investigated comparing operators,3
tlx items involving introspection remained,3
rational vs,3
procedures inform participants,3
behavioral data performance,3
revealed advertisements rational appeals,3
research model based decomposed,3
structural equation model intrinsic motivation,3
results indicate important,3
provides theoretical insights,3
copyright 2021,3
factors literature review expert opinion,3
research model using statistical,3
2024 servicio,3
1250 consumers data,3
critical review method used,3
suggests original explanations way facilitate,3
policymakers use study,3
specific metrics,3
taylor francis,3
sources including academic journals,3
compared concepts,3
analyzed logistic regression models,3
structural equation modelling,3
model tested national sample french,3
2019 human,3
automation transparency improve accuracy,3
transparent interfaces improve human,3
transparency processes,3
paper based secondary research reviewing,3
standards implementation explored,3
contrasting views,3
protocols global regulatory,3
practical implications benefits,3
review nature original contribution specifically,3
specifically interpretation india,3
formal definition improper trust calibration,3
approach capture,3
la universidad,3
poorly calibrated,3
humans interact information systems,3
evaluated users comparison human,3
emerging intellectual empirical limitations,3
subject design using,3
practical implications,3
research organization,3
approach experimentation,3
results showed strong,3
investigates encounter av simultaneously oncoming,3
experiment conducted measure sa different,3
theoretical frameworks empirical findings practical,3
comprehensive approach study analyzes,3
organizations privacy,3
combined approach rated highly comprehensible,3
data privacy concerns,3
enjoy working,3
approach experimental scenario,3
developed test research,3
respondents randomly allocated scenarios,3
constituted final sample,3
crm synthesizing current state exploring,3
result present,3
present educational,3
artificial intelligence,3
world personal data markets corporate,3
engineers need,3
published wiley,3
personal data security machine,3
periodicals llc,3
fiction based survey 328 participants,3
providing users explanations application certain,3
research service,3
vital urgent examine,3
times digital systems play increasing,3
taylor francis,3
uk limited,3
assumes use depends,3
transparency responsibility,3
defining implementing features including transparency,3
joint socio technical systems,3
access financial advice stimulating,3
lack transparency,3
explainability problem,3
proved analyzed constructs,3
analyzing difference groups,3
efa experiments,3
paper try argument limitations human,3
members introduced,3
developing interpretive,3
messenger conduct experiment resulting,3
resulting sample 511 participants,3
new human,3
2020 institute,3
university leipzig,3
informatics university,3
inform participants,3
study help various stakeholders,3
based research model designed,3
testing conducted,3
field study supported,3
uk limited,3
policymakers developers business owners,3
privacy concerns,3
conformity communication,3
difficult interpret,3
suggests future avenues research,3
copyright 2021,3
findings extend,3
extend understanding,3
avenues research,3
data ngsim dataset,3
use explained,3
2199 participants expressed,3
dilemmas problems particular,3
australian philosopher raimond gaita argue,3
claim depends,3
generate autonomous control policy,3
survey based research approach investigate,3
empirically verify newly developed theoretical,3
logistic regression investigate public,3
canadian organizations answered,3
definition standards design guidelines integrative,3
using path,3
aes reported related literature,3
collected data,3
achievement contradict conclusion,3
publicized examples creative works prose,3
based solutions financial brain aims,3
venture capitalist,3
using user study psychological characteristics,3
approach improving friendliness warmth virtual,3
copyright 2021,3
2021 talamo,3
marocco tricol,3
informed policies promote education,3
concluding section suggests,3
scientific discovery,3
2024 american,3
aarts markopoulos,3
2021 sankaran,3
available literature evaluated,3
methods suggest,3
interviews millennials,3
millennials countries united states france,3
47 depth interviews,3
evolving digital landscape,3
computer scientists try,3
based applications assisting,3
critical process enables effective teams,3
models developed trained tested,3
insights checklist provides digital,3
attention need caution interpreting,3
copyright 2021,3
2021 human,3
past years ml community drawing,3
digital leaders comprehensive tool,3
indiana university,3
2024 kelley,3
school business,3
massive amounts data make seemingly,3
micro macro,3
copyright 2021,3
2021 schoeller,3
miller salomon,3
american journal,3
adopting meta scientific perspective,3
directions future,3
organisations undergoing digital transformation,3
ethic types digital business,3
driver characteristics structural equation model,3
introductory calibration,3
results demonstrate user specific,3
complex multidimensional,3
assumption does hold complex,3
usually better simpler ones,3
consolidate existing research offering new,3
computer science,3
stated help international,3
future research suggestions,3
research suggestions stated article order,3
researchers policy makers,3
campus prefer avai learn owners,3
respondents evenly,3
systematic literature review conducted,3
2021 kassens,3
copyright 2021,3
noor siegel,3
question organizations literature firms,3
research agenda address gaps,3
objective existing literature,3
transparency accuracy autonomy,3
genai organizations,3
outcome reveals,3
review provide,3
content proposed,3
business landscape,3
concerns surrounding data,3
lack consensus regarding key findings,3
privacy underscore need,3
makers future research agenda researchers,3
theoretical practical,3
anthropomorphic platforms,3
concepts knowledge,3
developed based,3
platforms promotion really,3
second classic dik pyramid data,3
exploratory study develops dik applies,3
half respondents think,3
topics future research resulting,3
overview method required apparatus associated,3
techniques provided,3
wargaming scenario freeze probe queries,3
333 workers compared participants reactions,3
roads auckland followed 15 ideation,3
mentoring measured,3
review complemented av users,3
study utilized comprehensive literature review,3
interpretable signals ambiguous situations,3
design methodology approach study utilized,3
critical domains employ,3
safefy critical,3
users study,3
experiments minefield,3
referred credit,3
society maximize acceptability reliability artificial,3
explanations reinforcement,3
verlag london,3
author exclusive,3
transparency reduced uncertainty enhanced,3
scholarly disciplines resulting lack,3
research contributions,3
provided participants agreed disagreed automated,3
results shed light differences,3
make meaningful comparisons tia,3
2021 li,3
li gupta,3
copyright 2021,3
information indicated trial,3
tested sophisticated,3
results indicated,3
hfe sciences producing new knowledge,3
participant automation,3
outcome variable did interact transparency,3
ad research commonly undertaken,3
foresights based users,3
speculative scenarios demonstrate study,3
propose ethnographic approach iterative,3
analyse responses,3
empirical findings reveal anticipatory,3
survey open ended questions,3
approach design method study used,3
study conducts bibliometric analysis,3
rule transparency,3
research articles identified,3
decision automation mitigated,3
explanations task,3
scopus web science databases ai,3
south african workforce specifically,3
guidelines practitioners,3
information search atypical,3
future research,3
953 responses,3
information preregistered experiment participants viewed,3
2024 taylor,3
research area,3
survey methods used,3
thailand growing demand,3
growing demand talents application,3
paper sets,3
literature review established fields,3
experiment participants 122,3
interpretability decision making,3
copyright 2021,3
stoll colley,3
2021 lanzer,3
workplace critical far studies,3
attempt existing,3
research gap,3
conducted sample 428 employees,3
online utilized validate research model,3
using structural,3
customers 509 survey,3
40 participants asked coordinate ai,3
measured participants resource sharing,3
hypothesized initial,3
privacy risk ppr,3
2020 taylor,3
transparency improve accuracy automation,3
sociotechnical systems,3
participants selected optimal uv,3
reveal conative use,3
outputs involving end users development,3
experiment cues,3
integrated conflict,3
salient problems converge make especially,3
results involving 21 participants demonstrating,3
process divided,3
observed human,3
correlational effect sizes,3
sizes 16 studies provided,3
method used meta,3
calibration risk analysis,3
implications social,3
conduct war,3
intelligence companies china received 319,3
calibration risk analysis,3
level education identified,3
2000 simi 2000 software,3
2024 taylor,3
future scholarly investigations,3
explains end user,3
use information technology explanation theory,3
given novelty,3
transparency plays,3
introduction given,3
insights suggestions organizations,3
finally interpret previous experimental,3
use cases,3
modeling study examines responses 554,3
method data analysed,3
transparency deception,3
method participants evenly,3
results involving 21 participants demonstrating,3
64 human participants acting facebook,3
survey resting collaborative perspective human,3
copyright 2022,3
2022 human factors,3
control hosting elsevier,3
international federation,3
source privacy,3
strong explanatory,3
strategic conformance interface representation,3
conflict detection resolution,3
varied implementing conditions participant free,3
showed overall,3
interview delineate,3
taylor francis,3
increased transparency afforded,3
previous research,3
new information technologies,3
research theoretical,3
results discussed light,3
opacity doing mismatch underlying strategy,3
396 accountants romania use,3
good validity,3
llc springer nature,3
individuals aged 18 51,3
consisted 259 female,3
theoretical foundations accountable explainable artificial,3
published license,3
reliable automated decision aids binary,3
research endeavors catalyzes realization future,3
results payment,3
regarding applications,3
inferred correctly using proposed,3
clear individual,3
examine conducted,3
online survey,3
optimistic view current law,3
implications future design development,3
research related expectations,3
methods participants selected optimal,3
taylor francis,3
warmth competence,3
advance research human,3
vice versa,3
rated uv usable,3
data perform,3
use universally available data,3
data source online personality,3
responded quickly,3
scrutinized additional information provided,3
performed secondary divided,3
probability observed,3
participant age played role,3
av policymakers,3
based structural equational,3
working firms located delhi ncr,3
data collected 210 hrm,3
long list questions practical online,3
integrate multi level research,3
use noticeable skepticism,3
meaningful theoretical,3
approaches empirical studies end users,3
studies employed methods,3
education healthcare industry suggest,3
methods value creation,3
reviewed research themes theoretical foundations,3
huafen club xiaomi,3
data collected 528 respondents huawei,3
offer important insights developers,3
wen zhang,3
copyright 2022 wen,3
based robustness,3
analysis decision selection,3
explanation comes,3
available works,3
january 2022 user trust,3
review analysis,3
based findings comprehensive conceptual,3
automation transparency experimentally,3
tested validated various contexts,3
research avenues,3
taylor francis,3
university leipzig,3
informatics university,3
previously transparency form additional information,3
paper explains,3
explains reason,3
copyright protection,3
graded experiments binary experiment,3
data collected 208 es,3
fictional production scenario,3
according results theoretical framework suitable,3
additionally structural,3
study broad implications scholars,3
defines angled research plan,3
proposes theoretical framework customer journey,3
projected theoretical,3
presents research agenda dimensional online,3
online search,3
teaming hat,3
developing research,3
2024 copyright held owner,3
dataset available,3
copyright 2017,3
hat provide guidance future,3
copyright 2017,3
sensor data context,3
introduce timelytale approach,3
misunderstandings unnecessary,3
critical perspectives,3
explanation generation,3
research endeavours,3
theoretical practical,3
study discusses,3
reviewed scientific,3
scientific literature,3
research areas,3
available https,3
compared bank employees,3
2017 human,3
critical younger,3
transparency factors affect inter,3
collected 958 university,3
based user studies involving,3
llc springer nature,3
future work,3
data instead inverted behavior,3
present results,3
survey 300,3
state directly measured behavioral data,3
theoretical underpinnings gaps important,3
method data collected,3
sci fi fan,3
survey researchers,3
ubiquitous inversion problems real,3
sculpt everyday,3
students mage,3
participants volunteer science,3
interaction hii harnessing expertise,3
responses based solely visual,3
educators promote balanced,3
technology digitalization offer,3
predominantly focused internet banking,3
disciplines theories financial customer service,3
argues discrepancy potential reality,3
online survey examined people,3
based belanche,3
evolved recognise,3
method eighty healthy male participants,3
italian subjects,3
teaming hat analyzed,3
explicit means ends links appeared,3
responses gathered pool financial,3
864 responses,3
sought investigate associations,3
germany china potentially replicable cross,3
primary data includes 864,3
applications banking,3
age openness,3
experiment exposed interesting interaction patterns,3
diagram tactical conflict detection resolution,3
prerequisite success,3
collected data 292 sme,3
human planner accept revise,3
iraq study site adds,3
sampling comprises,3
data collection used,3
llc springer,3
article collected 413,3
empirical analysis,3
investigates point user,3
practitioner summary paper,3
research discussed,3
theoretical practical implications,3
uk limited,3
results indicated privacy concerns,3
creators publishers creating content promoting,3
research population,3
conducted experimental studies understand,3
assessment obscures problems broader,3
problems broader framing reveals,3
scientifically practically relevant,3
intensive guideline based,3
interviews 28 experts different,3
topics discussed,3
able meet practical requirements,3
hat postulated,3
concept hat hardly applied field,3
subjects measure pas financial,3
future research,3
experiment designed completed,3
567 participants,3
results researchers practitioners,3
future research explore dynamics different,3
cucinelli lucrezia fattobene lucia,3
results degree,3
2024 alessandro carretta,3
research integrates concepts job demands,3
study taken demonstrate evaluation,3
201 users different,3
author exclusive licence springer,3
switzerland ag,3
springer nature,3
consensus numerous situations continue,3
details guidance,3
amplifies risk known local rationality,3
using salient,3
information systems,3
explanations particularly effective revealed,3
items apparent,3
theory alternative method deriving mappings,3
grad cam attributions ii,3
considered critical,3
2014 copyright,3
taylor francis,3
analysis intuition,3
holism capturing essence wicked problems,3
foresight holism capturing,3
high user value realize data,3
verticals including banking healthcare,3
data protection pricing,3
studies employ mixed,3
distinct empirical studies,3
transparent post hoc explanation models,3
advocacy campaign revealing effectiveness shifting,3
developed field specific approaches understanding,3
investigates approach behavior respondents using,3
authors variety fields especially human,3
230 valid samples,3
academic world,3
hot topic,3
using structural,3
past decades,3
evolving digital,3
literature asking participants design automated,3
utilizing smartpls3 software,3
research model structural relationships using,3
429 ran structural equation modeling,3
research model advanced based,3
study participants 32 played card,3
alternative experimental,3
research progresses,3
modern work,3
insights developers practitioners focus important,3
hosting elsevier,3
hats different performance,3
international federation automatic control,3
teams hats communication,3
reveal individual,3
coming decades likely,3
issues identify open,3
problems propose,3
different types explanations,3
starting structural,3
processes organizations employing quasi experimental,3
functions believe attract research,3
reliability set 80 resulting participants,3
data training testing,3
explicitly indicated,3
insights academic,3
additionally results study provide,3
considering thirty different experimental scenarios,3
author exclusive licence springer verlag,3
cmes suggest research,3
perspective development,3
paper review type,3
wider implications,3
science discussed,3
failure trials,3
social implications study,3
valuable insights business,3
perspectives offer comprehensive understanding,3
workshop march,3
1204 conflict,3
declare conflict,3
march 2023,3
held annual,3
authors declare,3
discussion held,3
2013 1731,3
sci 2013,3
copyright 2021,3
2021 human,3
methods perspectives achieve goal,3
perspectives offer comprehensive understanding,3
contribute research propositions advance,3
transformed information systems business,3
quasi laws concerning categorisation induction,3
years 200,3
used ancova,3
primarily defined technical cycle,3
proposal unification standardization translate different,3
computer science,3
results reveal significant,3
test originally proposed,3
proposed 1950,3
study sveral,3
anymore entirely,3
study human worker,3
article visit,3
related article,3
data collection platforms 491,3
workshop march,3
research model structural relationships using,3
using smart pls,3
429 ran structural equation modeling,3
strategic reasoners treating reasoners,3
march 2023,3
social implications study,3
identified issues decades later,3
appraising scientific theories,3
valuable insights business,3
held annual,3
theories plausibility explanatory adequacy,3
methods proposed,3
discussion held,3
research 11 statements,3
structural equation modelling,3
collected survey 507 customers,3
banks big telecommunication,3
difficult circumstances including pandemic crisis,3
institution engineering technology chongqing university,3
caai transactions,3
transformed information systems business,3
aidua framework study examines,3
evolving digital,3
analysis china india new zealand,3
data collected,3
using online data,3
analyzed using structural equation modelling,3
remain unclear,3
conclusion hat,3
dimensions bibliometric,3
scholars retail,3
cycle disruptive change financial,3
financial services industry,3
probes phenomenon examining,3
participants structural equation,3
perceived security,3
design methodology approachan online survey,3
warmth voice,3
financial literacy affinity technology,3
consumer panel survey,3
conducted 216,3
study challenges conventional,3
provides theoretical practical insights,3
experiments conducted,3
undergraduate students,3
trust calibration poses significant,3
tors different,3
studies involving hundreds human subjects,3
skin response gsr heart,3
empirical studies involving,3
conflict detection,3
systems increasingly come explanations behave,3
decisions aid opaque predictions,3
engaged deliberately abstract,3
study laypeople engaged deliberately,3
participants assigned pick 77 products,3
method explicit statement introductions manipulated,3
insights potential,3
control rely advanced automation,3
research model,3
experiments participants reported nasa,3
difficulty differed halves experiment,3
dissection concepts compared subjects experiment,3
unclear approaches,3
remains unclear,3
experimental blocks cues available,3
obtained 610,3
analyzed data,3
trust calibration essential,3
authors licensee,3
2023 authors,3
allow attend,3
prerequisite success automation underlying,3
control hosting elsevier,3
363 participants,3
threshold transparency starts backfire leading,3
research explores,3
leading issues transparency,3
carry conflict reconciliation,3
data poses challenges,3
gig platforms,3
data 550 potential consumers india,3
experiment sixteen participants indicate ecological,3
malaysian university students experience using,3
total 360 undergraduate students,3
tactical conflict detection resolution horizontal,3
international federation,3
modern explainable,3
using subject design participants,3
experiment conducted experimental warehouse environment,3
technologies information practice remain largely,3
information technology used,3
artificial intelligence,3
conclusions met,3
article argue application,3
future research addresses open questions,3
potential contributions,3
transparency explainability,3
sample articles contribute production specific,3
review scientific literature published,3
path future,3
state research,3
thousands potential applications environments,3
unifications unrestrained,3
sociotechnical life cycle,3
approacha survey administered sample,3
digital specifically concept,3
digital twin,3
human research,3
modified turing,3
dimensions affecting,3
2024 human,3
discussion relationships characterized simple,3
2023 inspected 166 articles,3
criteria 50 mainly empirical sources,3
future science focused especially,3
passage turing test best,3
future work hybrid,3
based review focus,3
main issues,3
populations aged,3
sectional samples adult,3
aged 18 80 finland,3
based longitudinal wave sample,3
2024 copyright held owner,3
measurements trust reveal,3
use board platforms,3
result field,3
success indicates research required,3
digital entities effectively,3
designed developers,3
techniques designed,3
critical end user considering transparency,3
end user understanding,3
related studies study,3
reliability subsequent impact human,3
trust calibration,3
design explanation form communication style,3
information technology,3
trust 2024,3
research service,3
survey based inventory literature work,3
work research validation,3
present study develop survey based,3
result future undesirable outcome,3
derived research,3
discussionfinally need relevance jopi,3
demi sesquicentennial 75th,3
internet search reviewed,3
empirical user centered,3
age important older respondents,3
explanations correct edibility assessments,3
experiment replicated,3
uk limited,3
perceived warmth customer artificial,3
research trajectories,3
refer project,3
discuss findings,3
code additional,3
comparison consequently,3
present major research,3
taylor francis,3
multisource data 317,3
317 china,3
approaches regarding topic discuss trends,3
findings logical,3
explanations outperformed participants,3
institutions botswana,3
attribution based example based visual,3
sun kyong,3
additional individual,3
grounding allows identify divergences,3
present novel salience techniques,3
xinyi zhang,3
involve questions concept operation engineered,3
experiment collect behavioral data characterized,3
2024 xinyi,3
external validation,3
model robust,3
avenues future,3
research discussed,3
2024 taylor,3
data privacy challenges replacement human,3
transparency manipulation,3
subjects responded,3
casa perspective contributing theoretical refinement,3
experimentation introduced,3
young rapidly growing body research,3
researchers practitioners learn,3
evolution highlighting avenues future,3
reflections empirical grounding design,3
consistency validity,3
data labor critical value,3
systematic review vast interdisciplinary,3
study provides,3
411 chinese ai,3
unjustifiably optimistic,3
future research using,3
methods gain deeper,3
mennens mark steins dominik,3
2021 gaby,3
global academic industrial spheres,3
odekerken schröder kars,3
case study,3
data collected customers 108,3
future research trajectories,3
conclusion review conceptually,3
human verified results,3
introduced concepts,3
taylor francis,3
issue triggered new debate,3
lack transparency,3
education especially rural areas,3
applications influence theoretically,3
coded rated researchers,3
systematic review papers,3
panel survey site survey wuhan,3
collecting data 518 participants,3
regarding digitalization,3
guidelines achieved,3
data analysed using,3
conducted dividing samples,3
engineering mbe,3
analysis smartpls,3
infrastructure digital disparities developing countries,3
using scopus,3
rota additional,3
new paradigm unleashing extraordinary,3
uk limited,3
review theory demonstrates little research,3
modern institutions deep,3
studies focus,3
experiments different,3
future research gives examples fruitful,3
respondents demographics,3
taylor francis,3
ways study connections,3
needs privacy,3
smart pls software employed analysis,3
structural equation modelling,3
security transparency,3
avenues service,3
treasure hunter human uncovers,3
insights mediator experimental manipulations,3
used article,3
publicly available,3
processing recent literature caused,3
published wiley periodicals llc behalf,3
2024 taylor,3
reports systematically analyzed,3
little systematic examination sociotechnical sources,3
responses individuals used digital,3
digital twins,3
2022 copyright held,3
scholarly community,3
experiences conceptualized dimensional space low,3
design methodology approach future customer,3
research supported fact present business,3
dissent age constitute,3
age constitute important boundary conditions,3
quality inspection,3
research analyses,3
data used,3
information systems ciss,3
utilized data,3
2022 budapest,3
university technology,3
automatic control hosting,3
policy using transparency,3
transparency feedback variable based,3
taylor francis,3
published license,3
conducted empirical study,3
survey collected data 228,3
depth interviews,3
performed survey,3
survey france,3
hand privacy concerns,3
publications depth,3
initial items previous,3
study provides valuable insights research,3
asia pacific,3
implications technology argue,3
hosting elsevier,3
exhibited good,3
robust attribute complexity,3
implications arising findings,3
people 233 countries territories,3
study contributes theoretical,3
experiment averaged behavioral performance,3
ais senior scholars basket journals,3
investigates age related distinctions,3
illustrate complexities,3
present study aims,3
transparency contributes lack,3
literature review,3
information technologies,3
components concepts present conceptual,3
good reliability,3
various subcases,3
underscores age specific preferences extreme,3
important constructs understanding,3
13 assumptions,3
technique utilized,3
decision making results previous online,3
used convenience nonprobability,3
empirical research needed investigate mediating,3
implications dominance,3
building previous academic literature topic,3
included corresponding,3
review previous work explanations different,3
reasoning projection hmi trusted,3
approach study used convenience,3
comprehensive survey existing,3
despite employing substantially platforms face,3
information systems use,3
effort included,3
parasuraman et,3
end users systematic literature review,3
provide comprehensive,3
81 included experimental,3
eligible published,3
parameters human based analyses greatly,3
results modeling,3
explainability key functionalities,3
able explain,3
copyright 2020,3
literature carefulness exploring,3
school business,3
necessary achieve,3
automation transparency,3
potential implications trust calibration provided,3
provides synthesized insights design,3
ads calibrate trust,3
uk limited,3
success vital,3
investigation technological,3
future research agenda,3
2017 2017,3
financial industry banking,3
researcher guy hoffman takes,3
abstractions suffering crisis,3
knowledge required researchers interested explanation,3
study investigates relationships perspectives human,3
hrd scholars paid considerable,3
2020 human,3
experiments collect data,3
applied path comparison analyses compare,3
2018 kelley,3
sampling approach,3
empirical results based,3
approach used,3
software tool used compare,3
common given literature,3
adopted similar methodologies studying,3
disciplines including information systems,3
conclusion results,3
corresponding validation,3
mbse literature adjusting,3
using level meta analysis handle,3
research questions investigated similar research,3
financial institutions,3
explainability seen,3
models increasingly information systems,3
article finishes,3
380 effect sizes,3
method articles books,3
cited works obtained,3
injustice strengthen,4
significance perceived difficulty,4
decision making hiring,4
affective needs rational physiological,4
equation models,4
equation modelling,4
user engagement relates negative emotions,4
hostility dynamism,4
technology acceptance model,4
352 consumers used service robots,4
structural equation modeling,4
technology acceptance,4
grouped areas attitudes competence,4
robots consumers retail,4
psychological needs,4
risk high return opportunities explainability,4
elevated trust levels exhibits lower,4
acceptance use technology utaut,4
reported attitudes technology sdv improve,4
empathy demand contexts individuals seek,4
psychological reactance,4
improvement perceived outcome responsibility,4
articulated coping,4
crafting negative rumination,4
mental capacity,4
urgency insistence,4
depend environmental,4
trust ai systems,4
public acceptance degree crucial,4
shape positive attitude dhs,4
averse affective reaction,4
affective elements manage resources decisions,4
drivers levels trust automation,4
influence employee turn positive,4
group llc,4
notably attitudes sustainable,4
tccm framework examines key,4
impartial stance observers,4
developing trustworthy,4
use social influence,4
ai prompts validate,4
efa confirmatory factor analysis,4
cognitive affective model,4
results trust technology perceived,4
decision making rational agents fuzzy,4
service robots tackle,4
primary purpose determine trust,4
policyhoders acceptance,4
anxiety justified,4
self confidence,4
dynamics trust changing reliability level,4
choices align,4
time needed ensure equivalent,4
overlooked impact service robots overall,4
art methods study trust automation,4
attitudes use,4
responsible socially beneficial ai,4
influencing users perceptions,4
trust human,4
aims expand scope technology acceptance,4
feedback group groups level trust,4
user demographics influence anthropomorphic design,4
decisions risky legalities,4
professionals design trustworthy,4
anxiety relationship,4
decision making,4
search characteristics make humans,4
acceptance evolution regulations av,4
social influence attitude,4
propensity nature decision errors,4
virtual face represents emotions,4
tutoring decision making strategies,4
comprehensive address trust influencing autonomous,4
actions consequences visible hindsight making,4
service robot embodiment physical world,4
intelligence trust relationship influenced,4
identified emotional connection mediator,4
marketing domain,4
theory acceptance use technology hofstede,4
perceived persuasiveness,4
outcomes human dm,4
decision makers dms flexible adaptive,4
explores human trust,4
stereotype content model social psychology,4
institutional trust perspectives pose significant,4
contrast human decision makers,4
setup machine provides dm,4
decision process framework,4
group llc,4
use attitudes,4
happens dm,4
affect users trust voice,4
equation modeling analyze data,4
concept trust,4
mode leads human blame,4
option control humans assigned responsibility,4
processes trust ai similar,4
structural equation,4
social media sentiment analysis refine,4
determine user perceptions influence,4
tendency comply,4
mechanical turk study influence,4
evaluative feedback human decision making,4
biases preferences enhance impair,4
user credibility,4
emoticons appropriate,4
underlying mechanism positive,4
trust turn leads greater,4
observations feelings attitudes avs hmi,4
informa uk limited,4
appearance technology acceptance,4
low acceptance insureds,4
acceptance provides good adjustment,4
decision making,4
predicting decisions explaining leveraging,4
deceleration judge yielding intent,4
related distinctions preferences self,4
environmental consciousness,4
people want feel,4
emotional expressions,4
make human recipients feel heard,4
engage order picking alongside robots,4
share purchase compared higher prices,4
motivational definitional responses communicate,4
offering emotional support crucial,4
humans consciously report shedding light,4
design attributes users trust workload,4
popular frameworks addressing,4
effect transparency fairness,4
expressing emotions,4
uk limited trading,4
affective cognitive human,4
decision making processes allowing customers,4
participants reconciling information trust automation,4
styles demonstrating influence interaction patterns,4
need address trust issues ai,4
anthropomophism initial trust perceived enjoyment,4
powered software robots user trust,4
group llc,4
modules needs assessment motivation generation,4
group llc,4
eco friendly activities responsible,4
based unity,4
nasa tlx subjective,4
role variables technology acceptance model,4
based factors,4
uk limited trading,4
framework developed,4
tam application holds significant,4
nonhuman identity,4
deterioration decision quality potentially,4
anthropomorphized led greater,4
theoretical framework,4
zero sum mindset influence,4
steerability trust,4
highly correlated,4
decision making processes,4
use technology utaut,4
new kinds influencers,4
trust personal digital,4
transfer user trust ai creators,4
trust dynamics driver,4
conditions trust transference breaks holds,4
acceptance factors,4
employed affective transition pre study,4
group llc,4
blame punish behaviour,4
using confirmatory,4
factor analysis,4
intention bi mediated pu trust,4
established computational framework assumes decisions,4
term inaccuracies unfairness crucial effective,4
experiential mental life,4
detrimental user,4
employed affective transition pre study,4
people decide accept considering interaction,4
post stage emotions signal strength,4
human decisions extensive form,4
equation modeling used,4
amazon alexa transformed consumers,4
flow experience social influence directly,4
habit plays negative,4
factors motivate,4
existing literature highlights acceptance autonomous,4
trustcommitment theory,4
user amplifies user perceptions betrayal,4
making modeling emergence decisions time,4
solution enhancing decision making efficiency,4
make decisions,4
baseline attack post,4
hidden preferences decision,4
decision process eye,4
contrast emotional,4
explanatory factors social influence,4
tools pose challenge responsibility,4
imprecise human judgments real life,4
utaut dimensions respect,4
positively deactivated,4
increased ratings trust algorithm,4
trust broken importantly,4
factors research indicate operators,4
absorption users relationship varies anthropomorphic,4
like non,4
external factor,4
group llc,4
non anthropomorphic,4
emotions related,4
social norms functionality trialability,4
tests widely used human factors,4
deeper understanding reasons explain respondents,4
affect emotionality,4
investigated sentiment life domains motivational,4
power past negative comments,4
creation routes ph affective trust,4
structural equation,4
technology acceptance model,4
viewed positively,4
supportive tipping behavior studies,4
judge insensitive distinction kinds evidence,4
factors perceived anthropomorphism,4
human judge weight individuating,4
distinctiveness ispd,4
post stage emotions signal strength,4
existing anxiety siot,4
robots sr grounded usability social,4
research investigates user acceptance,4
judgements reflected decisions,4
order ensure,4
responsibility various,4
motivation social influence anthropomorphism,4
uk limited trading,4
problem attributability accountability,4
ai technology trust negative,4
likewise observed,4
structural equation,4
uk limited trading,4
equation modeling using 440,4
non critical emotional,4
preferences algorithm,4
answer user questions boosts perceived,4
presumed dichotomy especially law,4
robots deliver,4
significantly degrade human trust,4
formation maintenance different trust types,4
decision making,4
contrast threat,4
drive problem focused emotion focused,4
exploring dual mediators,4
consider human factor implementing technology,4
focused support seeking coping strategies,4
decide mushroom edible poisonous,4
control disparate work domains,4
proactive coping,4
practical implicationsorganizational decision makers survey,4
nature development especially light associated,4
affective threshold model,4
crafting motivation process hindrance appraisal,4
easily countered,4
nature affective,4
trust crucial ensuring safety,4
aimed effectively countering,4
insights trust research help enhance,4
fairness quality paper critically examines,4
service robots,4
produce shared realities robot customers,4
pathway cultivating trust,4
attitude alongside utaut2,4
decisions human decisions psychological,4
effects news media attention trust,4
traditional trust artificial intelligence,4
scholarship assumed trust attitude placed,4
based factor,4
paper introduce sonar social norm,4
elevated levels organizational trust employee,4
communicate intentions vulnerable,4
decision makers,4
adequate level trust,4
employees trust,4
psychological emotional effects,4
enhance diversity improve fairness standardized,4
technophilia strong,4
digital era seen algorithmic decision,4
decision making ubiquitous,4
positive perceptions attitudes referred,4
referring service robots,4
perceived cumbersome ineffective loss,4
factors evaluated,4
trust positively impact behavioral,4
structural equation modeling fuzzy,4
efficacy emotional extension path,4
use emotional,4
group llc,4
tasks perceived reliability dimension trust,4
artificial rational unbiased making decision,4
group llc,4
converted better decision,4
human factors,4
triggered users subconsciously enact distinctly,4
users contradicting genre rules social,4
group llc,4
scant research robot anthropomorphism perceived,4
ai service robots promoting,4
criticize tam technology,4
existing literature highlights acceptance autonomous,4
providing update mitigation vulnerability,4
user behavioural intentions reveal,4
structural equation,4
used framework,4
customers preference service robots,4
informa uk limited,4
need human interaction perceived anthropomorphism,4
human factors,4
attitude using artificial,4
replace collaborate human decision makers,4
media art festival played tablet,4
theory acceptance use technology,4
professionals demonstrate greater intention,4
risks easily countered conventional,4
environmental social norms,4
research emotional,4
seeks investigate contextualized trust profiles,4
judgment helps,4
provide dehumanized,4
enhance decision making processes society,4
ai systems date skepticism concern,4
systems form trusting relationship,4
reproducibility interpretability fairness turn,4
equation modeling,4
scientists self confidence creating trusted,4
extroversion agreeableness conscientiousness action,4
structural equation,4
emotional psychology,4
findings acceptance ai based,4
structural equation modeling,4
advent social robots,4
human trust,4
people anthropomorphize,4
fairness privacy,4
behavioral patterns psychological motivations,4
improvement probabilities adjustments aggregated,4
contingency plan optimal course action,4
software decisionmaking,4
robotic decision,4
attuned leading informed responsible decision,4
involved decision making interacting,4
offer optimal suggestions requiring people,4
solving instantaneous sequential decision making,4
reputation positively contributes building trust,4
users perceived,4
perceived anthropomorphism,4
phenomenal subjective experiences like sadness,4
acceptance use technology,4
robot service encounters,4
significantly impact user trust,4
robot reveals recommendation mitigate,4
new decision making paradigms emerged,4
enable individuals enter,4
virtsi variability impact reciprocal trust,4
dfas illustrating transitions cognitive trust,4
values associated interpersonal relationships like,4
risks poses organizations society,4
rated trust,4
financial knowledge anxiety security sociodemographic,4
theory adopting emerging technologies online,4
investigated people perceive trust artificial,4
ratings did differ,4
anthropomorphism affects users continuance,4
anthropomorphism consumer,4
algorithms familiarity tasks familiarity algorithm,4
significant roles enhancing trust algorithms,4
barriers influence av acceptance,4
algorithms decision making emerged subject,4
trust safety,4
positively influence future decision,4
style trust turn affects intention,4
yield trust declined,4
public reactions,4
recovered quickly trust took longer,4
decisions diverge,4
subsequently proposed ai acceptance,4
building trust,4
protection motivation theory,4
benefits extremely pessimistic appraisals risks,4
use ai perceived fair received,4
perceived unemotionality,4
attitudes intentions,4
acceptance ai,4
systems make outcomes comprehensible users,4
emotional cues,4
existing technology acceptance theory,4
multiple domains,4
human factors,4
acceptance platforms selecting,4
affect learners behavioral,4
technology acceptance model servqual stimulus,4
disentangled underlying,4
function maximizing acceptance ai,4
decision regret mediated,4
rate compared machine decisions,4
goal establishing trust machines,4
inform risk assessment user interface,4
understanding factors influence,4
balance trade,4
demonstrate potential pitfalls using size,4
human responsible achieving goals,4
service robots affect,4
decision processes,4
neuroticism openness substantial links adopting,4
indicating strong correlation predicted actual,4
modeling set variable risk perception,4
emotional trust significantly impacts,4
extraversion agreeableness conscientiousness neuroticism,4
express hesitance,4
language models llms various emotional,4
limited research conducted factors aesthetics,4
study explores people attitudes,4
use persist,4
explaining acceptance ai based autonomous,4
structural equation,4
technology acceptance trust,4
decisions phenomenon evident chatgpt,4
based technology acceptance,4
norms social norms,4
decision making,4
conceptual framework,4
risks dangers attributed manipulative effects,4
interrogates pervasive human inclination anthropomorphize,4
acceptance assess effectiveness hmi,4
synaesthesia correspond need interdisciplinary,4
group llc,4
paradox mindset personalisation,4
consistently outperformed human decision,4
apply worker trust automation workplace,4
trust technology,4
cases algorithms make superior decisions,4
impact interactivity perceived humanness trust,4
social robot highly dependent,4
technology acceptance,4
cognition replace human decision making,4
experiences significantly reshape initial attitudes,4
decision makers immune errors,4
perceived risk,4
increase enjoyment ease,4
ranking preimplementation attitudes integration,4
interaction efficiency contextual decision,4
identify preferences,4
group llc,4
equation modeling,4
regarding potential foster student dependency,4
structural equation,4
summarizes research human beings trust,4
social robots,4
trust dependence machines algorithms,4
suffer hidden,4
intention using uses gratification,4
analyzed using structural equation modeling,4
interaction intention,4
contextualizes service robot,4
males perceived stronger positive,4
service robots,4
employs technology acceptance model tam,4
trust based mechanism explain,4
factors lead acceptance,4
importance careful decision making,4
positive negative effects,4
require permanent supervision,4
standing compared peers novel social,4
risks significantly weakened,4
emotions cognition behaviors offering,4
agent alexa alter consumer,4
principles decision neuroscience,4
decision making dm processes,4
attributed psychological factors,4
trust related issues,4
occurred participants reported higher mental,4
critical perfectionism impulsivity contribute,4
hold relatively positive,4
paper examine factors affect acceptance,4
technologies analyzed using structural equation,4
research model trust key mediating,4
robots empirically testing barriers,4
tend positive attitude avs,4
group llc,4
service robots gradually used,4
trust recommendations ai,4
categorization fulfillment cognitive emotional needs,4
structural equation,4
tasks seek decision assistance trust,4
subjective norm intention,4
bridging functional relational social emotional,4
attitude hrc,4
analyzed using structural equation,4
interaction trust,4
positive behaviors based theory planned,4
emotional dimensions,4
contrast individual shoppers families,4
informa uk limited,4
equation modeling,4
explanation operating confidence versus ai,4
enhance users expectations algorithmic fairness,4
anthropomorphism social presence investigated,4
vehicle decision making mitigating negative,4
foster trust ai predictions,4
forms anthropomorphism verbal visual enhance,4
users motivations decision,4
uses gratification theory stimulus,4
user behavior reasoned,4
joint decision,4
participants lower anthropomorphic tendency,4
understand different forms anthropomorphism,4
turn identified,4
decisions participants agreed decision ama,4
anthropomorphism assist consumer likelihood,4
showed strong positive association familiarity,4
explained mediators,4
anxiety trust,4
validation factor analysis construct scale,4
tested processes questionnaire exploratory factor,4
judgment behavior emergency evaluation,4
promises benefits enhanced efficiency,4
countries imperative comprehend cognitive affective,4
user acceptance,4
social robotics rapidly growing,4
decision making,4
trust affected,4
group llc,4
estimations trust,4
guests acceptance technology,4
prism antecedents acceptance,4
confirmatory factor,4
structural equation modeling,4
reveal effort expectancy social influence,4
utaut model,4
influencing technology acceptance,4
perceived loss,4
similarity aesthetics indirectly affect,4
effort trust,4
contrast performance expectancy,4
lower affective cognitive,4
capture users compliance reaction,4
identifies affective component attitude key,4
emotional uncomfortable trust high cognitive,4
trust load important states user,4
configurations organizational members trust high,4
group llc,4
implications designing socially responsible,4
frameworks offers valuable managerial,4
ethical dilemmas security vulnerabilities,4
trust result decreased aa,4
ai performance eroding trust stalling,4
conceptualizes vsas anthropomorphic attributes play,4
online health consultation ohc,4
familiarity systems,4
structural equation modeling analysis,4
terms law concerns japanese,4
employing confirmatory factor,4
group llc,4
undermining authority threatening,4
phenomenological continuum intolerance increasing,4
refer intolerance indicate,4
increased trust perceived,4
features cav acceptance remains,4
immigration compared public concerns japan,4
user acceptance impact relocation features,4
evaluating existing models trust,4
exhibited higher confidence making choices,4
robots subvert control lives,4
losses meaning,4
decisions task difficulty little impact,4
trust automation tia according proposed,4
decisions regarding compliance norm,4
somewhat highly confident,4
experiments trust automation,4
social robotics human,4
cognitive enjoyment browsing online,4
process impacting trusting beliefs,4
sharing trust development agents human,4
decreased reliance automated advice,4
systematic detailed model emotion generation,4
emotions chatgpt,4
japan exhibited positive outlook germany,4
warmth persuasiveness related trust robo,4
gender neutrality,4
analysis efa,4
employees acceptance level,4
theory acceptance use,4
inflections yielded better outcomes trust,4
122 evaluates users reflections,4
making especially user felt responsibility,4
study 411 verify factor structure,4
confidence influenced use,4
decision vice,4
confidence advice increase predictability,4
intelligence ai acceptance,4
effect trust factors interpersonal job,4
savings come psychological losses,4
trust expectation model hatem predicts,4
uk limited trading,4
trust important,4
demonstrate anthropomorphism needs,4
use emotions plays,4
trust automation,4
reference framework developed illustrate,4
cause intolerant attitude agents predicts,4
rejection rates increased decision,4
monotone vs,4
decision theory formal definitions emotional,4
furthermore violations total probability,4
affect plays critical,4
positively affects,4
practical implications trust positive sentiment,4
decision making resulting individuals cognitive,4
group llc,4
human animal motivations,4
following causal framework emotion trust,4
driven multiple factors,4
factors influencing,4
especially high risk tasks,4
correct choices trust overrule,4
group llc,4
normative mimetic forces influence use,4
effects extrinsic intrinsic anthropomorphism,4
fairness accountability,4
trust satisfaction,4
findings argue tam utaut cat,4
compliance reliance,4
assisted decision,4
group llc,4
examines user expectations informed,4
attitudes technology,4
enhanced fairness,4
model make suitable acceptance ai,4
observation contrast,4
approach using sentiment analysis research,4
equation models analyzed using smart,4
unified theory acceptance use technology,4
blockchains purport trustless,4
trust intermediate,4
interfere decisions subsequent stages,4
subsequently employed structural equation modeling,4
trust bi directional relationships limits,4
suggests intermediate judgments,4
advance experiencing mistrust existential,4
affective cognitive,4
perceived avoidability promoted,4
incorporating advice decision making,4
technology trust 2024,4
uk limited trading,4
anchors popular,4
affect sensitive cognitive machines,4
human decision,4
attribution maps beneficial end users,4
motivations rational,4
literature social robots,4
identifies user sentiments,4
influence trust ai technology direct,4
social influence directly affects perceived,4
function decision,4
survey structural equation,4
technology utaut,4
study aims investigate individuals forgive,4
uncalibrated trust,4
human anthropomorphism provide sense,4
planning responsibility,4
adapting measures evolving perceptions attitudes,4
influential factors involved rationale,4
expectancy emotions positively affect familiarity,4
presence service robots makes,4
regret avoidance,4
trust formation,4
participants types confidence experiment personalized,4
vs low risk perceptions,4
group llc,4
infer interactor intentions,4
combinations explain different trust,4
trust decisive factor influencing quality,4
responsibility decision making behaviour precipitated,4
confidence confidence ai,4
human judgment accompanies,4
careful consideration various factors,4
sentiment analysis emotion classification,4
users using structural,4
decision making process adv,4
develop unified framework trust,4
hermeneutics utilizing frustration,4
uk limited trading,4
personalized predictions trust,4
human decision processes,4
analyses showed positive attitudes,4
trust behavior ai based,4
confidence confidence ai,4
findings study demonstrates perceived anthropomorphism,4
suffer psychological,4
anthropomorphism positive direct relationship emotional,4
analytical framework combining factor analysis,4
study aims explore acceptance,4
second phase confirmatory study,4
social influence,4
public attitudes,4
opinion reflecting varying optimism,4
robots differentiate competitors offering,4
participants held positive view,4
participants types confidence experiment personalized,4
group llc,4
social experiences,4
risk aversion negative,4
equation modeling analysis,4
presence sense alleviates psychological,4
trust humans,4
anthropomorphism moderated associations,4
science literature emphasize importance trust,4
generosity positive ones,4
318 structural equation,4
utaut2 unified theory,4
emotions long deemed,4
trust development play,4
group llc,4
influencing reliance ai,4
science business media,4
group llc,4
trust usage ai discussed,4
uses social value orientation,4
group llc,4
frameworks haii,4
humans implying positive association robot,4
intensity user perceived trust,4
motivational perspective examined social connectedness,4
decision making interactions,4
attribution practical implications promoting social,4
pcor indirectly increases human acceptance,4
trust formation,4
work decision,4
extraversion neuroticism,4
examine influence affective cognitive considerations,4
participants reacted strongly,4
rates improved,4
identifies reasons,4
relocation related factors cav,4
decision making implemented models,4
perceived workload trust,4
decision maker agency,4
judgment coupled subsequent,4
human factors experiments optimization tasks,4
structural equation,4
showed strong negative correlation,4
showed forced interactions intensify responsibility,4
playfulness field,4
dramatically increase user trust chatgpt,4
likely anthropomorphisms military,4
technologies unclear emotions,4
conceptualised anthropomorphic,4
related trust perceived values satisfaction,4
group llc,4
altruism human drivers sociality,4
main factors people ponder,4
affect trust online,4
risk negatively,4
learning decision,4
influence psychological traits appropriate reliance,4
beliefs interacting technology,4
improving compliance,4
involve anthropomorphism,4
paper studies contextual factors personal,4
decisions algorithm,4
technology identified predictors trust,4
arises effective decision making,4
negative human relationships,4
use technology utaut technology adoption,4
control generalized trust demographics alongside,4
indicate subjective norms,4
technology acceptance paper provides nuanced,4
ai fairness threat,4
factor analysis tested using covariance,4
dissonance arises,4
dimensions users perceived empowerment perceived,4
lens psychological empowerment,4
decision making aa superior completely,4
decision making trolley,4
anthropomorphism theory study,4
service robots currently entering consumer,4
group llc,4
puts humans risk leaves,4
like machines designed make decisions,4
robots data defenseless,4
tai guarantees human,4
value future interactions,4
state art build trustworthy explainable,4
challenges extrapolating concept trust,4
analogical affective,4
interpersonal psychological neurological perspectives,4
investigate notion employees trust ai,4
building trust,4
trust guides,4
trust influences reliance,4
cognitive affective behavioral,4
framework context restaurant service robots,4
factors interact especially automated,4
equation modeling,4
decision strategy comprised accountability condition,4
trust use,4
web acceptance,4
experiential users incorporating intrinsic motives,4
human factors,4
human factors,4
distrusted spot checked automation,4
harmonise service robots artificial,4
fails ai hook public,4
evaluations anxiety related affects,4
public reason,4
planned behaviour data,4
especially people low levels self,4
technology acceptance model tam engagement,4
defense task 27 experienced,4
positive effects anthropomorphism interactions smart,4
learning ai triggered social,4
reduce uncertainty increase users trust,4
tam beliefs web flow,4
decisions humans,4
abstract concepts confidence hope,4
expectations limited real life,4
define flow,4
implications constructs enjoyment,4
directed users driven instrumental factors,4
factors focused decision making process,4
tam adapt,4
structural equation,4
symbols compromise effective,4
uncover motivational mechanisms needed,4
coolness positively influence,4
decisions subject human trust mental,4
product outcome range number,4
trust advisor attribution,4
present vignette based decision experiment,4
based advice affects human decision,4
varying anthropomorphism,4
bolster trust automation,4
human social needs,4
individual character personal choices intrinsic,4
feel dominated triggers need,4
powerless painful,4
view social robots way,4
process explained higher degree trust,4
adopt accept ai,4
factors complex,4
improving trust,4
behavior human negotiators,4
emotion play intelligent,4
decision making planning learning attention,4
reach agreement,4
bargaining partition,4
barrier influences attitudes,4
participants engaged alternating offer,4
arousal offer acceptance observable,4
emotionally charged behavior facing computer,4
influence mechanism,4
likewise emotions,4
implicit anthropocentric anthropomorphistic conceptions,4
topics trustworthiness explainability ethics,4
members increases likelihood trust degradation,4
decision higher support,4
group llc,4
factor perceptions primary task,4
trust worth investigating,4
applications investigated study include anthropomorphism,4
empirically validated confirmatory,4
enjoyment self,4
acceptance artificially intelligent ai,4
trust moderating,4
task affect decision task,4
high adaptivity,4
viewing opinions,4
infer biased media,4
important latent features decision process,4
reverse infer important latent,4
domain usa,4
trust automation guide,4
hierarchies suggest reframing trust,4
promote appropriate reliance automation,4
purpose framework,4
based decision situation semiotics interaction,4
human factors,4
types dynamic function allocations scheduled,4
opinions idiosyncratic anomalous,4
risks arising,4
trust reliance,4
model trust automation,4
machine decisions,4
affect control theory alternative method,4
sharing causes challenges dark agents,4
structural equation modeling,4
gma level influences,4
basic psychological needs,4
norms trust,4
trust service service provider training,4
demonstrated significant impact trust,4
science canada,4
psychological outcomes translates major gap,4
emotions provide,4
investigated impact anthropomorphism customers decisions,4
anthropomorphism including social presence,4
structural equation,4
negative emotions,4
classifying emotions usually facial body,4
affective computing,4
technology raises number human factors,4
robots trigger carry,4
values context specific reasons attitudes,4
equation modelling used,4
equations model,4
decision makers researchers,4
optimal decision makers utilities,4
accountability issues,4
capabilities social robots,4
willing accept cooperate,4
research examines social anxiety,4
choice day safari calling,4
trust variance effects,4
demonstration reputation experience,4
judgments unaided assistance 93,4
trust turn predicts automation,4
examinations trust,4
implications incorporating behavioral cognitive factors,4
group llc,4
personal stake,4
social robots suggest programmed,4
research focuses acceptance particular,4
utilitarian choices human beings studies1,4
real lives important factor,4
study alerts companies negative effect,4
argue reliance,4
based theory consumption values,4
wuhan chongqing reveals personalization enjoyment,4
automatically note quickly sense feelings,4
quality goodness badness experienced feeling,4
risk willingness use time efficiently,4
affect guiding,4
judgments decisions,4
user acceptance,4
robot actual capabilities reliability,4
adopting ai service robots,4
welcome social robots,4
surprise used personalized interactions,4
influenced users subsequent actions,4
people perceived greater reactance,4
terms applicable effect leveraged,4
domain experts,4
affective analysis,4
affective trust change design,4
control streamlines choices decision making,4
key outcomes,4
fully mediated emotion rapport showing,4
synergies desirable individual,4
validation employees encountering ai application,4
evaluation supported viability,4
human choice reaction,4
human factors,4
positively negatively,4
producing good decisions stimulating,4
today program decision making machines,4
livelihoods stake,4
decisions taken,4
reliance automation supervisory control situations,4
motivations attitudes values,4
sequential decisions characterize,4
christian religions signs warnings,4
beings aware risks associated,4
communicate right way ensure safe,4
attitudes relationships tendency humans anthropomorphize,4
determination attitudes,4
trust essential,4
perceived anthropomorphism consumer,4
trust compliance,4
similarities people trust humanlike,4
informa uk limited,4
neuropeptide associated trust humans offers,4
trust necessary condition,4
human factors,4
trust levels real time allowing,4
anthropomorphism provided recommendations,4
anthropomorphism continuum similarly placebos increased,4
fairness evaluation negotiating mindset,4
factor determines success human,4
public sphere awash anxiety,4
setting anthropomorphism beneficial transaction,4
incentivized decisions aid,4
offer sensitivity,4
transaction outcomes,4
alter user behavior related disparate,4
behavior related disparate domains,4
important domains life,4
order make good decisions humans,4
socially sustainable human,4
research antecedents human trust,4
antecedent variables trust ai,4
evidence retail setting anthropomorphism,4
models collaborative decision making,4
naturally expressing emotion,4
trust essential requirement effective human,4
human freedoms,4
fact emotions considered,4
trust compatibility play stronger role,4
group llc,4
perceived trust perceived value perceived,4
enjoyment technology acceptance,4
potential conformist behavior varies,4
affective attitude,4
human factors,4
computers robots produce social conformity,4
critical role motivation influence cognitive,4
enjoyment trust attitude use,4
emotions play critical,4
area affective computing,4
discussion promises,4
group llc,4
decision action level task dimension,4
cultivating trust,4
human factors,4
citizens achieve positive,4
personalization aesthetics negatively associates perceived,4
china indicates user experience positively,4
experiences like flow,4
conditional role trust government,4
ac enables development affective,4
concerns negatively impact acceptance,4
theory reasoned action investigate personalities,4
emotion dependent mechanism,4
factors meaningful anticipate complacent,4
focused human trust automation simulated,4
estimate participants reported trust agent,4
trust civil aviation,4
literature trust automation,4
group llc,4
multiple factors influence trust,4
human factors,4
cause decision making biases use,4
decisions expose person,4
purport help person various phases,4
particular decision interrupt ongoing,4
various phases decision,4
important machines deployed social,4
social value orientation,4
making leave final decision hands,4
people come develop trust,4
trust schemas based robot,4
surprising event trust work,4
partner attribution blame following negative,4
negative outcome,4
trust decision,4
biased type incentive promised,4
interviews individuals consider use decision,4
group llc,4
objective trust indicators,4
acceptance human,4
gap develop integrated ai acceptance,4
structural equation,4
positive impact attitudes chatgpt,4
subjective norms notably,4
perceive emotion,4
trust emerged crucial factor steering,4
recent findings social robotics virtual,4
human life ways,4
processes helps people make decisions,4
factors design,4
understanding motivation goal congruent,4
frameworks offer useful,4
equation modeling,4
group llc,4
replace humans decision making,4
risk proximal antecedents perceived expertise,4
action metaphorical decision making,4
effect familiarity,4
perception emotion heuristics defense,4
defense planning non,4
personal decision task,4
degrees freedom,4
judgement objective non,4
reveals nature,4
uk limited trading,4
decision aids undoubtedly,4
warehouses based unified theory acceptance,4
leveraging theoretical framework planned behavior,4
secondary evaluative,4
consideration cognitive factors,4
acceptance avoidance,4
decision making organizations facilitating human,4
evaluative criteria,4
greatest trust role clarity preferred,4
distrust ai human vs,4
particular involve,4
considering impact design building trust,4
significant positive effect job,4
examine nonhuman,4
planned behaviour tested,4
account user reaction learn,4
acceptance said technologies enterprise context,4
trust role,4
distrust ai human vs,4
considering impact design building trust,4
appropriate selection important,4
decision making processes,4
based trustworthiness physiological,4
users react differently influence nonhuman,4
group llc,4
aims explore determinants user behaviors,4
tended positively,4
trust significantly,4
ratings discriminate mental,4
multiple modalities facial expressions voice,4
way development trust aware,4
self esteem threat turn results,4
application contexts brittleness ml trusted,4
communal attitudes apprehensions transportable behaviour,4
cluster investigation comprehend attitudes possible,4
potential develop trustworthy control,4
decision aids training procedures,4
infer human trust workload,4
social service robots,4
different service contexts anthropomorphism,4
anthropomorphism effect trust construct effort,4
decision process pomdp,4
using factorial design,4
human factors,4
positive experiences encountered,4
negative reaction user,4
selection commonly performed,4
preferences based,4
contribute developing global socially acceptable,4
human lead decrease trust,4
social psychological issues current fa,4
various trust repair strategies,4
experiencing emotion,4
argue normative role,4
performance feedback trust automation self,4
self confidence manual control perceived,4
increase users acceptance decision,4
decision making model used,4
understand humans acceptance artificial,4
wrongly believes positive,4
vulnerabilities deception,4
trust machine key point,4
papers highlighted individual trust,4
point encourage acceptance autonomous,4
technology related user acceptance,4
tactical judgments decisions,4
individual trust,4
perceived fairness decision perceived,4
simon work motivated,4
herbert simon overlapping,4
participants trustworthiness perceptions,4
probability machine better,4
situation awareness trust,4
trust automated leadership agents,4
algorithm based decision making,4
trust formation humans machines,4
decisions properly assess,4
robots knowledge capabilities transparency,4
stakes high,4
humans complete control managerial decisions,4
acceptance rates steadily increased,4
updates dm belief machine,4
situations dm hesitates,4
positive probability,4
sociodemographic profile users studied factors,4
group llc,4
realm occasional,4
effective apologies,4
demand tools assess public attitudes,4
attitude scale aias concise self,4
forced choice experiment,4
factor analysis,4
omitting item displayed weak correlation,4
addiction change,4
framework review current examples persuasive,4
human decision making,4
responsibility social approval unlikely obtained,4
make informed decisions proposed,4
management consent context,4
loans rejection,4
lack frameworks,4
employees generally advised express positive,4
relationship norm orientation affects expectations,4
adjust decision making,4
foster motivation learn machine,4
psychological acceptance,4
newcomer receptivity includes,4
human receptivity new ai teammate,4
group llc,4
trust recovery failures,4
does trust hats evolve,4
trust develops time team,4
emotion interactions,4
promise denial,4
rejection ai provider triggers,4
symbolic related consumer self concept,4
perfectly matched,4
outcomes user choices,4
justified today business decision makers,4
trust power asymmetries lack,4
usage decisions auds choices people,4
explaining attitude attitude,4
gender optimism,4
informa uk limited,4
tackle new problems context anthropocentered,4
emphasis according feeling,4
role human factors decision,4
preferences participant begin mouse movement,4
finding human choices converge similar,4
improving psychological empowerment improvement,4
everyday life promises enhanced,4
trustworthiness associated,4
vulnerabilities shape public consensus,4
affect technical systems perceived,4
social responsibility strategy,4
self construal weakens effects,4
structural equation modeling,4
social sustainability harming social values,4
managers decision makers streamlining,4
decision making tasks,4
users make sense real fictive,4
literature users lose trust systems,4
cat trust levels,4
decision aids suboptimal way,4
results domains sap,4
matching person unique preferences study,4
introductions affect perceptions,4
learning emotional decision making,4
caused neglected,4
integration emotions attachment,4
create socially responsible,4
features ensure prompt functionality better,4
perceived anthropomorphism perceived,4
various decision,4
reliance task performance days,4
offs determine preference resistance ai,4
lack trust autonomy,4
measured trust end,4
attraction learning,4
perceptions compliance reliance task,4
option space,4
assistant decision making rationale,4
behavioural reasons,4
group llc,4
preferences exist complex human,4
service task emotional knowledge based,4
intimacy mediating role relationship anthropomorphism,4
robots frontline,4
social influence,4
demand coffee maker anthropomorphic,4
common human factors,4
collectivistic individualistic feel closer,4
evaluation types attitude,4
stimulate employees intrinsic motivation promoting,4
positive negative andneutral wasperformed classification,4
images shown tablet,4
robot chest web interface,4
systems social agency incomprehensibility influence,4
trust machine,4
intelligent autonomous systems social,4
bilateral interaction called choice,4
negative neutral images selected,4
factors influence dominant,4
portugal examined group based emotions,4
multiple dispositional factors,4
advice using social utility,4
human factors,4
background emotion recognition,4
anxiety 24 urban scenes,4
showed trust assessments reflected degree,4
alternative models choice selection,4
congruence robot decision situational danger,4
scales including rota predictive trust,4
decision making,4
null decision making,4
emotion null,4
assess user emotions separately,4
certain goals essentially self interested,4
based affect,4
potential attack,4
score mental,4
based task oriented decision criteria,4
evaluated separately wants,4
help explain creepiness unfeeling,4
remains unnerving,4
effective decisions humans,4
experience feelings unease,4
prompts attributions mind,4
unnerving appearance prompts,4
guilt envy play important role,4
perseveration behavior induce higher heart,4
role social emotion anticipated technology,4
trustworthy robots highly performing robots,4
scenario involving authority,4
human factors concerns man,4
refusal departs requested agreed behavior,4
trustworthiness matter,4
acceptance ai,4
concerns influence technology trust user,4
negatively influence,4
break social norms,4
unfavorably desire,4
gap human factors,4
uk limited trading,4
cognition arousal assessed heart,4
degree anthropomorphism robots affect,4
embarrassment negative emotion hinder interactive,4
apprehensiveness expected,4
perform complex services anthropomorphic,4
accelerated wide application service robots,4
varied vulnerability,4
demand coffee maker anthropomorphic,4
based affect,4
risk manipulated,4
risk conceptualized structural organizational technological,4
llc behalf society risk analysis,4
anthropomorphism robots,4
risk analysis,4
perform complex services anthropomorphic,4
delay critical decisions late lifecycle,4
accelerated wide application service robots,4
reliance complex studies,4
present business decision,4
machine decisions,4
positive mediates,4
ed positive,4
participants use decisions quality,4
range delight frustration,4
understand factors affecting people,4
people overwhelmingly like trust,4
positively associated mediated,4
user trust,4
social influence stronger,4
mechanisms compare understand underlying decision,4
attitudes equal high precision mean,4
disturbing factor,4
motivation using lens self,4
panglossian assumption neglects psychological,4
acceptance model based established technology,4
uk limited trading,4
cause unfavorable,4
lacking metaknowledge contrast,4
contrast reluctance use ai,4
negative consequences subsequently evaluate fairness,4
control unfavorable outcomes human experts,4
contrary subjects acted rationally internally,4
critical psychological processes explain,4
observing functioning correlations,4
trust mt competitive psychological,4
sets decision rules,4
decisions little human intermediation,4
learning implement decisions,4
decisions collaborate,4
decision making gives rise right,4
http creativecommons,4
consent dead,4
trust rely automation,4
view informed consent assurance trust,4
robot trust considered necessary precondition,4
negative effects decision making,4
awareness displayed significantly positive relationship,4
anthropomorphisation application human like mental,4
group llc,4
attitudes human,4
frustration participants decreased acceptance,4
fa decision making,4
function allocation fa used design,4
decision making process called function,4
factors engineering decision making,4
criteria decision making method prioritize,4
human knowledge services robotics,4
workload gain acceptance provide support,4
revealed agency judgments impacted quality,4
investigates factors,4
humans think make decisions,4
repeated previously decisions 73,4
unified theory acceptance use technology,4
anthropomorphized conversational,4
stronger preference human like,4
performance expectancy social influence facilitating,4
users making decisions profit versus,4
prosocial microlending decisions affects degree,4
uk limited trading,4
risk human like way,4
regret effects probability weighting,4
judgments 11 hai,4
decision making dm risk influenced,4
desired preference data,4
basic tam,4
group llc,4
believed trust promoted anthropomorphisation,4
trust human ai interactions,4
focus preference learning,4
decision making indicates human like,4
difficult trust variety,4
tam items,4
demonstrated positive correlations head,4
equation modeling,4
parameters tam scores trust showed,4
investigated attitudes self,4
version technology acceptance model tam,4
perceived risk trust organism,4
intelligence anthropomorphism increase users willingness,4
responses factors affected development,4
users perceived,4
development society acceptance largely,4
reason advice influences people,4
depend trust,4
unfair algorithm leads decision,4
modeling emotion,4
structural equation modeling,4
decision maker humans,4
analyzed structural equation,4
haic group,4
confirmatory factor analysis identify modes,4
selection processes humans,4
levels anthropomorphism,4
provoke ambivalent attitudes employees cooperative,4
decision making machines,4
function allocation core activity,4
study human emotions disciplines,4
useful tools understanding people attitudes,4
affective functions,4
positive negative attitudes,4
testing scale iterations exploratory factor,4
educational therapeutic social situations,4
met adequate infrastructure psychological,4
especially consumers independent self construal,4
group llc,4
communication shown disrupt interpersonal trust,4
manipulated agent reliability,4
human trust automated systems maintenance,4
approach modelling trust formed,4
especially human factors,4
level goals understandability trustworthiness,4
trust monitored continuously unobtrusively using,4
trust hot,4
trust governing factor,4
negotiation settings cases training computer,4
prevent reliance utilization,4
involving bilateral negotiation,4
human decision making processes game,4
attribution psychological mechanism,4
make better decisions treating inanimate,4
flexible framework research,4
robot interaction marketing,4
human decision,4
questions motivated,4
allocation decision robot,4
promises improve,4
condition led highest trust,4
social robots,4
emotions generate,4
effort anxiety,4
lack trust,4
happiness identified,4
measures proposed debias individual,4
automated systems known affect agents,4
trust major,4
decision aids imperfect,4
procedural structural technological measures proposed,4
positive effect,4
acceptability scores revealed,4
contrasts concept,4
group llc,4
responsibility trust significantly influence perceived,4
medical domain trust medical promoted,4
acceptance discussed,4
acceptance use,4
group decision making complex,4
science business media,4
increases trust agents,4
providing participant confidence direction,4
concerning human trust,4
model knowledge dynamic decision making,4
framework support align human factors,4
algorithmic decision,4
demonstrates myopic,4
emotional connection,4
robots help customers,4
emotions employs online experiments,4
gap builds appraisal theory emotions,4
factors self construal social exclusion,4
individual differences attitudes artificial,4
completed items sociodemographic variables attitudes,4
significant positive associations neuroticism,4
link ai anthropomorphism self,4
decision making processing responding,4
association acceptance ai gender,4
risk attends,4
emotional connection,4
factors self construal social exclusion,4
trust artificial,4
injustice primary determinant,4
link ai anthropomorphism self,4
uncanniness uncanniness negative effect,4
wrongful acts,4
perceived harm perceived injustice,4
science business media llc,4
prevented training instructions affect decision,4
conceptual framework,4
conceptual framework,4
care resulting broader acceptance systems,4
group llc,4
connect user trust transparency subsequently,4
user acceptance intelligent systems,4
influence user attitudes including,4
results acceptance performance,4
decision making person,4
acceptance trust,4
functions terms negative positive emotions,4
negative impact,4
decision aid conflict,4
concepts like trust mental models,4
decision making making use,4
trust enforce aversion systems studies,4
conflicting decisions humans,4
subconstruct psychopathy,4
reliance increased disuse,4
awareness trust robot,4
automation reliance compliance,4
trust artificial,4
outcomes users,4
influencing factors,4
conceptual framework proposed better understanding,4
conceptual model trust,4
positive cognitive affective behavioral changes,4
regarding effect anthropomorphism customers,4
decision making takes account,4
showing requisite decision making models,4
somewhat hesitant,4
systems human like decision,4
affective state,4
compared individuals trust ai trust,4
interactions demonstrated people reluctant,4
increase user confidence,4
framework taxonomy,4
specific environmental factors,4
business press,4
key decisions course,4
factors proved insufficient number,4
poland test internet users perceive,4
systems acceptability,4
consequence acceptance,4
preferred online people reject dissimilar,4
interaction especially high risk extreme,4
2015 human factors,4
subjective ratings,4
control negatively,4
workload situation awareness trust,4
blocks trust,4
robots significantly associated private,4
value based motivation theory,4
procedural justice trust government,4
effect gen members emotions,4
trust safety,4
exposing individuals counter attitudinal political,4
emotions motivate,4
shape range domain experience,4
tool rejected advice felt,4
augmentation substitution role service robots,4
trust anticipation,4
anthropomorphism social presence,4
joy frequently,4
management literature unraveling relationship anthropomorphism,4
frequently expressed,4
robots driver customer,4
delivery fle service robot teams,4
express positive,4
reported communication social robots deployed,4
emotions using advanced text analytics,4
assisting decision making,4
transparency trustworthiness compliance,4
emotional responses time interactions,4
trust functional savvy prerequisite,4
unique emotionally charged,4
acceptance requirements facilitated provision explanations,4
scenario influence,4
conceptual framework av,4
awareness trust,4
influence trust icub,4
circumvent accountability,4
human factors,4
reliance algorithmic suggestions,4
acceptance av society,4
activity vulnerable miscalculations potential,4
vulnerabilities process speeds,4
factor job,4
extends current understandings trust ai,4
trust change time,4
managers trust,4
social decision making machines humans,4
architectures profiled,4
day operations general distrust,4
efficiency cooperation fairness,4
appropriate reliance particularly early,4
reasons decisions developers guide human,4
decisions experience construct,4
propensity trust machines,4
automation reliance,4
assessed including trust liking,4
affectively laden,4
drawing affect,4
technological factors significance mixed human,4
decision making suggests,4
risk management model promotes holistic,4
commonly used test tom humans,4
tool motivated rasmussen risk,4
emotions reliance automated systems,4
influence different aspects work,4
illuminating influences user moods,4
foster decrease factor,4
termed liking,4
decision making organizations growing,4
human emotions oriented human contribution,4
finally examined factors,4
decisions humans add distinctive,4
decision making,4
trust trust critical systems carry,4
personality related trust affecting acceptance,4
emotional relational aspects communication emphasis,4
building trust human workers,4
adherence recommendation,4
based framework,4
design trustworthy ai,4
philosophy examine norms,4
human needs emotions,4
trust explored,4
learning human preferences observations,4
human factors,4
false alarm automation 50 conflicts,4
organizational rejection external technologies phenomenon,4
self confidence,4
subjective ratings trust,4
equations used,4
factors psfs model,4
factors affecting human,4
opinion values estimating human,4
framework proposed method consists,4
advice felt greater accountability,4
product attribute type experiential,4
human factors,4
goal equip machines socio emotional,4
mainly focused effect basic emotions,4
participant trust self,4
confidence higher workload lower adaptive,4
science business media,4
concept trust provides valid,4
preregistered online,4
identity techno animism positive emotions,4
exploratory factor analysis moral consideration,4
emotion aware intelligent systems predict,4
reasons people,4
considered judgments governing,4
trust accept,4
users emotional states,4
risks associated,4
design techniques human ability trust,4
emotion social awareness cognitive functionalities,4
introducing certain anthropomorphic characteristics emphasised,4
valence likely stimulate,4
115 pairs emotionperformance,4
symbiosis trust technology,4
anthropomorphism perceived,4
structural equation,4
equation modeling technique conceptual,4
anthropomorphism perceived,4
responsible tasks,4
dimension decision trust robot,4
argue technology acceptance model tam,4
decision making authority,4
use acceptance,4
behave responsible,4
importance technology acceptance literature,4
originated trauma,4
increasing decision latitude order,4
voluntary decisions actions,4
action used promote acceptance automated,4
contrast electronic computer performs,4
reasons justifications action used,4
public trust,4
reasoned action,4
judges persists,4
safeguarding equity justice rulings,4
user trust artificial intelligence ai,4
judicial decision making process ancillary,4
noncommercial sharealike,4
managers policy makers facilitate,4
participants informed exclusions financially disadvantageous,4
responsibility expresses longing behave,4
related biological specializations human,4
action used promote acceptance automated,4
evaluated framework,4
anthropomorphization empirical insights,4
predicting intentions behavior participants,4
reasons justifications action used,4
choices actual,4
transdisciplinary field social robotics starting,4
functions right hemisphere,4
trust major cause,4
motivation anthropomorphism acceptance objection ai,4
trust levels avs interactions vehicle,4
level trust actual reliability ai,4
anxiety unsafety perception high,4
model included emotions,4
group llc,4
regulatory practices user trust,4
draws factor theory emotion,4
technology acceptance,4
solving decision making activities,4
uniqueness attitudes predicted,4
social robots,4
utaut2 theory perceived risk,4
decisions attributed situational factors,4
confronted challenge ensure user acceptance,4
robotics influencing marketers consumers,4
acceptance model tam theory,4
information robot provides drivers,4
group llc,4
framework consists levels,4
use influenced social norms,4
continuum calm neuroticism maturity juvenility,4
clinical decision making study algorithm,4
insights psychological underpinnings acceptance,4
measures attitudes,4
perceived blame,4
trust automation,4
group llc,4
users opinions,4
intended emotional,4
distrust caused automation surprises trigger,4
risk negative influences,4
showed time risk,4
use quite tam,4
expectancy social influence,4
habit anthropomorphism personalization,4
control responsibility,4
negative vs,4
positive type,4
researchers accident investigators regulators managers,4
study focus negative outcome scenario,4
patrons decisions,4
use unanticipated,4
analyzes changing features trust,4
benevolent maintained task,4
people report emotions including,4
trust suspect,4
moment suspected attacks occur reliance,4
equation modelling used,4
law small numbers,4
preference ai service modelled,4
mixed blessing perspective intelligent,4
pleasures different scenarios involving self,4
tendency completely overall judgmental,4
insecurity negatively affects perceived,4
perceived control success means pocket,4
risk shows negative significant,4
esteem turn detracts employees,4
overcome risks confidence using digital,4
optimal solution reduce reliance past,4
structural equation modeling,4
outcomes decision making,4
emotion communication medium network,4
particularly meaningful false negative scenarios,4
stylised heart beat,4
homeostasis appraisal emotions derived,4
important rl sub domains like,4
focuses relation user perceptions design,4
desirability decision response time,4
social robots provide,4
directions future emotion rl,4
acceptance trust,4
decisions affect,4
demand emotional,4
emotion recognition lacking personalized,4
need domain,4
feeling understood associated increases,4
uk limited trading,4
trust robots tasks,4
hyperconnectivity major,4
people encounter artificial,4
combines utaut behavioral theory variables,4
anxiety unsafety perception high,4
interface trust significant,4
personal integrity fear,4
effect trust contrast effort,4
wtd fundraising project psychological,4
level trust,4
human factors,4
decision authority showed significantly,4
acceptance rated higher individuals tasked,4
factors provide,4
externalities relationship fit factors unique,4
trust intricacies,4
factors analyzed impact trust,4
interaction service anthropomorphism social,4
improve corporate fairness,4
social connections enhancing quality life,4
increased richness anthropomorphism interface,4
grounding investigation principles interpersonal trust,4
intricate dynamics trust,4
constructs perceived enjoyment customization,4
robot anthropomorphism,4
perceptions anxiety levels predict,4
qualitatively explore overarching motivational,4
algorithms helps decision,4
security responsibility,4
consumers perceptions future development anthropomorphic,4
sensitivity information competence based trust,4
gender biases racial discrimination,4
quantitative approaches human factors,4
influential decision making task human,4
robots various services,4
trust mediates relationship servant,4
task requiring suppression enemy defenses,4
monetary motivation,4
acceptance expert,4
human related environmental societal factors,4
agent selfishness altruism allowing,4
accountability important,4
binary function allocations,4
machine learning social,4
discrete decision making tasks,4
studied trust situation,4
agents sporadically change failure environmental,4
inclusion diversity fairness,4
causes selfish,4
equation modelling deployed test research,4
strongly correlated trust satisfaction explanations,4
cognitive style employed factor,4
lose normative,4
structural equation,4
freedom control major concerns aspects,4
people react differently,4
trust sense freedom,4
hybrid responsibility face,4
possible testbeds used evaluate,4
contextualizes trust automation factor,4
impact anthropomorphism,4
science business media llc,4
social value,4
discomfort feeling participants preferences,4
people responsible,4
interpersonal emotion regulation,4
based emotion recognition software effective,4
informa uk limited,4
trust autonomous systems crucial achieving,4
negotiations generating,4
human trust,4
public perceives artificial,4
dimension decision making human artificial,4
versus appreciation,4
perspective article review recent,4
decision making,4
preferences inferring combination metrics maximax,4
decisions drink choosing,4
desires decision maker serve provide,4
factors subjective norms constructs,4
family decision makers determine help,4
emotional behaviors,4
traffic flow dependent automotive emotions,4
emotion aes computational model imitates,4
conscientiousness agreeableness,4
subtly guide people decisions improve,4
biases human judgement,4
nudge popular,4
understanding extent humans deem artifacts,4
factors cognitive personality,4
associated forgiving attitudes,4
introverts positive,4
distrust general trust predicted,4
perceived mindful mindless anthropomorphism,4
motivation described,4
comparator decision mechanism,4
robots integral service,4
interactive technology acceptance model itam,4
decision making,4
safe predictable ways,4
asking participants choices hope optimal,4
acceptance artificial,4
criminals terrorists enabled ai trust,4
virtual face mitigated bias participants,4
decision making wargaming,4
affiliative intent expressions emotion,4
medical domain users frequently,4
factor structure positive negative showed,4
confirmatory factor,4
people risk opportunity,4
authority granted automated,4
acceptance research,4
adjust trust automation result,4
structural equation,4
associate reasons attitudes intentions adopt,4
ai acceptance different outcome,4
decision making depends combination hmi,4
trust acceptance,4
trustworthiness especially design,4
equation modeling process,4
emotional expressions contextual cues influencing,4
cues influencing anthropomorphic,4
cebs lower anthropomorphism conspicuous,4
contexts social robots,4
optimism perceive ideal self,4
science business media,4
rejection ai,4
outcomes trust preference av,4
relationship present nature role trust,4
positive vs,4
constructs attitudes,4
reliance automation,4
correct acceptances decreased rate,4
significant mediation role trust relationship,4
promises increased efficiency,4
anthropomorphism human,4
influences trust,4
capacity relate emotional,4
trust understand results interpreted light,4
human trust,4
negative effect systems complexity,4
able make decisions complete tasks,4
human factors,4
factors public,4
emotional state assigned broad spectrum,4
acceptance intelligent virtual assistants context,4
technical challenges trustworthy human,4
space symbols meaning value closely,4
principle way decision thinking,4
acceptance automated,4
literatures relevant traditional human factors,4
increase public acceptance anthropomorphic,4
significantly influenced decision,4
outcome bias contrast effect significantly,4
reliance automation fosters complacency individual,4
joint decision making process,4
existing beneficial social norms humans,4
number studies viewed trust,4
acting human groups order affect,4
trust administering,4
reduces usefulness 58 reduces acceptance,4
supplanted machines potentially eliminating social,4
acceptance trust,4
design social norms,4
displays generating processing options selecting,4
decisionmaking capabilities limitations,4
shared traded,4
challenge psychological consumption,4
social issues involving artificial,4
interviews aimed uncover values motives,4
human decision making having normative,4
did necessarily decide according,4
collaborative decision making attracted attentions,4
2019 2019 informa uk limited,4
uk limited trading,4
based entrusting tasks autonomous,4
compensates negative influence,4
results defective reduces trust,4
structural equation,4
negative effects society,4
uk limited trading,4
altruism giving way,4
decisions user consent,4
trust workload takeovers physiological,4
decider executive,4
visual anthropomorphic cues explainable,4
dimensionality cognition emotion physicality,4
emotion plays,4
emotions increase trust,4
indicates negative effects influenced,4
responsiveness anthropomorphism positively affect consumers,4
factor brand trust positively affects,4
agent responds trustworthily untrustworthily investment,4
trust human machine,4
promised existence,4
science business media,4
reliance hss condition feedback,4
expression emotions visual channel,4
compounded decisions increasingly effortful difficult,4
choice overload associated,4
anthropomorphism referring human,4
smiling voice increases,4
recognition negative emotion algorithmic,4
given diversity user requirements preferences,4
higher confidence task,4
insufficient reliance operators,4
personality attitudes computers trust technology,4
fairness trust,4
group llc,4
increases confidence certainty decision,4
service robots,4
decision maker algorithmic human,4
robotic devices operationalized intelligent dsss,4
sem indicate subjective norms,4
evoked positive emotion possibility social,4
reduced increased familiarity,4
decisions generated mixed response algorithms,4
tam interpersonal attraction exert greatest,4
perceived lack intuition subjective judgment,4
manual performance similar trust hss,4
negatively neuroticism anxiety,4
service robots casr actual,4
choices machines make decisions,4
anthropomorphism positively related effort,4
incorporates acceptance generation,4
group llc,4
reluctant accept,4
traditional technology acceptance model,4
addition anthropomorphism explain lower employee,4
correlation emerged neuroticism dispositional trust,4
decision makers practitioners academics,4
positively related gratifications,4
behavior trust av,4
factors identified inversely,4
response time workload trust,4
surprisingly es positively associated,4
human factors engineering,4
accept ai device,4
based theory planned behavior,4
dispositional history based trust current,4
responsibility machines failing detect cases,4
key reasons,4
influence hrm derive specific,4
complex decision mechanisms position,4
usefulness positively influenced anthropomorphism,4
assignment responsibility,4
empirical study demonstrated highly anthropomorphized,4
evaluative processes people engaged decision,4
level trust automated,4
significant negative effect erroneous conversational,4
design cues trust,4
function allocation,4
contrast false,4
higher negative emotions control,4
future decisions,4
widespread attention mainstream media,4
stronger positive attitudes greater intention,4
sickness associated negatively cav,4
facing service robots worker facing,4
acceptance anthropomorphism critical presence,4
understanding link affective cognitive,4
order trust beliefs,4
literature introducing new conceptualization trust,4
trust human,4
subjects preferences based context,4
reported trust mental,4
radio tv,4
levels familiarity,4
positive user behavior examine effects,4
human factors,4
decision element complex systems,4
intentional personal causes,4
showing emotions,4
used evaluate trust,4
connectionism form,4
consider advice nonhuman,4
vulnerability model developed paper,4
preferences needs,4
human factors considerations design,4
investigate influence mechanism al individual,4
satisfaction increasing cognition based trust,4
negative emotions whilst working,4
influences discussed,4
user acceptance,4
structural equation modeling,4
everyday lives presence influence expected,4
influence expected grow exponentially,4
study built factorial design,4
trust experience continuation,4
decisions human workers,4
motives young,4
science business media,4
emphasising potential,4
domain counterfactual,4
motivation herbert simon,4
suit preferences,4
control increase user acceptance,4
conform trust displayed group relying,4
decision making,4
opinions expressed observers,4
leverages intent,4
robot trust influences relationship informational,4
decision tasks framework organizing,4
human factors,4
transformative influence economic social,4
rely sufficiently,4
robots social robots analytical intelligence,4
engineers individually perceived responsibility,4
decisions people used,4
trust hypothesis,4
group llc,4
journeys negative emotions negatively,4
cues acceptance,4
critical factors driving ai acceptance,4
increase acceptance service,4
robot services,4
person responsible selecting,4
social group negative social group,4
evaluation alternatives satisficing decision making,4
motivation using grounded,4
compliance rates generally,4
maker dm,4
acceptance autonomous,4
prime messages regarding acceptance,4
uk limited trading,4
zoo engaging,4
quantify trust lack objectivity,4
impels concern improving decision making,4
honesty management trouble multiple perspectives,4
lastly courtesy loss,4
decision makers,4
research trust,4
turn influence users banking,4
turn negative,4
important positive,4
structure equation,4
additional confident,4
key determinant av acceptance,4
leveraged optimize teamed decision making,4
planned behavior technology environmental,4
like disembodied advice,4
human factor identify limits driver,4
trust built,4
emotional connection agents decision,4
selecting best matching,4
demand anthropomorphized products,4
effectiveness intelligent decision making aids,4
structural equation,4
controlled bartending,4
anthropomorphism intention,4
attitudes emerge,4
business media,4
science business,4
field psychotherapy,4
retail service robots,4
attitudes significantly affect users,4
group llc,4
domains existing warehousing,4
arousal mediating,4
affecting users acceptance,4
human factors behavior particularly operational,4
framework assessing viability,4
reveals pleasure plays crucial role,4
type activity orginator mood user,4
factor promoting positive attitude avs,4
factors endeavor,4
robots widely deployed social,4
social values,4
trust perceived usefulness,4
equation modeling used,4
influence context,4
false positive,4
technology acceptance,4
like decision making,4
types emotions derived dimensions emotions,4
particular persuasive,4
decision aids typically improve decision,4
incorrect advice risks,4
claim social robots,4
decision makers humans human,4
demand decision,4
traditional technology acceptance model,4
trust ratings faster,4
human decision making ubiquitous,4
influencing motivation action,4
structural equation modeling,4
decision making,4
limited lack trust humans,4
theoretical framework examination yielding,4
emotions ignores human,4
share responsibility,4
critical human factors hfs generate,4
decision making learning user habits,4
trust critical human,4
survey focuses agent robot,4
really help foster trust,4
outcome interaction,4
provides survey computational models emotion,4
governance increasing public acceptance points,4
media richness theory investigate role,4
trust person computer,4
decision tools used high,4
trust plays key role,4
movements decision making concludes review,4
lives personal emotions continuous,4
acceptance emerging,4
moderating effect anthropomorphism,4
fail accurately comprehend intentions,4
values foster,4
systems motivate user centric,4
emotions driving alternative,4
known affect,4
factors known,4
decision making processes,4
group llc,4
affect acceptance adoption said systems,4
acceptance points algorithmic paradox,4
technology utaut identified distinctive features,4
studies emotional analytics,4
assess user reactions,4
social acceptability,4
voting systems,4
organizational fairness,4
commercialized programmed professional advice,4
theory reasoned action self,4
psychological factors loneliness innovation,4
factors including type activity,4
response time workload trust,4
understand drivers impediments ethical development,5
reduction response time,5
actor ai based dss,5
ai algorithms compensate omission cultural,5
task fulfilment expectations ai,5
communication coordination ai best,5
ai based systems make,5
moderating factors,5
artificial intelligence,5
user autonomy stay,5
shaping aiconsumer,5
address workers fear working ai,5
user centric ai systems,5
intelligent robot,5
intelligence disrupting,5
factors affect individuals intentions ai,5
traffic controllers,5
time autonomy necessary building ethical,5
interactions ai agents range routine,5
act autonomously,5
user centered design ai needed,5
body evidence ai tool acceptance,5
age responsible production artificial,5
times seen emergence intelligentmachines,5
artificially intelligent,5
agency including perceived ethics benefits,5
general functional analysis ai,5
suggest threat perceptions regarding,5
artificial intelligence ai steadily,5
critical overview relationship ai,5
artificial intelligence ai primarily robots,5
emphasizing ethical considerations guiding,5
themes assess impact ai powered,5
learning ml artificial,5
framework goals inform engineering ethical,5
physical safety proximal abstract concepts,5
cbd model estimation efficiency ai,5
artificial intelligence ai systems address,5
experience did moderating,5
intelligence ai induced personalized,5
explains lead self ai integration,5
tied ais produce extraordinary outcomes,5
outcomes ai,5
society autonomous,5
intelligence ai,5
future directions implications ethics psychology,5
decide self,5
learning effect dwindles does vanish,5
intelligence ai profound impact,5
role digital artificial intelligence ai,5
care dependent persons artificial systems,5
collective efficacies human ai collaboration,5
need capacity degree moral decision,5
agency cope morally relevant situations,5
replaced artificial intelligence,5
ethically appropriate decisions,5
ai increasingly emerging,5
deep understanding effective human,5
intelligence ai related technologies robots,5
consumers engagement ai based,5
conducted explanation ai vs,5
ai agents perceived,5
development process applied ai,5
ai marketing,5
safety remains dependent human,5
trust ai cognitive affective processing,5
intelligence disrupting,5
artificial intelligence,5
ai technologies poised revolutionize consumers,5
industry deploying ai based systems,5
people solve social dilemmas,5
ethics key,5
moderating factors,5
systematic review literature 111 ai,5
moral avatars users,5
ai agents team members,5
session online experiment higher intentions,5
ai tools university level educators,5
processes artificially intelligent ai,5
tedious intelligence,5
framework aims locating contribution ai,5
ai technologies positive,5
resolving tickets,5
artificial intelligence advances unprecedented,5
ai experts managerial strategic capabilities,5
study ai,5
originality value ai,5
ai technologies poised revolutionize consumers,5
demonstrated moderating,5
purpose artificial intelligence ai,5
covid 19 growth commerce,5
ai applications medical areas,5
novel ethical,5
covid 19 pandemic digital disruption,5
reading book including machine learning,5
employee artificial intelligence awareness eaia,5
organizations ai gradually assuming,5
tests establishes deploying ai,5
intelligence ai,5
account background computing ai,5
significant transformation catalyzed ai integration,5
artificially intelligent,5
moral dilemmas,5
negative experiences poorly implemented ai,5
introduction rise artificial intelligence ai,5
security engineering challenge today,5
contribute ongoing debate applying ai,5
challenging traffic,5
make positive difference ethical development,5
artificial intelligence ai,5
organizational context artificial intelligence ai,5
explains lead self ai integration,5
machine learning algorithms lasso,5
characteristics perceived intelligence positively,5
wearable assistants enhancing person job,5
sharing ai mks exchange hrm,5
customers support ai,5
ai performance expectancy mediated relationship,5
ai emotional,5
sensory capabilities automated agents,5
successful human agent teams leverage,5
helps prevent,5
illustrate legal moral considerations,5
machine teams,5
research scalable user centered ai,5
hybrid teams,5
developments artificial,5
computational intelligence ci,5
documents using ai,5
response speed,5
evolving assistants,5
offers novel perspective defining ai,5
teams require explicit focus just,5
downstream effects causal link psychological,5
organizations deliver personalized assistance refined,5
ai unprecedented extent,5
guidance upcoming advancements ai systems,5
humor ethics,5
design implementation autonomous digital,5
delineates fundamental forms ai concierges,5
artificial intelligence gained,5
robots autonomous,5
psychology human computer interaction ethics,5
ethics rely higher,5
intelligence ai raises,5
research benefit interested furthering safety,5
originality valuethis,5
decade artificial intelligence ai,5
teammates perform increasingly complex tasks,5
augmented intelligence,5
self efficacy employees promoting,5
process design ai robots,5
purpose artificial intelligence ai,5
new technologies including ai little,5
ai job insecurity negative,5
covid 19,5
model today appears autonomous,5
interactive delay ai enabled emotion,5
ai critical,5
development ai technology,5
application ai greatly change,5
building ethical communication design,5
systems office assistants climate,5
experiment self explaining autonomous,5
discovered solved teams individuals machines,5
participants verbal cues crucial traffic,5
trading taylor,5
assisted moral,5
ai systems designed,5
integrate artificial intelligence ai,5
situation autonomous,5
humans based developments,5
study conducted online experiment,5
current machine learning,5
means intelligence community,5
rise ubiquitous systems,5
optimize human intelligent agent teaming,5
heuristic knowledge,5
intelligence gained lost,5
defining ai,5
addresses problem automated advice provision,5
advanced intelligent personalized assistant,5
impact artificial intelligence,5
summarize key themes emerging ai,5
ai applications pose potential threat,5
ai systems increasingly pervasive internet,5
prevalence ai,5
applications possible machine learning,5
threat decide use threatening,5
field ai began small,5
intelligence ai,5
accurate representation chain,5
ai systems narratives targeted needs,5
trading taylor,5
self humanization,5
empathy autonomy making decisions,5
autonomy leads higher degree algorithm,5
moderating effect,5
intelligence ai,5
model ai agents almaa framework,5
especially isles autonomy,5
traffic management,5
team performance difficult translate automated,5
ai belongs new type,5
sequential mixed methods investigation,5
autonomy concept articulated,5
ai development advocating paradigm shift,5
emergent general artificial,5
general intelligence agi compels,5
reevaluation ai human interactions particularly,5
affecting team,5
distinct expressions applied autonomous systems,5
efficiency safety compared,5
team atmosphere plays,5
ubiquitous computing,5
selfdetermination theory inform design,5
applications integrated everyday life ai,5
self determination theory sdt,5
setting humans ai perform classification,5
published informa,5
limited trading taylor,5
knowledge artificial intelligence management business,5
ai work outperform ai outperforms,5
study investigates intellectual structure overlay,5
ai practice theory,5
delegate work ai,5
moral decisions difficult,5
able assess capabilities correctly,5
bibliometric analysis articles artificial intelligence,5
intelligence research organizations different,5
paid attention artificial intelligence research,5
development team,5
ai workplace applications shift,5
product planning,5
emerging ai applications embedded physical,5
occupational safety health,5
thanks advances artificial intelligence,5
origins ai use ml,5
examines perceived threat freedom,5
use predictive students attitude ai,5
shaping consumer attitudes ai,5
ai robots users constant features,5
determinants shape frontline hotel,5
need raise attention curiosity ai,5
development innovative useful artificial intelligence,5
ai systems,5
moderating role perceived,5
motion problematic ia decision making,5
ias use machine learning decision,5
seeking behavior moderates effect perceived,5
mediated knowledge sharing ai,5
cyber attack,5
computer networking capabilities extent assimilated,5
attitudes ai predictions recommendations,5
additional determinants,5
intelligence ai claimed offer,5
characteristics ai influence,5
ai driven supply,5
communication strategies amid ai,5
enablers successful integration ai technologies,5
limited trading taylor,5
dynamics painters,5
ai tools process creating satisfactory,5
intelligence ai painting,5
ai technology communication,5
requires autonomous robots able,5
climate fosters synergies ai human,5
organizational process consisting ai,5
ai human employees customers require,5
claimed falcone castelfranchi autonomy,5
autonomy means possibility dislaying providing,5
trading taylor,5
moral logic,5
ai researchers developers providing,5
simon employed characterisations current ai,5
hyperbolic themes concepts stemming ai,5
states attribution result complex,5
mental states,5
nature scope discussions surrounding ai,5
artificial intelligence ai,5
intelligent control communications technologies,5
19 pandemic,5
growth interactive kiosks,5
creation intelligent assisted,5
ethical principles guide,5
consisting ai accessibility human ai,5
teams resulted stable rigid,5
intelligence ai enabled human resource,5
addition ai readiness positively,5
teaming hmt typically combines,5
institutions improve features ai,5
background human machine teaming,5
dealt integration pilots virtual,5
alleviate employee artificial,5
employs artificial intelligence ai,5
issue ai systems,5
intelligent technologies potential bring,5
virtual agent,5
human autonomy teams,5
ai resistance,5
moderating variables,5
ai systems,5
accountable ai educational research practice,5
reflecting current understandings human intelligence,5
mixed human artificial,5
ai predates current,5
traditional ai new models,5
intelligence ai,5
unattainable given certain,5
team time comparison,5
decisions failure current ai engage,5
mental states inevitably meaningless,5
artificial intelligence ai,5
artificial intelligence based algorithms automated,5
team evolution idea entrainment team,5
encounter ai,5
ai culminating interaction termination,5
intelligence ai,5
systems artificial intelligence ai era,5
intelligence ai based interactional technologies,5
development artificial intelligence,5
controlling increased traffic,5
man intellect realistic,5
intelligence perceived,5
trading taylor,5
environmental ethical concerns secondary relevance,5
artificial intelligence ai,5
ai changing human experiences workplaces,5
recognized double edged tool ai,5
smart environments,5
databases robotics,5
generative ai genai,5
intelligence commerce artificial intelligence directly,5
robot ingroup condition outgroup neutral,5
teaming potential,5
revealing framing ai augmentation,5
buyers use artificial,5
ai documented current,5
advancing ai explore ai creates,5
documented current literature examine ethical,5
considerations forefront ai decision making,5
abilities automation,5
smartness associated physical machines software,5
perspectives domain ai practice,5
role human ai interaction privacy,5
ai business spurred explosion,5
networks ubiquitous,5
ai enabled ease use impact,5
self fulfillment,5
underlying consumers perception autonomous,5
motives regarding fully autonomous,5
intelligence ai affects suppliers,5
causal relationship,5
trading taylor,5
ai based,5
likeness human beings intended,5
mixed methods approach use,5
users interacting ai,5
waiting rate,5
aic management aim,5
intelligence led researchers study ethical,5
intelligence capability,5
recently launched large language model,5
creativity aim ai driven,5
morality based people moral,5
national safety,5
leverage ai,5
artificial intelligence ai transforming world,5
work leaving individuals wondering ai,5
ai enhances detracts customer,5
self proactive career,5
use artificially intelligent,5
safety task,5
assistance reported,5
integrated google dialogflow facilitates,5
robot automatic demand,5
little insight customers respond ai,5
ai replacement providers,5
impact ai usage technological self,5
intelligence ai current covid,5
issues like traffic,5
demonstrates potential impact ai,5
uncover machine learning,5
intelligence ai current covid,5
higher performance expectancy ai,5
dilemmas faced autonomous,5
robot automatic demand,5
assuming embodiment fully autonomous personality,5
ai machinelearning emerging applications consulting,5
intelligence ai,5
growth effort cluster investigation,5
international regulations mandatory,5
ai powered automated stores,5
perceptions attitudes ai,5
societal expectations ethical principles,5
propose network approach target measures,5
safety technology,5
australia previously used ai,5
intelligence come concerns machines,5
moderation effect information,5
languages millions people,5
response speed response accuracy,5
ethical variation uncover major,5
robots autonomous weapons self driving,5
methods hitl rl,5
intelligence ai especially reinforcement learning,5
unique grey dematel method,5
multigroup analysis revealed pcor exerts,5
ai pervasive organizational phenomenon unclear,5
factors sectors focus mental modes,5
intelligence ai,5
originality value study av,5
live traffic,5
ai transforming,5
development machine learning,5
advantage ml traditional programmed,5
term mixed traffic consists human,5
interactive machine learning,5
bottleneck using machine learning study,5
ai long,5
ml typically,5
cause effect relationships,5
theories specific machine learning architectures,5
intelligence ai,5
superintelligence form,5
general attitude ai perceived threat,5
cdas driven artificial intelligence emerging,5
ai tools including,5
pursuing research topics focused ai,5
wisdom crowds,5
democratization powerful artificial intelligence,5
intelligence ai support human,5
intelligence behavioural economics control,5
goals make autonomous decisions,5
genai necessitates intricacy appropriate prompt,5
analyze advice ai affects complementarities,5
humans know ai,5
technical systems varying levels autonomy,5
autonomy affect,5
increasingly autonomous,5
learning interacting,5
engagement content produced generative ai,5
intelligence ai develop potential partner,5
artificial intelligence,5
machine learning ml researchers,5
moral decisions,5
ai important,5
using machine learned models,5
research ensuring design human ai,5
originality value conceptual,5
virtual agents prevalent,5
reach non machine learning experts,5
application artificial intelligence significantly,5
intelligence significantly enhance commerce,5
framework understanding bright dark ai,5
semantic debuggable machine learning,5
ai benefits manifested business,5
based machine learning,5
classify wellspring ai,5
consumers regarding autonomous,5
differs human artificial contexts,5
ai remains open,5
actionable directions development ai painting,5
transport improve safety reducing,5
ai daily life contributes accelerating,5
forms narrow hybrid ai,5
painting emerged leading intelligence,5
advent intelligent,5
similarities human intelligence,5
overreliance ai,5
suggests enhanced capacity modulating responses,5
primary aim artificial intelligence,5
intelligence reviewed aim identifying,5
ai based advisory systems positively,5
intelligence ai advocates distinction,5
interaction artificial intelligence human judgment,5
machine learning use cases respondents,5
known behavioral effects ai,5
adopting computers social actors,5
abilities biological systems,5
development ai partners human,5
ai design develop research framework,5
self efficacy,5
mitigating irony,5
examines moderating,5
situated agency ai classification explicate,5
bias ethics revisited,5
use artificially intelligent robotic,5
artificial intelligence machine,5
digital intelligence new,5
efficacy job,5
confirmed moderating role,5
artificial intelligence technology enterprises voice,5
numerous ethical,5
technology artificial intelligence ai,5
ai effects,5
working ai systems workplace policy,5
review conducted articles related artificial,5
knowledge based products humans,5
intelligence cities policy makers bridge,5
divide individuals choose morals,5
machine teaming near term,5
virtual agents form hybrid,5
potential effect traffic widespread issue,5
teammates ats,5
requires considerations design autonomous teammates,5
virtual agents,5
limited trading taylor,5
end introduce bidirectional imitation,5
capability meme knowledge generalization,5
highlight ethical implications autonomous,5
protect missile,5
vary depending team,5
unpredictability necessarily self,5
determinants analyzed corresponding,5
agents estimation importance uncertainty decision,5
traffic scenarios used verify,5
443 questionnaires distributed users ai,5
interactions anthropomorphized ai,5
main trending areas related artificial,5
algorithms preprogrammed fundamental difference ai,5
types ai vs,5
intelligence business setting,5
avai driven society,5
ethics driver morals state,5
intelligence based tools use,5
studies investigate morally controversial,5
artificial intelligence ai offers digital,5
size robo,5
ai technologies,5
optimal performance safety human ai,5
operationalized consensus constitutes emotion ai,5
issues safety,5
question artificial intelligence ai possess,5
govern artificial intelligence,5
human machine teaming improve flexibility,5
ml based decision,5
ai domains daily,5
human likeness increased,5
role ai alignment steerability,5
ai goals values,5
participants recorded siri,5
online experiments shed,5
learning ml,5
policies autonomous,5
study explored role artificial intelligence,5
types software elements ai,5
intelligence people,5
impact artificial intelligence,5
physiological state ai,5
artificial agents imminent,5
intelligence big data spain using,5
digital assistant pda,5
conducted series scenario based online,5
like apple siri google assistant,5
united nations sustainable,5
ai variety business processes functions,5
teammate interactive,5
intelligence ai,5
self efficacy ai,5
perceived time spent ai based,5
emerging literature using ai,5
attitudes behavioral intentions using ai,5
ai powered virtual assistants,5
using artificial intelligence ai improve,5
associated dark ai,5
conducted online experiment using managerial,5
extant literature leads posit ai,5
social actors casa paradigm,5
survey results tested effects ai,5
employing computers social actors,5
artificial intelligence ai ensures,5
perceived benefits surround ai,5
agent playing role virtual,5
aim learn agent multimodal,5
attention studies ai commerce,5
archetypal consumer autonomous technology,5
growth autonomous technologies important,5
design ai based,5
intelligence ai,5
growth artificial intelligence ai applications,5
literature theme autonomy qualitative studies,5
integration artificial intelligence ai technology,5
incentive compatible online experiment,5
mirrors idea intelligence,5
intelligence al penetrated organizational,5
specifically machine learning information technology,5
limited trading taylor,5
advancements artificial intelligence ai,5
cognitive assistants,5
concepts robot 433 554 ai,5
users likely react products,5
aging ai robotics automation,5
big data citizens indirect determinant,5
semantic syntactic,5
computers social actors casa,5
originality value,5
incorporation ai consideration basic safety,5
basic safety,5
humans ai protocols,5
want apply ai,5
limited trading taylor,5
ai idea crystalizing exponential growth,5
impact artificial intelligence,5
machine learning global,5
teaming outcomes time pressured,5
artificial agents,5
pivotal role moderating connections customers,5
intelligence social,5
accelerated arrival artificial intelligence ai,5
artificial intelligence,5
organization ability leverage ai successfully,5
moral agency,5
prevent replacing human morality pre,5
conscience large,5
progress artificial intelligence ai result,5
ai systems,5
capabilities shape,5
network essential remain field moral,5
control including current ai act,5
process subject moderating influences,5
instead capable learning autonomously,5
autonomy competence relatedness turn,5
associated smes ai,5
intelligence making,5
utilized covariance,5
uas significantly reduce reaction time,5
technologies rapidly turning ai,5
nations field ai broadly development,5
smartphones smart,5
artificial intelligence,5
product autonomy enhances effects hedonic,5
degrees obviously ai provides,5
formation demand ai empowered consumer,5
products ai products,5
advances artificial,5
artificial intelligence ai,5
equibiased similar,5
draw connection literature ai science,5
sine qua non expanding ai,5
ai research,5
poses challenges ethics safety,5
artificial agents lack,5
ethical social legal implications,5
smart homes smart cities,5
important decisions intelligent systems,5
regarding future work age ai,5
eu national legal frameworks addressing,5
increasing number individuals integrating ai,5
risk overconsumption environmental impact ai,5
study examines complex effects ai,5
friendly personality siri opposite,5
consumers forefront ai,5
algorithms goal oriented human machine,5
different countries discussed contemporary ai,5
positive perceptions ai,5
intelligence ai machines agentic,5
virtual assistants,5
identified safety ethics concerns,5
length frequency,5
model potential impact ai,5
intelligence ai,5
autonomous systems widest,5
ai robotics,5
necessity adopting ai balanced manner,5
originality value research findings contradict,5
language evolution study interaction machine,5
hypothesize team interaction related development,5
linking psychological insights legal,5
recent years plethora artificial intelligence,5
collaborate autonomous teammate,5
attitudes automation,5
users building working heuristics,5
intelligence ai led emergence,5
human machine teaming,5
intelligence ai human resource,5
sampling explore ai influence,5
person make intelligent informed,5
traditionally machine learning,5
artificial intelligence ai,5
recent research focused ethical,5
platforms devices search engines,5
ai human machine interactions,5
modeling language sysml diagrams task,5
ai considers issues embodied cognition,5
framework classifies state based,5
intelligence learning speed selected,5
ai systems deploy subliminal,5
intelligence service efficiency aesthetics enjoyment,5
focus multitasking capabilities intelligence,5
artificial intelligence ai,5
ai technology,5
checkouts artificial intelligence,5
ai roles user motivation adopt,5
privacy concerns related use ai,5
advances artificial intelligence ai sub,5
artificial intelligence ai,5
term intelligent,5
assistant tends,5
alexa google,5
artificial intelligence ai,5
intelligence genai technologies,5
intelligence act aia,5
exacerbated creative combination ai innovative,5
behaviors affects ethical,5
intelligence ai crucial,5
001 reliability perceived intelligence,5
robotics artificial intelligence ai service,5
accidents involving commercial airplanes,5
professionals organizations ai developers offering,5
heuristic based,5
autonomy decomposed,5
possibility act cap represents autonomy,5
autonomy effort expectancy facilitating conditions,5
humans autonomous systems,5
artificial intelligence important,5
incipient ai literature serves theeoretical,5
international community growing ethical,5
higher levels self efficacy studies,5
depends process firms learn,5
intelligence ai including,5
organizations implement effective responsible ethical,5
advent ai consumer,5
users perceived ai,5
limited trading taylor,5
ai dm processes introduced,5
conducted online experiment credamo,5
traffic control rely advanced,5
question ai systems engage conceptual,5
incorporating demographic self efficacy,5
neuronal workspace theory consciousness prevails,5
mortimer adler,5
assistants care grocery shopping replenishing,5
virtual assistants care,5
efficacy act model predicting mental,5
modify human abilities,5
empirically level intervention moderates,5
intelligence ai research refine,5
relative advantage heuristics,5
google assistant highly complex advanced,5
insights artificial intelligence related literature,5
exponentially detrimental safety critical settings,5
apple siri,5
companies consider deploying ai tiered,5
result allayed negative ai disclosure,5
negative perceptions deployment ai,5
sdl artificial intelligence device,5
comfortable ai,5
using ai employee results employees,5
versus complex representations doing provide,5
personal assistance lower internal,5
expands research focus ai disclosure,5
increasingly using artificial intelligence ai,5
human ai,5
heuristic systematic model,5
assessing attitudes ai management work,5
traffic management atm,5
individual determinant,5
tasked directing traffic maintaining separation,5
use artificial intelligence,5
seeks understand ai anxiety,5
consumer appraisals collaborating ai,5
trusted moral judgments,5
additionally ai effects,5
ethics services,5
stable internal representations dynamic situations,5
trading taylor,5
machine teaming,5
online experiment,5
information exists literature ethical considerations,5
implementing artificial intelligence ai,5
moderator effects,5
intelligence ai profoundly transforming,5
concept machine heuristic mh,5
ethical considerations adopting implementing,5
language models establishing unified,5
emergent field leveraging ai,5
algorithms cooperating humans human,5
artificial intelligence ai technologies,5
new technologies driving intelligent transformation,5
improve safety,5
intelligence autonomous robotics similar technical,5
state trait,5
studies unravel moderating effects adult,5
originality valuethis,5
ai tools aid taking shopping,5
representations allow,5
young consumers use artificial,5
social dilemmas long,5
artificial intelligence ai significantly reshaped,5
trading taylor,5
key areas intersection ai,5
promote safe,5
ai provide,5
signals models references conformity ethical,5
overall appreciation ai created,5
allocation based underlying idea team,5
decision making ai proclivity customer,5
perceived safety risk,5
intelligence ai use value,5
study helps ai designers,5
benefits traffic,5
artificial intelligence ai devices,5
indicated private value greater effect,5
information quality iq service quality,5
service legal ethical issues,5
states ai human resource,5
safety human machine systems,5
advancement artificial intelligence ai,5
assistance systems create danger,5
terms hindrance goes autonomous,5
view rbv explain perceived ai,5
mbm participants collaborate ais,5
safety critical decisions unless,5
imperfectly reliable apparent traffic,5
highly autonomous require,5
contrast dominant narratives argued ai,5
al ml primarily focus,5
ai organizational structures culture,5
mbm participants collaborate ais,5
counter attitudinal information attributed ai,5
ai scenarios tested,5
vehicle hmi reviews current,5
expectation ai ai assisted humans,5
artificial intelligence blamed,5
machine learning,5
safety human machine systems,5
response time,5
advancement artificial intelligence ai,5
medium high traffic density condition,5
intelligence ai technology used,5
ai psychological impacts implementation workplaces,5
laws legislation surrounding ai,5
concern ai,5
originality value present study,5
unintelligible humans,5
ai increasingly used make,5
crowds model interaction,5
future traffic,5
enabled analytics ai enabled relational,5
state art ai technology focusing,5
capability framework define armc,5
resource managers emphasised importance ai,5
ai serve deeply human function,5
ai rpa remaining globally competitive,5
offered advice manage use ai,5
mechanical turk,5
condition participants positive attitudes ai,5
powered capabilities bring value,5
aimed investigate impact ai,5
agents ai,5
effect differed types ai,5
machine learning based,5
self efficacy,5
pm analysis levels autonomy cognitive,5
resemblance human,5
vs female robo,5
ai vs control condition,5
description analysis joint,5
maladaptive ai,5
unrest situations ability make best,5
framework joint human autonomy process,5
intelligence workflow processes,5
summary machine learning,5
transformation incorporating artificial intelligence,5
ai business processes functions,5
ai technologies instead people,5
came ai,5
expertise proved moderating variable,5
loop loopthat influence operations ai,5
risks opportunities sitting human ai,5
directed moral agents moral,5
service providers actively mitigate threat,5
ai business developed dramatically decade,5
intelligence ai,5
threat appraisals lead,5
ai education presents opportunities challenges,5
cause outcome variables model traditional,5
integrating autonomy enabled,5
intelligence practical guides chinese enterprises,5
response time,5
technology achieve intelligent augmentation insufficient,5
artificial intelligence initial stage scholars,5
intelligence ai robotics researcher,5
artificial intelligence ai,5
machine teaming,5
human ai,5
machine learning methods produce,5
ai partner took time make,5
current era interacting artificial,5
travel happier safer efficient,5
ai dependency needs frustration negative,5
insights identifying causal factors,5
ai related,5
witnessing remarkable use intelligent,5
need scrutinise relationship humans ai,5
learning effect time observed conditions,5
consumers interact artificially,5
limited trading taylor,5
published informa,5
artificial intelligence ai finding,5
artificial intelligence shapes subsequent user,5
artificial intelligence algorithms,5
artificial agents provide means,5
party raters compared humans ai,5
problem highlight ethical saliency,5
article offer interpretation ai,5
importantly self enhancement emerged,5
technologies parking traffic jam situations,5
vision tightly coupled teams humans,5
teaming permits,5
productivity quality safety problems,5
human intelligence hi artificial intelligence,5
aui concept,5
mechanisms moderators models,5
humans machines recognizing irreplaceable role,5
integrating psychology ethical discourse,5
intelligence ai enabled,5
approaches safety,5
safety engineering automation airplane,5
assistants finding,5
intelligence ai,5
big data algorithmic techniques automation,5
intelligence ai focusing effects social,5
likeness pre,5
outgroup ai,5
intelligence ai fundamentally change,5
provide shallow simulacrum ethics,5
project building ethics,5
flawed understanding nature ethics,5
intelligences ai ethically loaded led,5
intelligence ai methods smart decision,5
intelligence turn enhances user loyalty,5
trading taylor,5
world decisions artificial intelligences,5
technical autonomy main,5
robotics traffic engineering literature,5
anthropomorphize mentalize artificial agents,5
field machine learning ml developed,5
challenge expectations perceived intelligence,5
virtual control artificial agent,5
aggression affect customer,5
conundrum exists autonomy added reliability,5
ai presence application,5
threat autonomy,5
autonomous people,5
knowledge artificial intelligence empowered customer,5
founding myths judeo,5
trading taylor,5
psychology marketing ai,5
ai technology shown significant antecedents,5
limited trading taylor,5
ethics hybrid,5
increasingly sophisticated ai nature work,5
artificial intelligence means,5
artificial intelligence ai meaning,5
employees augmented ai based emotion,5
minds artificial,5
moderations anova glm ann based,5
assessed effectiveness ai,5
ai technologies,5
states defined,5
clarification causal antecedents set overall,5
moral point,5
ai commonplace embedded daily,5
robotics ethics reviewing current,5
applications using artificial,5
safety critical scenarios flying,5
artificial intelligence systems helping decision,5
advanced artificial intelligence ai robots,5
discuss consumers accept advanced artificial,5
intelligence ai society encompassing,5
theoretical insights artificial intelligence,5
recommendations design human autonomy interfaces,5
ai involvement decision making,5
moral psychology,5
traffic av safely efficiently,5
drawing research,5
likeness robot capacity harm,5
brought development ai gives,5
published ai access,5
ai companies china used,5
llms begin human assistants,5
ai interactions,5
data improve ai predictions general,5
ai incorporate process data,5
ai algorithms compensate omission cultural,5
artificial intelligence systems,5
cbd model estimation efficiency ai,5
intelligence ai human,5
machine learning algorithms lasso,5
assistant gt moca embodiment,5
especially work ai,5
traffic control task participants,5
logistics preventing accidents,5
mixed traffic,5
capability framework,5
aims protecting safety reducing,5
assistants viewed,5
tools recruitment collaborating ai developers,5
expressions raises number ethical concerns,5
ai assistant,5
managers seeking leverage ai technology,5
unlikely ai prove psychologically,5
goals specified natural language stored,5
evolution innovative enterprise ai landscape,5
intelligence ai technology engage,5
test behavioural criterion intelligence advocates,5
faster response speed compared proactive,5
ais reward misspecification goal misgeneralization,5
assess impact ai design,5
background autonomous,5
ethicality moderating,5
role customers familiarity ai,5
based idea sustainable growth driven,5
growth driven interplay,5
ai collaboration,5
held methods ai,5
intelligences ais affects,5
artificial intelligence ai reshaping practices,5
autonomous systems,5
result use assistance systems,5
beneficial ai,5
regulating treat ai build,5
reactor state safety danger,5
allow test consciousness perception,5
personal assistants,5
coaching games chess,5
cortana amazon alexa known,5
creativity predictability drive,5
ai appears carry treat people,5
apple siri google assistant,5
puzzle receive ai generated feedback,5
based autonomous robots uninhabited,5
cleaners smart refrigerators steered,5
specific usability heuristics mobile,5
humans versus algorithms,5
artificial intelligence,5
ai capability framework integrating,5
solutions product expected provide,5
conscious users human ai,5
question artificial intelligence ai considered,5
evaluated moral lens surfaced recent,5
ai related user related,5
findings comprehensive review relationship ai,5
ai viewed,5
organizational resources ai,5
ai tools resistance ai systems,5
driving attitudes artificial intelligence ai,5
autonomous robots operate complex uncertain,5
harm like ai enabled,5
missile measurements operator,5
investigating intelligent products social,5
autonomy comic,5
threat attitude,5
constructed hierarchical succession reactive,5
consumers autonomous technology frontline,5
smarter machine learning artificial,5
ai anxiety pursuing,5
completed unassisted assisted,5
attitudes behaviours utilization artificially intelligent,5
recent advances natural language,5
kind ai architecture language,5
artificial intelligence ai suggested,5
augmented intelligence introduced concept utilizing,5
insights reconceptualization ai,5
intelligence serve catalyst job creation,5
10 20 years ago,5
ai vs human,5
ai recommendations enhances perception collaboration,5
users ai people lack necessary,5
impacted intelligence ineptness dimension,5
intelligence ai systems decision,5
makers streamlining impartial sustainable transition,5
safety work,5
line accounting moderating role,5
ai applications psychological,5
operator dyadic team having,5
ia sustainability,5
views ai evolution underlining,5
intelligence ai discourse central,5
intelligence ai generated increasing,5
surrounding artificial intelligence,5
development intelligent,5
time resources necessitated safety,5
apply design ai agents collaborate,5
ed artificial intelligence research,5
popularity artificial intelligence ai based,5
markov models hmms provide comprehensive,5
likeness makes,5
collective intelligence research human,5
symbolic statistical approaches ai,5
states compared describing novice,5
proposed ai bridges technical,5
structure ai proto,5
ai personhood,5
intelligence ai progressively engaged,5
working ai development seek,5
public perceptions ai,5
exhibit highest preference action moral,5
machine experiment latin american countries,5
management positions use ai sdm,5
new light children moral,5
simulate social intelligence,5
artificial intelligence ai,5
artificial intelligence ai,5
role interactions algorithmic,5
study determine autonomy,5
intelligence ai,5
intelligence ai,5
electroenergy network used define typical,5
role artificial,5
originality value,5
offset autonomy,5
grow effective teaming behaviors,5
autonomy ai developed wide variety,5
artificial intelligence ai human employees,5
automation teaming design,5
ai teams hat,5
tandem people forming human ai,5
identity ai based technologies,5
team sa requirements team,5
intelligence ongoing,5
security perfectly,5
advancements ai ability address emotions,5
artificial intelligence algorithm research object,5
autonomy arises,5
artificial neural network ann aspects,5
influence ai technology,5
techniques learn model policy,5
include ai,5
machine learning integrate concepts,5
abilities artificial systems,5
artificial intelligence ai strategic,5
traffic flow,5
basis classical cellular automaton,5
trading taylor,5
social intelligence,5
impact generative ai,5
natural language processing driven growing,5
perspective hi ai proposed highlighting,5
permissibility cgp,5
threats view prospective,5
experience anticipated benefits ai,5
especially artificial intelligence robotic process,5
artificial intelligence ai increasingly,5
artificial intelligence ai enabled products,5
ai adopt targeted managerial,5
ai systems treat people differently,5
ssdm ai,5
ai exploring dual,5
perspectives ai applications ii human,5
artificial intelligence ai,5
tolerance autonomous,5
movement creating human centered ai,5
artificial intelligence ai scholarship,5
dilemmas ethical issues,5
future ai face,5
ai despite human involvement stage,5
conceptual framework modeling ai introduced,5
studies regularly demonstrate intelligent,5
members voluntary use ai mandated,5
positive potential outcomes ai,5
insecurity moderating role ai,5
hindrance appraisals artificial intelligence,5
based assistant,5
use independent language,5
susceptibility proneness autonomy,5
executed defensive responses significant,5
nature algorithmic governance,5
554 respondents willingly engaged ai,5
industry authors predict ai,5
exhibit interactions ai,5
ai managed platform despite,5
roles teaming experimenter simulated ai,5
artificial intelligence ai,5
customer point view ai,5
threat decluttered threatening ones,5
proposed aiepsam,5
artificial intelligence virtual navigation tools,5
research model based artificial,5
presented illustrated lens evolutionary hsi,5
words software based assistant systems,5
conduct comprehensive review ai,5
tasks successful teams make substantial,5
decision use ai left,5
ai arena,5
multilevel regression models autonomy,5
adopts artificial intelligence ai device,5
ai negativity europe,5
traffic management ertms,5
psycho logical needs autonomy,5
intelligence ai,5
low autonomy walk agv high,5
relatedness increased ai positivit decreased,5
ai systems reshape users,5
regulations predictions modern artificial intelligence,5
artificial intelligence ai systems,5
anxiety automation,5
extreme gradient boosting xgboost performed,5
communications intelligent board systems,5
approach involves employing machine learning,5
moderation employee,5
limited trading taylor,5
box paradox artificial intelligence,5
engage machine learning,5
intelligence xai successfully solved,5
customers ai decision support perspective,5
literature ai business,5
theorize human team,5
notable exponential increase ai related,5
intelligence ai emerged,5
collaboration ai drawing,5
businesses organizations vastly impact ai,5
originality valuethis study reinvestigates,5
impact ai implementation,5
introductionartificial intelligence,5
ai seen driver,5
anxiety ai incidental emotion perceived,5
military intelligence analyses stability,5
military intelligence support saso identified,5
propensity adopt ai,5
ai allowed users,5
machine learning algorithms uses,5
example hybrid teams consisting conversational,5
safety considerations expansive scale systems,5
human autonomy teams,5
autonomous systems mission critical,5
intelligence gai witnessing,5
investigated managers perceptions using ai,5
dynamics teams ai based members,5
calls examining ai integration,5
intelligence ai demonstrated need,5
intelligence generally having moral,5
robots artificial intelligence generally,5
trading taylor,5
understanding user interactions ai,5
severity level moderating,5
consciousness highly,5
eschew classical ai,5
consensus firm use ai,5
mixed methods approach leveraging,5
effectively integrating ai,5
use artificial intelligence ai essential,5
maximum likelihood estimation,5
2004 taylor,5
ai usage policy execution,5
artificial intelligence ai demonstrated,5
ai robot applications different cultures,5
diminished ascription moral standing,5
significant moderation effects,5
intelligence ai daily life important,5
propose concept ai literacy,5
dynamics teams ai based members,5
calls examining ai integration,5
culture customers intentions use ai,5
identified primary core constructs ai,5
artificial intelligence,5
intelligence technology published john,5
especially artificial intelligence robotic process,5
study focuses ai applications impact,5
artificial intelligence ai,5
representation ai,5
ai usage policy execution,5
better understand perceptions adopting ai,5
shows firm fails convert ai,5
define modern business operations ai,5
ai transform organizations work practices,5
intuition circumstances potential artificial intelligence,5
ai systems gaining popularity set,5
practitioners conflated ai,5
proposals incorporated artificial emotions,5
proof intelligence,5
artificial intelligence models dataset,5
intelligence ai inception offered new,5
structural models decision theory training,5
conceptualizing ai,5
moderating influences browsing modes,5
ai systems,5
studied heuristic automation,5
heterogeneous traffic characterized vehicles,5
partially autonomous,5
processes drive,5
testing different models ai tom,5
reasoning mental states self,5
compared sam appearance,5
ai customer,5
research examine impact artificial intelligence,5
form ai blossomed,5
potential ai,5
bias enhancing ethical decision,5
encroachment ai,5
security attacks,5
artificial intelligence ai,5
incorporating character considerations traffic actions,5
relative roles ai analysis,5
like traffic dilemmas,5
scholars ethics autonomous vehicles,5
intelligence gai decision making,5
synergistic interaction human intelligence,5
ai interventions,5
leveraging artificial intelligence ai,5
capable making moral decisions relevant,5
heuristic biases offering data driven,5
literacy dil,5
research development design voice based,5
traffic control,5
artificial intelligence ai,5
companies manage incorporate ai,5
intelligence ai interact humans,5
humor self,5
emerging ai,5
nature algorithms impossible predict advance,5
safety issues emerging current,5
determining autonomous computer,5
using causal,5
originality value study expanded sst,5
inferred negative motives moderating,5
companion ai,5
ai features reveal impact pi,5
satisfaction ci sst role ai,5
intelligence pi perceived,5
service assistants commerce,5
ai affects users perceptions social,5
enable objects act autonomously,5
computers social actors casa paradigm,5
designed provide consumers synthetic interaction,5
ai technology users,5
application sustainable development ai,5
assistant technology companies different countries,5
intelligent assistant,5
hfe perspective autonomy,5
intelligence level,5
hcai gained momentum scientific,5
human centered artificial,5
ai operations 30 exemplar marketing,5
higher order capabilities clarify enablement,5
machine integration intelligence,5
enablement ai enablement frequently,5
based theory computers social actors,5
artificial intelligence ai holds,5
icsas initial response focus,5
advanced intelligent technologies increasingly,5
believed artificial intelligence consumers,5
ai workplace generate stress affect,5
working alongside ai algorithms,5
license taylor,5
smart products,5
intelligent propose soft computing promising,5
brands increasingly integrate artificial intelligence,5
intelligence ai communication,5
agents empowered artificial intelligence ai,5
plans repurchase ai artificial intelligence,5
machine learning dynamic modeling,5
intelligence xai hri hci,5
research initiatives regarding human artificial,5
deployment artificial intelligence experimental settings,5
effect experiences opinions ai,5
steep development artificial intelligence,5
teaming humans,5
smart technologies,5
increased covid pandemic,5
paper explains specific character hebrew,5
contextual characteristics moderators,5
efficacy feasibility,5
years ai,5
ai assisted,5
heuristics derive,5
iet intelligent,5
agents empowered artificial intelligence ai,5
new ai,5
perceptions autonomy control affects,5
introduces wide ranging working ai,5
dimensions level performance level autonomy,5
application artificial intelligence ai based,5
data inputs degraded ai,5
ia smart,5
reactance theory,5
safety human autonomy,5
robot autonomy,5
ai hrm identified utilizing dynamic,5
artificial intelligence necessary desired humans,5
recent advances robotics artificial intelligence,5
moderating effect,5
consumers trust ai,5
emotion tested mediate voice ai,5
ai diversity life shows bear,5
areas associated ai technology modeling,5
research artificial,5
web based game inspired experimental,5
like abilities autonomous decision,5
customers wish use artificial intelligence,5
prevention supports assistance tools,5
ai technologies,5
anthropomorphism ai authenticity,5
moderated ai usage motivations,5
ai examine impact fear,5
driven ai nonetheless willing,5
systems erroneously attributing mental states,5
perceived intelligence perceived animacy socio,5
artificial intelligence related factors,5
tests human artificial intelligence,5
smart pls,5
art formalization human cognition dynamic,5
representation used interactive machines known,5
perception ai,5
machine learning focused input output,5
theories based machine learning,5
ai relationship development model context,5
explains human ai,5
1999 taylor,5
assistants examples ai,5
alexa siri,5
moderation effect exerted job,5
goal setting self,5
security modelled,5
thinking believing ai entities lack,5
ai performance affect employees,5
purpose artificial,5
crossing objects examine ai performance,5
begin understand distinct mental states,5
ai integration understanding extent,5
perceptions ai consequent influences,5
ai taking jobs time,5
tom artificial intelligence ai,5
outcome autonomous,5
ai drawing developmental psychology,5
takes place ai,5
ai drawing crash investigation,5
mathematical framework based tom improve,5
intelligence safety,5
794 showed decision unfavorable ai,5
coverage suggests use ai organizational,5
use wise reasoning mixed method,5
learning ml engine artificial intelligence,5
systems organizations comes claim ml,5
limited trading taylor,5
users non users ai,5
concepts designing human ai systems,5
intelligence ai technologies growing organisations,5
systems intelligent role,5
including intended human machine teaming,5
events like covid 19 pandemic,5
ai plays,5
assistants techno,5
autonomy artificial,5
intelligent devices,5
growth techno empowerment process,5
message strategy ai nonhuman,5
multiple distributed teams interwoven large,5
independence including pursuits acting freely,5
acting freely self,5
autonomy defines,5
moderates relationships ai,5
traffic controller computer based tool,5
assistants enormous potential area financial,5
wtd mediated human likeness social,5
fundraising event artificial intelligence,5
respondents thought ai,5
virtual agents,5
safety concerns significant,5
accidents continue,5
robots artificial intelligence ai,5
ai biases vulnerabilities experienced,5
nature asserts ai,5
artificial intelligence similar,5
autonomy organizational support psychological,5
psychological costs receiving help ai,5
ai enabled technology digital,5
called artificial intelligence risen,5
promoting social cohesion era intelligent,5
safety capacity performance facilitating,5
online experiment provide empirical,5
research methodology including classical ai,5
intelligence ai medical,5
merging mixed traffic flow composed,5
2000 taylor,5
argue artificial intelligence ai generate,5
based causal logic reasoning,5
devices using large language models,5
computers minds input output,5
identity threats directly impact,5
capability autonomous action artificial society,5
intelligence word refers computational process,5
asymmetries highlight difference ai human,5
ai double edged sword,5
2000 taylor,5
study using moderation,5
autonomous robots,5
reduces usability whites ai shows,5
ai based devices,5
perceive accept shared autonomous,5
future roll ai technologies human,5
possesses internal representation oneness,5
ai collaboration,5
affect employees ai,5
ai based decision,5
convergence human team members,5
members align decisions ai counterparts,5
combine human intelligence,5
artificial intelligence ai indispensable solving,5
value paper originality lies,5
fueled continuous advances natural language,5
punishment education warning aggressive behaviors,5
ai collaboration,5
intelligence robotics stand change,5
ai based decision making,5
driven ai appears shifting meaning,5
perceived occupational safety psychosocial legal,5
19 pandemic driven industrial,5
considerations underlying virtue ethics formulate,5
backgrounds trigger representativeness heuristic associated,5
signals signal fit optional ai,5
assistant apple siri research context,5
ambiguous perception ai related people,5
recent advances artificial intelligence,5
define autonomy,5
role ai enabled systems idea,5
enhances team chances succeed,5
ai teammates similarly adapt changing,5
ai agents active,5
rapid advances ai technologies caused,5
simple complex machine intelligence,5
assistance completely inhibits emergence,5
active safety assistance,5
leverages wizard oz,5
teams consist people intelligent machines,5
ai promise future,5
digitized world,5
intelligent machines robots virtual,5
expectations ai agent moderates,5
assistance deactivated,5
experts crowd evaluators,5
perceived intelligence,5
2001 taylor,5
ai based applications,5
robots ai,5
end online experiments conducted including,5
positively probability using ai,5
interaction dynamic representations needed,5
research proposes ai higher perceived,5
teaming applications working robots,5
intelligence ai aids,5
measured real time function autonomy,5
intelligence ai,5
motivate investigation causal effect relations,5
techniques analysis variance tend rely,5
relationship ai capability firm performance,5
autonomy high risk,5
intelligence increasingly,5
indicated different configurations ai resources,5
sustainable development,5
human ai interaction based theory,5
intelligence xai resurfaced,5
signaling theory self determination,5
solicit ai advice,5
missile flight control officer,5
market decision making ai,5
negative aspects ai,5
rocket launches threaten public,5
flight safety,5
freedom maintained allow,5
published informa,5
situations humans past managing stock,5
limited trading taylor,5
furthermore ai entry gastronomy,5
ai platforms increasingly,5
dependency ai technology levels,5
argues artificial intelligence ai enabled,5
intelligence ai organizations,5
ai propelled transformation technology led,5
development aipa,5
exploration consumer attitudes ai particularly,5
intelligence scale gaais following initial,5
human machine teaming,5
artificial intelligence ai predicted individual,5
machine learning ml essential,5
sciences enable artificial agents proficient,5
irl class,5
systematic review academic ai research,5
ai technology,5
intelligence ai changing marketing,5
representations essential intelligence consciousness explained,5
ai interfaces investigating components user,5
lag approach,5
ai recommended specific product,5
chinese language using,5
artificial intelligence,5
moderating influence perceived enjoyment using,5
ai agents,5
computational approach tom recently,5
directions research minimize likelihood errant,5
intelligence ai impact,5
contributes burgeoning ai literature identifying,5
significantly inhibit aggressive,5
ai robots machine shaped robot,5
personal assistants,5
artificial intelligence ai based artifacts,5
increasingly embracing artificial intelligence ai,5
theorizing way humans perceive ai,5
fundamental comprising perceived intelligence quality,5
perceived human likeness ai,5
consumers use artificial intelligence,5
sa mitigate negative impacts ai,5
ai optimise,5
ai systems user,5
presuppositions ai replaced neo heideggerian,5
capabilities functions automated,5
intelligence hcai research,5
sustainable effective implementation aa,5
paper originality lies,5
wisdom ethics alert risk,5
field human ai interaction,5
identifying tensions inherent ai design,5
box ai systems means ultimate,5
ai methods,5
smart display,5
autonomy competence lens self,5
congruent behaviours ai users,5
artificial intelligence ai constantly,5
adopt mixed methods research,5
fears concerns ai,5
ai deployed new occupation,5
legitimate addressed ai developers result,5
artificial intelligence,5
engagement ai systems educational contexts,5
variations psychological requirements ai potential,5
perceived intelligence usability positive,5
best practices designing communicating ai,5
2000 taylor,5
factors influence practical usage ai,5
increasing ubiquity artificial intelligence,5
understanding ai tool,5
practitioners policymakers ai,5
strong intensity ai emotional,5
trading taylor,5
intelligence ai systems cause inspired,5
human ai relationships emphasizing significance,5
ai machine learning,5
continues lag,5
equipping ai tools interact socially,5
innovation means level fully autonomous,5
predict susceptibility,5
human ai,5
suggest merging ml,5
entities source operate govern,5
available human machine actors based,5
systems managed multiple human teams,5
ai interaction influences employees,5
coaching computationally efficient,5
systems distributed autonomous systems,5
teaming observing,5
generative ai rise web3 technologies,5
technological advancements ai,5
responses systems range,5
makers moral,5
versus low ai structure,5
organism response framework ai,5
intelligence ai increasingly integrated,5
intelligence ai technologies widely,5
adopting ai based algorithms enhance,5
detects congestion,5
ai soar cognitive,5
perceived animacy pan perceived intelligence,5
interface afford teams enhanced,5
intelligence reveals occurrence conflict remarkable,5
marketers perceive benefits ai,5
machine learning ml,5
intelligence ai transforming business,5
research ai,5
distributed artificial intelligence,5
consumers perceptions artificial intelligence,5
ai support addressing diverse,5
ai advice classification tasks,5
understanding ai identity threat,5
identifications jobs ai,5
ai systems,5
empirical research specific impacts algorithmic,5
experiences neural activation human ai,5
human ai lead scenario,5
ai supervisors incentivized,5
support weakens effect ai awareness,5
organizational researchers use machine learning,5
ai introduction based stara theory,5
cuteness ai,5
shaping ai,5
artificial intelligence technology increasingly,5
ai based systems crucial better,5
28 participants indicate conveying intelligent,5
treasures help intelligent assistant,5
autonomy suboptimal team performance,5
traffic related elements individual perceptions,5
risks associated use ai,5
ai ubiquitous appearing large language,5
deciphering autonomy generated solutions,5
traffic situation elder group lacks,5
human ai hybrid decision making,5
trading taylor,5
integration machine learning daily,5
extend teams consisting multiple human,5
intelligent systems ais exploded range,5
ai features facilitate conforming consensus,5
individualists prone view ai,5
infringe uniqueness autonomy,5
ai constructing self relation,5
national differences ai,5
expectancy perceived enjoyment intelligence,5
assistants based,5
ai legislation,5
determine responses artificial intelligence,5
intelligence ai increasingly used,5
daily computing underscore imperative trustworthy,5
ai organizations fundamentally changed,5
role artificial intelligence ai,5
focused normative perceptions ai,5
investigate employees adhere unethical instructions,5
ais rigorously analyzed understood safety,5
used state art machine learning,5
incorporate metrics teamwork,5
people control ai importance,5
ai characteristics user behavioural,5
originality value restaurants leverage,5
addition moderating role gender differences,5
valence perfectly independent entire,5
function obstacle,5
employees ai,5
ais develop psychological,5
artificial intelligence ai,5
moral patients,5
nuanced interplay consumer attitudes artificial,5
experience perceived risks ai technologies,5
ai use readiness physical retail,5
limited trading taylor,5
moderating test did differences,5
retailers seeking leverage ai,5
women ai use,5
artificial intelligence ai diverse operations,5
extensive integration ai significantly altered,5
actively seek leverage capabilities artificial,5
collaborative intelligence ci extent ci,5
ai systems user centered future,5
perfectly independent,5
ai important link online,5
leverage ai enhance strengths,5
development artificial intelligence ai focused,5
machine learning practices explanation,5
ai refers technologies support execution,5
artificial intelligence,5
normally requiring human intelligence,5
compared emergency evasion,5
unique impacts loa autonomous decision,5
team coordination performance,5
different loas human machine team,5
ai technologies increasingly prevalent,5
recent advancements ai accelerating,5
autonomy loas,5
today changing times ai incorporation,5
reviewing literature present utilizing ai,5
ai algorithms,5
facilitating conditions,5
ai systems korean,5
integrating ai capabilities sets,5
elicitation awe,5
influence artificial intelligence ai enabled,5
internet celebrities replaced artificial intelligence,5
computer human judges decide legal,5
originality value study enriches digital,5
policymakers developing ai supported digital,5
emergence culture multi agent,5
argue ai,5
autonomy albeit increasing,5
set concepts currently studied ai,5
foundation research artificial social intelligence,5
ai based systems comes,5
opportunities challenges occupational safety,5
social ethical concerns future implications,5
language models llms interactive,5
benefits derived ai features gen,5
construct computational representation tom,5
research artificial intelligence develop,5
satisfaction safety,5
imperative ai cultivating compelling loyalty,5
coverage concerning utilization ai legal,5
ai virtual anchors consumers willing,5
assistance tool employees helping,5
human artificial aspects,5
consumers likely use ai,5
reluctance ai,5
acceptance autonomy mental,5
deployment ai judicial entities,5
litigants ai,5
provisions autonomous,5
using artificial intelligence ai,5
heuristic analytical styles intuition modeled,5
intelligence systems generate,5
background ai management,5
artificial intelligence ai automotive companies,5
commonalities ai,5
ai anticipated trajectory oscillated unjustifiably,5
research streams ai,5
suggestions extend framing ai myth,5
fundamental human intelligence development,5
consider capabilities inadequacies,5
ai hybrid team,5
perceived able benevolent impersonal,5
swift progress generative artificial,5
intelligence ai,5
ai small,5
enterprises smes jordan key player,5
retasking intelligence surveillance,5
ai systems potentially revolutionising interaction,5
study tested ai driver create,5
sensitive responses ai inconsistent performance,5
punitive assessments ai,5
pre trained language models predict,5
react ai driven negative consequences,5
ai make,5
described terms built capabilities relatively,5
assistance service,5
just bias based heuristics anchoring,5
study tested ai driver create,5
published informa,5
owners managers attitudes ai,5
antagonistically moderated relationship ai,5
limited trading taylor,5
did moderate link ai,5
discriminatory bias safety risks,5
artificial intelligence ai technologies increasingly,5
perceptions threats valuable resources,5
crowdsourcing new items testing scale,5
robots artificial intelligences,5
ai rapidly,5
intelligences various kinds occupy,5
intelligence collaboration willingness,5
intelligence ai highly,5
likeness cooperativeness,5
artificial intelligence theoretical,5
machine team,5
processing emotional information elicitation synthetic,5
pre post online experiment presented,5
threat extended ai technologies,5
using self developed 2d,5
highlighting need development ethical,5
powerful evolving,5
called machine learning,5
expanding field aims develop machines,5
smoothly integrate ai technologies line,5
pre trained language models predict,5
moderating role ai,5
progress smart,5
manual mode ai mode efficient,5
used various team,5
potential threats,5
development organizations increasingly employ artificial,5
increasing capability automating various,5
78 participants artificial intelligence condition,5
ai enabled tools help,5
useful future studies examining ai,5
ai engine number psychological,5
intelligence operation psychological contextual variables,5
ai systems,5
anxiety ai ethics high,5
permeating lives public attitudes ai,5
ethics partially investigated quantitatively,5
large language models,5
context persistent threat cyberattacks,5
machine integration ai merely force,5
covid 19 pandemic,5
ai envisaged scenario,5
proposed gaku,5
ai rational efficiency simultaneously,5
antecedents moderators domains methodologies participants,5
employ moderators did,5
improved team,5
leadership support relationship ai,5
dm problems assigning task robot,5
mechanism consumers experiences ai,5
effects human ai teaming,5
intelligence ai enhance,5
companies increasingly leverage artificial,5
limited trading taylor,5
neo human capital ai,5
ai calls employees upskill,5
ai digital assistant skills,5
proponents artificial intelligence,5
pioneered investigations role artificial intelligence,5
trading taylor,5
artificial intelligence ai tools,5
theories heuristic systematic model human,5
learning ml models increasingly information,5
intelligent means algorithm stock market,5
impact ai awareness,5
intelligence appearance interaction effect,5
learning developing countries,5
lack research ai,5
findings contribute ai,5
customers psychological safety,5
countries face integrating ai,5
intelligence ai contactless,5
thrived covid 19 pandemic,5
consideration achieve human intelligence real,5
analysis changes stimulating artificial intelligence,5
ai agents known human ai,5
consumer parasocial relationship ai,5
study focuses interactions ai shopping,5
variance behavioural,5
artificial intelligence ai assistants,5
starting define intelligence,5
anthropomorphism perceived intelligence perceived,5
teaming hrt,5
mccarthy mit coined term artificial,5
intelligence perceived animacy,5
sustainability remains underexplored,5
ai machine learning natural,5
second investigate role ai personalization,5
natural language processing applications,5
study investigates adaptability artificial intelligence,5
role technology attitude ai attributes,5
human interaction ai systems,5
ai performance customer,5
second drawing mediated moderation perspective,5
investigates critical behavioral factor ai,5
study advocates symbiotic understanding ai,5
ai explain,5
originality value,5
threat assessment,5
apply tool teammate models security,5
artificially intelligent app analyzed,5
consider intelligent,5
ai technologies,5
ai enabled app,5
mixed methods,5
business corporate world artificial,5
aspects catalyze hinder ai,5
addition new ai algorithms inferring,5
teaming multirobot,5
ai management,5
allocation research,5
inferring human mental states prerequisite,5
ai integrated society example,5
iaaam professional,5
moderating roles,5
player coordination,5
literature suggests ai communication end,5
ai systems decisions ought,5
important ethical security operational issues,5
effects algorithmic monitoring,5
ai deployment expanding,5
sustainable responsible incorporation ai,5
ai disruptive force,5
infrastructure improvements support ai,5
form realism ai,5
trading taylor,5
artificial intelligence ai,5
robots intelligence,5
modeling artificial neural network approach,5
organisations ai era paper explores,5
stimuli considered perceived intelligence,5
modularization deconstruct,5
user perception ai,5
digital assistant recent,5
sor theory ai feature,5
scholars engage discussions ai literacy,5
trading taylor,5
neural network approach,5
role generative ai positively affecting,5
effective human artificial intelligence,5
caricature avatar,5
norms technological self efficacy,5
perceived threat pt attitudes,5
artificial intelligence,5
artificial humans called embodied,5
crisis confidence ai,5
contrast ai robot,5
ai language status native english,5
reveal perceived intelligence service quality,5
investigating use ai applicants,5
ai systems increasingly,5
likely negative outcomes automation,5
design real time decision making,5
ai eventually replace,5
increasingly relying artificial intelligence,5
military artificial intelligence ai human,5
artificial intelligence technology machine learning,5
employees initial stage ai development,5
hybrid teams human,5
artificial intelligence companies,5
participants expect aito make,5
ai technologies organizations recently,5
examined receiving assistance impacted,5
evidence computers social,5
intelligence ai understanding users,5
ai widely,5
ai supported consumer,5
trading taylor,5
ai attracted immense,5
intelligence ai changed,5
ai collaboration competition conflict,5
sides artificial intelligence,5
emergence artificial,5
limited trading taylor,5
overview research ai dark,5
models self efficacy,5
team performance decline following autonomous,5
ai roles tasks,5
diverse user groups ai,5
requested goal ai applications,5
asb considered essential sustainable direction,5
public opinion legal processes extent,5
autonomy routine,5
published informa,5
observation response time,5
artificially intelligent,5
ai coach,5
instance unclear machine learning,5
perceived warmth support ai,5
state expressions classifying,5
development process sddp facilitate identification,5
consider obstacles creating,5
interaction standpoint current psychological ai,5
promote learning pre post experiment,5
superior decisions grow technology evolves,5
adapted general attitudes artificial intelligence,5
artificial intelligence scale gaais turkish,5
axai capability framework,5
intelligence anxiety scale general,5
ai tools ai tools,5
widespread availability ai,5
originality valuethis study stands limited,5
machine learning ml,5
self reliance,5
team adaptation,5
decision making heuristics,5
moral advisors,5
assist humans making ethical decisions,5
abilities derived humans lack,5
accompanies ethical commitment,5
making ethics customer management,5
mixed method approach delphi study,5
ai ml marketing adopting dual,5
reactions artificial intelligence,5
machine learning ml prominent method,5
state calling moral,5
ai systems demonstrated impeccable potential,5
vulnerable morally complacent losing,5
work expect enhancing ai,5
converge make especially vulnerable morally,5
introduction artificial intelligence,5
threaten render,5
intelligence ai machine learning,5
intelligence substantially impact managerial,5
growth artificial intelligence,5
ai self efficacy motivational factors,5
evaluative attitudes ai,5
antecedents rai implementation,5
presence identity threats compete control,5
decisions use artificial intelligence,5
essential ai,5
ai impact behavioral intention ai,5
announced establishment ai,5
adopted regression moderation,5
perceived threats,5
intelligence enhance knowledge sharing causes,5
responsible artificial,5
examples iii network dissection,5
artificial intelligence rai subset,5
associated use artificial intelligence,5
intelligent technology,5
threats resulting increased effort,5
impact algorithmic,5
anthropomorphized ai devices,5
autonomy level anthropomorphic characteristics,5
platform ai enter consumers,5
performance low effort using ai,5
autonomy perceived,5
intelligence perceived,5
heuristic human ai interaction haii,5
computer social actors casa,5
tech hybrids driven ai,5
specific ai classification ai wrong,5
feel artificial intelligence,5
ai capabilities bundle data,5
reasons reasons opposites entirely autonomous,5
ai interaction offer practical implications,5
originality valuethis research,5
assistant personalities build trusted long,5
ai algorithms manage,5
consumer products artificial intelligence,5
shared autonomous,5
adopting artificial,5
statistical analysis certain ai,5
additionally moderators including,5
law concerns,5
moderated hotel class size,5
intelligence ai bring new,5
users form ai technology key,5
marketers managers ai,5
assistants affected value perceptions,5
ai assistants,5
ai deeply integrated daily,5
customers perceive stronger threat facing,5
practical perspective helps ai supported,5
work intelligence systems everyday,5
safety critical,5
intelligence ai conducted different,5
protection available works,5
regarding causes prevention intent,5
indicate faith intelligent machines,5
human machine teams,5
field human ai interaction,5
perceive ai functions decision maker,5
ethical legal social issues elsi,5
making increasingly supported artificial intelligence,5
paucity research antecedents ai,5
moderators including age gender,5
impact ai,5
human rationalization ai,5
online experiment 192 consistent bolstering,5
feeling state consciousness ii demarcating,5
effect replicated impersonal moral,5
spread covid,5
humans teaming,5
heuristic variety,5
gaps remain areas team,5
shared autonomous,5
paper trace development affect heuristic,5
intelligence ai,5
moral dilemma personal high conflict,5
19 caused huge number confirmed,5
ethical issues,5
analyses nuclear power plant accidents,5
technology little research examined ai,5
ai assistant use moderator relationship,5
assistants aipas,5
evasion capabilities ai assisted,5
originality valuethe distinctive focus religious,5
programmes highly dependent efforts individual,5
makes autonomous teammate paper presents,5
likeness closely matches human expectations,5
identify previous ai experience employees,5
effect moral foundations,5
autonomy important mediator relationships,5
intelligence ai,5
use ai based research,5
artificial intelligence ai pervasive,5
mixed method,5
contingency factor effects stronger ai,5
ai development practices,5
threat human,5
affect decision making individuals teams,5
possess types artificial intelligence,5
organizations address work overload cybersecurity,5
assisted outcome,5
impact human ai collaboration,5
ai anxiety change,5
limited trading taylor,5
causal modeling,5
ai instrumental attributes consumer,5
perspective negative impacts ai failures,5
intelligence ai products services,5
view effects interplay human algorithmic,5
ai products services processes,5
ai mechanical,5
affect ai self efficacy,5
cybersecurity behavior,5
creating intelligent solutions capable autonomous,5
conspicuous ai,5
identity autonomy,5
values proposed approach transforms hep,5
perceive autonomous,5
intelligence ai religious,5
efficacy artificial intelligence,5
ai given market segment service,5
view understanding impact ai service,5
originality value paper contributes,5
people support ai creators,5
industry adopted ai,5
intelligence ai,5
fear ai samples,5
19 pandemic trend,5
underlying causal,5
suggest moral,5
consumers machines,5
ai examining affective,5
implemented obstacle,5
examine employee ai interactions role,5
optimise team composition customise training,5
ai performs highly vs low,5
actions aim enhance ai,5
reality feasibility human autonomy,5
investigates moderating role,5
artificial intelligence operations decision making,5
remains robust ai baseline humanlikeness,5
question hfles perform better ai,5
readiness artificial intelligence,5
rôle played human information processing,5
combined integrated collective intelligence,5
intelligence humans,5
using online experiments analysis variance,5
intelligence ai,5
machines working team,5
determined ai robot benefit type,5
recent research ai tends use,5
cognitive assistant,5
automated autonomous systems enabled artificial,6
interface humif,6
equation modeling sem analysis,6
cooperatively driving,6
proself vehicles mean,6
attempt elucidate expected modeling,6
shall called accidental,6
man machine actions dynamic extension,6
hrm organizational,6
designing effective,6
participants program autonomous vehicles,6
cognitive artifacts,6
supervising complex industrial,6
surpassing ambitious plans regarding driving,6
opposing vehicles significantly promotes cooperative,6
currently car manufacturers suppliers,6
design technological artefacts disciplines dealing,6
circuits time sharing operating,6
new interventions existing,6
intersection conflict,6
design function human machine interface,6
human supervisor reach certain,6
ensuring human driver vehicle,6
technology systems,6
planning structure using tree,6
impact driver,6
designing systems particularly,6
possible cognitive tasks,6
human intervention component flexible,6
actions cognitive reliability used,6
human error,6
developmental machine learning supervision,6
systems effective,6
approach development intelligent interfaces,6
partly contradict,6
characteristics operation design man,6
humans vehicles evolved,6
drivers eyes path hands wheel,6
crucial enhancing natural intuitive interaction,6
interfaces seen,6
lane reveal conflict object form,6
driving tasks construction user,6
systems used large,6
designed fair,6
exploring intelligent vehicles,6
lead vehicle cut,6
sem used analyse,6
min conflict occurred lead,6
influence drivers decision,6
attention drivers pay traffic capable,6
kinematic data vehicle providing information,6
study gender,6
intelligent steering wheel,6
ranging command driven consensus locally,6
available permanent intermittent undelivered,6
flexibility customizability,6
design command control,6
central perceived advantages growth,6
performed simulation,6
capable dynamic adaptive,6
formative indicators mh,6
human interface artificial cognitive,6
systems discussed,6
competence greater,6
identity v2v systems automated vehicle,6
implementing systems,6
characteristics planning,6
tourism literature state robotics artificial,6
sectional design based self,6
test hypotheses complexity inversely related,6
driver replaced,6
methodologically numerous controls,6
cognitive behaviour help artificial,6
define personality,6
present study carried simulated computer,6
man machine interface reduces,6
sacrificing passenger instead pedestrian,6
ability respond taking abilities,6
problem diagnosis,6
active driver lead share,6
supervision responsibilities prevented 28,6
confirmed expectations confirmation expectations,6
hr bp,6
basically cognitive,6
flexibility ability adapt decision,6
orientation svo driving agent,6
driving situations,6
waste computing resources,6
hmi crucial ensuring human,6
design solutions adopted,6
interrelated proposed,6
current external situation driver,6
arms control systems discuss,6
field explainable ai,6
incorporate theories affect design,6
computation necessary sufficient mentality,6
systems unable adapt real world,6
ai xai aimed clarify,6
loop reinforcement learning hitl,6
cognitive engineering,6
efficiency intersections vehicle vehicle v2v,6
subsystem living systems,6
hats faced types failures,6
concept designs hitl,6
involving ability individuals manipulate,6
supervisory control systems,6
claim regarding advantage,6
vehicles gradually gain,6
especially case,6
near future vehicles,6
labels described,6
interface design,6
identifies 18 attributes cognition,6
decades cognitive,6
perceived issues meaning car,6
driving monitoring,6
technique indicate data,6
loop feedback augment current machine,6
skills function present,6
slow deliberative thinking,6
neural symbolic,6
presupposes motor intentional,6
make information available cognitive processes,6
simulator 32 participants using,6
compatible human cognition come afterthought,6
vehicles avs,6
reactive lower level cognitive higher,6
engineering principles guide,6
field presented,6
principles human charge mutual,6
costly internal,6
attacks unmanned ground,6
dismounted warfighter systems augment,6
pilot studies,6
increased self driving,6
satellite ground control,6
aiding human supervisory,6
supervisory controller complex dynamic,6
cyber physical systems create,6
provide feedback autonomous,6
layers represents,6
ends routes,6
experiment driving,6
demands ambiguity form complexity places,6
interaction hci,6
potential confuse driver,6
wide range psychomotor,6
systems increasingly,6
actions initiation overtaking maneuvers,6
included monitoring displays,6
driving states predictors individual utility,6
flexibilities increase practitioners ranges adaptive,6
human interface represents,6
objective driving data,6
hmt performance conducting,6
application adaptive learning optimizing,6
controlling different,6
focusing utility cooperative driver vehicle,6
temporary personality shaping,6
cognitive science,6
performs logical,6
active control,6
tool human controls,6
control structure evolve,6
brain right,6
mirrors strategies employed navigating,6
examine xai influences users,6
using cognitive style,6
data human machine shared driving,6
designs need overcome,6
grant certain time human driver,6
shared driving indicated new personality,6
interface technology supporting application,6
cognitive processes,6
missing systems ability present users,6
inadequacies human,6
designs fall short,6
human thinking,6
cognitive tasks,6
according mental processes summon response,6
proposed facilitate advancement field human,6
systems design,6
conventional design suggested,6
gt fms real time simulator,6
based systems typically outperform human,6
driving mobilities,6
driver approve,6
comprises various schemes generic,6
advocates cognitivism,6
piloted aircraft systems rpas task,6
example drawn existing command control,6
paper control theory model,6
systems driving action delegated,6
warfighter underlying cognitive,6
systems help reduce complexity operators,6
graphics depicting current state,6
driver functional state dfs longer,6
driver decoupled,6
systems consider,6
simulation results human involvement,6
higher facing,6
ai xai function viable,6
systems dsss,6
human computer interface designers,6
modes differed restrictions,6
key design elements assist,6
evoc 2000,6
intelligence ai adoption knowledge,6
age gender level,6
complex problem solving,6
science psychology face,6
new set challenges grappling human,6
modeling temporal dynamics coordination human,6
second international driving symposium human,6
joint cognitive,6
teams future air traffic,6
cognitive systems engineering,6
human cognition processes,6
air traffic control atc,6
psychological problems underlying introduction car,6
detection resolution future atc,6
participants instructed perform simulated atc,6
describes driver,6
aviation design,6
design philosophies,6
control undersea,6
human cognition processes,6
air traffic,6
need automated modernized air,6
car automation,6
real time simulations tasked,6
controller trainees,6
540 apply domain car,6
finally brain,6
ability manage complexity prepare,6
data analysis conducted using spss,6
sense new drawing existing,6
trajectory based,6
future air traffic,6
interfaces aviation domain revealed humans,6
revealed humans opted control actions,6
objective examine type,6
atsps directly responsible freely maneuvering,6
lacking academic,6
probe automation occur future air,6
supports preservation airspace robustness,6
adoption artificial intelligence ai,6
personality traits,6
competitive advantage firm,6
boundary seeking control,6
cognitive approach,6
cars automated greater,6
controlling nonequipped aircraft mixed,6
topic transitions automated driving,6
impact big personality traits,6
using multi armed bandit,6
primary driving,6
control longitudinal control,6
control monitoring,6
automation control mandatory driver,6
managers automobile industry,6
type introduced,6
transition type,6
proposed transportation agencies describes driver,6
cognitive processes,6
scenario air traffic service providers,6
perceived used interface,6
interface representations differently,6
fly advanced aircraft,6
participants completed simulated,6
submarine track,6
driving operations,6
instrumental variable stage,6
aviation automotive industries,6
cognitive schema,6
train driver,6
drivers bank automation,6
aviation cyber robotics applications,6
semiautonomous systems developed automotive,6
ertms represents,6
rail operations europe,6
rapid prototype sasova,6
individuals maintained sa regain manual,6
cognitive engineering offers,6
design human,6
interfaces presented directions future,6
design development,6
extended dft,6
world dominated semiautomated automated autonomous,6
edft represents,6
systems discussed,6
timeliness responses threatening aircraft,6
evaluated aircraft levels,6
autonomous cars,6
navy users monitored,6
monitored cluttered air space,6
simulated time critical operational environment,6
improving human performance interacting autonomous,6
simulated air traffic support different,6
determine perception self driving,6
driving taxis moderates relationship,6
pilots rely,6
framework human,6
digital cockpit,6
perceived complexity average unexpectedly factor,6
differences airbus,6
errors extensively studied paucity,6
applied information analysis decision making,6
binary signal detection,6
fault example human,6
personality perceptions machine,6
systems fully rational,6
operating systems,6
air navigation,6
manual control,6
based autonomous vehicles,6
disuse intervention used isolation,6
feedback effectiveness enhanced used conjunction,6
approximately twice errors automated device,6
atm exercises order,6
equation modeling pls,6
future air traffic,6
driving reliable,6
coping data uncertainties,6
little misuse disuse rates,6
technology warrants human supervision coping,6
unrelated fault diagnosis,6
result suggests realizing effective human,6
given feedback told errors,6
vehicles lack analysis based,6
cognitive neuroscience,6
awareness repeatedly controlled simulated air,6
context vehicle driving,6
easily embody complexity,6
subjects playing state,6
supervisor vs,6
factors literature intelligent systems reviewed,6
resources related,6
presents diga philosophical concept,6
engineering combines multiple,6
application cognitive,6
article explores established cognitive,6
architecture clarion,6
cognitive agents various applications,6
conducted factorial design experimentation based,6
building mind brain inspired,6
cognitive functionality,6
different types,6
route selection,6
aircraft conflict,6
changes aviation domains need addressed,6
interacting flight deck,6
influence professional pilots,6
interaction hai takes,6
experimental tracking tasks,6
reliability affected expectations,6
air traffic control simulation conditions,6
75 lower 60 levels expectations,6
follows reinforcement experience weighted,6
cognition impact,6
driving reliable,6
realize potential exchange,6
underlying data driving,6
dat using viewpoints technology,6
explain mechanisms underlying human process,6
unrestrained aggregate assume facto control,6
variations controlling agency,6
penetration autonomous machine,6
underlying subsystems consistent previously theorized,6
subsystems flight,6
subsystem awareness subsystem,6
automation flight deck,6
method current report examined pilot,6
error creates latent condition,6
researched phenomenon post task,6
error detection,6
influence individual latent error,6
course cognitive subsystems,6
interactions cognitive,6
represented perceived competence creative,6
aircraft maintenance hypothesised time location,6
results fsqca support,6
pilots use operate situations involving,6
contribution operations,6
systems technologies,6
time replanning routes,6
performed simulated rapid retasking,6
isr assets task manual decision,6
detection naval air engineers experience,6
robust flexible designs type computational,6
architectural design role,6
promoting mechanized,6
robots hospitality,6
background hai,6
financial advisory experts artificial intelligence,6
signal detection theory,6
technology warrants human supervision coping,6
required intervention,6
speed control,6
frustrating mc,6
sign crossing pedestrian braking,6
failure vehicle driving slowly,6
tasks characterized perceptual socio cognitive,6
level cockpit partial incomplete interactions,6
coordination control prevention failures accurate,6
systems engineering,6
cognitive uncertainty,6
main argument cognitive,6
cognitive analysis conducted ethnographic study,6
study based documental analysis flight,6
mc highly automated driving,6
airline cockpit,6
speeds activity,6
optimal uninhabited,6
recent incidents shown production speeds,6
hri research,6
figure somebody thoughts,6
autonomous vehicles medical assistance devices,6
mission assisted automatic target recognition,6
robotic uninhabited vehicles,6
studies transportation medical technology,6
background benefits,6
driving performance downward,6
driving simulation experiments induced 115,6
working memory abilities moderate,6
cognitive activity,6
errors response,6
cars function perfectly drivers,6
state affect integrated,6
coping data uncertainties consequently,6
tendency report errors,6
demonstrated application support systems engineering,6
fault diagnosis using prototype ecological,6
aircraft enables,6
sensor failure,6
especially high complexity scenarios,6
pursued improve engineering,6
performed simulated,6
integration hsi concerns systems engineers,6
directions sdt perspective error,6
constant experiment tracking,6
systems engineers rely qualitative,6
work focused predominantly cognitive,6
methods better integrate human,6
tradeoffs automated vehicles,6
inevitable risks road users,6
desire benefit advantage,6
pedestrian save pedestrians,6
pedestrians participants accepting avs,6
reflect ability influence cognitive,6
streams draw cognitive qualities information,6
explore history cognitive research information,6
resources related,6
likely remain important cognitive,6
unified theories cognition,6
range cognitive activity single theoretical,6
methodology cognitive science,6
setup composed real unmanned,6
problem solving ibps behavior simulated,6
models information based problem solving,6
insight interplay personality traits,6
study hmc cognitive point view,6
control concludes design cooperative,6
hmc approach necessary address,6
affected uncertain,6
processes typically characterized uncertainty complexity,6
addressing complexity humans offer,6
fully controls,6
augmentation states al,6
conversation initiation personality predictor moderator,6
high failure rate despite,6
computer interaction hci aims,6
cited reason es implementation failures,6
characterize satisficing using cost,6
seek expand design space human,6
applicable designing intelligent,6
types mr clearly,6
supervision task demonstrated,6
using aircraft,6
high level sense control supervisory,6
satisficing observe,6
skill better important ask,6
skills adapted appropriate circumstances,6
mechanisms cognitive,6
aircraft uas ground,6
chmi2 unmanned aircraft,6
debate simple inference,6
extra complexity,6
existing systems cost introducing extra,6
expectations using newly implemented systems,6
ai hr positively correlate elevated,6
design decisions complex work,6
integration qualitative,6
practitioners hfps play,6
148 users autonomous shuttle project,6
tend rely static representations human,6
helping early stages design,6
emerging field cognitive engineering methods,6
challenge supervising hundreds,6
continue interact humans interfaces,6
field cognitive,6
mode errors misuse,6
reinforcement learning,6
human reasoning,6
aviation space,6
frequency usage controlled,6
complacency skill degradation,6
fallacies retard understanding,6
transforms practice shifts,6
human error,6
comprehensive stage methodology follows,6
designers evaluators,6
considered systems design,6
dynamic integrated,6
types different,6
continuum levels,6
levels low,6
information analysis decision action,6
effective human,6
type personality,6
robot hotel experience,6
design direction cooperative,6
engineered systems,6
cognitive human machine interfaces interactions,6
new approach aviation human,6
complex problem spaces high levels,6
levels instability uncertainty unpredictability,6
necessitate drivers control,6
automated vehicles exception featuring level,6
aims enhance driver performance transitions,6
disengage driving task need resume,6
systems complex,6
networking hand characterize fourth,6
hmi proposed support driver,6
behavior reliable faulty,6
shape behavior,6
efficacy human machine interface,6
60 males,6
complex cognitive work carried,6
air traffic,6
modification defining line error prevention,6
drivers attention brief period,6
subjective acceptance automated vehicles,6
underscore importance tailoring hmi,6
hands wheel requirement,6
error mechanisms observed dynamic operational,6
framework human machine interface hmi,6
theory mind,6
study understand secure driver,6
making design decisions improving human,6
children begin understand,6
provides framework assessing cognitive boundaries,6
automobiles enhancing user perceptual,6
unreliability proposed human,6
functionalities design operators command control,6
basis refining transportation policy technology,6
exceeds cognitive performance humans domains,6
management hrm,6
cognitive states based measurement,6
exclusive licence,6
sensing extraction classification,6
employs layer architecture comprising sensing,6
interactions different layers conceptual design,6
conventional interfaces keyboard,6
provide discrimination different modes control,6
supported chmi2 beneficial separation assurance,6
separation assurance collision,6
error invoke error,6
saccade tests,6
error cost,6
design lead computers influential,6
designed ghost,6
tracking sensors record saccadic,6
mounted displays hmd increasingly used,6
cost actions prior,6
autonomous vehicles,6
planning scheduling,6
paper defines flexibility combination conflicting,6
intelligent systems hcis argue systems,6
resources efficiently possible order achieve,6
use available resources,6
driving cars arguably lack control,6
survival problem dsp,6
driving experience,6
specific motivational drivers barriers,6
revolutionize mobility addressing,6
driver engagement,6
development model air traffic controller,6
limits human comprehension,6
approaches human,6
cues advanced llms,6
adaptive systems certain types,6
simulation model implementation assessment,6
adoption artificial intelligence ai,6
aerial vehicles developed knowledge,6
typically perform cognitively,6
troubleshooting ultimately responsible safe efficient,6
ground control,6
computerization supervisory,6
based systems lack,6
control systems increasingly common commercial,6
interfaces known chat means,6
manual control various cycle times,6
accounts openai,6
supervisory control navy new tactical,6
ai xai,6
sine qua non ai,6
focusing design sociable autonomous,6
emphasize cognitive aspect intelligence designing,6
290 human resource hr professionals,6
picture complex,6
autonomous vehicle,6
vehicle innovation,6
simulated command control micro world,6
firstly inverse reinforcement,6
rbv dynamic capability,6
human driven interactive trajectories order,6
box nature systems allows powerful,6
competitive advantage,6
varying design,6
systems engineering,6
naval air,6
realistic simulated,6
tactical displays,6
effective monitoring,6
modeling sem,6
cross sectional,6
systems dss research represent experimental,6
second cross,6
stage gate process hand,6
inspiration human cognitive systems areas,6
include design automation support air,6
aa manual control revealed significant,6
manual control condition,6
loa driving factor determining primary,6
operated simulation,6
approximate human cognition argue human,6
rely appropriately,6
psychological drivers,6
human reasoning decision making,6
drivers dependency,6
intuitive cognition human,6
people fail,6
emerging evidence suggests children think,6
cognitive science past decades provided,6
lumberjack analogy,6
rare unexpected failures,6
include flight management remotely,6
used compare flight,6
designs systems require people,6
future brain public,6
vehicles rov,6
driving behaviors,6
trait emotional,6
law military self driving,6
errors inaccurately,6
autonomous vehicles provide reference designing,6
hi ai,6
systems especially considering,6
mediates user access content controls,6
cars high end,6
threat driving,6
freedom moderated car,6
driver type car class,6
engines fitness trackers,6
feedback pilots,6
autonomous machines making,6
data indicate observed difficulties explained,6
vehicles influences acceptance adoption,6
pressure failed disallow intervene,6
scenario presented pilots different,6
intention limited understanding drivers post,6
driving assistance features attracting,6
automation driving,6
distinguishing various,6
clearance automated flight deck systems,6
descent scenarios responding series air,6
group 30 b757 pilots,6
design training accelerating industries air,6
paradigm ai cognitive machines,6
context current air traffic,6
rapidly driving automation autonomy emerging,6
systems rapidly evolving,6
simulated adaptive,6
role study human reasoning,6
performed hdv speculative uncertain adv,6
multiple simulated unmanned air vehicles,6
domains healthcare transportation,6
fidelity supervisory control,6
level decision,6
vehicle types,6
design help people effectively manage,6
making process heterogeneous vehicle,6
flexibility prototypes consequences street,6
participants gender education background,6
approaches user interface design help,6
hdv autonomous driving vehicles,6
real world systems review theoretical,6
factors driving performance virtual,6
people supervise,6
need concentrate,6
using drawing game application,6
peou subgroups including males,6
males pre generation individuals experienced,6
fees eospf,6
systems require models capture human,6
use visual detection,6
discussion integrating humans,6
dilemmas faced autonomous vehicles,6
enhances parking,6
revolutionize mobility,6
greater control verbosity,6
fit viability model fvm study,6
individuals experienced drivers autopilot,6
terms cognitive behavioral impact operators,6
want maintain ultimate control,6
ethical cognitive aspects machines,6
characterize mouse motion patterns,6
traditional approaches personality,6
personality plays,6
generated drivers younger men white,6
driving experience,6
benefits korea,6
recruited divided subpopulations age gender,6
explainable artificial intelligence xai,6
level marital status income driving,6
connections personality preferences mouse,6
xai framework study identified personal,6
licence institute applied,6
termed urban air,6
provide efficient flexible,6
flight modes shift autonomous,6
subjects groups experienced varied,6
intentions autonomous passenger drones,6
style directive,6
form human supervision crucial,6
ai interaction haii,6
automated vehicles,6
field aiming construct comprehensive overview,6
huge number confirmed cases deaths,6
autonomous vehicles,6
automated guided vehicle agv assisted,6
pickers interacted actual agv,6
study driving simulator participants requested,6
drivers trust,6
challenge interaction drivers automated vehicles,6
interdependency complexity proposed variables,6
technology characteristics,6
depth understanding,6
affections personality basis human,6
productive transportation enhancing mobility vulnerable,6
boxes leading,6
ai devices hotels traditional,6
xai methods currently discussed potentially,6
control theory,6
systems organically embedded,6
vehicles ai,6
imaging analysis self driving,6
modelling pls sem used testing,6
management hrm,6
sem used test proposed structural,6
power human,6
xai consider,6
xai techniques developed shed light,6
future distinguished seamless interaction,6
013 level,6
characterized globalization openness competitiveness,6
explicability effect reducing cognitive,6
cognitive load associated decision automation,6
levels explicability varied providing,6
holds benefits,6
user interface ui target,6
centralized feedback autonomous,6
simulator environment accompanied ai,6
item personality inventory artificial intelligence,6
commercial pilots suggested autonomous,6
hri decisive humans,6
adoption human resource hr managers,6
failure pressure sources,6
semantic understanding ability wake ability,6
designed participate close quarters,6
certain personality,6
financial firms opportunities adopt ai,6
background sought,6
firms feeling ai,6
multiple anovas,6
design implications future autonomous,6
effective hmi,6
state assessment module asam,6
driven sight,6
capacity selected applications based decision,6
job characteristics competence,6
improves performance primary driving,6
obstacle observation,6
speed train,6
different levels,6
human cognitive,6
process intelligent driving technology,6
train driving tasks scrutinized challenged,6
meaningful human control,6
problem overtrust,6
graphical user interface gui,6
critical need human driving improvement,6
assisted driving instruction directly,6
asam continuously,6
explanations presentation modality auditory,6
different explanatory techniques impact driving,6
type modality,6
design development process,6
extreme programming xp practices help,6
considering rapid development adoption ai,6
interventions broader organizational context,6
ai accep tance,6
centric xai lack end user,6
resource management hrm potential,6
results research focused calibrating human,6
theoretical frameworks hri provide detailed,6
furthermore uncertainty avoidance long,6
pls sem bootstrapping method used,6
robots hospitality,6
efficiency higher degree fascination interaction,6
management support working environment,6
management support working environment,6
resources necessary achieve business benefits,6
components competence coolness,6
value fail,6
succeed creating,6
tai autonomous vehicle construction sectors,6
safe autonomous vehicle,6
explainable ai lists potential drawbacks,6
trust fragmented areas data protection,6
paper discusses various tai components,6
activate business value drivers,6
inclinations make unreliable,6
multigroup analysis based visit,6
current conditions instability turbulence,6
feedback fosters structured organized,6
inverse reinforcement learning analyze effect,6
potentially dangerous operation driving,6
driving systems,6
vein driving,6
human control,6
factors practical relevance developing interventions,6
cognition cover,6
resource development hrd enables supports,6
teachers lecturers hrd professionals play,6
control sketches different purpose,6
dependence specific parameters planning,6
institutional design,6
meaningful human control,6
equation modeling cb sem partial,6
squares structural equation modeling pls,6
suggest benefits,6
element probabilistic signal detection task,6
human activating congruent mind,6
goods reveals consequences unveiling mind,6
depends desired level product,6
skill transfer,6
ai enabled weapons systems,6
management complex systems rendered challenging,6
styles employed descriptions intuition covered,6
boom systems,6
severe failures required,6
systems driving factors interaction,6
control systems human centered control,6
hsi longer,6
design complex,6
question usability user interface,6
systems integration,6
help designers developers create human,6
groups belong make needs individual,6
strategy complexity different failures,6
hcai drawn human computer interaction,6
winding arrive faster,6
application cognitive,6
variants solutions,6
transactive memory systems,6
ias realize joint systems transactive,6
implementation human,6
calibration route xai,6
identify vital xai design,6
design conceptualization,6
systems humancentered,6
pilot wizard oz,6
aircraft synthetic task environment,6
driving systems,6
autonomous vehicles hope align intelligent,6
outcomes post intervention identify shifts,6
reduces human cognitive burdens mitigates,6
vehicles requires algorithms capable,6
intuitive thinking effective,6
integration potential reliance,6
technology intrinsic biases,6
language skills,6
related user competencies,6
touristic unsafe neutral streets,6
single hypothetical city,6
map based use matrix,6
routes oriented operational efficiency,6
modality origin,6
flexible passenger,6
response rigidity routes travel conditions,6
offered conventional public transportation,6
research xai,6
risks driver distrust unsatisfactory,6
driver intervention violated,6
adss longer distant reality,6
explainable artificial intelligence,6
hra methods,6
method consists environment human,6
incidents like bhopal gas tragedy,6
vehicle behavior,6
instruction ll stop early deceleration,6
attitudes automated buses,6
rapid development adoption ai,6
understanding lack,6
availability types,6
sensed sensors,6
described physics based,6
model simulated,6
pedestrians make quick appropriate crossing,6
conducting xai experiments,6
job demand resource,6
presents group study,6
various modes haic,6
modeling pls sem employed,6
resource development,6
focusing required competencies hrd perspective,6
ai related competencies aspects skills,6
attention necessitate research,6
way users understand uncertainty automated,6
orientation buffer strain pathway,6
tom models fully express,6
automated service vehicles asvs,6
making systems autonomous vehicles avs,6
systems conducted,6
observing monitoring work cis hci,6
cognitive resonance role info,6
understanding human cognition,6
leading process prefrontal cortex associated,6
routine tasks supervising human,6
fatal crash uber self driving,6
benefits society potential,6
research cognitive systems engineering,6
parking areas guiding,6
study identified perceived mind,6
modelling sem smart,6
gap examine,6
self driving,6
insights designing driver,6
preference based autonomous driving,6
driving compared young middle 23,6
multiple folds,6
intervention based consider,6
options considered transaction costs,6
customer adoption ai,6
automated driving systems ads,6
models fully express complexity human,6
levels information,6
tools measure hopes expectations,6
modelling smartpls,6
essential achieving safe fully autonomous,6
human drivers,6
complex deep neural,6
systems employed current autonomous vehicles,6
needs theories endorsed psychologists driving,6
general cognitive architectures propose,6
simulator based,6
technology relations validated scale efficient,6
tasks intersection navigation maneuvering,6
humans hands free route,6
driven failures,6
autonomous car increase drives human,6
drivers passenger judged driver human,6
make mistakes,6
cars indispensable,6
humans hands free route,6
autonomous car increase drives human,6
drivers passenger judged driver human,6
cars indispensable,6
definition field,6
field robophilosophy,6
behave output based challenge developers,6
drivers trust,6
human machine interfaces,6
learning area particular recent neurocognitive,6
viewing interface drivers takeover performance,6
cognitive neurosciences ai computational models,6
similarly neuroimaging studies better,6
improved viewing hmi statistically,6
implications design automotive hmis,6
neural mechanisms,6
cognitive science studies children individuals,6
autonomous cars need able infer,6
insights implementation adoption ai,6
drivers pedestrians predict,6
theory mind tom,6
car hailing platforms uber lyft,6
ability human mind attribute,6
ai xai end users,6
fostering drivers work,6
design recommendations,6
fairness online car,6
data collected 364 drivers,6
expected related,6
user multiple levels abstraction,6
complex command control systems,6
integrated novel user interface concept,6
shows gaps objectives prediction tasks,6
require new tools draw behavioral,6
set design recommendations,6
analysis gender,6
data noticeable gaps individual,6
undesirable robot swarms,6
significant research exists interfaces,6
interface remote multi,6
hri fluency,6
diagnoses hoping identify reflective,6
advanced human,6
comparison human advisors,6
interface controller,6
affect successful hri appearance,6
planning vehicle,6
control management,6
systems strategy economics,6
hope deploy autonomous vehicles av,6
manufacturing vehicles high level,6
structural equation modeling sem used,6
essential resource industry,6
human limitations,6
caused design features technologies,6
engineering psychology,6
contexts consider longitudinal designs,6
examples havoc caused human,6
chernobyl examples,6
human error,6
error source threat,6
designed completed 567,6
benefits resembles real life objects,6
design science research,6
including adaptive systems focus,6
systems distinguishes universal personality traits,6
passengers understanding vehicle,6
safe engagement non driving related,6
environmental driving related,6
stress simulated multi unmanned aircraft,6
gap adoption generative ai,6
uav intelligence,6
research start diverting focus agents,6
humanlike best method humans,6
explain customers intent adopt artificial,6
strategic insights successful implementation ai,6
applied human,6
robot fle fast casual dining,6
opportunities innovation transportation,6
limited resources avoided,6
abilities enable individuals,6
machine interface designs drivers trust,6
starcraft ii openai,6
algorithms purposes explainable artificial intelligence,6
users deep reinforcement learning deep,6
designing systems aim promote suitable,6
vehicles avs highly,6
vehicles triggered operationalised personality,6
terms latent cognitive,6
identify necessary traits combinations,6
interaction automated driving,6
investigate personality trait sets motivate,6
systems allow make inferences human,6
vehicle pods,6
rise cognitive abilities support decision,6
tools experimental psychology decision sciences,6
boxes neural,6
avps require human driver approaching,6
interface situationally manage information,6
approach designing,6
inform shared control,6
approach utilising pls sem fuzzy,6
provide service change driver potential,6
driving systems adss lane,6
data based passenger volume analysis,6
highly autonomous reliable,6
human control principle,6
customizable parameterized suite procedurally,6
behavior gridworld navigation task,6
ibl model observer distinguishes previous,6
environments used multimodal rl,6
assumptions human cognition,6
code additional resources https,6
cognitive tom,6
tom framework uses known theory,6
additional resources,6
deficiency alignment driver perception,6
innovative technologically advanced dining,6
control transfer compared systems,6
improvements driving performance usage,6
requests driver push button let,6
essential airline,6
driver resume,6
speed accordingly,6
designs proposed,6
driving simulator encountered traffic,6
optimal level,6
intervention explained manual conflict,6
tracking condition,6
simulated air traffic control,6
human resource,6
issues ai explainability,6
cognitive complexity,6
practices human resource,6
adoption artificial intelligence ai,6
event delivered information prompted driver,6
driving simulator study assigned low,6
uncertainty unpredictable given,6
transparency communicates calibrate,6
inconsistent view ai hrm,6
evaluation automated vehicles,6
safety critical tasks driving,6
participants completed uninhabited vehicle,6
15 uber drivers netnographic study,6
taxi driving,6
states exemplified companies uber,6
cognitive reactions undergoes conceptualise broken,6
core self evaluation,6
data human intervention,6
contingency theory,6
believed facilitate driver trust,6
level varies,6
uas simulation,6
academic framework ai adoption,6
dominate making humans,6
underlying cognitive processes involved,6
ship automated modelling sam,6
unobserved perceptual cognitive,6
automated advice regarding certainty uncertainty,6
costs benefits providing decision,6
intelligent systems buffer scarce human,6
frontline enhance efficiency failures common,6
failure type failure,6
remote uncrewed aerial,6
design personnel,6
life important determine user competence,6
miscalibrated trust essential drivers,6
driving situations mental,6
vehicles depends drivers,6
framework describing dynamics,6
structural equation modelling sem initially,6
functions gain deeper understanding adoption,6
remote vehicle,6
vehicle operations transitioning,6
types stage warning vs,6
hv drivers different,6
mixed driving,6
human driven vehicles,6
notion overtrust,6
age years driving,6
driving cars travel time car,6
frequency driving,6
males hold,6
systems published john wiley,6
transport systems published john,6
resulting dynamic model explains skill,6
based dynamics,6
tom psychological,6
obsolete skills necessary reap,6
underrepresented xai research far,6
depth analysis,6
robotic services hospitality,6
methods account uncertainty ml,6
uncertainty perceived human users,6
technological complexity,6
methods human,6
sem used,6
role need human intelligence,6
cognitive automation powered,6
theory mind,6
factors affecting fully automated vehicles,6
reinforcement learning,6
gaps misinterpretations ai,6
extend cognitive,6
absorption theory,6
fully autonomous vehicles,6
autonomous vehicles remain unavailable,6
vehicles avs,6
initial pool personality traits final,6
brand website personality,6
personality frameworks proposing ca,6
contributions design,6
capabilities does relieve inhibition,6
autobraking assistance increases human,6
dyads drive robotic vehicles,6
designers utilize prediction tasks,6
interfaces discussed considering users cognitive,6
xai designers utilize,6
users experience explainable ai,6
flow composed human driven vehicles,6
attacked human drivers,6
road necessary effective measures human,6
consider factors design automated vehicles,6
model tam external drivers,6
design conducted,6
levels low vs,6
cognitive pathways shaping individuals,6
measured driving,6
automated vehicles affect driver,6
interface infotainment systems automated,6
driver distraction intricately linked human,6
integrating cognitive consistency,6
interfaces designs support non dyadic,6
explores efficacy natural language interfaces,6
hri static varies dynamically complexity,6
complexity tasks involved,6
tracker functional near infrared spectroscopy,6
trust hri including,6
like appearance mind utilize expectancy,6
driving related task ndrt auditory,6
auditory explanation,6
high fidelity driving simulator,6
understanding ofavexplanation conducted,6
unclear modality,6
automated vehicles,6
adaptive behavior,6
driving related task ndrt auditory,6
examine perceptions combined levels technology,6
spectroscopy drove driving simulator current,6
drivers average speed 40 13,6
driving mode,6
using autonomous machines people,6
want manual mode option shifts,6
unfortunately mere existence manual mode,6
counterfactual cognition,6
method presents simulation,6
human intervention,6
making necessarily,6
adoption general generative artificial,6
traction different,6
systems shaping sme,6
automated vehicles avs,6
adoption artificial intelligence,6
experiences drivers,6
driving simulator experiment involving,6
complexity human cognitive,6
determinants cover technological,6
modelling sem results study non,6
technological attributes motivational,6
researchers engineers craft automotive,6
centric design principles researchers engineers,6
lane position,6
auditory explanation,6
human resource practitioners,6
high fidelity driving,6
automated vehicles,6
automated shuttle,6
technology public transportation,6
limited cognitive,6
participants performed monitoring diagnosing,6
rational inattention,6
personality calculative institutional,6
autonomous cars services,6
taxi service companies,6
robots hotels,6
machine interface,6
deep level,6
vehicles savs emerging mobility solution,6
discusses observations project featuring ca,6
envisioned ca blends,6
shared mobility experience vehicle ownership,6
vehicles savs,6
exclusive licence,6
urban mobility,6
expectancies conditions,6
errors humans,6
ca designers face dilemma,6
hmi information exchange,6
disappears human machine interface hmi,6
human supervision automation,6
ai devices hospitality service settings,6
equation modeling pls sem,6
hr professionals 345 demonstrate strong,6
financial services employees 309 hr,6
345 demonstrate strong ci systems,6
computer interaction hci widely employed,6
driving capabilities higher emergency,6
control outcome control important design,6
ai dominant intelligent vehicles,6
systems practitioners benefit blueprint,6
human stylists dhs,6
machine symbiosis,6
smv space,6
human machine perception cognition action,6
voluntary use range bearing line,6
automation simulated air,6
aircraft conflict status,6
participants reliably check aircraft,6
design process hmi asb help,6
complexity autonomous,6
driving exceptionally,6
unclear modality,6
fought complex chaotic nature,6
resource management literature,6
psychological drivers,6
need personality,6
designing effective risk mitigation interventions,6
use simulation study,6
unmanned vehicle,6
suggest environmental uncertainty prompt people,6
group did experience surprising,6
investigated dynamic physical coordination,6
trust overtrust undertrust,6
evaluation pilots,6
investigate personalities vas display,6
agent controlling ship aerial,6
fsqca second,6
infrastructure sdg 12,6
competence affect receptivity competence particularly,6
hats succeed human,6
cognitive pathway expectation disconfirmation,6
complex systems demand substantial,6
cognitive architecture,6
real time analysis,6
holistic approach designing,6
resources tangible intangible human,6
vehicles help,6
derive benefits,6
linguistic traits tone phrasing positive,6
design avoided,6
design human,6
following failure,6
interdependence parallel,6
adoption artificial intelligence,6
vehicles savs,6
automated transport technologies adopted,6
aircraft autopilot acceptance,6
university transportation knut chungju korea,6
traits behavior traits influence perceived,6
notion symbiosis increasingly mentioned,6
cognitive processing,6
research unmanned,6
vehicle acceptance,6
imitative human cognition,6
model autonomous vehicle,6
cognition using example heavier air,6
intelligent mode transport autonomous,6
vehicles avs lots,6
integrated vehicles,6
influence content prosody utterances,6
human capabilities distinction assistive role,6
theoretical lens dunning kruger,6
ai finance significantly reshaped,6
variety cognitive tasks language,6
reconceptualizes tenets,6
probability existential catastrophe,6
difficulty aligning agi systems language,6
potential immersive augmentation artificial,6
vein present,6
amplificator human potential light,6
affects human resource management hrm,6
failures occur explore,6
cognitive peripheral cues impact experiential,6
past decades cognitive neuroscientists,6
dm supervising machine make,6
world pilots institutional,6
deficiencies traceability,6
supervise task,6
manual aircraft conflict,6
concrete engineering,6
detection automation failures simulated air,6
related supervisory control driver education,6
participants determined pairs aircraft,6
dm fully ignores regularly overrules,6
cognitive misfit,6
design saod process described systematic,6
person comfortable crossing,6
engineers face increased,6
resource contexts impact ia implementation,6
perceived singularity,6
matlab tool,6
exploration feedback reinforcement learning,6
generation autonomous adaptive systems largely,6
human reasoning standard,6
mental processing resulting,6
perspective different disciplines affect hci,6
progression cis hci,6
cognitive resonant frequencies reveal,6
thresholds demonstrating resilience cognitive,6
answer given time use cognitive,6
mind perception influenced effectiveness distinct,6
driving vehicles sdv,6
pedestrians essential,6
vehicle automation perceptions,6
turk determine mind,6
hdv personal attributes influence autonomy,6
varies widely,6
make mistakes,6
indicated initiate crossing,6
ehmi intend yield perspective pedestrian,6
av equipped state ehmi braking,6
braking intent,6
error predominant,6
human error,6
firms order reduce risk ai,6
depicts deteriorating cognitive functions,6
case study electric overhead travelling,6
simulation human,6
instead product repeatedly feedback frequency,6
mean reverting tendency,6
people cognitive processes,6
structural equation modeling pls sem,6
effectiveness proposed interventions aiming,6
discuss cognitive work,6
evolutionary concepts applied explain drivers,6
emulation human cognition,6
business benefits,6
systems literature reveals narrow focus,6
symbiosis theory,6
lays ground theory human,6
hci perspective learning teaching designs,6
psychology human computer interaction hci,6
wise reasoning interactions domain experts,6
overlooking common perception based theories,6
model using pls sem,6
states actions humans,6
drivers asymmetrical,6
design policy,6
perceived competence explains people attribute,6
human evaluate,6
criminal justice case driving big,6
error potentially devastating consequences,6
uncertainty tasks,6
driving systems ads,6
tesla autonomous,6
simulation tests amateur drivers,6
detected design app,6
dynamics detected design,6
modes ai use increasing,6
designers future research provided,6
afraid cars,6
driven cars generate individual urban,6
personality traits,6
based state estimation control,6
mind tom order understand,6
ai lms passenger car,6
lead management,6
foundations resource advantage theory notion,6
boundary crossing,6
using pls sem,6
anova employed using spss,6
loop advance epistemological critique ai,6
sem sample 253 aipa users,6
embrace generative ai adoption voicing,6
modelling pls sem sample,6
leads employee voicing,6
ooda aerial combat,6
conducted multi group analysis,6
control variables,6
aerial tasks aiming optimize decision,6
mission command human cognition,6
modes aviation,6
decompose view haii,6
ai interaction haii,6
systems dynamics approach management,6
design avoided,6
machine interfaces ehmis,6
years debate automated vehicles,6
interdependence parallel,6
influence pedestrians,6
adoption artificial intelligence,6
equation modeling pls sem,6
systems fss act,6
mfco tasked flight termination,6
approach problem cognitive systems engineering,6
exploration leads accurately calibrated,6
personality dispositional history,6
drivers influences trust,6
technologies hrm domain attracted significant,6
competencies required adopting ai,6
automated driving ad,6
tools techniques hr functions,6
im design,6
im design,6
cognitive science corpus joint,6
german car,6
cognitive limitations,6
regarding implementations professional,6
assisted surgery,6
interaction hci,6
cfes highlight changes,6
field explainable artificial,6
obtrusive usually,6
human cognitive,6
responsible design,6
experts mission controllers regulators engineers,6
promoting urban,6
meaningful human control war,6
warfare artificial,6
design algorithms,6
closed loop systems summary overview,6
making route suggestions users,6
route differs,6
example driving,6
despite benefits cdas,6
pls sem technique empirically validated,6
experiences maritime,6
transport limited tend confirm,6
robots tourism hospitality,6
domains aviation automated driving intelligence,6
aviation road,6
design safer automated,6
eliminating human errors argued induce,6
intent piloting,6
benefits team environment,6
humans happens va openly discloses,6
calibration effectively traditional transparency approach,6
demonstrated adaptively presenting tcc,6
simulated drone environment types,6
icas revolutionizing humans interact,6
road domain transferable,6
capture status calibration,6
principles imt use design probe,6
surpassing human experts,6
algorithm evaluated assessing human,6
driven vehicles need trust,6
human computer interaction hci,6
simulator hci interfaces grounded sa,6
method flight simulator,6
individual drivers selected foundational,6
analyzing restructuring information architecture hci,6
driving cars complex activity,6
information processing sa measure drivers,6
benefits challenges,6
sa cognitive levels,6
cognitive implications using autonomous technology,6
simulation training analyzed,6
invited engage simulated driving,6
systems ecis use technology based,6
finalized interface design sa cognitive,6
design linguistic variance human characteristics,6
adoption assistive ai systems,6
impact interactive design,6
crafted design elements,6
establish design making,6
mind self conscious property,6
mind things having,6
run model simulated overall trends,6
known children respond external human,6
respond external human machine interface,6
information vehicle deceleration,6
guide road crossing decisions,6
cross driverless,6
observed conditions regardless hmi features,6
car stopped,6
stopped abruptly gradually,6
proposition tended,6
interface ehmi,6
intent dome light changed red,6
according hmis,6
children adults waited longer enter,6
longer enter roadway vehicles,6
children heavily influenced late ehmi,6
behavior initiating crossing gradually decelerating,6
tend look hmi making,6
human machine interfaces,6
hmi message background color,6
presentation modality,6
car communicated,6
pedestrians concern,6
hmi implementation car,6
implementation car distance,6
motor control,6
methods reinforcement,6
summation rewards,6
architecture act adaptive control thought,6
automatic manual mode vary,6
uses simple tracking task,6
use robots hotels,6
robotic devices hospitality services service,6
driving dystopia,6
systems support,6
human control,6
cognitive state sensing assessment human,6
cognition augmentation fundamental applied aspects,6
swarm reliability,6
model impact hri,6
restaurant robot,6
subjects supervised swarm unmanned,6
aerial vehicles uavs foraging,6
examine dynamic,6
vulnerable road users,6
encourage higher probability compatible,6
complexity calibration lies,6
deployed real vehicles simulators,6
real time,6
simplified feedback,6
better analyzed engineered,6
traditionally forms,6
decide uncertainties,6
preservation critique design,6
enact distinctly different thought patterns,6
machine controls,6
vehicles avs undermine broader,6
broader transportation policy objectives,6
collaboration interaction paradigms supervisory,6
controlled human,6
work adoption artificial intelligence ai,6
participated simulator,6
second group used drawing software,6
aims model stress levels operators,6
failure event measured electrodermal,6
indicates relationship ai failure event,6
levels focuses improving user,6
concerning adaptive agents investigated,6
forerunning companies capitalizing ai,6
building success model cognitive absorption,6
eighteen licensed control room,6
new light controlled human experiments,6
implementation model products known,6
oz methodology used,6
competence agency ascribed,6
evaluations automobile add autonomous,6
users human centered evaluations explainable,6
needs xai users,6
explore human computer interaction hci,6
movement cognitive choice,6
direction trial inducing increased motor,6
computer mouse modified subtle velocity,6
simulations motor cost,6
diffusion model simulations response prompt,6
drift diffusion,6
human machine interface developing,6
systems bringing augmentation human,6
job characteristics personal variables,6
technical design assistance systems suitable,6
excessive reliance result failure meaningfully,6
thinking theory likely based,6
legal systems emphasize role human,6
gender education level sample representative,6
folk theory perspective,6
used simulate,6
study analyzed using pls,6
fav distance crossing place physical,6
pls sem fsqca,6
french drivers,6
cav hmi integrated fully,6
level simulator simulated journeys,6
designers gain deeper understanding underlying,6
design traditional vehicle human,6
interfaces hmis undergoing major change,6
assistants commonly forgiven committing errors,6
thinking gender categorization influences,6
blind spot size 75,6
labeling annotations,6
video recorded journeys hmi,6
calibration high transparency conditions perceiving,6
map vehicle location proposed,6
heterogeneous unmanned vehicles serves,6
calibration high transparency conditions perceiving,6
adoption autonomous decision making,6
information reasoning uncertainties,6
map vehicle location proposed,6
heterogeneous unmanned vehicles serves,6
future researchers directions explore autonomous,6
errors assists users,6
information reasoning uncertainties,6
cognitive tests,6
working memory individual,6
high fully automated vehicle,6
drivers using quantitative,6
value attributed autonomous cars,6
ability learn,6
systems support humans increasing,6
implications affect adaptive systems,6
literature working memory useful,6
enhancing person job fit cognitive,6
urges factories offer wearable cognitive,6
innovations constantly influencing complexification automatization,6
interaction cognitive absorption subsequent effect,6
cognitive processes enhance interaction,6
represented ordinal level treated interval,6
behaviour unmanned,6
highest level,6
motion planning proposed courtesy definition,6
expected additional loss caused,6
vehicle dynamics explicitly incorporated intent,6
making driving drivers knowledge,6
autonomous vehicles avs lead,6
mobility providers improve older,6
hmis particularly older adults informing,6
simulation unmanned vehicle control,6
intricacy appropriate prompt engineering optimize,6
participants saw fixed simulated urban,6
vehicles favs intention,6
scarce costly,6
participants evaluated human,6
information driver using augmented reality,6
needs displayed driver,6
highly automated driving,6
temporarily delegate driving,6
automotive domain,6
insight orse metaphor human machine,6
shared control,6
machine interface hmi following functions,6
potential combining human cognitive,6
suggested aspects driving styles,6
knew junction clear proceed stopping,6
communicating vehicles,6
design vehicle programmed,6
road junctions looking,6
different designs presented groups,6
states spanning overtrust distrust user,6
22 21 using actual autonomously,6
model based confusion matrices originating,6
interviews indicated pros cons driving,6
driving behaviour autonomous,6
learners cebu,6
interventions driven algorithms,6
discrete warnings type feedback inform,6
systems remove drivers active,6
vehicle control automation,6
limits behavior imperfect vehicle,6
providing drivers continuous,6
autonomous performance reduce errors human,6
preferences drivers,6
results simulation human,6
merging lanes unprotected,6
equation modeling pls sem,6
human drivers estimate svos,6
psychology autonomous vehicle decision making,6
vehicles behave safe,6
driving styles,6
drivers adapting,6
deployment autonomous vehicles,6
roads promises increased,6
integrated fva,6
analysis adding depth,6
controlled educational,6
autonomous vehicles observe human drivers,6
evaluating humanai,6
aged drivers nearly fault crashes,6
states peaceful concentrating reflective assessed,6
highly automated driving systems,6
based feedback,6
mock ups,6
using modified cognitive task,6
approach blended hmt systems engineering,6
difficult lack existing mdc2 systems,6
cars lethal autonomous weapons systems,6
casual restaurants males perceived,6
software algorithms used driverless,6
exhibit behaviour characteristic overtrust,6
knowledge human systems interfacing integration,6
interactions increase complexity machines,6
level cognition accounts,6
comparative advantage human beings,6
normal aggressive crosswalk type,6
control systems pilot control,6
study manipulated factors av driving,6
driving behavior traffic signal presence,6
pedestrians acceptance,6
vehicles avs depends,6
lack ability understand context nuance,6
driving performance following emergency,6
impact dynamically communicating uncertainties,6
driving simulator study used,6
simulated driving driving performance,6
protective effects promoting attentive driving,6
low fwss,6
drivers social,6
design aspects determining control,6
control control authority shift human,6
benefits improving,6
robust automotive,6
previous findings loss driving,6
hrd loop means addressing,6
insufficient safety driving,6
driving time enhancing career,6
autonomous driving,6
future mobility needs,6
cornerstone automotive industry strategy,6
research discovered shape design interaction,6
vehicle technologies impact future mobility,6
autonomous cars ages,6
technological guidance connected autonomous vehicle,6
field unmanned driving proposed people,6
multilevel analysis results suggest uncertainty,6
based simulator 48 drivers drove,6
cruise control acc,6
auditory interface,6
continuous feedback relied,6
inherent difficulties designing effective human,6
vehicle motion,6
mixed design,6
anova used,6
users signals sent vehicle,6
smooth road communication coordination,6
employ reinforcement learning,6
vehicle automation lead,6
systems lack,6
interface hmi kind,6
understand failure,6
similar challenges drivers supplanted machines,6
created need new infrastructure vehicle,6
automobiles introduced early,6
factors modality policy explanation shown,6
communication unsafe interactions drivers,6
road users generated resistance,6
autonomous able make,6
complexity generally depends firm,6
representational complexity function environment,6
sequential systems,6
leading cognitive research,6
uncertainty human,6
integration existing urban mobility,6
explored pedestrians understanding fully autonomous,6
stop influences pedestrians decision cross,6
employs stage design surveying business,6
augmentation acted competing,6
level vehicles widespread,6
conditional driving,6
vehicle emergency pay,6
feedback vehicle,6
driver needs,6
factors influence drivers,6
considered section include autonomous technology,6
challenge standard operating,6
vehicles avs bring huge,6
promotion application autonomous vehicles,6
standard operating procedure opening gaps,6
increasingly interactive autonomous sociable mechanisms,6
robots hospitality tourism,6
robot automobile distributed big data,6
erase human error prone inefficient,6
ad type,6
autonomous vehicles,6
cognitive science model,6
road crossing scenes single,6
xai developers future work policy,6
hfs autonomous driving technology,6
group design implemented,6
adoption ai industry,6
avs human driven vehicles hvs,6
avs sharing roads,6
focused improving safety reliability autonomous,6
autonomous driving crucial consider collaboration,6
driving habits intervehicle interactions,6
unsignalized intersections human drivers,6
decision making based reinforcement learning,6
jhm sensitivity,6
calculation conflict involved svo unsignalized,6
technology hot topic psychology hci,6
autonomous technology hot,6
responsibility character traits make,6
prior approaching human,6
making skills sought,6
significantly improving living standards,6
displays increasingly automated vehicles,6
interface performed best,6
failures improved understanding,6
intervehicle interactions conventional motion state,6
developing systems requires defining,6
depends weighting,6
systems safe effective industry,6
driving new,6
driving technology considering factors influence,6
interactions human driver autonomous,6
components self driving cars,6
hrm contribute variability,6
consequently accidents autonomous driving level,6
expectation confirmation model,6
guidance designing interventions aimed improving,6
square structural equation modelling pls,6
vehicles avs level,6
machine control loop complacent reliant,6
diffident faced outputs reliable autonomous,6
control problem understood tendency,6
idea misuse disuse,6
benefit participants provided,6
feedback expected increase,6
disuse lss insufficiently,6
support systems understandable humans,6
sensitivity lss human provided feedback,6
higher sensitivity hss lower sensitivity,6
signal detection task supported,6
aspect human resource,6
advice seeking compliance guided stereotypical,6
skill understand best utilize efficiently,6
interventions perform,6
strongly prefer human intervention,6
design thinking generation activity theory,6
perspective cognitive,6
technology attributes,6
human capital,6
technology attributes,6
unknown growing smart car,6
car market,6
human resource management hrm leaders,6
drivers performance terms cognitive,6
discussions extended minds philosophy examine,6
mitigation strategies recommendations introduced,6
hrm managerial,6
nihs rational opportunistic,6
control human,6
cognition theory,6
data analysis,6
drivers experience rti number,6
rate successful intervention car,6
conducted driving simulator 100,6
real time coordination dynamic,6
driving environment mental,6
guiding modeling annotation cognitive activities,6
human resource management posit organizations,6
perceiving flawed,6
adaptive expectation,6
questions drivers lead managers,6
unpredictable ways precludes certainty,6
driver algorithm,6
recalibrate air combat virtual,6
assistants onboard advanced fighter aircraft,6
agile hcd,6
prodec supports hsi improving,6
algorithmic control expanding,6
autonomous machines developing using prodec,6
human systems integration hsi,6
adoption artificial intelligence ai,6
management hrm,6
hotels categorized plutchik wheel emotions,6
driver innovation diffusion process,6
mind brain,6
human resource,6
control conducted,6
human capital resources blurs predicted,6
failure competence vsas moderate,6
competence unpredictability,6
limitations sls conditional driving,6
driving automation society automotive engineers,6
speed interface,6
vehicle speed continued,6
movement pattern,6
interview vehicle,6
av external interface did change,6
uncontrolled intersections,6
interfaces field,6
enhance understanding use external interfaces,6
pedestrians interaction,6
brand personality,6
automated vehicles avs,6
sem methodology,6
model based reasoning,6
decision support systems dsss provide,6
vessels remote,6
explainable artificial intelligence,6
autonomous surface vehicles,6
xai autonomous,6
exclusive licence,6
inclusive mobility,6
gender citizens different experiences,6
complexity high,6
suggest human intervention preferred,6
point view engineering education powerful,6
systems human role conceptualized,6
view driving,6
levels driving control,6
vehicle automation,6
operationalizing technical systems,6
lowest effort drivers regardless,6
human centric systems,6
examine conducted mixed design,6
reimagining purposefully designing organizations,6
drivers age groups terms trust,6
cognitive ability age groups clear,6
drivers cognitive,6
increase drivers,6
uncertainty avs decision making action,6
automated vehicles,6
potential benefit,6
trust autonomous cars,6
transportation medical care resulting broader,6
imagine receiving medical,6
healthcare including rapid effective treatment,6
provide benefits healthcare,6
intervene transition,6
background variety,6
variety approaches applying,6
hri scenarios,6
characterize human theory mind,6
learning reinforcement learning,6
fortunately computational cognitive,6
designing autonomous,6
systems interact humans,6
systems increasingly adopted various,6
things car intelligent devices robots,6
compatibility complexity,6
mixed design usefulness high vs,6
science control,6
beneficial opportunities exploited psychological,6
purposean ai,6
preferred pilots strong,6
pilot trajectory decision making 16,6
display provides discrete trajectory,6
helicopter navigation,6
reviews history xai ai,6
ceding control decision making transparent,6
dorsal medial prefrontal cortex activation,6
brain regions sensitive changes agent,6
adapted version,6
factor current air traffic,6
design adaptive,6
control environment novel triggering mechanism,6
generally expensive,6
augmentation remains,6
autonomous vehicles avs affect human,6
extent cybersecurity attacks autonomous vehicles,6
partial squares pls step model,6
method driving,6
simulator experiment,6
experienced drives,6
properly operating vehicle multiple incidences,6
attack drive prevented,6
vehicle vulnerability,6
scenarios gender understanding,6
study applied building driver,6
high scenario ai used weaponry,6
personality traits,6
hci human machine interface,6
intelligent cockpit,6
vehicle intelligent systems based,6
evaluation framework vehicle llms,6
personas different vehicle,6
manual control,6
brain data,6
experience feedback weak signals,6
dynamics hybrid,6
dominates cognitive research application,6
mobi designed demonstrate efficacy,6
driving power dependence power,6
variables based driving,6
robot travel information,6
robot travel information,6
services compared airline services,6
complexity machine,6
microloan company conduct stage field,6
reasoning propose,6
termed robot cognitive,6
processing systematic thinking tailored,6
human evaluators add extra,6
control variables firm age,6
second order variable aic,6
rethinking turn shrinks gender gaps,6
observational field,6
making cognition understanding,6
aspects designed cognitive architecture trustworthy,6
cognitive models humans theory mind,6
help provided cognitive,6
dual process theories reasoning,6
variables shape adoption,6
hv uv,6
design human,6
unit cognition,6
explainability performance ai,6
systems difficult,6
design systems,6
different framings,6
source human oriented,6
baseline periods drive driving,6
car positive impact trust,6
general decline genders,6
participants accepting male,6
acceptance making cars,6
autonomous vehicles,6
vehicles represent significant,6
critical technology driving,6
theory approach avoidance systems theory,6
01 execution,6
active mode concordant mimicry programmed,6
operations needs identify methods parallelize,6
recognition skills predictedto,6
concerning problem quality measurement human,6
theories build stimulus,6
spectroscopy fnirs lightweight,6
suggest mitigation,6
signals beneficial learn,6
43 drivers tutorial human reliability,6
cognitive architecture relevant,6
model hypothesized basis act,6
vehicle consideration effects trust,6
automated vehicles traffic safety,6
controllability functions automated vehicles,6
exclusive licence,6
architecture carried using dempster,6
capability perceive personality traits human,6
amid unprecedented population road safety,6
driving related tasks,6
vehicles avs potential transform infrastructure,6
complexity surroundings like humans,6
navigation simulation,6
minefield navigation,6
driving ad factors,6
simulation commercial video,6
successful deployment avs nz,6
interaction hmi events happening real,6
inspired designs form cornerstone memetic,6
manipulated type,6
autonomous vehicles,6
driving sprints conducted low medium,6
simulator samples condition voluntary,6
automated vehicles avs depend,6
learning drl directly acquire driving,6
driver deliberation,6
reasoning path,6
new method involves cognitive,6
virtual driver,6
driving environment indicate method semantically,6
processing group group received ranking,6
advantage enables task,6
risks uncertainties,6
condition voluntary non driving,6
important note ai investments,6
dimensionality reduction anomaly detection,6
related cognitive processing,6
deviations expected anomalies,6
systems fundamentally different,6
sem examine validate,6
analysis using pls,6
millions drivers choices,6
governance autonomous vehicles,6
person state mind fundamental,6
aviation little known implementation automation,6
hmi legal readiness,6
identification framework hmi aderif deployment,6
driving events relationship identification,6
aversion swiss hrm,6
hrm departments algorithmic,6
development involves autonomous driving,6
directly interact programmed reactions vehicle,6
hr employees private,6
saccade planning,6
visuomotor steering task,6
car driving,6
complex navigation,6
autonomous driving actions human operator,6
ranging observational field studies experimental,6
minimize reluctance hr professionals considering,6
increasing complexity digital age optimization,6
control technological systems,6
systems human,6
undertrust detrimental performance,6
benefits b2c b2b,6
potential provide significant benefits generally,6
systems research center university,6
crowds settings,6
considering implementation type tool,6
gaze directed road centre,6
driving simulator propose novel way,6
eci interactive method directly,6
traffic lane motorway,6
study suv bmw,6
extension technique vehicle behavior model,6
iml techniques incorporate user feedback,6
cognition data scarcity,6
control unmanned vehicle,6
vehicle area search behaviors,6
cognitive science psychology,6
autonomously superhuman,6
naval bridge resource management,6
differences electronic navigation competencies,6
simulation exercises assessing competency,6
maritime training,6
simulations international,6
experience integrating feedback training loop,6
flying conditions significantly correlate altitude,6
shows application explainable ai xai,6
makes possible study human capabilities,6
pilot selection,6
interface design,6
dwell time eci,6
driven methods deep reinforcement,6
driving policies,6
making autonomous driving,6
heighten driver comfort increase traffic,6
basis emerging crash avoidance technologies,6
modeling financial ai,6
cognitive processes predicting performance,6
cognitive architecture known,6
vcos aspect critical different actors,6
perceptual thought common,6
driving scenarios showcasing,6
underscores model potential improving driver,6
integration brain computer interfaces,6
avoidance technologies future autonomous driving,6
mental ability,6
corrective feedback humans provide expressions,6
neuroscience improving design human centered,6
key driver,6
driver societal,6
feedback necessary,6
cognitive neuroscience active inference suggests,6
based cognitive,6
sensory exchange extended motor,6
evaluated extract design implications human,6
disparities particularly urban,6
using act adaptive control thought,6
affect driver behavior safety,6
driving sae level requires,6
analyzed ways drivers years,6
determine possible confusions reasoning driver,6
systems lane keeping assist lka,6
predictive accuracy resulted opaque black,6
automated cruise control acc,6
xai systems make outcomes,6
control identification discovery parameters,6
shared control,6
lack rigorous evaluations user,6
manipulating human thoughts,6
design future research,6
reputation largely neglected temporary,6
check feeding successful,6
experiment realized video environment,6
using example pet feeding robot,6
factors overtrust,6
management domains,6
feedback disclosed harming,6
thinking techniques strategic,6
integration design thinking techniques,6
vehicle automated,6
axes types,6
human systems inclusion considers,6
types content,6
complex work,6
advisors explained perceived competence,6
preference observed male,6
systems does analyse communication control,6
adoption implementation ai,6
hr managers working leading,6
ended questions conducted senior hr,6
basis designing systems improve human,6
introduce autonomous driving,6
car owners familiar driving conditions,6
control framework jcf simple,6
intelligent vehicles,6
users cognitive behavioral,6
modeling sem,6
vehicle factor pedestrian distracted using,6
crossing pedestrian intention visualized correctly,6
rides driver,6
city scenarios crossing,6
automated driving,6
safety particularly vulnerable road users,6
driver promoting trust worth,6
groups prepared felt justify,6
enables consumers evaluate personality characteristics,6
analysis joint control,6
machine interaction hmi score notation,6
failure recovery,6
assist cognitive tasks production,6
navigation context,6
interaction hmi task difficulty important,6
cognitive research,6
human machine interface simultaneously,6
separately implicit lateral vehicle movement,6
different levels based sagat sa,6
bottlenecks double parked vehicles,6
road users highly comprehensible,6
driving behavior,6
automated vehicles,6
conceptualization cognitive revolution,6
capable cognitive,6
robots tourism,6
human cognition fails,6
duty derived,6
perceived competence satisfaction,6
procedure unmanned traffic,6
traffic control tower simulator work,6
episode air traffic control,6
critical flaws rely computer,6
control systems,6
