phrase,cluster_label
participants completed range scales,0
duty derived,0
explainability problem,0
lack transparency,0
combat theory principles operational success,0
neuroscience theory supply demand,0
machine interaction hmi score notation,0
process mapping pm,0
optimise various aspects operations workplace,0
joint socio technical systems,0
process control temporal developments,0
approaches centered western values perceptions,0
automated agents,0
autonomous automated manual control,0
simulation model quantifies predicts workers,0
difficult interpret,0
systems dynamics approach management,0
transparency reduced uncertainty enhanced,0
research endeavour contributes advancing,0
machine interfaces ehmis,0
explanations task,0
fake news,0
avs equipped novel external human,0
episodes interaction human operators,0
religious workers journalists representative sample,0
participants 20 countries total 10,0
paper try argument limitations human,0
strategic inquiry,0
design methodology approach thematic,0
technologies grasping,0
advantages obstacles essential industry,0
privacy concerns,0
evolution technologies,0
robots facial emotion recognition,0
culinary practices advocating,0
francis group,0
uk limited,0
field study supported,0
testing conducted,0
based research model designed,0
issue providing important insights automation,0
leads employee voicing,0
theoretical practical,0
informatics university,0
university leipzig,0
2020 institute,0
interdisciplinary stance integrates insights tourism,0
findings elaborated,0
developing interpretive,0
psychological model individual level,0
rule transparency,0
studies demonstrated,0
studies demonstrated ehmis,0
attention paid,0
practitioners overarching,0
guidelines practitioners,0
future research,0
interactivity framework,0
953 responses,0
scenario based experiment,0
intervene world engage directed experimentation,0
implications argument understanding origins novelty,0
interaction roles robots play home,0
cognitive models potential,0
2020 taylor,0
francis group,0
derive benefits,0
groups prepared felt justify,0
using size fits model,0
measured participants resource sharing,0
modeling individual,0
40 participants asked coordinate ai,0
agent resource management task,0
designing effective risk mitigation interventions,0
adverse biases people interacting automated,0
automated technology unclear effects observed,0
hypotheses tested,0
data belief asymmetries,0
automation artificial intelligence,0
problems decades old analogy,0
generate genuine novelty new knowledge,0
empirical findings reveal anticipatory,0
effective communicating av intent yield,0
following failure,0
propose ethnographic approach iterative,0
speculative scenarios demonstrate study,0
change aspects lives including,0
foresights based users,0
artificial intelligence,0
knowledge people past,0
ad research commonly undertaken,0
undergo automation near future calling,0
identity security occupations provided,0
lives significant impact privacy,0
raising issues algorithmic transparency human,0
process critically reflecting,0
results indicated,0
study hypotheses,0
tested sophisticated,0
copyright 2021,0
li gupta,0
2021 li,0
francis group,0
taylor francis,0
prediction different human theory,0
online shopping provides insights,0
language using survey,0
vital urgent examine,0
suitability tam,0
evaluated extract design implications human,0
observed general,0
axes types,0
types content,0
assistance human operator,0
critical process enables effective teams,0
artificial agents aas,0
francis group,0
tools effective members human agent,0
taylor francis,0
complex work,0
insight potential safety,0
test commercially available,0
commercially available companion,0
structural equation modelling,0
noticeably relationship quality significant,0
systematic scholarly,0
future production management systems,0
interdisciplinary supported,0
technologies hrm domain attracted significant,0
slr bibliometrics analysis conducted identify,0
knowledge work require,0
data performed using structural,0
systematic literature review,0
copyright 2021,0
qualitative methods,0
eye metrics quantify,0
based gaze,0
crane operations presented validate,0
survey involving,0
miller salomon,0
2021 schoeller,0
copyright 2021,0
model perceived usefulness perceived ease,0
neuroscience improving design human centered,0
theoretical practical,0
use robots needed prevent,0
model assessment reveals professional status,0
expectancy largest effect size,0
francis group,0
published license,0
taylor francis,0
spanish university,0
survey answered workers public,0
semistructured survey,0
perceived usefulness pu perceived,0
human robot,0
performed analysis,0
infer causes robot,0
2021 human,0
using structural,0
tools techniques hr functions,0
2021 sankaran,0
combined approach rated highly comprehensible,0
automation mundane,0
furthermore av triggered communication based,0
reaction time,0
human machine interface simultaneously,0
assisted surgery,0
regarding scenario aim answer av,0
investigates encounter av simultaneously oncoming,0
seven dimensions study,0
automation different domains,0
convey av intention,0
gardening paperwork,0
study 57 provides deeper insights,0
insights effects,0
effects automation,0
cleaner robot user perceptions device,0
approach experimentation,0
research organization,0
agency higher robot competence,0
vacuum cleaner robot experimental laboratory,0
responsible design,0
type society wish promote automation,0
data 343 customers southern region,0
regarding implementations professional,0
analytics robotics leading,0
users private lives professional ones,0
developed test research,0
aarts markopoulos,0
copyright 2021,0
extracting novel insights adoption,0
robots awareness,0
social agents autonomously,0
adaptive norm aware autonomous decision,0
providing users explanations application certain,0
fiction based survey 328 participants,0
hri using nao robot scenarios,0
people increasingly concerned,0
behaviors society relatively small data,0
release source code,0
set challenges information systems,0
artificial intelligence,0
regarding adoption ai based,0
present educational,0
result present,0
exploratory case study different german,0
manufacturers credit work valuable threefold,0
announcement phase,0
substantiates knowledge theory pre announcement,0
constituted final sample,0
respondents randomly allocated scenarios,0
approach experimental scenario,0
increasingly embracing,0
conducted sample 428 employees,0
research gap,0
iml early,0
conflict detection skill,0
conflict judging relative arrival time,0
supervised automation partially,0
intervention explained manual conflict,0
iml techniques incorporate user feedback,0
interaction user,0
typically lacks,0
conducting online surveys truck,0
technology digital,0
operations management discourse concerned studying,0
far reaching implications,0
resource development hrd enables supports,0
supports learning processes employees,0
teachers lecturers hrd professionals play,0
evidence process,0
arslan involves capturing analyzing eye,0
novice expert outlined discussed,0
quantitative empirical,0
performed study crane,0
concept davenport,0
core idea augmentation,0
ocular parameters significantly different different,0
copyright 2020,0
professionals pursue strategies step,0
2020 human,0
work psychology neuroscience economics,0
manipulated type,0
333 workers compared participants reactions,0
folk psychology function desires beliefs,0
difficulty aligning agi systems language,0
think robots,0
half respondents think,0
exploratory study develops dik applies,0
second classic dik pyramid data,0
concepts knowledge,0
tackles requirements revising concepts,0
information data increasingly,0
processed human robot,0
practical implications,0
directions future,0
reveal agent,0
movements neural recordings contain,0
critical information,0
current approaches multiagent,0
results human managers want exclude,0
conducted empirical,0
studies total,0
total 1025,0
emerge noisy accumulation evidence,0
inclusion evidence accumulation framework training,0
disciplinary vs,0
goal orientation,0
covariance based structural equation,0
march 2023,0
workshop march,0
perspectives offer comprehensive understanding,0
human knowledge decreases,0
integrates diverse disciplinary,0
understanding process,0
multi method study consisting analytical,0
centric design task automation,0
effect ascription warmth,0
evolving digital,0
transformed information systems business,0
shifts characterized automation,0
discussion held,0
held annual,0
march 2023,0
workshop march,0
perspectives offer comprehensive understanding,0
integrates diverse disciplinary,0
increasing autonomization,0
understanding process,0
years characterized,0
public policy,0
centric design task automation,0
held annual,0
330 german,0
discussion held,0
shifts characterized automation,0
impact cognitive attitudes digitalization,0
interface design,0
application value future,0
results exemplary,0
eci interactive method directly,0
beliefs important predictor,0
general digital competence,0
process biasing optic flow stimulus,0
stimuli larger number tested,0
mechanism schema activation allow,0
issue eye tracking,0
systems facilitating human learning,0
agents employ maximum entropy inverse,0
computational models understand people incorporate,0
term strategic success aiding skill,0
benefits b2c b2b,0
benefits generally accepted practitioners scholars,0
transformed information systems business,0
potential provide significant benefits generally,0
commons attribution cc license permits,0
systems research center university,0
published management,0
interventions perform,0
suggest mitigation,0
human operators,0
mentoring measured,0
debate focuses disclosing nonhuman,0
management published wiley periodicals llc,0
automation interaction hai operations,0
operators achieve expert,0
measure extent eye movements,0
complex systems demand substantial,0
information preregistered experiment participants viewed,0
juries examine courtroom evidence infer,0
information search atypical,0
expertise instrumental resource,0
specifically hypothesize extent prechoice information,0
deviations expected anomalies,0
analysis hai operator,0
comprehensive portrayal operator performance facilitating,0
content proposed,0
strategy game,0
hmms fewer hidden states compared,0
systems fundamentally different,0
aligns prior research,0
emphasis initial setup aspects gameplay,0
francis group,0
published license,0
taylor francis,0
tools sociotechnical effect human,0
contribution empirical study fading,0
future directions,0
support influencing factors previously identified,0
study focuses human,0
attempt existing,0
workplace critical far studies,0
multidisciplinary research,0
weight theoretical proposals previous,0
2021 lanzer,0
stoll colley,0
copyright 2021,0
literature point empirically unexplored,0
visualized participants perceived situation critical,0
resources tangible intangible human,0
approach pls,0
used stage approach,0
moving rbt theory forward,0
effects automation managers job,0
efficiency emerging area automation management,0
llc springer nature,0
applicants automated support systembeforeparticipants processed,0
processing group group received ranking,0
experiment participants 122,0
idea evaluation,0
shown lay,0
research shown,0
information processing decision making automation,0
workers despite lacking expert knowledge,0
human oriented communication,0
conclude research,0
augmented decision making,0
rust 2018,0
2019 huang,0
theory belief estimation,0
shafer theory,0
capability perceive personality traits human,0
antecedents cognitive,0
society maximize acceptability reliability artificial,0
population british columbia,0
agent interaction artificial,0
participants rate video clips pedestrian,0
experiments minefield,0
additional time,0
effective knowledge transmission,0
control method meme expression enhancing,0
85 population,0
expression enhancing agents perception value,0
develop intelligent humanlike autonomous agents,0
multi agent systems,0
inspired designs form cornerstone memetic,0
memetic automaton,0
agent memes defined building blocks,0
perceived organizational support,0
humans technology online service,0
2021a 2021b 2022b,0
agenda stimulate future,0
driver characteristics structural equation model,0
leveraging influential concepts management human,0
transform strategic decisions,0
noor siegel,0
copyright 2021,0
2021 kassens,0
role financial engineers improving,0
ai finance significantly reshaped,0
technologies fear job displacement automation,0
respondents evenly,0
campus prefer avai learn owners,0
thematic analysis examine,0
recurring patterns themes,0
themes meanings data allowing,0
themes include perception job security,0
avs perception,0
belief evolving individual,0
integration finance shedding light,0
society research,0
2024 society,0
research higher,0
complex multidimensional,0
focused alternative considering integration artificial,0
artificial intelligence,0
approach paper reviews,0
discourse topic,0
human error,0
according literature,0
review revealed automation,0
research model,0
dilemma explicit commands disturb natural,0
used test,0
study explores dilemma discusses,0
ca financial,0
digital orientation digital innovation,0
envisioned ca blends,0
encounter command based interactions,0
previous literature,0
participant interviews suggest highest experience,0
subjects experiment corporate,0
corporate information technology support,0
exclusive licence,0
author exclusive,0
verlag london,0
errors humans,0
complement algorithmic,0
perspectives domain experience helps,0
research agenda proposed basis conceptual,0
research concerning important phenomenon,0
tackled future research,0
digital dementia,0
experiment 580,0
ca designers face dilemma,0
oriented vs,0
context information,0
based implicit,0
method participants assigned conditions,0
expertise judgment social interpersonal issues,0
health learning,0
conflict event auto rbl vs,0
arslan cary cooper zaheer,0
golgeci imran ali,0
engagement time auto rbl manual,0
value paper studies general,0
gaming literature,0
robots visible,0
conceptual review extant,0
organisations face close interaction artificial,0
human resource management hrm leaders,0
accurate incomplete information,0
normative guidance extended,0
interactions representable agents social space,0
input improves,0
cues agent applications norms concrete,0
real contexts human robot interaction,0
cas forming especially,0
robots based explicit norm,0
particularly related automation processes,0
nihs rational opportunistic,0
digital era negative consequences,0
checking tool rbl support automation,0
design conducted,0
pivotal force modern business transformation,0
just operational,0
encompasses just,0
frontline enhance efficiency failures common,0
efforts address automation effects,0
users attribution responsibility service failures,0
39 exploratory interviews develop research,0
methodology approach work,0
experimental studies evaluated type,0
took action explanation,0
explanation request permission,0
experiment 40 participants,0
examine conducted mixed design,0
failure type failure,0
providing explanations approach facilitating av,0
nuances applications,0
online grocery shopping ogs using,0
helped build model,0
major barrier,0
study conducted,0
avs potential,0
potential benefit,0
taylor francis,0
francis group,0
paper ask holistic,0
relationship oriented subjects,0
role conceptualized commander,0
education business public health,0
psychologically agents terms self,0
research agenda proposed basis conceptual,0
research concerning important phenomenon,0
business journals according review,0
tackled future research,0
digital dementia,0
future research directions,0
principal research,0
autonomous artificial agents antithetical concept,0
right wrong reasons robots,0
uncanny sense,0
psychologically agents terms self,0
negative beliefs worldviews agents,0
improve human automation,0
100 people experience automated,0
sl concept rti typical,0
concepts knowledge examined levels,0
method ninety undergraduates used submarine,0
scene related sl determined knowledge,0
camera eye,0
contextually useful information,0
aims reveal knowledge influences driver,0
explanation based knowledge limitations,0
hallucination biases training data jailbreaks,0
interviews helped,0
providing voluntary checking tool,0
degree automation,0
human robot interaction human experiment,0
approach authors conducted exploratory,0
share robot control,0
2024 copyright held owner,0
recommendations regarding disciplinary,0
human resource,0
artificial intelligence,0
organizations increasing opacity,0
banking apps structured,0
291 respondents users digital banking,0
apps turn increases perceived usefulness,0
human capital resources blurs predicted,0
generational shift,0
shift demand digital,0
human resource management posit organizations,0
scope study suggesting demographic,0
objectivity transparency worker related decision,0
limitations implications specificity indian,0
broadened future ai related banking,0
domains advances programming algorithms,0
traditionally considered canonical violations,0
economic rationality,0
reconnaissance task,0
decision support systems broader expected,0
context dependence integral,0
paper people accept recommendations provoke,0
value authors paper,0
developed used associated metrics evaluation,0
scenario based design,0
design development time sociotechnical,0
design human loop simulation,0
tested proposed model using,0
prodec supports hsi improving,0
iaaam saudi arabia,0
human operators increasingly,0
test model study employed,0
uncanny valley theory,0
discussed scope,0
contributions discussed,0
implications developers,0
research gap combining,0
robots supposed,0
robots increasingly present,0
finish discussion mind,0
offer great,0
great value,0
people lack knowledge interact,0
wooldridge book account,0
conformism discuss,0
interfaces designs support non dyadic,0
explores efficacy natural language interfaces,0
automation induced complacency,0
growing interdisciplinary narrative asserts,0
adaptive behavior,0
345 demonstrate strong ci systems,0
scenario based experiments financial,0
outcomes parasocial interactions smart shopping,0
particularly transparency process control,0
perceived security,0
systems practitioners benefit blueprint,0
validating research model,0
human stylists dhs,0
data 357 respondents 39,0
approach collecting data,0
survey based,0
assess human robot interaction,0
000 online reviews,0
text analytics deployed alongside penalty,0
outcomes parasocial interactions smart shopping,0
robots constitute excitement,0
perceived security,0
transition automated,0
policymakers urged proactively,0
automated service,0
validating research model,0
conflict detection automation,0
manual performance automation fails,0
financial services employees 309 hr,0
human operator simultaneously increasing,0
hr professionals 345 demonstrate strong,0
produce services,0
context computational,0
machine automation systems involve integration,0
automated agents goal,0
helps interpret represent world,0
computational principles lead good,0
consumers developing economy india tested,0
primary data collected consumers,0
shopping leads repurchase,0
online shopping,0
anomalous context,0
world change,0
data bangladeshi consumers,0
collected using purposive,0
data collected using,0
internal consistency,0
reliability validity,0
conversion resulted high online activities,0
questions bring multiple academic communities,0
used determine constructs internal,0
research model hypotheses,0
issues adopting stringent ai,0
information discussed article,0
represented interdisciplinary,0
computer science law economics,0
evolving digital,0
practical implications,0
finally discuss,0
agents icsas widely used automated,0
making effective strategy,0
safari trip leaving beloved cat,0
cat home making use,0
warmth perceived competence,0
robots form important basis countermeasures,0
problem especially,0
presents problem,0
paper provides,0
analysis aspects,0
human robot,0
strategic management journal published,0
journal published john,0
john wiley sons,0
advancements limitations methods,0
summarize methodological,0
methods human,0
current state art model,0
art model,0
accuracy consistency analyses information collected,0
analyses information collected relevance feedback,0
theory practice public,0
public policies,0
check feeding successful,0
theoretical practical,0
resulting cat death,0
positivism instant rewards inappropriate,0
sequential steps,0
signal based scenarios,0
incorporate qualitative,0
interview data ai,0
optimizing digital market,0
412 validated responses service industry,0
platforms financial,0
evidence shows public opinions,0
avs vary,0
survey australia,0
use attitude data privacy willingness,0
based method comprises main steps,0
exposed automation technology likely main,0
method adapts triplet competence,0
systems published john wiley,0
method discover possible conflicts,0
sons behalf institution engineering technology,0
using intelligent recommendation,0
theories information ecology psychological resistance,0
activate perceived shopping convenience,0
model study,0
design future research,0
reveal algorithmic transparency perceived,0
consecutive days resulting cat,0
make credible regarding results,0
using data field experiment,0
implications findings,0
canadian organizations answered,0
perceived usefulness,0
automation controlled automation,0
empirically verify newly developed theoretical,0
theoretical model,0
development human robot communication laws,0
empirical findings foundations theoretical framework,0
robots inevitably,0
claim depends,0
attribute nonhuman agents,0
australian philosopher raimond gaita argue,0
dilemmas problems particular,0
lead management,0
age partial,0
taxonomy use,0
use explained,0
explained limitations,0
avenues research,0
levels automation developed existing approaches,0
aspects carefully evaluated,0
use 45,0
implications followed future research,0
automation control mechanisms,0
using path,0
test empirically,0
analyzed using,0
contribution theoretical model explains human,0
data analytics increase quality,0
people irresistibly believe,0
paper questions view critiquing,0
marocco tricol,0
2021 talamo,0
copyright 2021,0
arguments used support,0
briefly discusses potential implications regarding,0
popular myth,0
integration design thinking techniques,0
387 va users usa,0
usa using survey administered,0
modeling financial ai,0
survey administered amazon mturk,0
cleaning retained final 318,0
vcos aspect critical different actors,0
venture capitalist,0
based solutions financial brain aims,0
data cleaning,0
publicized examples creative works prose,0
error potentially devastating consequences,0
achievement contradict conclusion,0
interdisciplinary knowledge ai,0
collected data,0
discuss theoretical,0
regarding results experimental,0
2024 taylor,0
address gap provide insights,0
aim research study address,0
study uses self,0
modeling technique 372 respondents,0
relationship management,0
crm strategic,0
new interactive robot,0
huge volume data,0
published oxford,0
ai recommending news,0
data human intervention,0
implications findings,0
discuss theoretical,0
suggest human intervention preferred,0
information quality fit,0
potential facilitating strategic decision making,0
participants human agents,0
contrary preregistered hypotheses participants human,0
structured interviews cognitive absorption,0
experts middle level management,0
societal challenges underexplored,0
study attempted,0
communication av,0
provide insights area,0
2024 international,0
robot utilizes artificial,0
vocational education,0
human agents,0
study analyzing 372 responses users,0
value similarity model proposed perceived,0
automation systems,0
interaction quality credibility,0
2020 taylor,0
francis group,0
medical examination,0
scenario method,0
17 trials,0
operators participated study,0
healthcare including rapid effective treatment,0
highly automated,0
provide benefits healthcare,0
feelings uneasiness robots,0
measured study,0
process based,0
operators rated systems riskier showed,0
showed operators adapted automation,0
responses aircraft transparency,0
north american,0
dimensions examination compentents elaborated,0
2024 human,0
interviews human,0
experimental protocols,0
computer information,0
experimental interview,0
discusses theoretical practical,0
concluding section,0
using pls,0
tested using,0
enhances users sense agency positively,0
interfaces discussed considering users cognitive,0
presumes specific knowledge business process,0
francis group,0
2024 taylor,0
efforts expand agenda interpretability,0
research community efforts,0
method concept formation,0
processes analogy visualization mental simulation,0
study 410 participants,0
expert users approaches necessarily,0
asvs approach,0
include end user interactions,0
explainable artificial intelligence,0
developers needs model interpretation understandability,0
springer nature,0
2021 author,0
exclusive licence,0
francis group,0
policymakers educational,0
according post experimental,0
technology fit illustrated using empirical,0
concept person fit introduced,0
international association,0
time external,0
av external interface did change,0
panel mounted,0
oz method used experimenter,0
interfaces field,0
field studies uncontrolled,0
communicated types information including,0
information including intent av,0
eye combination text symbol speed,0
enhance understanding use external interfaces,0
traditional human driven model avs,0
levels automation influence,0
relationship effective use,0
automation negatively impact people,0
investigation develops theory desirability,0
robot users china conducted test,0
perceived enjoyment indicators private value,0
accounts users persons artifact,0
theory takes account actions,0
ground study moore public value,0
public value management examine relationship,0
use value creation citizen,0
classic concept task technology fit,0
systemic representation,0
value fail,0
succeed creating,0
online survey 281 investigated technological,0
lacking model,0
attribution based example based visual,0
explanations outperformed participants,0
2008 incorporates determinants information technology,0
explanations correct edibility assessments,0
experiment replicated,0
decision making results previous online,0
discuss findings,0
comparison consequently,0
paths proposed model,0
gio presents study investigated user,0
recommendations provided,0
institutions botswana,0
theoretical contributions,0
study discussed,0
education especially rural areas,0
infrastructure digital disparities developing countries,0
collecting data 518 participants,0
data analysed using,0
future research streams marketing,0
research questions forming agenda future,0
limitations future,0
path coefficients significant,0
resulted 60,0
use 38,0
underscores age specific preferences extreme,0
automation transitions factor specific scaling,0
robotic research develop advanced programs,0
programs solve problems reproduce mental,0
robot occupied significant position,0
communication strategies asvs pedestrian,0
given rise new issues society,0
messages containing intent asv actions,0
behavioral data performance,0
perceived value adopt customer engagement,0
multi attribute value theory integrate,0
summation rewards,0
architecture act adaptive control thought,0
modelling study based total 418,0
adaptation process automation,0
cognitive model simulates,0
automation time,0
asia pacific,0
understandable users improving interaction,0
provide support extension,0
usefulness 25,0
ease use,0
explained variance,0
analysis smartpls,0
consistency validity,0
magic utopian white magic,0
future research using,0
interacting sat level action,0
reliability rate human reliance,0
interdependency automation,0
examine dynamic,0
extend findings,0
necessary examine,0
reasoning projection hmi trusted,0
improved viewing hmi statistically,0
implications design automotive hmis,0
hmi implementation car,0
observed conditions regardless hmi features,0
management drivers managed algorithms task,0
tended hesitate making,0
according hmis,0
tend look hmi making,0
eye tracking,0
tracking data,0
data decision,0
measurements collected,0
human machine interfaces,0
hmi message background color,0
presentation modality,0
despite employing substantially platforms face,0
experimentally results contradicting,0
investigates age related distinctions,0
results contradicting confirm mediating,0
human machine interfaces,0
methods gain deeper,0
support states facilitate multiple,0
systems support,0
parametric goal oriented mission capable,0
global academic industrial spheres,0
required operator inputs,0
resource development,0
abstraction lhca,0
hrd scholars paid considerable,0
focusing required competencies hrd perspective,0
provide little insight,0
insight overall operation,0
automated elements make individual decisions,0
levels automation,0
roadmap cyber physical,0
uk limited,0
cognition analytic model based decision,0
human automation interaction,0
francis group,0
ads calibrate trust,0
automation transparency,0
necessary achieve,0
recommendations observed changes participants,0
experimentally reinvestigate,0
study contributes theoretical,0
implications arising findings,0
perceived ease use,0
conclude outlining research,0
benefits challenges,0
principles imt use design probe,0
subject matter experts creation,0
introduced concepts,0
characteristics imt iterative,0
human loop takes role teacher,0
experimentation introduced,0
rl agents pure text,0
unfortunately building models,0
code additional resources https,0
code additional,0
refer project,0
closed loop systems summary overview,0
additional resources,0
perceived warmth customer artificial,0
value chains,0
satisfaction willingness adopt ai,0
opportunities derive way digital,0
francis group,0
2024 taylor,0
support focuses technological factors,0
level technological expertise user,0
develop potential partner sensitive,0
designing systems aim promote suitable,0
jerome bruner studied socio,0
understanding added,0
moderators drs isabella seeber lena,0
fields impeding development cumulative knowledge,0
panel discussion moderators drs,0
position statements elaborated,0
unjustifiably optimistic,0
based autonomous agents,0
systems ecis use technology based,0
discuss implications decision makers,0
experimentally varied information subjects received,0
received transparency actually negative,0
systematic review vast interdisciplinary,0
tool text classification,0
data labor critical value,0
focusing rendering ai decisions transparent,0
evolution highlighting avenues future,0
future research trajectories,0
surpassing human experts,0
conclusion review conceptually,0
assistive technology featuring,0
enter learn contribute,0
robots parasitic deeply,0
social interactive agents concerns,0
areas believe,0
believe need better,0
challenge hindrance appraisals,0
francis group,0
perceived ease perceived usefulness,0
quality inspection,0
benefits team environment,0
transparency processes,0
francis group,0
standards implementation explored,0
2024 taylor,0
calibration effectively traditional transparency approach,0
demonstrated adaptively presenting tcc,0
changing scenarios,0
formal definition improper trust calibration,0
addition identify,0
approach capture,0
affecting relationship,0
poorly calibrated,0
characteristics affecting,0
dissent age constitute,0
age constitute important boundary conditions,0
insights mediator experimental manipulations,0
changing world impacting daily,0
mean effect size,0
smart pls software employed analysis,0
structural equation modelling,0
studies investigate,0
included messages support awareness,0
published license,0
scholarly community,0
ais senior scholars basket journals,0
1250 consumers data,0
taylor francis,0
ai context specific constructs perceived,0
models predict explain behavior terms,0
facing fully automated,0
developing testing cognitive,0
models come instantiated brain article,0
models assign posterior probabilities competing,0
key messages automation safety,0
specific metrics,0
context specific,0
general patterns,0
important constructs understanding,0
information technologies,0
design safer automated,0
maturity automation different,0
literature review,0
main aims introducing automation,0
eliminating human errors argued induce,0
13 assumptions,0
illustrate complexities,0
2019 human,0
information ats beneficial,0
common assessments trust qualitative studies,0
stefano bromuri,0
deniz iren visara,0
applied path comparison analyses compare,0
research agenda,0
responses collected experimental,0
502 valid responses,0
empirical analysis key,0
improvement ohc,0
ecm information success,0
expectation confirmation model,0
ai frontline services,0
francis group,0
guidance designing interventions aimed improving,0
2024 taylor,0
platforms suggest products media content,0
psr associated avs,0
personalized recommendations employed online,0
intention use avs,0
design systems,0
modeling analysis,0
information help make decisions,0
model confirmed structure,0
perceived ease use,0
different framings,0
hypothesized initial,0
source human oriented,0
additionally lays research,0
privacy risk ppr,0
advancing domain,0
literature review established fields,0
developing formal model firm performance,0
perceived usefulness ease use,0
question organizations literature firms,0
novelty seeking,0
research agenda address gaps,0
address gaps,0
understanding business value realisation,0
value based model intelligent,0
review provide,0
lack consensus regarding key findings,0
scholarly disciplines resulting lack,0
research contributions,0
strategic opportunity increase,0
key intellectual contributions,0
use term,0
explores landscape artificial intelligence,0
service work result advances artificial,0
recent technological development concerns automation,0
本研究旨在顯示在前線服務會議的情況下人工智能所扮演的角色 以便了解使用者如何接受人工智能科技化服務 研究的設計 方法 理念,0
keywords identify popular topics,0
technology weakens relationship role clarity,0
survey methods used,0
methodology approachthis article takes,0
article introduce concept,0
tested octoparse,0
explanations induced,0
agency recommendation process,0
human robot interaction hri model,0
weighting values,0
assumes use depends,0
enabling robots detect human,0
mobi designed demonstrate efficacy,0
gaze head pose action recognition,0
eye contact,0
operators fail,0
members introduced,0
new human,0
posed need manage information expanding,0
exert greater impact robot communication,0
expanding scales,0
studies propose diverse explanation methods,0
group design implemented,0
conformity communication,0
tackle issues present study specifically,0
asian microloan,0
human robot interaction,0
field experiment,0
microloan company conduct stage field,0
reality agent,0
human evaluators add extra,0
perceived privacy risks,0
users attribution,0
hv uv,0
intentions extends knowledge impact artificial,0
lead participants orient different recommendation,0
results revealed subtle wording,0
identify key principles,0
strategies address control problem promising,0
evaluating wine vacuum recommendations,0
communication design recommender systems,0
societal advancement impacting,0
point manifestation machine learning contexts,0
learning contexts received,0
china collected time,0
engineers studying human operators,0
recommendation systems,0
theoretical practical implications,0
future research,0
computer interaction hci user modelling,0
used 1438 responses collected,0
idea misuse disuse,0
beneficial overall performance,0
collected portuguese,0
make use,0
modeling used,0
use boosts purchase,0
disuse lss insufficiently,0
decision automation mitigated,0
set additional,0
hypotheses tested,0
web texts,0
assistive robots decide,0
fieldwork article argues emergence avs,0
society prompts rethinking multiple relationalities,0
based version non verbal turing,0
subjectivity socio economic legal,0
shaped information flows,0
surveilled data infrastructures shaped,0
avs promise,0
av crashes suggest human,0
investigated human,0
irony automation,0
automation observation,0
erase human error prone inefficient,0
agent commonplace task,0
despite large numeric shifts trust,0
includes robots exoskeletons augmented reality,0
action research cases formal,0
guidelines planning production,0
production work includes robots,0
psychomotor characteristics encompasses physiology,0
remains controversial,0
little analysis production literature,0
previous production literature uncertainty,0
hands free,0
agents sales,0
investigated human,0
shortsightedly focusing individual steps,0
li xia,0
2024 wenbo,0
warmth competence affect customer,0
purchase recommendation,0
lab field experiment 213 participants,0
complex deep neural,0
behavior selection module general,0
frontline changing,0
experiments evaluate proposed model,0
results intuitively visualized,0
essay concludes,0
progress concerns privacy violation discriminatory,0
standard operating procedure opening gaps,0
recent innovations robotics challenge,0
research identifying factors contribute,0
interpersonal human automation human,0
question concerning robots,0
ai trustworthiness foster adoption application,0
robots task performance interaction consumers,0
learning application changes robots,0
hands free,0
robots identified reviewing tam,0
based version non verbal turing,0
agents involved tended maxsum,0
spss 22,0
sales randomized field experiment,0
publishing company,0
suggest attacks avs significantly,0
exchange information develop common ground,0
communication just external lighting signals,0
automation kinematics communication just external,0
2024 human,0
hci models attracted attention scholars,0
personality traits,0
hci human machine interface,0
llms study selected psychological scales,0
makers future research agenda researchers,0
study represents novel attempt,0
research synthesizes insights evolutionary biology,0
pathways evidenced various,0
transparency widely reported,0
online platforms china,0
survey algorithm transparency improve service,0
uk limited,0
francis group,0
assumption does hold complex,0
usually better simpler ones,0
information technology advances prevalence,0
mixed design usefulness high vs,0
humanoid vs cartoon subjects designs,0
interpretable signals ambiguous situations,0
world scientific,0
foot positions,0
interface hmi kind,0
2020 world,0
study conducts factorial randomized,0
outcomes handled solely human agents,0
effect agents experience levels underlying,0
findings results,0
experimental group,0
use avs,0
subject design using,0
experiment conducted 40 participants randomly,0
audience mindlessly,0
anthropomorphic platforms,0
platforms promotion really,0
topics future research resulting,0
overview method required apparatus associated,0
techniques provided,0
wargaming scenario freeze probe queries,0
techniques identify prioritize information,0
knowledge elicitation wake method identify,0
augmented knowledge,0
operator decision making,0
incompatible rapid iterative,0
development models,0
methods rely experts prior experiences,0
inherent difficulties designing effective human,0
discussion set,0
additional issues,0
findings discussion,0
iaaam provides comprehensive model explaining,0
research model tested large,0
survey 269 uk business,0
gig platforms,0
data poses challenges,0
leading issues transparency,0
research explores,0
threshold transparency starts backfire leading,0
power human,0
trust calibration essential,0
remains unclear,0
unclear approaches,0
dissection concepts compared subjects experiment,0
grad cam attributions ii,0
attributions ii nearest neighbor,0
examples improved,0
items apparent,0
insights helps decision makers introduce,0
provides theoretical insights,0
convinced usefulness,0
results indicate important,0
structural equation model intrinsic motivation,0
theory planned,0
research model,0
research model based decomposed,0
participants structural equation,0
warmth voice,0
knowledge intensity ia ability complete,0
use tims tool requirements,0
requirements formulation prepare software agents,0
trust 2024,0
information technology,0
human robot,0
automation like surveys drastically limit,0
reliability subsequent impact human,0
group findings greater toronto hamilton,0
area gtha residents,0
collaborative robot reliable unreliable,0
qualitative performance subjective experiences monitored,0
eye tracking quantitative,0
measurements trust reveal,0
practical implications,0
2024 copyright held owner,0
implementing collaborative robots,0
alongside robots raises concerns employees,0
appraisal processes,0
experiment conducted experimental warehouse environment,0
using subject design participants,0
participants assigned pick 77 products,0
introduction perceived partner,0
design methodology approachan online survey,0
ias realize joint systems transactive,0
enterprise bots paper crucial,0
efficient automating,0
data driven methods digital,0
advance research human,0
greater concerns,0
english proofreading software,0
second group used drawing software,0
optimistic view current law,0
groups 18 19 people participated,0
experiments using different types,0
benefits korea,0
explainable artificial intelligence xai,0
failure event measured electrodermal,0
indicates relationship ai failure event,0
uninterrupted operation,0
evaluation ai recommendation,0
dermouche pelachaud,0
2021 biancardi,0
copyright 2021,0
vice versa,0
nonadaptive agent tended positively perceived,0
explanation comes,0
meaningful theoretical,0
studies sharing interacting scenario agent,0
francis group,0
various interdisciplinary pathways advance,0
explanations particularly effective revealed,0
social aspects human agent interactions,0
intelligent autonomous agents,0
systems organically embedded,0
procedures inform participants,0
reveals informing operators scenario provide,0
developing measurement,0
awareness measure developed study distinct,0
distinct workload related operator performance,0
clear evidence sart,0
index measure,0
tlx items involving introspection remained,0
factual scenario knowledge,0
theoretical assumptions investigated comparing operators,0
evidence measures theoretical assumptions investigated,0
operators ratings,0
probability observed,0
timing intervals,0
committee international confer ence applied,0
research engineering 2021,0
selection peer review responsibility,0
probability theory model types behaviors,0
tities data apply business,0
offers simplify content,0
content creation gather vast quan,0
robotics technologies,0
agents indispensable work environments,0
taylor francis,0
transactive memory systems,0
humanity themes crime conflict jobs,0
used illustrate model applied design,0
framework hi gai,0
study systematic literature review motivation,0
additionally results study provide,0
technical design assistance systems suitable,0
insights academic,0
data training testing,0
human operators,0
production widely,0
theory data,0
taylor francis,0
published license,0
francis group,0
game theory,0
linear models,0
using quota criteria age,0
german population,0
fechner law economics,0
psychological features weber fechner,0
economics evident tests simple linear,0
relying participants explanations interviews develop,0
learnable abstractions reasoning,0
person interviews 30,0
procedures theory selection model development,0
method study,0
information overload intuitive,0
predictive analytics grounded,0
economic value,0
firm business model,0
research model advanced based,0
distinct empirical studies,0
studies employ mixed,0
high user value realize data,0
queries equibiased,0
management complex systems rendered challenging,0
foresight holism capturing,0
holism capturing essence wicked problems,0
analysis intuition,0
styles employed descriptions intuition covered,0
advantages speed,0
timing manipulations relatively equibiased,0
considered critical,0
options timing response prompts,0
human machine interface developing,0
processes organizations employing quasi experimental,0
detailed traceability,0
process output node,0
control ownership ai technologies,0
research progresses,0
outcomes post intervention identify shifts,0
large chunks life,0
humanity issues relevant domain,0
empirically conducted,0
theory perspective investigate internet,0
valuethe primary contribution study enrich,0
production context build comprehensive view,0
state research,0
companies worldwide offer,0
review scientific literature published,0
sample articles contribute production specific,0
field behavioral economics deals,0
future research addresses open questions,0
better analyzed engineered,0
technologies information practice remain largely,0
research results individuals order,0
quantities pull center,0
order quantities,0
ias support humans,0
support systems context newsvendor,0
systems widespread supporting decide,0
intelligent agents,0
management knowledge controversial,0
future work hybrid,0
despite emerging contribution machine automation,0
information systems humans,0
machine automation artificial intelligence information,0
preservation critique design,0
implementation model products known,0
conducted mixed,0
approacha survey administered sample,0
operators appropriately trust,0
teams hats communication,0
hats different performance,0
better change automation autonomy,0
critical aspects hat performance,0
photographing targets,0
oz methodology used,0
hats human team members interact,0
halvey dubiel,0
2021 daronnat,0
copyright 2021,0
encountered different technological failures automation,0
strategy complexity different failures,0
took lab,0
based study,0
severe failures required,0
used interactive aiming task participants,0
conclusion hat,0
errors predictability agent,0
2024 human,0
performance agent key factor influencing,0
interaction prior experiences automated systems,0
automated systems quality,0
agent interacting,0
human operators perform,0
perceived value contribute substantially ai,0
input predicts agent,0
concerning adaptive agents investigated,0
study discusses,0
theoretical practical,0
communication association,0
published oxford,0
explanation generation,0
studies emphasize timing crucial factor,0
misunderstandings unnecessary,0
concerns privacy,0
filter resulted,0
introduce timelytale approach,0
life rating data set filter,0
sensor data context,0
estimated relevance,0
personalized user interfaces lead inequality,0
learning analysis identifies proprioceptive physiological,0
available https,0
dataset available,0
2024 copyright held owner,0
capture dynamic iterative properties bias,0
critical younger,0
applied human,0
data general,0
relied reliable labels,0
fit mediates,0
time increased likely additional,0
robot designed provide hedonic,0
assistants commonly forgiven committing errors,0
primary data includes 864,0
864 responses,0
hmis particularly older adults informing,0
responses gathered pool financial,0
human planner accept revise,0
conducted experimental studies understand,0
evidence overoptimism,0
decomposed guidance based,0
using salient,0
resources necessary achieve business benefits,0
details guidance,0
video recorded journeys hmi,0
research integrates concepts job demands,0
cav hmi integrated fully,0
designers gain deeper understanding underlying,0
future research explore dynamics different,0
contexts consider longitudinal designs,0
interfaces hmis undergoing major change,0
essential strategic,0
practitioners exploring ways incorporate,0
vocal channel relationship,0
robots underlying psychological processes,0
role determining adoption intention ai,0
benefits resembles real life objects,0
financial firms opportunities adopt ai,0
processing time needed conditions information,0
explanation reasoning,0
offers explanation paradox showing benefits,0
financial institutions,0
support transparency,0
prior work taken techno,0
computational techniques support,0
adoption ai advisors,0
experiments collect data,0
relationships variables tested,0
proof concept implementation simple,0
metric comfort,0
hypotheses regarding direct indirect relationships,0
comparison human advisors,0
calibration lies presence person loop,0
algorithm evaluated assessing human,0
trading psychological,0
functions performed making automation decision,0
calibration driving functions performed,0
literature carefulness exploring,0
disciplines including information systems,0
systems strategy economics,0
agents design issues unintended consequences,0
research questions investigated similar research,0
adopted similar methodologies studying,0
form model underlying algorithm,0
calibration high transparency conditions perceiving,0
time reactions,0
study used qualitative methods explore,0
basic information map,0
condition agent displays,0
recommender predicts,0
automates radiologist,0
transparency human performance related,0
click mindlessly experts tired make,0
simulated agent,0
time increased likely additional,0
processing time needed conditions information,0
calibration high transparency conditions perceiving,0
shows gaps objectives prediction tasks,0
explanation reasoning,0
basic information map,0
condition agent displays,0
ubiquitous inversion problems real,0
state directly measured behavioral data,0
data instead inverted behavior,0
transparency human performance related,0
require new tools draw behavioral,0
simulated agent,0
motivate new progressive disclosure,0
errors assists users,0
solving problems require new,0
insights formulating model operation,0
adoption intentions related ai,0
agent interaction agents,0
paper contributions double,0
francis group,0
2024 taylor,0
products communications,0
salient predictors perceived value,0
interactions tactical operations,0
conduct war,0
model tested national sample french,0
structural equation modelling,0
understand value perceptions ultimately adoption,0
use smith terminology,0
salient problems converge make especially,0
referred automation,0
examine problems,0
support support provides superior performance,0
instructor convey information,0
explanations presentation modality auditory,0
expertise trust observational,0
interview delineate,0
suggests original explanations way facilitate,0
facilitate access information,0
type modality,0
critical review method used,0
studied models,0
possibility automation,0
information influences,0
automation disuse misuse,0
future scholarly investigations,0
reviewed research themes theoretical foundations,0
key mechanism,0
specifically interpretation india,0
review nature original contribution specifically,0
value conceptual review,0
studies employed methods,0
practical implications benefits,0
protocols global regulatory,0
contrasting views,0
views defining,0
integrate multi level research,0
paper based secondary research reviewing,0
forerunning companies capitalizing ai,0
research endeavors catalyzes realization future,0
future distinguished seamless interaction,0
global economy,0
modeling study examines responses 554,0
perceived usefulness knowledge management,0
transparent interfaces improve human,0
form projected decision outcome visualizations,0
automated recommender,0
provided advice,0
vehicle complete missions,0
automation transparency improve accuracy,0
mand agent plans motion optimizing,0
communications instruct,0
innovations constantly influencing complexification automatization,0
additionally versatility approach potential optimize,0
human relations,0
increasingly popular way studying human,0
robots emerging,0
francis group,0
uk limited,0
discuss results,0
implications future,0
results indicated privacy concerns,0
measurement psychometrically assessed,0
assessed phenomenon,0
measurement determines mathematics,0
data collection used,0
automation systems safety critical,0
sampling comprises,0
research population,0
expected additional loss caused,0
motion baseline wherembehaves rationally favor,0
iraq study site adds,0
automatically design maintain investment portfolios,0
requires knowledge inference,0
blindness issue,0
applications banking,0
64 human participants acting facebook,0
effective hmi,0
theoretical positioning required,0
clear theoretical,0
operators use diverse cognitive processes,0
consisted 259 female,0
study provides,0
individuals aged 18 51,0
item personality inventory artificial intelligence,0
good validity,0
410 respondents,0
gaais good,0
knowledge artificial,0
results discussed light,0
research theoretical,0
previous research,0
francis group,0
published license,0
applications business proliferated,0
taylor francis,0
source privacy,0
holds benefits,0
agent assistance surpasses,0
directions emerging,0
conclude discussion,0
working definitions components models,0
article holistic,0
user interface ui target,0
validate iaaam using purposive,0
prodec used validated mohican,0
research objectives,0
396 accountants romania use,0
issues regarding perception accountants usefulness,0
usually impractical,0
embedded measures proposed unobtrusive,0
measures derived actions operators,0
new information technologies,0
characterized globalization openness competitiveness,0
using simulated autonomous,0
statistical models incorporating embedded,0
showed overall,0
obtrusive usually,0
assessed automation explicability,0
varied implementing conditions participant free,0
measures frequently corresponded intuitive increase,0
2022 human,0
task different levels automation,0
model decisions addition evaluating performance,0
agents experience,0
ideologies psychographics segmentation targeting positioning,0
automated decision making,0
field explainable artificial,0
hoc explanations,0
agency tested increased self agency,0
perceived usefulness performance artificial intelligence,0
discussion critical issues,0
researchers working area,0
adoption ai,0
adoption future ai,0
xai recommender systems,0
explanation method,0
standardized explanation,0
method satisfies users,0
study explore unified explanation,0
explainability including scope,0
reasons decisions disseminates information,0
information local reasoning data,0
graphical user interface gui,0
output information users,0
model used analyze data collected,0
data collected conjoint,0
logit model used,0
dislike lengthy textual,0
design development process,0
extreme programming xp practices help,0
findings incorporate,0
monetary value,0
theoretical foundations accountable explainable artificial,0
llc springer nature,0
literature provide guidance,0
explanations cfes gained considerable traction,0
changes model input changed,0
cfes highlight changes,0
explanations game type scenario low,0
francis group,0
theoretical practical implications,0
research discussed,0
robots disembodied,0
adoption human resource hr managers,0
regression multigroup structural equation modeling,0
ai adoption human,0
implications suggested practitioners improve,0
im design,0
empirical analysis,0
article collected 413,0
failure pressure sources,0
robots disembodied,0
regression multigroup structural equation modeling,0
implications suggested practitioners improve,0
im design,0
responsible decisions ai discuss,0
llc springer,0
acts involving artificial,0
different scenarios wrongful,0
dataset telecommunications,0
telecommunications firm used evaluate,0
uncanny theory perspective,0
uk limited,0
naturalistic methods needed validate theoretical,0
expectations affect perceived value,0
robots share tasks charge decisions,0
agents substitutes human,0
research groups practitioners means,0
run controlled powered user studies,0
2022 human factors,0
copyright 2022,0
entire code,0
models user data,0
written information dedicated display,0
reproducible research provide entire,0
knowledge factors increase,0
mars mission,0
attitude robots robot usage,0
francis group,0
taylor francis,0
agents interaction including explainable artificial,0
provide accurate mental model,0
multiple anovas,0
given agency allocation process compared,0
participant robot,0
fictional production scenario,0
francis group,0
agents perception task,0
hri decisive humans,0
taylor francis,0
perceived usefulness performance,0
process divided,0
articles identified,0
licence institute applied,0
research avenues,0
enhancing knowledge,0
tested validated various contexts,0
argue sa appropriate valuable theoretical,0
based findings comprehensive conceptual,0
layers allow closer inquiry discovery,0
review analysis,0
january 2022 user trust,0
copyright protection,0
available works,0
francis group,0
published license,0
taylor francis,0
eye tracking,0
measures indicated,0
analysis using,0
results path,0
using lisrel,0
subjects groups experienced varied,0
style directive,0
office workers collected data analyzed,0
simulated robot,0
university leipzig,0
communication style human,0
informatics university,0
paper explains,0
different models algorithm partners,0
taylor francis,0
francis group,0
research related expectations,0
implications future design development,0
finding study emphasizes role work,0
design human,0
design avoided,0
online survey,0
examine conducted,0
clear individual,0
avs likely adopted wide scale,0
expectations avs,0
avs barriers,0
situational response surveys adopted,0
used analyze,0
regression analysis,0
value explore willingness accept ai,0
colleague produces lower,0
different models algorithm partners,0
finding study emphasizes role work,0
design avoided,0
explains reason,0
alleviated positively influencing ai adoption,0
privacy concerns,0
knowledge management,0
wen zhang,0
explains end user,0
military genius role,0
clausewitzian notion military,0
capacity selected applications based decision,0
systems fss act,0
contemporary decision support,0
curvilinear relationship employee,0
intelligence companies china received 319,0
underlying afss operations,0
automation irreversible instantaneous,0
space operations,0
association advancement,0
2022 international,0
robot make human machine,0
research appears dispersed lacks systematic,0
systematic synthesis limiting understanding user,0
reviews meta analysis guidelines,0
required focus user,0
papers required,0
stages automation,0
automation applied different,0
total 7912,0
identified database,0
development theoretical model explains end,0
copyright 2022 wen,0
use information technology explanation theory,0
loop advance epistemological critique ai,0
offer important insights developers,0
value creation behaviors ce plays,0
variables age,0
data collected 528 respondents huawei,0
huafen club xiaomi,0
analysis mga students,0
conducted multi group analysis,0
methods value creation,0
university students examined lens structural,0
education healthcare industry suggest,0
approaches empirical studies end users,0
data procured survey university,0
university students,0
knowledge application perceived,0
transparency deception,0
ease use perceived,0
study meaningful,0
meaningful guideline development,0
results study,0
text based,0
inform strategic decisions,0
levels warfare strategic,0
transparency plays,0
article draws insights boyd emphasis,0
shall suggest,0
replace human operators,0
human employees online shopping remains,0
2023 mazarakis,0
operators chocolate wrapping,0
skala braun peters,0
technologies called ironies automation,0
argues discrepancy potential reality,0
caused design features technologies,0
privacy loss app addiction,0
realizing improvements,0
drug development privacy,0
production systems,0
technology digitalization offer,0
embrace uncanny,0
systems literature reveals narrow focus,0
narrow focus technology enabled business,0
reports participant uncertainties visualisations,0
aesthetics trustworthy cartoon,0
business benefits,0
responses based solely visual,0
manipulated robot facial screen,0
robots unique opportunities improve facilities,0
participating alongside entity robot,0
cus tomers willingness interact ai,0
strategies identified coax people use,0
theory shast conceptual,0
human robot interaction,0
theories interdisciplinary teamwork,0
survey researchers,0
addition dyadic human agent,0
agents advanced integrated,0
germany springer nature,0
author exclusive licence springer verlag,0
teaming hat,0
study based,0
cross sectional data,0
data online survey,0
ivr helps create improved,0
spss process macro,0
online search,0
presents research agenda dimensional online,0
foundations resource advantage theory notion,0
proposes theoretical framework customer journey,0
defines angled research plan,0
study broad implications scholars,0
implications theory practice future research,0
supported hypotheses validating suggested,0
additionally structural,0
according results theoretical framework suitable,0
avenues exemplar research,0
scientific discourse lacks clarity,0
researchers collected data 530,0
argued interdisciplinary,0
humanlike best method humans,0
sculpt everyday,0
experiment 278,0
sociotechnical systems way,0
article finishes,0
conclusion results,0
hri fluency,0
showed positive associations human robot,0
analysis example,0
robot oriented team oriented fluency,0
2023 crown,0
commonwealth australia,0
study investigates relationships perspectives human,0
crown copyright commonwealth,0
robotic counterparts critical,0
agents assist,0
human operators working,0
provide automated decisions,0
specifically deployment collaborative robots,0
advanced human,0
essential resource industry,0
claim gives,0
experts loop,0
2020 human,0
copyright 2020,0
managing tensions develop ml models,0
human multi robot,0
study subject,0
interface remote multi,0
human operators little,0
evolved recognise,0
tool used collect,0
data online,0
sci fi fan,0
research tool,0
animal relations perspective,0
predictors inspired literature human human,0
agent higher intention empower,0
human like non human agent,0
survey 300,0
present results,0
llc springer nature,0
based user studies involving,0
recommendations based user,0
set design recommendations,0
individual receipts,0
complex operational settings met,0
data noticeable gaps individual,0
defined intermittent reception data noticeable,0
transparency factors affect inter,0
human automation interaction including intended,0
missions achievable direct operator involvement,0
autonomous agents,0
significant research exists interfaces,0
colleague produces lower,0
agents surveys 200 employees,0
published license,0
algorithms hybrid contexts,0
field combined uncanny,0
human robot interaction phenomenon emerging,0
value systems view effects,0
assessment obscures problems broader,0
problems broader framing reveals,0
directions future research discussed,0
implications limitations,0
fintech mobile banking banking domain,0
interventions broader organizational context,0
financial technology,0
perceptions social support users,0
amplifies risk known local rationality,0
approach study adopted random probability,0
require humans loop,0
consensus numerous situations continue,0
springer nature,0
switzerland ag,0
author exclusive licence springer,0
hra methods,0
valid responses verify proposed,0
process respect railway,0
study taken demonstrate evaluation,0
application scenarios,0
method consists environment human,0
rapidly entering variety,0
taylor francis,0
social information processing theory,0
designed participate close quarters,0
including robots production,0
examine object based social beliefs,0
certain personality,0
research model examined lab,0
regression model chinese,0
experiment 212 samples,0
age openness,0
scenario based experiments 124,0
llc springer nature,0
collected using online surveys experience,0
relations investigated,0
paper finds,0
germany china potentially replicable cross,0
sought investigate associations,0
finds key,0
differences casr,0
relates perceived ease use credence,0
firms feeling ai,0
robot lower experience vs,0
personality dispositional history,0
francis group,0
collaborative robots,0
semi structured interviews employees working,0
sampling method collect total 360,0
findings results showed pi pa,0
scientifically practically relevant,0
teaming hat analyzed,0
design science research,0
including adaptive systems focus,0
perceived value,0
anova employed using spss,0
research areas,0
scientific literature,0
reviewed scientific,0
recommendation ai decision,0
making context,0
systems distinguishes universal personality traits,0
sustainability context digital,0
robotized systems humans,0
functionalities automated,0
automated warehouses,0
applied identify important issues,0
generated interviews warehousing,0
develop comprehensive research agenda consisting,0
foundations deriving unifying,0
overarching theoretical,0
francis group,0
hat provide guidance future,0
intensive guideline based,0
employed data,0
interviews 28 experts different,0
able meet practical requirements,0
course time,0
role ai banking applications confirmed,0
approaches depend fixed expert opinion,0
methods use performance shaping,0
incidents like bhopal gas tragedy,0
examples havoc caused human,0
chernobyl examples,0
human error,0
computer applications relied,0
error source threat,0
online shopping assistance,0
applications optimisation,0
scenario based,0
567 participants,0
experiment designed completed,0
designed completed 567,0
user better able calibrate trust,0
future research,0
area heterarchy knowledge anticipation mental,0
identified key aspects,0
converted model,0
concept hat hardly applied field,0
hat postulated,0
topics discussed,0
regression analysis,0
warmth competence,0
used analyze,0
likely production,0
coming decades likely,0
model hypotheses tested utilizing,0
numerous decision support issues requiring,0
data analysed,0
practical theoretical,0
implications findings,0
online shoppers,0
recommendation intentions,0
introduced warmth competence mediating,0
purchase postpurchase stages utilizing,0
interviews study gain insights,0
stage conducted depth qualitative interviews,0
hand peripheral cues warmth,0
exploratory research providing deeper understanding,0
researchers identified 69 thematic,0
insights developers practitioners focus important,0
interactions heart digital transformation,0
theoretically study extends elm introducing,0
good value,0
periodicals llc,0
published wiley,0
analyzed using structural equation modelling,0
considering category innovation ventura evolution,0
providing explanations artificial,0
present work,0
problems propose,0
based prescriptions,0
machine produces better recommendations,0
author exclusive licence springer verlag,0
germany springer nature,0
characterize evolution dm,0
considering thirty different experimental scenarios,0
belief overruling,0
selectivity index previous calculation,0
dm fully ignores regularly overrules,0
failures occur explore,0
passenger transportation allowing agents autonomously,0
conditions learning failures,0
complementarity suggest,0
affects human resource management hrm,0
modality origin,0
explicitly indicated,0
current academic debate overly concerned,0
functions believe attract research,0
remarks humanoids,0
explain relationship linking explanandum explanantia,0
typologies based explanantia presented,0
starting structural,0
different types explanations,0
issues identify open,0
doubt quality systems overrule machine,0
high automation levels occupant control,0
model derived validated experiment,0
acceptable ontology rapidly expanding,0
systems integration,0
human robot interaction literature mixed,0
help designers developers create human,0
groups belong make needs individual,0
key element,0
determines beliefs,0
employed online platform,0
ongoing process,0
comprehensive understanding,0
path future,0
transparency explainability,0
potential contributions,0
cognitive information systems cis,0
article argue application,0
need research justified,0
oriented research,0
true situations,0
comparative research model model development,0
cognitive models enhanced,0
resulting wide range theory practice,0
issues unforeseen creators commonly discussed,0
literature mental,0
transdisciplinary field increasingly complex,0
enabling occupants interact,0
sociotechnical life cycle,0
make mistakes,0
experiment 78,0
interdisciplinary research,0
assessment tool,0
dimensions bibliometric,0
visualization tools dimensions,0
criteria 50 mainly empirical sources,0
2023 inspected 166 articles,0
eligibility criteria 50 mainly,0
workflows enhancing knowledge,0
needs shared hat provided including,0
including focus taskwork sa agent,0
abstractions valuable practical models presented,0
cognitive multi agent models,0
human centered context sensitive architectures,0
mental models,0
based learning systems creates new,0
explainability discussed,0
design saod process described systematic,0
digital twin,0
digital specifically concept,0
industrial engineering research operational worlds,0
hsi longer,0
design complex,0
robots make,0
conclusions met,0
derived integrated model digital interaction,0
wider implications,0
caai transactions,0
institution engineering technology chongqing university,0
difficult circumstances including pandemic crisis,0
banks big telecommunication,0
collected survey 507 customers,0
structural equation modelling,0
automation employed,0
interact automated decision,0
93 reliable agent,0
related use,0
daily work individuals shaping relationship,0
evidence participants perceptions,0
anthropomorphic automation failed bolster,0
findings suggest,0
limited contexts,0
suggest benefits,0
valuable insights business,0
application business response crisis future,0
robots human,0
social implications study,0
adapting design configuration robots,0
based experiment manipulate robot,0
management support working environment,0
aidua framework study examines,0
supply chain management inventory,0
data collected,0
data collection platforms 491,0
resource based view knowledge based,0
contribute research propositions advance,0
economics pertains work psychology lent,0
stability production,0
production plan cycle lead,0
years 200,0
primarily defined technical cycle,0
resource management hrm potential,0
cycle robot,0
employee operator cycle time,0
2021 human,0
copyright 2021,0
human operators operators,0
robot relation mutual continuous,0
mutual continuous production flow,0
showed operator directly dependent robot,0
automation flattening organizational hierarchies,0
increasingly capable automation complex,0
anymore entirely,0
theoretical frameworks hri provide detailed,0
provide detailed guidance promote ai,0
ai robots significant higher order,0
encounter algorithm controlled products robotic,0
using online data,0
human experts,0
429 ran structural equation modeling,0
research model structural relationships using,0
using structural,0
factors practical relevance developing interventions,0
samples employed final analysis,0
230 valid samples,0
investigates approach behavior respondents using,0
perspective applies various stakeholders,0
robots frequently generate behaviors,0
transparent post hoc explanation models,0
explainable ai lists potential drawbacks,0
interaction realize expressions multiple modalities,0
trust fragmented areas data protection,0
data protection pricing,0
verticals including banking healthcare,0
synthetic expressions raises,0
leaves machines robots,0
boom systems,0
work philosophy behavioural psychology traffic,0
proximal scale reasons tracing,0
paradigm shift potentially increases ecological,0
tracing condition evaluation cascade table,0
alternative experimental,0
deficiencies traceability,0
science discussed,0
relationships tested using,0
using smart pls,0
hypothesized relationships,0
institutional design,0
business effective operations covid 19,0
ownership adoption intention robot,0
study online survey,0
automation business operations crisis,0
competitive market using artificial intelligence,0
power induced domination exerted robot,0
application business response crisis future,0
valuable insights business,0
study replicated,0
social implications study,0
central findings,0
management support working environment,0
age play crucial,0
management inventory management,0
relationships using smart pls,0
429 ran structural equation modeling,0
research model structural relationships using,0
business effective operations covid 19,0
responsibility ai automated decision systems,0
automation business operations crisis,0
competitive market using artificial intelligence,0
adoption post adoption stages ai,0
paper identifies common purposes human,0
multigroup analysis based visit,0
empirical research needed investigate mediating,0
significant gap current literature mental,0
model emphasizes need managing team,0
future research focus,0
francis group,0
taylor francis,0
analyzed post hoc,0
studies largely consisted subjective,0
situations dogfighting,0
363 participants,0
model using data 363,0
modeling used analyze model,0
conducted mission manager,0
pilots participated experiment consisted,0
eye tracking objective,0
2023 authors,0
authors licensee,0
ease use,0
attitudes perceived ease,0
use perceived usefulness showed statistical,0
analyzed data,0
obtained 610,0
francis group,0
taylor francis,0
tam used addition factors,0
robots increasingly important machines,0
fresh insights consequences,0
using prisoner dilemma games manipulating,0
allowing robots recognize shape human,0
carry conflict reconciliation,0
cycle disruptive change financial,0
scholars retail,0
provides theoretical practical insights,0
components reflection knowledge utilization psychological,0
model human newcomer,0
perceived usefulness perceived,0
perception warmth,0
study uses video vignette design,0
study leverages,0
methodology laboratory,0
isolation contributed sense robotic,0
robotic interaction emotionlessness lack,0
phenomenon investigated,0
total 360 undergraduate students,0
malaysian university students experience using,0
adoption intentions ai based voice,0
data 550 potential consumers india,0
incident response phases,0
increasing application robots workplace,0
reasoning theory applied hypothesize relationships,0
existing literature human robot,0
robot collaboration implicitly explicitly highlighted,0
robots specifically potential lead burnout,0
affections personality basis human,0
financial services industry,0
cooperate robot,0
odds collective profit robot advance,0
management hrm,0
av policymakers,0
participant age played role,0
computerized agents,0
chapter concludes discussion,0
av perceived value time perceived,0
dimensions considered,0
associated avs realized mass,0
avs offer opportunity achieve,0
partner inner,0
collaborative robots,0
robots owing certain fears example,0
corporate infrastructure,0
huge number confirmed cases deaths,0
connections personality preferences mouse,0
data source online personality,0
use universally available data,0
data perform,0
traditional approaches personality,0
assessment usually ask users,0
long list questions practical online,0
personality plays,0
response surveys adopted identify configurations,0
ai adoption,0
participants played tit tat strategy,0
influence content prosody utterances,0
technology fit models,0
actions attribute blame robot,0
human robot work,0
group did experience surprising,0
sets different robots,0
findings extendable human,0
theory alternative method deriving mappings,0
communication modality search rescue sar,0
debate exists,0
need personality,0
exists robots,0
investigate personalities vas display,0
traits behavior traits influence perceived,0
provides step step process technological,0
linguistic traits tone phrasing positive,0
analysed structural equation model,0
ease use shown,0
demonstrates model,0
study constructs demonstrates,0
support hypothesized relationships,0
data collected 210 hrm,0
working firms located delhi ncr,0
model used user,0
based structural equational,0
provides predictors avs acceptance,0
robot technology,0
hats succeed human,0
wealth management,0
design conceptualization,0
related studies study,0
end user understanding,0
critical end user considering transparency,0
techniques designed,0
designed developers,0
concerns expressed,0
expressed techniques limited,0
automation ia,0
promote sustainable digitalization,0
result field,0
resource contexts impact ia implementation,0
inner workings limited knowledge,0
explainable artificial intelligence,0
explains ia associate firm triple,0
multinational firms 2022 used,0
ia offer valuable opportunities,0
transition organizations,0
considering recommendations modern black box,0
based longitudinal wave sample,0
aged 18 80 finland,0
sectional samples adult,0
populations aged,0
study accentuates public divergent views,0
box intelligent systems users confronted,0
amidst polarising narratives,0
supplementary information components,0
francis group,0
including game theory theory,0
replicate understand,0
generally views,0
based review focus,0
main issues,0
generation autonomous adaptive systems largely,0
discussionfinally need relevance jopi,0
models human,0
developed scales measuring,0
inventory jopi functions work,0
present study develop survey based,0
work research validation,0
survey based inventory literature work,0
validity models proposed,0
implementation human,0
models proposed different,0
different studies verified different test,0
insights 1389 scholars uk germany,0
data safeguarding security judicious governance,0
ai reliability experience,0
outcomes pessimistically proponents recognise,0
design explanation form communication style,0
trust calibration,0
reticent embrace,0
knowledge imbalance users,0
tested predictions conducting experimental studies,0
different perspectives,0
tors different,0
different scenarios,0
help research connect,0
measures model dynamic changes,0
models physiological measures,0
interdisciplinary research,0
holistic approach designing,0
trust calibration poses significant,0
avs context human automation,0
francis group,0
questions engage proposal develop sociocognitive,0
linear symmetric perspective adopted,0
periodicals llc behalf cognitive,0
study challenges conventional,0
review analysis different approaches companies,0
consumer panel survey,0
financial literacy affinity technology,0
gap providing systematic review analysis,0
substantiate claims,0
results laboratory,0
perceived security,0
probes phenomenon examining,0
skin response gsr heart,0
purpose digital revolution changed,0
heart rate hr indices eye,0
compared baseline model,0
modern explainable,0
design methodology approach authors,0
insights potential,0
perceive financial services role,0
mental model adjustments subject,0
using diverse samples separate studies,0
available information evoke mental,0
properties scale,0
psychometric properties,0
conducted preliminary item version,0
validation study revealed,0
study laypeople engaged deliberately,0
engaged deliberately abstract,0
satisfactory internal consistency overall,0
decisions aid opaque predictions,0
version scale developed validated,0
users information,0
systems increasingly come explanations behave,0
communication increasingly focus automation,0
bridges technical psychological theological perspectives,0
automation driven rise intelligent,0
sociotechnical consisting,0
model nearest,0
juncture critical,0
method study proposes model better,0
model better understand data scientists,0
interviewing 41 analytics ml,0
francis group,0
electronic markets aspects privacy,0
autonomous agent factor,0
included information processing stage level,0
hat performance,0
article cc,0
open access,0
cc license http,0
continuous manual operation condition hat,0
support preferred,0
eye movement results indicated compensatory,0
nominal situations,0
article review recent findings machine,0
experiment pilot participants,0
human loop experiment,0
machine interface,0
constraint based display provides information,0
hmi information exchange,0
disappears human machine interface hmi,0
effects different automation design,0
provide guidelines scientists,0
categories internal,0
external station,0
result lack metaknowledge humans,0
automated intelligent,0
uk limited,0
unconscious trait,0
shown divergent,0
survey sample 451 respondents,0
model based valid survey sample,0
2015 advent publications topic captured,0
interaction quality respondents possess following,0
beneficial opportunities exploited psychological,0
policy management implications,0
perceived usefulness ease use predictive,0
fit data adapted version,0
acceptable fit,0
adapted version,0
differences model empirically test formulated,0
satisfaction perceived warmth competence,0
study offered theoretical practical implications,0
problem did exist ablation learned,0
future motion explanations generated,0
instructions ia act,0
proposes manifestor method explaining,0
personality calculative institutional,0
explainability going makes human ia,0
agents ias,0
learning decision making lack explainability,0
undergraduate students future research test,0
test model populations determine,0
research shown,0
speculative design affirmed exploring existing,0
thirdly concepts asb resulting,0
copyright 2022,0
key findings practical,0
implications design,0
research investigated issue,0
outputs involving end users development,0
designed data,0
broader thematic,0
identify trends data,0
explainability performance ai,0
experiments analyzed,0
processing analysis dissemination,0
research findings make theoretical practical,0
systems difficult,0
provides evidence,0
transparency effects,0
bootstrap methods study validates,0
head movements,0
perceived ease,0
mediating role attribution,0
making study algorithm transparency,0
insights better integrating,0
lack research determinants,0
analysis based sample 613 users,0
2022 human factors,0
workshops analyzed,0
issue context,0
llc springer nature,0
critical reflection,0
design process hmi asb help,0
moment interaction automation,0
objective examine human operators adjust,0
variable strengthen decay,0
method seventy participants took,0
aided memory,0
recognition received recommendation automated,0
trial participants performed,0
automated decision aid,0
automation success engenders,0
agent transparency explanations,0
transparency reliability levels significantly,0
assess ai suitability task,0
spectroscopy fnirs lightweight,0
achieve calibration trust,0
continuously unobtrusively using neurophysiological sensors,0
utilization agent,0
human operator expectation consistent agent,0
intelligent agents rapidly,0
triad concretely interpreted data knowledge,0
wisdom dkw hierarchy,0
basic principles,0
science traditionally,0
privacy risk,0
future research leverage motivational knowledge,0
sample 451 participants,0
design personnel,0
findings provide useful insights,0
results provide,0
research area,0
increasingly utilized,0
llc springer nature,0
improve work design daily business,0
comparisons based,0
science technology,0
paper developed model criteria human,0
2022 association,0
information science,0
robotics applications internal environment,0
paper used analytic hierarchy process,0
makers information expected result informed,0
automation artificial,0
octagon measurement useful,0
complex patterns vast,0
age significantly related themes,0
enable information advantage truly,0
privacy accountability safety,0
information processing superiority contradictory,0
costs benefits providing decision,0
matb monitoring task automated,0
moderate relationship choice decision effectiveness,0
types stage warning vs,0
francis group,0
model encompass psychological,0
kraus payre,0
wintersberger martens,0
automatically make decisions,0
walker forster hergeth,0
robots automatically make,0
deploying gioia methodology qualitative,0
professionals multinational corporations mncs information,0
literacy including awareness use,0
retained step content validation,0
31 items retained,0
65 items capture constructs,0
samples data,0
survey collected,0
reliability validity tests second,0
results confirmed proposed construct model,0
intelligent machines execute routine,0
copyright 2022,0
2022 jain,0
garg khera,0
uk limited,0
analysis research model,0
structural models assessment,0
data collected online survey,0
analyze valid survey sample,0
information integration,0
potentially fruitful direction provide support,0
empirical study conducted,0
modeling used test proposed relationships,0
decision support,0
various digital platforms,0
systems increasingly adopted various,0
perceived usefulness,0
information contained,0
xaines project investigates explanation,0
explanation delivery allowing interaction,0
interaction user model,0
model potential improve model quality,0
needs communicated users,0
draws cognitive appraisal theory,0
taylor francis,0
francis group,0
expectancies conditions,0
470 indian banking,0
antecedents include interactivity,0
include interactivity time convenience compatibility,0
study aims,0
expected dominate banking,0
currently private nationalized banks deploying,0
agents offer innovative,0
visibility security,0
guidance designers leverage knowledge,0
proposes contexts,0
results online,0
advances psychometric econometric,0
eye movements,0
conditions providing resolution advisories,0
human loop experiment featuring,0
strategy switching,0
decide trigger support,0
design adaptive,0
support systems,0
agenda psychometric modeling eye,0
automation interaction autonomous,0
ease use reliability significant factors,0
methodologies actionable insights,0
francis group,0
taylor francis,0
communication decision theoretic,0
programmed algorithmic knowledge managed,0
sociology professions robo,0
success characteristics establish ra,0
professional knowledge minimally disruptive costly,0
contradictions arise gap ra,0
financial industry,0
platforms prosocial,0
experiment support,0
applications casino setting,0
theory devise mathematical dm model,0
relationships showed differences male,0
francis group,0
international management,0
gaining traction different fields,0
collected 219,0
studies collected,0
3942 studies,0
lab experiments,0
confirm hypotheses,0
theoretical contributions provides relevant information,0
human intervention,0
seeks approach,0
assessment method,0
make collaboration humans robots,0
study aim identify subjects,0
robot behaviors,0
robots divided datasets participated,0
report phenomenal,0
scholars report,0
time hear,0
rhetoric emphasising,0
methodology approachwe conducted depth interviews,0
churned themes qualitative,0
qualitative data,0
privacy security matter adaptation,0
new delhi,0
hri scenarios,0
2024 international,0
directions future research,0
elicited specific,0
esperança wang,0
copyright 2022,0
2022 chen,0
emotional societal impacts developing,0
study helps enterprises leverage,0
ai technologies implementing responsible guidelines,0
dynamism ed,0
aim aiddm,0
public concerns regulating,0
experts policymakers,0
positive moderates relationship firm creativity,0
involving 364 sme owner,0
formed order variables basic,0
systems shaping sme,0
knowledge infrastructure managerial commitment training,0
discuss implications,0
light findings qualitative follow interviews,0
interviews sampled set conversational,0
emphasizing study contributions implications limitations,0
survey based study test model,0
following sequential mixed,0
wave survey based study,0
institute new,0
introducing robots,0
organisations adopt anticipatory strategies,0
2021 human,0
explanations behavior make reference mental,0
shapley additive explanations explainer determine,0
validate models multinomial logistic regression,0
crown copyright commonwealth,0
commonwealth australia,0
2022 crown,0
calibration systems modulate drivers trust,0
tool range application domains details,0
value tool design,0
agent workforces,0
shape successful adoption ai decision,0
real world problem specifically societal,0
using middle,0
2021 using,0
sociotechnical needs envisioned work,0
east context,0
current study based,0
significant societal transformation,0
advances automation,0
visualization techniques tools needed,0
figurative tangibility,0
model current study based iaaam,0
conducted achieve,0
given certain characteristics current,0
valuethis study seeks understand,0
proposal correct,0
article draws recent discourse analytic,0
copyright 2021,0
experiments directly comparing adaptable,0
contrast vast investments adaptive automation,0
automated support varies,0
flexible application automation level,0
approaches applying,0
variety approaches applying,0
successful human automation,0
responsibility agents lack time,0
knowledge developing research hypothesis,0
integration supply chains,0
observers know human agent theoretically,0
thirst illusory,0
making discussed,0
intervene transition,0
finally considers additional,0
review propose integrative framework,0
technology fit perceived leadership,0
ai adoption advocating,0
avs varying levels reliability,0
experiment involving 70 participants revealed,0
agent basis explanation observed,0
belief presume behavioral performances instantiate,0
ascriptions knowledge belief,0
existence implicit theory held,0
release tools,0
discuss research design implications,0
rf algorithm performance wasbetter,0
unclear modality,0
subjects experiment 32 participants,0
robotic solution almere model questionnaire,0
understanding ofavexplanation conducted,0
assessment manikin sam,0
auditory explanation,0
phase pepper,0
av systems promote effective human,0
assistive robot end user,0
adoption human like intelligent,0
facial detection recognition,0
like intelligent robots,0
robots influence expectations acceptance emerging,0
signaling use smart recommendation,0
experiment online platform compare suppliers,0
robot interaction hri particularly,0
value procurement,0
trust hri including,0
hri static varies dynamically complexity,0
modelling used test hypotheses,0
usefulness plays mediating role,0
assumptions portuguese participants,0
videos rf,0
relationship interactivity information quality customer,0
time mean,0
01 execution,0
automated organizational,0
taken today emerging business model,0
results humans want exclude,0
taylor francis,0
explored question investigating way humans,0
paradigms fostered advancement digital,0
societal ramifications exemplified challenges,0
challenges opacity algorithmic processes,0
algorithmic processes,0
image perceived usefulness partially mediate,0
collected survey 203 employees,0
transparency ai supported,0
design methodology approach study builds,0
2023 international,0
international journal,0
commons attribution,0
unclear modality,0
expand understanding av explanation,0
explanation conducted subjects experiment 32,0
robot wasnot,0
auditory explanation,0
terms accuracy execution time knn,0
execution time,0
mean sd,0
recent release,0
based emotions robots,0
best customize robots,0
interviews 10 participants laying foundation,0
themes qualitative,0
ism methodology develop contextual,0
hierarchical framework using interpretive,0
user perspectives,0
engages 28 participants refined,0
remarkable potential revolutionizing educational,0
students evaluate developed model,0
information theory,0
model associated hypotheses developed based,0
robots prevalent,0
significant positive impact intimacy robots,0
impact willingness interact robots,0
study enhances understanding human robot,0
actionable insights businesses suggesting emphasizing,0
engagement robotic,0
information theory,0
model associated hypotheses developed based,0
uk limited,0
francis group,0
robots prevalent,0
acceptance including ethics privacy considerations,0
saudi arabia expanded utaut,0
phase study,0
collaboration humans robots,0
digraph specifying hierarchical,0
methodology examine interrelationship identified fundamental,0
concepts area,0
explain differences,0
taxonomy performance aspects venn,0
aspects venn diagram common,0
performed systematic search relevant databases,0
used robotics community evaluate,0
human robot interaction,0
concerning problem quality measurement human,0
interface infotainment systems automated,0
production performance,0
participants equipped eye tracker,0
design human,0
time 40,0
ending increment production,0
paradigm increase,0
fixation time,0
journal content,0
incorporation contextual variables determination,0
centric design principles researchers engineers,0
contribution current research development hierarchical,0
helping people develop expertise,0
theoretical discussions applied research generative,0
second micmac analysis,0
identified fundamental variables results digraph,0
step empirical,0
methods contribute,0
instance model,0
components concepts present conceptual,0
agents collected firm recently integrated,0
integrated novel user interface concept,0
enter intelligent financial,0
application easily accessed user multiple,0
user current context,0
information presentation,0
intelligent applications effectively model manage,0
university technology,0
2022 budapest,0
burgeoning field human machine communication,0
used analyze,0
expected related,0
age important older respondents,0
practical implications design ivas,0
explores reasons adoption ai,0
systems conducted,0
obtained pakistani,0
hypothesis tested using,0
collected online survey analyzed structural,0
increasingly mediated automated,0
frontline service automation,0
gap regarding information,0
approach designing,0
caused wide range interdisciplinarity,0
interface situationally manage information,0
employee survey data 345 center,0
approach helps criticize overcome,0
algorithms purposes explainable artificial intelligence,0
cognitive models provide common,0
new interpretation classic problems,0
av vis vis human agent,0
study manipulate,0
av vs,0
human evaluate,0
agent affects,0
relevance design,0
hand privacy concerns,0
implications related,0
design policy,0
survey france,0
performed survey,0
john wiley sons,0
avs need understand related psychological,0
boundary crossing,0
australia based time employees experience,0
identify necessary traits combinations,0
investigate personality trait sets motivate,0
resource management literature,0
human resource practitioners,0
mission application,0
human learner,0
processing recent literature caused,0
approach conducted semi structured interviews,0
francis group,0
uk limited,0
remain obscure acknowledged,0
conclude discussing implications theory practice,0
shows adoption service robots negative,0
practice identifying directions future,0
theory practice identifying,0
future research,0
hypotheses tested,0
interactive contexts,0
experiments different,0
tp highly relevant issue technology,0
food thought future research highlight,0
taylor francis,0
francis group,0
recommendations intelligent agent,0
measures approaches,0
comprehending examining,0
automation rich complex process given,0
models emerged powerful tools gaining,0
insightful knowledge dynamic processes,0
rationale recommendation conveyed,0
lists option,0
metrics human robot,0
research analyses,0
loop modeling based,0
demonstrate application metrics spacecraft maintenance,0
info communication human computer,0
time available cis,0
research supported fact present business,0
adoption resistance robots,0
information systems ciss,0
recommendations digital,0
practical recommendations,0
complementing work,0
responses individuals used digital,0
tested using 536 responses individuals,0
roadmap evolution intelligent,0
organizations automate knowledge,0
published wiley periodicals llc behalf,0
automation exacerbates erosion human skill,0
reports systematically analyzed,0
little systematic examination sociotechnical sources,0
essential human expertise problematic workers,0
phenomenon widely acknowledged dynamics undesired,0
benefits society potential,0
accounting firm experienced,0
taking perspective sociotechnical,0
2022 copyright held,0
robot interaction hri apparent,0
human automation interaction inspired,0
develop game treasure,0
grounding allows identify divergences,0
called standard model intelligence shared,0
irrelevant information does,0
2023 production,0
production operations,0
countries pakistan,0
collect data asian,0
odekerken schröder kars,0
2021 gaby,0
mennens mark steins dominik,0
perceived usefulness knowledge artificial,0
relationship intention adopt ai banking,0
insight making strategic decision,0
banking industry,0
second analyzes,0
study provides,0
online vignette experiment 225,0
scenario based experimental design 361,0
costs group collaborating conventional technology,0
support significantly,0
robots organisations,0
data collected customers 108,0
process online,0
firms order reduce risk ai,0
bias job automation,0
assessment compliance avs,0
automation bias societal,0
explainability seen,0
avs able,0
interface controller,0
overall model,0
study test,0
model using sample 249,0
affect successful hri appearance,0
using level meta analysis handle,0
discuss implications,0
380 effect sizes,0
81 included experimental,0
findings research,0
report findings controlled experiments,0
success vital,0
effectiveness proposed interventions aiming,0
use eye,0
human robot interaction,0
analysis reviews robot design features,0
tracking technology aided interviews gain,0
knowledge required researchers interested explanation,0
provide recommendations including conceptual,0
review previous work explanations different,0
comprehensive survey existing,0
provide comprehensive,0
demand instances gaze behavior shows,0
able explain,0
present novel salience techniques,0
limited resources avoided,0
personal data,0
practice followed future research,0
observations likely improve,0
study offers implications,0
cognitive models,0
mathematically evolution,0
proposed bypass,0
designs proposed,0
maps fcms,0
models given general state space,0
data privacy challenges replacement human,0
personality traits,0
adoption application ai advance b2b,0
research discussed,0
avenues future,0
designers future research provided,0
model robust,0
external validation,0
predictive performance model using,0
linking individual strategic,0
paper human unconscious processes,0
experiment collect behavioral data characterized,0
detected design app,0
app narratives,0
infer goals beliefs,0
artificial intelligence,0
literature practice,0
mixed perspective,0
guidelines achieved,0
privacy issues negative,0
et al,0
paraskevi et,0
regarding digitalization,0
specific changes,0
models include specific technical,0
specific technical considerations,0
2023 gatzioufa,0
multiple theories,0
avoid uncanny valley effect,0
deeper understanding factors lead development,0
adoption ai,0
aspect humane,0
technology fit network,0
increase automation,0
network externalities present conceptual,0
founded theories task technology,0
test false beliefs sally,0
indian banking consumers,0
ibl model observer distinguishes previous,0
based learning theory iblt,0
observation agents behavior,0
clear understanding latent variables,0
individual used,0
treasure hunter human uncovers,0
present study aims,0
scholarship practice,0
risks automation misuse disuse,0
various kinds occupy just niche,0
automation transparency improves accuracy,0
psychometric scales useful tools,0
automated assisted task demands,0
best uv complete missions,0
advised best,0
bias agreeing automation,0
automation collaboration especially,0
transparency communicates calibrate,0
given reliability,0
mental models,0
human robot interaction,0
vehicle agents,0
noncontextual unpredictable manner,0
agents delivering information different,0
data used secondary noncontextual,0
rigid understanding presumes informed,0
said digital,0
era informed,0
foundation claim algorithmic,0
information improve transparency adapting reliability,0
anxieties robots,0
2023 taylor,0
tools measure hopes expectations,0
human lives involved extending educational,0
privacy concerns affecting various social,0
communication approach relies user information,0
limitations implications based synthesis authors,0
design recommendations,0
explainability key functionalities,0
insights provide,0
end users systematic literature review,0
core self evaluation,0
field study conducted india study,0
behave output based challenge developers,0
models behave output,0
experience sampling field,0
conclude discussing,0
models increasingly information systems,0
implications work,0
existing definition,0
theoretical practical,0
definition mirrors,0
effects robots human,0
algorithms execute operational management,0
lack transparency regarding algorithmic outputs,0
generates new research questions,0
robotic applications,0
policy discussed,0
building previous academic literature topic,0
taylor wang,0
research endeavour demarcated,0
experts align experiences,0
technology lens incorporating data,0
systems supporting worker decision making,0
atenabled knowledge based systems,0
relations strengthen augments instead,0
test prediction accuracy automated dm,0
measure components,0
design algorithms,0
mathematical human,0
creating automation,0
purpose article propose,0
centered automation characteristics,0
agents widely,0
body research,0
development comparable,0
robot collaboration hrc systems,0
robots humans heterogeneous advantages,0
automation systems,0
repeated consistently subjects examined average,0
trust conceptualized calibrated measured taking,0
summarize findings,0
statistically tested,0
data individual,0
experts research development business functions,0
copyright 2023,0
history boom bust,0
having potential significant economic,0
future research,0
drawbacks directions,0
cpc did,0
practices human resource,0
data gathered 330 staff,0
issues ai explainability,0
culture based development cbd model,0
human resource,0
robots increasingly,0
mid 20th century current literature,0
current literature offers inconsistent,0
inconsistent view ai hrm,0
ideas used,0
used online,0
driven failures,0
piece research provides overview,0
overview academic,0
aggregate knowledge identify,0
separate research streams far analysed,0
reveal mechanisms work opposite,0
experimental studies,0
performance automation bias subsequent frustration,0
hrm identifying research gaps,0
make mistakes,0
approaches incorporating physiological data,0
future research agenda,0
agents vcas,0
divergent validity related,0
rota additional,0
difference measures,0
additional individual,0
relation theory,0
encourage perceptions robot acting,0
theory prior,0
results discussed,0
transparency manipulation,0
assessment rota measures person,0
economics need interdisciplinary,0
case interaction voice based,0
naturalness artifacts fueled continuous advances,0
mental model machine,0
agency attribution,0
relationship voice capabilities artifact users,0
automated information,0
effective human robot,0
multisource data 317,0
317 china,0
support proposed theoretical framework,0
automated insulin delivery,0
example users diabetes interact,0
scope designing training uncovers,0
requires traceability automated decisions,0
availability types,0
survey collected data 228,0
gap examine,0
automation suggested combine machine learning,0
experiment averaged behavioral performance,0
humans reliability,0
transparency contributes lack,0
alternatively agent,0
positive effects robot personality,0
robot interacts humans individual,0
engineering robot,0
agent teams time pressured continuous,0
reliable agent contributing overall team,0
intervention based consider,0
word machine effect robust,0
robust attribute complexity,0
options considered transaction costs,0
utilitarian realm competent human recommenders,0
time pressured continuous domains,0
copyright 2022,0
2022 human factors,0
psychological construct model internal mental,0
processing applications challenge managers,0
building accurate models cognitive behavioural,0
conducted empirical study,0
understanding lack,0
provides synthesized insights design,0
automated decisions diverse users,0
job demand resource,0
sampling approach,0
approach study used convenience,0
technology fit,0
discussed study,0
implications discussed,0
contributions design,0
agents personality effect personality different,0
financial industry banking,0
social support informational support,0
personality frameworks proposing ca,0
brand website personality,0
initial pool personality traits final,0
future research,0
provide suitable recommendations,0
data driven information revolution,0
relationship building strategies,0
seam 10 20 years,0
ago science,0
science fiction,0
dominating world,0
gaps misinterpretations ai,0
personal contextual,0
rate avs,0
used convenience nonprobability,0
effective aid,0
technique utilized,0
robots work advanced,0
taylor francis,0
francis group,0
information processing awareness sipa,0
users experience explainable ai,0
applications influence theoretically,0
safety mediate certain relationships contactless,0
attributes perceived value,0
scenarios experiment 80 examined effect,0
aid simulation create realistic scenarios,0
levels information disclosure,0
basis insulin needs calculation,0
panel survey site survey wuhan,0
difference sipa repeated observations,0
designers utilize prediction tasks,0
2023 copyright held owner,0
sample representative age,0
conducted dividing samples,0
presents group study,0
conducted including samples 246 495,0
context ai use medicine,0
cyber physical lab experiment,0
shop online,0
guidance bank planning use ai,0
utilized data,0
mechanisms step,0
perspective compatibility humans robots cooperating,0
platforms like epic games,0
celebrity live streaming,0
examined extent automation designed benefit,0
inform design automated decision support,0
frequently depends people abilities constantly,0
internet celebrities shopping value directly,0
automation improve operator,0
smart pls software,0
automation relevance knowledge task decrease,0
trial trial shifts automation,0
communicate human,0
results degree,0
information sources continuously monitor,0
study conducts bibliometric analysis,0
research articles identified,0
personal knowledge,0
used analysis,0
scopus web science databases ai,0
201 users different,0
direct relationships,0
automation including,0
benefit participants provided,0
analysis did make task,0
transparency improve accuracy automation,0
predictability automation,0
automated aids,0
participants collaborated automated agents varying,0
method eighty healthy male participants,0
participants selected optimal uv,0
uv complete missions,0
provided participants agreed disagreed automated,0
information acquisition,0
information indicated trial,0
urgently required establish design automation,0
information processing requirements automated,0
participant automation,0
automation led,0
want computers interrupt,0
outcome variable did interact transparency,0
disengaged participants required adaptable automation,0
information did use,0
operators cognitively engaged,0
automation use lead,0
ethic types digital business,0
tasks level automation,0
experiment exposed interesting interaction patterns,0
implications av,0
theoretical practical,0
diagram tactical conflict detection resolution,0
francis group,0
believe avs prioritize serving users,0
reduced occupant agency avs study,0
implications remotely operated,0
automation decision aid,0
non voluntary occupant sacrifice avs,0
fields economics psychology,0
decision theory organization theory,0
advanced automation,0
motivated belief human mind,0
fitting user profiles,0
websites display agent,0
magic mysticism,0
conversational agents aca objective perceived,0
prerequisite success,0
multichannel sampling great,0
unrelated fault diagnosis,0
explicit means ends links appeared,0
analysis path analysis used systematically,0
systems safe effective industry,0
usefulness factors,0
shows knowledge perceived,0
information systems,0
performance context information,0
test hypotheses,0
approachthis study validates model,0
design help people effectively manage,0
transparency responsibility,0
defining implementing features including transparency,0
study help various stakeholders,0
knowledge hiding,0
policymakers developers business owners,0
provide examples problem real world,0
real world systems review theoretical,0
result suggests realizing effective human,0
uk limited,0
developing systems requires defining,0
rejects automation,0
designing automation mimic basic human,0
employed hypotheses testing,0
information understanding dependent question,0
competitive advantage firm,0
safefy critical,0
systems dss research represent experimental,0
critical information requirement ccir,0
design variables derived decision support,0
personality traits,0
interaction hii harnessing expertise,0
diagram formation assistance hamie robot,0
systems lack,0
sequential systems,0
perceived utility automation bias,0
simulated adaptive,0
referred credit,0
lacking academic,0
information exploitation hamie investigation,0
perceived usability objective usefulness policy,0
values triggered promoting,0
understand failure,0
explanations reinforcement,0
autonomous agents,0
participants volunteer science,0
francis group,0
taylor francis,0
ad type,0
type narrative,0
theoretical practical,0
options appraisal errors,0
opportunities high,0
future work,0
robot offers varying levels information,0
identify new areas inquiry,0
used conduct,0
stage gate process hand,0
management technology mot operations,0
humanoid ais statistical,0
mixed design,0
operations management explicitly considers effects,0
anova used,0
critical domains employ,0
theoretical underpinnings gaps important,0
memorable online shopping experiences,0
beliefs reduced,0
text modified text programs impression,0
manual stages time,0
perceived utility,0
automating tasks improve efficiency,0
thailand growing demand,0
growing demand talents application,0
total 398 responses,0
dawe 2001 automation use visual,0
collected online self administrated,0
projected theoretical,0
results revealed,0
automation schema,0
interfaces presented directions future,0
design human,0
hrm contribute variability,0
operators perfect automation,0
automation conundrum,0
human operators effectively oversee,0
future automated decision,0
copyright 2017,0
factors modality policy explanation shown,0
students participated experiments,0
analysis informational synthesis combination,0
programs impression agent,0
online survey examined people,0
user saw agent succeed fail,0
introductory calibration,0
results demonstrate user specific,0
computer science,0
levels communication,0
assessed verbosity disfluencies indices,0
historical analysis informational,0
account management,0
2017 human,0
copyright 2017,0
communicate freely communication restricted denied,0
critical humanization automation,0
aspect human resource,0
overly rely misuse automated,0
research human operators underutilize,0
automation occurred society,0
watching agent crash,0
models taxonomies human automation,0
scale items,0
subsequent use automation,0
study presented attempts address conjuncture,0
building background initial study,0
existing knowledge,0
approaches human,0
results reveal significant,0
sense new drawing existing,0
uncertainty users,0
research agenda brought,0
2000 simi 2000 software,0
practical implications,0
introduction given,0
ai automation,0
analyze models,0
finally interpret previous experimental,0
transition type,0
use cases,0
type introduced,0
fully automated control dynamic control,0
given novelty,0
macro analyze,0
method data analysed,0
level education identified,0
examine loa aa,0
transforms dimensions society,0
society industry,0
observed human,0
opportunities challenges education,0
correlational effect sizes,0
sizes 16 studies provided,0
method used meta,0
reviews theory humancentred automation,0
analysis assess,0
results showed,0
automation understand foundation future,0
showed hypothesized,0
adaptive systems certain types,0
implications social,0
paths significant,0
representation robot marked,0
perceived knowledge using,0
foundation field human robot interaction,0
awareness adaptive automation aa managing,0
loa automation allocation cycle,0
used ancova,0
human centered decision support tools,0
ensure automation supports operators,0
capacity suffered higher levels automation,0
automation problematic,0
advocacy campaign revealing effectiveness shifting,0
longitudinal experiment time employees uk,0
business students,0
low intelligence robots perceive,0
rely appropriately,0
information processing ability,0
employees inclination collaborate robotic,0
processes affect appropriateness,0
industry integration robotic technologies,0
analysis decision selection,0
characteristics influence,0
feeling economy,0
actual potential applications research include,0
francis group,0
automation varying effects human,0
decision support operating,0
people fail,0
software engineering poetry,0
conducted factorial design experimentation based,0
biases different levels automation,0
learning based recommendations,0
research transitions automated,0
rapid integration intelligent processes methods,0
evolution necessitates robust,0
automated operator perceptual resources freed,0
analysis china india new zealand,0
francis group,0
additive nature,0
measuring effect expertise,0
based robustness,0
aa measures did,0
value creation similar pathways,0
centred automation appears provide different,0
information developing theory,0
utilizing smartpls3 software,0
evaluating humanai,0
results human loop experiment,0
investigates point user,0
knowledge based,0
context conflict detection resolution advisory,0
automation aided performance levels predictions,0
background operators interact automated decision,0
ideal model information integration,0
perspective error detection,0
reliable automated decision aids binary,0
series experiments examined human operators,0
evolving digital landscape,0
based applications assisting,0
robot designers,0
automation perceived change competencies,0
adoption ai,0
non human technical agents,0
evidence error,0
insights checklist provides digital,0
digital leaders comprehensive tool,0
survey resting collaborative perspective human,0
indiana university,0
knowledge pilots perceptions attitudes,0
finally discuss future research directions,0
2024 kelley,0
culture based development cbd model,0
experiment cues,0
practitioner summary paper,0
er levels automation tipping point,0
atm exercises order,0
theoretical frameworks empirical findings practical,0
comprehensive approach study analyzes,0
information reliability issues,0
increased use,0
management crm,0
graded experiments binary experiment,0
test hypothesized,0
studies conducted,0
interactive agents provides data driven,0
conducted test,0
worldwide increased use automation,0
data privacy concerns,0
model comparisons identified potential strategies,0
crm synthesizing current state exploring,0
similar aid provided,0
systems assist decision making,0
automation interaction issues interacting,0
school business,0
development human loop simulation test,0
discuss implications,0
greater usage,0
disclose information,0
aid manifest imperfectly,0
human operators,0
automation did increase,0
cra aid respectively,0
survey based research approach investigate,0
military operations nightmare military,0
339 respondents used evaluate hypotheses,0
method participants evenly,0
emulation task performance using knowledge,0
value study,0
integrated conflict,0
detection resolution future atc,0
simulated search rescue missions,0
contributions literature,0
study sveral,0
atc tasks automation conditions including,0
errors response,0
software tools autonomous,0
automation collaboration need develop,0
automation order fly,0
control hosting elsevier,0
means communication navy ships,0
2016 ifac,0
international federation,0
characteristics contextual,0
interface representations differently,0
perceived used interface,0
sustainable human automation,0
micro macro,0
interfaces known chat means,0
adopting meta scientific perspective,0
strategic conformance interface representation,0
conflict detection resolution,0
scientific discovery,0
increased transparency afforded,0
benefit automation sensitive,0
opacity doing mismatch underlying strategy,0
context play,0
designs systems require people,0
quality information interaction mode,0
internet search reviewed,0
distinguishing various,0
recommendation aggregation engines,0
sample users previously engaged,0
video games news recommendation,0
agents benefit steering,0
maximise isa utility aligned,0
society increasingly,0
control theory game theory,0
design methodology approach understand customer,0
impact interactive design,0
banking sector incorporating insights psychological,0
information technology,0
implications pose new,0
primary survey data,0
automation observed decades,0
considered systems design,0
factors research introduction automation,0
intelligent software agent,0
crafted design elements,0
agent isa,0
analysis facilitates,0
crucial connections revealed empirical analysis,0
sa model comprehensively,0
104 peer reviewed articles indexed,0
analyzing restructuring information architecture hci,0
assessment scale developed based,0
coordination demands human operator,0
functions information acquisition,0
information analysis decision action,0
systematically reviews,0
various subcases,0
establish design making,0
cat model make suitable,0
privacy explainability apparent opacity algorithms,0
types different,0
analysis features performed,0
implications technology argue,0
performed samples high sa,0
finalized interface design sa cognitive,0
design linguistic variance human characteristics,0
core scenarios simulation,0
scopus web,0
operations requires rare events,0
models adaptive human,0
science anthropology,0
relies knowledge base,0
digital twins,0
base research results multiple fields,0
inquiry ranging computer science,0
policymakers use study,0
francis group,0
taylor francis,0
experiment required initial,0
humanoid robots,0
aid improved,0
sources including academic journals,0
robots highlight potential assume,0
robots intersects broader sustainability operational,0
automation lagged,0
trials participants chose engage,0
openly discloses knowledge gaps,0
humans happens va openly discloses,0
greater evidence accumulation improving,0
avenues service,0
experiences conceptualized dimensional space low,0
factors literature review expert opinion,0
security transparency,0
designers evaluators,0
needs privacy,0
important societal issues individual societal,0
applicability models,0
francis group,0
ways study connections,0
future research gives examples fruitful,0
design methodology approach future customer,0
studies focus,0
2024 taylor,0
research limitations implications review,0
human automation systems,0
systems discussed,0
review theory demonstrates little research,0
strategic options,0
despite benefits cdas,0
human error,0
francis group,0
design direction cooperative,0
model types levels automation,0
new paradigm unleashing extraordinary,0
explanation contradictions,0
evolve persist times using technologies,0
applied grounded theory,0
2017 2017,0
paint loa,0
abstractions suffering crisis,0
seek expand design space human,0
body research ai adoption,0
taylor francis,0
published license,0
hmc approach necessary address,0
model questionable predictive value,0
guidance wedded model questionable,0
2024 taylor,0
design decisions complex work,0
automation loa,0
francis group,0
utility levels automation,0
francis group,0
reflections empirical grounding design,0
robots organizational contexts perceived negatively,0
themes sub themes evaluated critical,0
information systems use,0
sense user fully,0
expectations using newly implemented systems,0
society review,0
156 compared participants judgments experiments,0
2024 ucjc,0
robots growing,0
cited reason es implementation failures,0
paper trace,0
static sense,0
high failure rate despite,0
includes actors human robot human,0
school business,0
means automation,0
2018 kelley,0
end 2022 indexed scopus,0
252 studies,0
process information act dynamic,0
provides thematic analysis studies robots,0
introduce automation,0
angry robot induce,0
agents integrated social,0
uk limited,0
addition qualitative approach,0
models inform,0
continue interact humans interfaces,0
important future research need,0
research questions,0
helping early stages design,0
integration qualitative,0
taylor francis,0
effective human,0
insights developers marketers,0
practitioners hfps play,0
engineered systems,0
performance competitiveness increasing adoption ai,0
study proposes future,0
democratic societies fundamental change,0
nature economic wealth creation,0
perspectives unexplored research settings,0
involve questions concept operation engineered,0
agent facial bodily expressions,0
francis group,0
respondents online,0
contributes academic discourse identifying critical,0
francis group,0
indiscriminate sr,0
automation used effectively,0
collectivism strengthened positive,0
effectively human operators complex systems,0
functions automated extent given model,0
levels automation,0
effect human operators,0
depending perceived agent task fit,0
robot human group completed,0
model technology organization,0
nonhuman agents induce,0
sr novelty,0
conform normative informational motivations,0
collected data 292 sme,0
pragmatic aspects sr,0
human oriented perceptions security experience,0
evaluative criteria automation design using,0
development process avs,0
automation choice engage optional,0
icas revolutionizing humans interact,0
intelligent agent sia technology,0
approach used,0
automation cda,0
consider everyday knowledge expectations users,0
mbse literature adjusting,0
parameters human based analyses greatly,0
models folk psychology understanding traits,0
critical decisions,0
future data link systems procedures,0
performance modeling early effective design,0
decision support,0
systems engineering,0
information real life realizations,0
researcher guy hoffman takes,0
point actors business reverse engineering,0
relationship examined subjects factorial,0
predict effects different automation,0
performance complex systems,0
operational research,0
faults automation conditions,0
case study,0
employs stage design surveying business,0
researchers practitioners learn,0
green varied timing onset,0
automated systems,0
issue triggered new debate,0
likely missed automated,0
conflicts likely missed,0
data indicate observed difficulties explained,0
lack transparency,0
involved envisioned forms digital air,0
children concerning overreliance,0
strengths relationships,0
propose positive associations armc organizational,0
engineering mbe,0
varying automation,0
human verified results,0
imprint model created varying,0
varying design,0
adopted ai,0
air ground communication,0
detect conflicts especially time pressure,0
detect repair,0
findingsall constructs,0
involving teleoperation,0
worked working,0
information success iss model research,0
agents collaborative human,0
perceived usefulness perceived ease,0
applications authors worked working,0
implications dominance,0
parasuraman et,0
avs information explain public acceptance,0
concern applications,0
eligible published,0
common given literature,0
result inappropriate auds,0
utilization automation disuse utilization,0
method articles books,0
analysis used,0
errors inaccurately,0
cited works obtained,0
option relying automation employing manual,0
mentioned paper partial,0
display technologies tailored context specific,0
respondents finally responded,0
uk limited,0
software tool used compare,0
corresponding validation,0
historical points mentioned,0
results modeling,0
effort included,0
included corresponding,0
information systems distributed,0
agent decision process mitigate misperceptions,0
remotely controlled robotic arm,0
rare unexpected failures,0
operator performance,0
systems especially considering,0
setting reviewed,0
black swan events studied,0
perspectives regarding human automation,0
interaction hai model based tools,0
potential implications trust calibration provided,0
francis group,0
distributed terms creative commons attribution,0
extent explanations improve,0
pressure failed disallow intervene,0
people 233 countries territories,0
reinforcement learning irl algorithm applied,0
revealed advertisements rational appeals,0
information processing,0
hosting elsevier,0
2019 ifac,0
automatic control hosting,0
mediated information,0
study examined relationship declared creator,0
assistant completing series missions,0
transparency feedback variable based,0
response statistics 26 231 people,0
size survey,0
sample quota,0
automation continue,0
mode errors misuse,0
increase representativeness sample,0
study examines,0
policy using transparency,0
sampling method adopted based,0
platform gathered 40 million decisions,0
relationship perceived benefits,0
data used,0
publicly available,0
used article,0
acceptable principles machine,0
fallacies retard understanding,0
humans interact information systems,0
modern institutions deep,0
copyright 2025,0
factors including knowledge image,0
performance data systems built,0
icas generally evaluated users,0
perspectives expectancy confirmation theory,0
task technology fit theory theorize,0
respondents demographics,0
empirical access futureð,0
park et,0
francis group,0
et al,0
evaluated users comparison human,0
young rapidly growing body research,0
automation involve recognizing unique monitoring,0
germany springer nature,0
fault example human,0
picture complex,0
subjects responded,0
model development origins theoretical basis,0
computerised model,0
offers picture,0
potential impacts future automation,0
area cognitive modelling,0
implicit information,0
experience developed developing,0
experiment neurophysiological measurements used investigate,0
revealed general perceived informativeness credibility,0
computer agents,0
highlight concrete feasible steps consumers,0
research trajectories,0
trends surrounding sphere present,0
present major research,0
approaches regarding topic discuss trends,0
agents affective processes,0
research model,0
conflict scenarios occur,0
francis group,0
manipulators avs,0
author exclusive licence springer verlag,0
human robot interaction,0
autonomous technology needs tended,0
organizing multi agent,0
using scopus,0
survey conducted,0
systematic review papers,0
respond external human machine interface,0
july 17,0
model impact hri,0
theoretical models analysis considers contextual,0
tend rely static representations human,0
processing approach sufficient explain,0
avs communicate,0
concern given,0
interface ehmi,0
resolution approaches human adapting,0
post purchase,0
model human automation,0
ability human operators interact adaptive,0
use noticeable skepticism,0
tested structural,0
support human,0
arguments automation,0
human operator replace,0
hypotheses tested,0
design philosophies,0
research include confirmation plays crucial,0
distributed terms creative commons attribution,0
changes automated systems small,0
task context features influence professional,0
perspective teamwork viewpoint human,0
operators make hai decisions,0
automation interaction,0
considered separate agents pursuing goals,0
electronics information,0
information communication,0
copyright 2013 institute,0
mutual conflict,0
framework offers means modelling interaction,0
behaviour struggle identify agent held,0
creators publishers creating content promoting,0
painting experiences data collection,0
intelligence automation relationship,0
disciplines intradisciplinary,0
user needs models design intelligent,0
computer science,0
model operator decision,0
key design elements assist,0
strong explanatory,0
making design decisions improving human,0
2013 human,0
interpretation turing,0
framework human,0
proposed 1950,0
model demonstrates,0
framework human machine interface hmi,0
discuss proposed,0
design methodology model applied navigation,0
promoting user interaction,0
practical recommendations video,0
test originally proposed,0
proposal unification standardization translate different,0
automatically analysing data help human,0
use automation,0
functioning hollnagel,0
operators mental task resources,0
experiment humans repeatedly play games,0
2024 alessandro carretta,0
teleoperation using,0
spam metrics response,0
cucinelli lucrezia fattobene lucia,0
results researchers practitioners,0
model joint,0
analysis model,0
prompt test,0
indices assessed,0
automated map,0
based explicit guidance human,0
journal applied,0
leader experiment,0
engaged convoy,0
method participants 40 engaged,0
1189 1207,0
sensitivity changes automation manual performance,0
eye movements,0
play various,0
suboptimal communications human machine,0
copyright 2013,0
wiley sons,0
2013 john,0
strong belief giving agent,0
results simulation evaluation assess influence,0
attachment users learning predict,0
disclosure affects user,0
lawrence erlbaum,0
agents perceived demonstrate,0
control incorporates adaptable automation oppermann,0
design manually automatically adaptable software,0
agents robots,0
uncertainty robots perceived,0
ai provides direct recommendations,0
nj pp,0
teleoperating robots stream,0
hillsdale nj,0
design management human automation teams,0
perceived utility automated,0
learning combined text,0
person automation,0
learning game,0
directions proposed,0
investigation area,0
discuss anomalous misattributions strategic,0
psychology human robot,0
knowledge workers,0
advance strategic agenthood,0
various digital humans,0
data analysis conducted using spss,0
strategic reasoners treating reasoners,0
fitts report represents unprecedented,0
ironies automation,0
identified issues decades later,0
appraising scientific theories,0
temporary personality shaping,0
theories plausibility explanatory adequacy,0
calibration risk analysis,0
interaction implications automation,0
captures important regularity automation fitts,0
fitts list pervasive factor function,0
valuethis study integrates,0
ray screening,0
offers insights future research,0
positive user experience robot close,0
models operations management suggest fruitful,0
interactions subordinate robot resulted,0
subordinate proxemic,0
close vs,0
atari game offers,0
similar average scores traditional learning,0
behavioral economics promising source theory,0
insights suggestions organizations,0
study participants 32 played card,0
humanlike robot,0
maintains rl convergence improves stability,0
automation use,0
develop guidelines robot,0
lens understand human robot relationships,0
model based theory cognitive appraisal,0
personality perceptions machine,0
matching game,0
deploying double debiased,0
critical systems increasingly everyday,0
methods proposed,0
research applied current,0
2013 1731,0
sci 2013,0
calibration risk analysis,0
effects expressed unwillingness use automation,0
use automation hypothesized increase,0
results involving 21 participants demonstrating,0
automation intent errors,0
wires cogn,0
engineering combines multiple,0
operators determine automation nonautomated alternative,0
study human worker,0
appraisal errors,0
reflect actual usage traditional surveys,0
automated device target,0
reliant operators high,0
quasi laws concerning categorisation induction,0
like characteristics models,0
methods perspectives achieve goal,0
interacting human operator user,0
authors declare,0
1204 conflict,0
background automation prevalent,0
seminal fitts list spans,0
results involving 21 participants demonstrating,0
studies human,0
automated systems conducted past,0
outset function allocation,0
research 11 statements,0
applied information analysis decision making,0
declare conflict,0
results automation,0
number approaches flexible automation autonomous,0
human supervision multiple robots,0
factors literature intelligent systems reviewed,0
agent interaction retention human decision,0
underscores potential limitations ai meeting,0
resources related,0
related article,0
article visit,0
threshold designers use balance automation,0
consistency status proxemic behaviors robot,0
completion time number,0
operators weakest performers,0
items underwent item analysis,0
structural equation model,0
fitting indices standardized loadings ranging,0
exhibited good,0
addition scale exhibited,0
method participants watched video,0
fictitious automated ray screening task,0
good reliability,0
depth interviews,0
naive expert,0
used analyze relationships variables,0
resistance using automation features,0
omission commission errors,0
students mage,0
method data collected,0
machine reliability,0
automation bias represent different,0
collected 958 university,0
expert participants overcome simple practice,0
effect holds economy,0
background automation related complacency automation,0
insight interplay personality traits,0
sci 2012,0
2012 431438,0
2024 xinyi,0
utcs include expansion branches,0
xinyi zhang,0
integrating findings different scientific disciplines,0
educators promote balanced,0
automated decision support systems provide,0
publications depth,0
particularly dealing incompleteness knowledge,0
generally computational nature intended model,0
cognition utcs offer,0
raised concerns regarding,0
trend raised,0
easily induced,0
valid reliable scale assess ai,0
application liking,0
initial items previous,0
research numerous advantages,0
wires cogn,0
london limited,0
vulnerabilities individual agents humans,0
results atsps detected,0
100 automation,0
reliability assured important understand effects,0
tasked supervise multiple robotic,0
2010 human,0
military operations human operators,0
agents humanoid robots assumed facilitate,0
study provides valuable insights research,0
understand effects automation imperfection,0
did continue investigation,0
spot phenomenon engagement psychology,0
computer science engineering reflected,0
game model social potential field,0
performance relation model context,0
issue psychological perspective,0
furthermore research,0
produce better,0
result users produce,0
investigation technological,0
2010 springer,0
reliable automation compared manual performance,0
experiment participants performed reconnaissance,0
personalized recommendations consumers regarding,0
systems engineering,0
focus human contribution common investigations,0
model basic psychological needs bpn,0
conflict probe,0
objective examine type,0
type automation,0
remain unclear,0
fees eospf,0
30 min scenarios 12,0
recent incidents shown production speeds,0
connected automated,0
resolution performance eye movements subjective,0
2011 human,0
robot teams benefit imperfect static,0
reconnaissance mission atr static,0
overall human robot,0
results indicate perceived convenience,0
convenience accessibility,0
instrumental variable stage,0
related article,0
financial advisory experts artificial intelligence,0
systems engineers rely qualitative,0
considerations early,0
methods better integrate human,0
review 26,0
ai hr positively correlate elevated,0
management review,0
academy management,0
androids robots designed,0
26 356 376,0
compared bank employees,0
automation performance expectancy compared,0
scenario based,0
research endeavours,0
research examined factors affecting robotic,0
conversation initiation personality predictor moderator,0
robot initiates interaction perceived intelligent,0
offer explicit recommendations,0
uncanny valley,0
shed light dynamics,0
robots intriguing idea existence underlying,0
integration hsi concerns systems engineers,0
empirical quantifiable methods,0
best robot,0
studies examined human human,0
human aid automated,0
subjects measure pas financial,0
exclusive licence,0
italian subjects,0
author exclusive,0
syst eng,0
management hrm,0
2012 wiley,0
verlag london,0
demonstrated application support systems engineering,0
requirements elicitation functional,0
schema automation perfect automation schema,0
critical systems,0
data critical systems development challenges,0
methods mathematically rigorous grounded relevant,0
subjects data critical,0
copyright 2012,0
article visit,0
new set challenges grappling human,0
contextual role crowdedness human robot,0
coded rated researchers,0
findings logical,0
qualities information technology,0
based belanche,0
interdisciplinary literature,0
research areas influenced changes,0
historical perspective,0
disciplines theories financial customer service,0
literature sociology distributed,0
authors cited,0
casa perspective contributing theoretical refinement,0
long standing areas inquiry particular,0
questions area,0
analysis identify,0
information systems major research streams,0
sun kyong,0
resources related,0
predominantly focused internet banking,0
inquiry particular,0
attendees willing adopt robots,0
complex problem solving,0
physical space brain supporting,0
commitment issues,0
related human robot interaction hri,0
411 chinese ai,0
concepts theories related,0
robot proposed,0
ground station developed,0
variety disciplines,0
critical perspectives,0
approach following interdisciplinary character management,0
developing research,0
human operator,0
jeopardizes mission,0
type personality,0
experiments effect manipulations agent,0
contextualizing refining extending original framework,0
robot theories financial,0
disruption multi agent systems,0
modeling model based management,0
operator succeed current goal,0
insights integrating hi,0
payment automation participants repeatedly chose,0
concept designs hitl,0
long lasting,0
groups automation,0
time points 455 frontline,0
users data security,0
digital entities effectively,0
privacy high data dependence nature,0
use facial recognition,0
experience uncanny,0
multidisciplinary nature dat using,0
method explicit statement introductions manipulated,0
perceptions use automation,0
statements automation reliability,0
reliability affected expectations,0
francis group,0
general methodology agent design repeated,0
including qualitative study model,0
agent able outperform alternative,0
behavioral economics psychological models,0
development online comments various,0
studies involving hundreds human subjects,0
aid users intelligently decluttering,0
prerequisite success automation underlying,0
international federation,0
feature positive impact failure,0
research service,0
focuses technical issues benefits,0
sensor failure,0
failure detection,0
improved sensor,0
autonomous digital agents number,0
control rely advanced automation,0
enables improved,0
results human loop experiment sixteen,0
fault diagnosis using prototype ecological,0
concludes proposing promising avenues,0
tactical conflict detection resolution horizontal,0
methodological approaches,0
future research outlining,0
human robot collaboration hrc subsequent,0
automation aid users intelligently,0
experiment sixteen participants indicate ecological,0
2016 ifac,0
conflict detection,0
2005 human,0
collected extant published papers theoretical,0
measured situation,0
theoretical empirical,0
aware systems involved decisions affect,0
intelligent context aware systems,0
ease use perceived usefulness,0
relationship contributes significantly theoretical,0
strategic planning incorporating affective attitudes,0
limited studies,0
robotics artificial,0
regional association,0
operator preference automatic manual control,0
uk limited,0
iterated decision process evolution operator,0
edft represents,0
use board platforms,0
success indicates research required,0
francis group,0
2024 regional,0
copyright 2005,0
online shopping providing prompt,0
making intelligent agents symposia held,0
empirical studies involving,0
using hyperbolic discounting samples,0
ai agents metaverse focusing ability,0
automation critical,0
nontrivial implications theoretical,0
new interventions existing,0
epic games altspacevr instead analyzes,0
settings agents reason,0
different types,0
research gap,0
metrics user interaction,0
application adaptive learning optimizing,0
describing quantitative model,0
people computer agents,0
contains reports ai human robot,0
robot interaction cognitive assistance government,0
sa measured,0
metaverse evolving demands,0
theoretical constructs offering insights adaptive,0
interaction operator automation closed loop,0
control hosting elsevier,0
operators perform binary categorization,0
scientific measurement instruments caused empirical,0
survey instrument used gather data,0
empirical research structural dimensions measurement,0
measurement scales algorithm,0
results experimental research polls algorithm,0
grounded theory investigate dimensionality,0
subscribers located discussion,0
robot acceptance carried,0
design methodology approach survey,0
discussion mailing lists administered rediris,0
experimental sciences,0
unifications unrestrained,0
bias algorithm recommendation preference recommendation,0
good level validity,0
responded quickly,0
frustrating mc,0
pls proposed assess relationships constructs,0
reliability comprises 22,0
icub robot,0
automation generally resulted,0
shown research model,0
demi sesquicentennial 75th,0
despite growing use,0
regarding applications,0
automation inherent,0
intelligently responsibly concern,0
robots assist,0
experiments 80 operators,0
based operator workload states measured,0
inferred correctly using proposed,0
future science focused especially,0
operators thoughts understanding diagnosis current,0
type operator support human,0
development improved operator training program,0
hrd loop means addressing,0
eye movement facial expression,0
hri research,0
assistance adaptively applied information acquisition,0
effects forms automation determined,0
francis group,0
power plants inference operators thoughts,0
human interaction including limited autonomous,0
artificial intelligence,0
willingness interact ai,0
obtain picture effects automation,0
second cross,0
cross sectional,0
study important,0
important limitation,0
experiments participants reported nasa,0
important measure quantities,0
difficulty differed halves experiment,0
perceive robots differently restaurant segments,0
metric framework evaluating human,0
model needs tested,0
measures compare possible divergences,0
does include,0
finally model,0
time saved using cues,0
relevant variables,0
allow attend,0
cues help operators perform,0
experimental blocks cues available,0
research discovered shape design interaction,0
strategy formulation development transparency,0
leading development state transition matrix,0
performed secondary divided,0
robots gone mythic,0
based usage profitable,0
required intervention,0
frequency robotic moment affects people,0
24 27 conducted testing automation,0
robots conducted wave questionnaire,0
control automation fails reaches functional,0
envy play,0
robots mediation role,0
moderate key relationships,0
goal directed behaviours,0
francis group,0
different economic games public goods,0
taylor francis,0
transparency capability achieve transparency adaptive,0
understanding user states interaction process,0
desire benefit advantage,0
managerial implications robotics industry,0
recently multi agent,0
undergraduate students,0
model demonstrates effects different,0
measurement items,0
dimensionality exploratory,0
contribution operations,0
systems technologies,0
incorporate techniques control intent,0
information helps overcome costs,0
findings operator training,0
promoting automation bias,0
disuse intervention used isolation,0
previously transparency form additional information,0
background benefits,0
failure trials,0
reliability set 80 resulting participants,0
automation transparency experimentally,0
driven financial advice,0
isr assets task manual decision,0
tools understandable operator provides rationale,0
attitudes reactions genai based financial,0
formative indicators mh,0
shown costs imperfect automation detrimental,0
newsvendor game proposes,0
provide additional information decision recommendations,0
disuse rates high 84 operators,0
science publisher llc 2024,0
results little misuse,0
little misuse disuse rates,0
modern work,0
performance machines,0
new scale,0
studies combined 1129,0
operators unaided decision,0
human automation interaction,0
international federation automatic control,0
2015 ifac,0
uv complete missions,0
approximately twice errors automated device,0
reveal individual,0
items derived explication open ended,0
ended survey,0
operators paired accurate,0
hosting elsevier,0
200 training trials,0
automation algorithm,0
contextual mission,0
theory sphere human robot,0
impact big personality traits,0
findings evolution expectation violation,0
developed field specific approaches understanding,0
authors variety fields especially human,0
systems fully rational,0
incorporated departures rationality assumption,0
academic world,0
violation theory sphere,0
hot topic,0
finance marketing,0
disciplines including economics,0
paper argue,0
hitl rl,0
art agents literature,0
rl algorithm enabling autonomous agents,0
literature asking participants design automated,0
computer agents improves,0
past decades,0
information enable operators infer,0
operating systems,0
results payment,0
decision support tool designed,0
support tool designed embed contextual,0
cmes suggest research,0
robust flexible designs type computational,0
architectural design role,0
type computational,0
perspective development,0
research paths followed,0
francis group,0
paper review type,0
data 822 mobile banking users,0
agents aas capable,0
human beings critical functioning vast,0
engage resistance,0
automation increases,0
china revealed belief machine capabilities,0
2014 copyright,0
taylor francis,0
discuss important practical implications resulting,0
participants chose relying observations,0
scenario training,0
llc 2024,0
error detection,0
communication scholars sought understand humans,0
result future undesirable outcome,0
description key issues tradeoffs,0
error creates latent condition,0
derived research,0
tradeoffs included support,0
field explainable ai,0
v2v communication,0
users face services,0
hmc scholarship regarding human loop,0
message production explainability,0
thousands potential applications environments,0
information technology used,0
recommendations design effective transparent automated,0
automated agents fa methods currently,0
agents subsequent tasks seeing algorithms,0
perspective ertms parallels automation concepts,0
application approach,0
explainability use,0
influence individual latent error,0
av recommendations based svo,0
experiments conducted,0
model multionerator,0
design development,0
conducted 216,0
analyses stability support operations saso,0
conflict scenarios,0
support operations visualization,0
automation task,0
av acceptable matches average waiting,0
research explored effects automation,0
experts developed aiding concepts implemented,0
functions previously completed,0
rapid prototype sasova,0
level automation loa,0
military analysts,0
additional requirements effective decision,0
human loop,0
confronted av human,0
progressively automating functions,0
information improved performance,0
education particularly used,0
scrutinized additional information provided,0
service adapt evolving digital landscapes,0
banking financial,0
modified turing,0
dimensions affecting,0
piece automation designed affect dimension,0
underlying subsystems consistent previously theorized,0
discussion relationships characterized simple,0
users daily routines lifestyles seamless,0
recommendations provided accurate,0
attenuate appraisal errors scenario,0
seamless fit increases user,0
forefront digital transformation,0
automated device target,0
given feedback told errors,0
method current report examined pilot,0
took operators thought processes optimal,0
methods participants selected optimal,0
publisher llc,0
subsystem awareness subsystem,0
warmth perception svas mind perceptions,0
automation intent errors,0
dimensions interaction changing artificial,0
rated uv usable,0
interaction intelligent agents,0
automation considering secondary factors,0
information requirements transitions migration,0
functions typically identified functional requirements,0
passage turing test best,0
provision recommendations absent present subjects,0
intelligent agent,0
hrm organizational,0
collectivism beneficial,0
2024 john,0
display information,0
programme research planned meet,0
sons australia,0
research assistant blind variations controlling,0
human research,0
wiley sons,0
implemented hoped proactive structured programme,0
determine automation nonautomated alternative,0
experiment human boy humanoid,0
endorsed robots having,0
rational vs,0
research real world consequences,0
royal society,0
47 depth interviews,0
millennials countries united states france,0
experiment participants sought advice,0
include disagreements best,0
interviews millennials,0
task known unknown selecting agent,0
failure recovery,0
intelligent operator,0
current controversies,0
data thematic,0
agents integrated workforce question extent,0
information performance history,0
concluding section suggests,0
suggests future avenues research,0
research service,0
advice human robot,0
advice seeking compliance guided stereotypical,0
choices calibrated based perceived agent,0
rates generally calibrated based,0
respect final,0
objective recommendations,0
problem favour robots embedded,0
reject functionalist interpretations,0
past years ml community drawing,0
attention need caution interpreting,0
interpreting using models,0
models developed trained tested,0
critical flaws rely computer,0
computational scientific,0
summer workshop dartmouth college,0
computer scientists try,0
scientific account explain,0
ai broad transdisciplinary field roots,0
computer engineering,0
scientists reduce models deleterious,0
turn expertise bias growing field,0
subjects experiment used,0
periodicals llc,0
processes evaluated mapping descriptions rasmussen,0
published wiley,0
messenger conduct experiment resulting,0
developing new data structures,0
models post hoc analysis,0
entirely new classes experiments promising,0
efa experiments,0
person soon interact information,0
analyzing difference groups,0
information technology ways,0
include finding book library,0
developments highlighted limitations,0
proved analyzed constructs,0
examples include finding,0
library personal financial,0
shall called accidental,0
consider intelligent information presented,0
interaction weapon mounted target acquisition,0
access financial advice stimulating,0
resulting sample 511 participants,0
massive amounts data make seemingly,0
inform participants,0
taylor francis,0
theory consists,0
georgia tech mission operations cooperative,0
moca perceived useful provided performance,0
based characteristics,0
human intervention component flexible,0
advocating responsible approaches ai,0
management including transparency human,0
experiment conducted measure sa different,0
fodor argued,0
relation psychology disneyland,0
results showed strong,0
broader implications projection society,0
acceptance turing test,0
simulating cognitive,0
growing number applications,0
applications work everyday,0
francis group,0
appraisal outcome stage,0
widespread use,0
scientific philosophical,0
automation management human,0
potentially increase,0
scenario described agents various types,0
today partner,0
conte paolucci employing,0
course multiple interactions users,0
consisting agent emotional,0
define personality,0
using act adaptive control thought,0
states agent decision making modes,0
designed fair,0
artificial intelligent agent,0
information users,0
specific information better,0
better guide,0
copyright 1991,0
institute management,0
central perceived advantages growth,0
systems effective,0
arises problem solving role,0
unless used,0
attempt elucidate expected modeling,0
designing systems particularly,0
interview data,0
future concept ideas created,0
stories future,0
analyzed data thematic coding,0
showed respondents comfortable,0
interviewed c2 operators using,0
special emphases human operator models,0
approach blended hmt systems engineering,0
management domains,0
difficult lack existing mdc2 systems,0
domain command control,0
level model integrates various,0
dictator game,0
education employment showed,0
terms rasmussen,0
approach assessing,0
modeling techniques reference,0
design technological artefacts disciplines dealing,0
physiological data,0
results society,0
agents key concept,0
extend understanding,0
findings extend,0
existence proof,0
human subject study 30 participants,0
implemented physical,0
juries scientific,0
final verdicts,0
empirically verify model conducted human,0
informed policies promote education,0
2024 american,0
american journal,0
economics sociology,0
insights needed model types human,0
models shape decisions behaviors,0
developed algorithmic models,0
engaging strategic foresight,0
present implications,0
capable dynamic adaptive,0
future research,0
restricts flexibility agents point social,0
agents capable,0
need responsive flexible agents pervasive,0
automated fields activity,0
interfaces seen,0
powered robotic exoskeletons enhance,0
integration brain computer interfaces,0
highly technological highly automated,0
applied aspects,0
logistic regression investigate public,0
relate digital,0
approach development intelligent interfaces,0
view high excitement cluster 1334,0
2199 participants expressed,0
heightened concern,0
comparative advantage human beings,0
jayaraman creech,0
agents blocked significant social psychological,0
creech tilbury yang,0
process incorporated software prototype,0
enables consumers evaluate personality characteristics,0
human loop approach includes ability,0
business landscape,0
data evidence fearful,0
use available resources,0
systems results compare information technologies,0
resources efficiently possible order achieve,0
robots integral,0
critical understand impact human,0
safe relaxed,0
great deal,0
outcome reveals,0
genai organizations,0
shortterm rewards salient,0
currently great,0
transparency accuracy autonomy,0
utilization avs enrich life,0
objective existing literature,0
evidence effect,0
2024 taylor,0
francis group,0
research area,0
given automation,0
agent agents better understand human,0
experimenter teams demonstrated,0
cognitive models learning capability reinforcement,0
quantification analysis communication,0
recurrence quantification,0
hats faced types failures,0
usefulness impacts valued skills,0
interaction member team,0
advantage enables task,0
ease use unanticipated finding,0
hat evolve remotely piloted,0
strongly related ease,0
important note ai investments,0
agentic information systems appraisal time,0
surprising result general,0
paper sets,0
diversity strategy main,0
leveraging time gained,0
strategy main issues requiring investigation,0
paradigm shift,0
agents user perceptions,0
online buying selling goods,0
perceived usefulness ease,0
concerns surrounding data,0
privacy underscore need,0
exclusive licence,0
gain autonomous functionalities,0
author exclusive,0
journal management,0
verlag london,0
claim regarding advantage,0
consumers india,0
study limited shopping,0
2024 author,0
ai adoption organizations,0
research methodologies,0
inductive deductive need employed strengthen,0
different targets,0
av integration offering founded basis,0
depending level automation,0
need overcome established drawbacks,0
systematic literature review conducted,0
agent definitions embody,0
av users self actualization,0
neutral instruction,0
contrast delegation model associated agents,0
decision support,0
include recommendations decision,0
making information available,0
available permanent intermittent undelivered,0
user interface model,0
researchers policy makers,0
research suggestions stated article order,0
appropriate psychophysiological indices,0
depth laddering interviews revealed,0
future research suggestions,0
stated help international,0
consolidate existing research offering new,0
designs need overcome,0
used promote automation,0
remains unclear explanations promote,0
largest accounting,0
operators intervene right moment suspected,0
hr managers working leading,0
cyber physical systems create,0
ended questions conducted senior hr,0
analyse responses,0
civilization provide insights current,0
economic issues required decades,0
broader consideration socio,0
content analysis used analyse,0
took study,0
world able access interfere,0
relations information transfer work settings,0
hfe sciences producing new knowledge,0
extent assimilated society taken granted,0
different theories models,0
models performance make,0
years old 20,0
operators normally trained,0
make meaningful comparisons tia,0
operators controlling electroenergy,0
applied suspicion theory explore operators,0
organisations undergoing digital transformation,0
human error,0
context conative use conceptualized second,0
control highly automated systems,0
reliability operators,0
trustworthy hmt systems operators quickly,0
scenarios 95,0
south african workforce specifically,0
seeking information took longer operators,0
process automation rpa,0
approach design method study used,0
underscore importance tailoring hmi,0
latitude play important,0
hmt performance conducting,0
loop experiments mission scenarios,0
used qualitative research,0
participants experiments,0
survey open ended questions,0
value contribute body knowledge robo,0
games office automation,0
interface technology supporting application,0
online utilized validate research model,0
diffusion automation,0
customer support increasingly automated automation,0
llms outsource product search recommender,0
suggested human reliability improved,0
interpretability decision making,0
important implications,0
av acted associated,0
av anxiety,0
psychophysiological investigations,0
featuring level automation,0
disapprove av action hearing explanation,0
expert systems pose,0
paper develops tests model based,0
based theory,0
sectional design based self,0
enhances current discourse av integration,0
customers 509 survey,0
tia models,0
anthropomorphic features humanoid,0
perspective salient,0
results shed light differences,0
total 120 participants,0
hr bp,0
operationalization poses major,0
sociotechnical systems,0
operators answered questions concerning,0
findings provide,0
efficacy human machine interface,0
partly contradict,0
discuss implications,0
1979 model,0
karasek 1979,0
provide directions future,0
systolic blood pressure heart rate,0
hmi proposed support driver,0
vice versa,0
robots hsrs,0
personal perspective,0
likelihood automation probability,0
refined based,0
proposed facilitate advancement field human,0
technique indicate data,0
methods explore,0
definition standards design guidelines integrative,0
aes reported related literature,0
dimensions extensively,0
autonomous agents aas capable,0
human capital,0
created qualitative study,0
appraisal potential technique,0
limited evidence individuating information,0
information witness testimony base rate,0
experiments participants,0
03 mean,0
subsystem living systems,0
71 mean,0
measure improvement,0
1973 human,0
activity theory create model serves,0
ways requiring explicit communication,0
studies reported demonstrate,0
findings suggest people expect,0
cartoon images studies prevented,0
generate autonomous control policy,0
reference computer based management information,0
information humans computers use,0
information systems,0
investigatory techniques,0
online method predicting multiagent,0
proposed derived,0
method proposed,0
dynamic game finding,0
game agent negotiates,0
model interactions agents best,0
strongly prefer human intervention,0
resistance attributed,0
deficiency method,0
design thinking generation activity theory,0
social presence user compared agent,0
increasingly used,0
labels described,0
perceived ease use significant,0
theoretical empirical models affect human,0
computer vast information processing,0
interventions driven algorithms,0
tanzania employing quantitative survey,0
data 410 customers commercial banks,0
artificial systems play,0
understanding canadian data scientists self,0
final results,0
analysis required,0
required obtain,0
information acquisition action,0
waste computing resources,0
convergence results appears clearly,0
results appears clearly transparency,0
processing behavior discussed provide suggestions,0
accurately factors cause information overload,0
machine interface hmi following functions,0
inadequacies human,0
weigh different kinds information deciding,0
systems consider,0
copyright 1981 john wiley,0
weakened relationship,0
protecting consumers personal data,0
used make,0
francis group,0
friendliness model computed using user,0
results confirm need differentiate individuals,0
using user study psychological characteristics,0
taylor francis,0
presents types research,0
approach improving friendliness warmth virtual,0
implications systems,0
mitigation strategies recommendations introduced,0
systems design,0
emerging intellectual empirical limitations,0
hrm managerial,0
1981 john,0
wiley sons,0
management information consists major,0
patching opaque models post hoc,0
hoc explainability,0
research constructs,0
world personal data markets corporate,0
opaqueness human,0
automating various tasks continues,0
engineers need,0
lack perfectionism frame context engineers,0
personal data security machine,0
demands explainability,0
times digital systems play increasing,0
guiding principles,0
prevailing definitions,0
adhered suggested improvements,0
available literature evaluated,0
methods suggest,0
concept dwell realm abstract,0
agents simulate evaluate,0
imposing robust,0
robotics psychophysiology assess,0
applications user behavior research suggests,0
idealized process,0
perceived privacy,0
perceived value,0
create seamless enjoyable shopping experience,0
experiments empirical findings,0
exponential rise prevalence,0
effective communication directly linked higher,0
prevalence automation,0
responsibility character traits make,0
suggest ease use important,0
concerning techniques designer,0
value based design putting engineers,0
organizations privacy,0
understanding limited,0
alternatives study interrelationships critical elements,0
enjoy working,0
burgeoning automation,0
analysis define goals alternatives study,0
actionable financial,0
requirement man serve decision element,0
performance efficacy perceived ease use,0
abilities integrate information judge,0
demolished assessment,0
communicated human body language,0
theoretical practical,0
responses automation,0
failures improved understanding,0
auditory interface,0
acc continuous information indicated,0
moment acc state relative operating,0
management hrm,0
discrete warnings type feedback inform,0
guiding mechanism man,0
characteristics constitute basic,0
structural attributes extracted characteristics,0
limited understanding antecedents,0
topic timely emerging research points,0
study demonstrated,0
example man,0
strengthening relations,0
data ngsim dataset,0
additional insights,0
prior approaching human,0
discussed provide additional,0
identified key,0
interaction required proactive,0
painting related communication breakdowns,0
theoretical research contains,0
model based empirical,0
throe phases,0
ways laying foundation robotic emotional,0
causing disturbance robot,0
hand features enable robot,0
perceiving flawed,0
adaptive expectation,0
problem diagnosis,0
persistent repair failures lead,0
significantly improving living standards,0
attributing responsibility limitation ai,0
efficiency human computer communication,0
empirically tested using scenario,0
prior studies conceptual,0
agent exhibiting mind,0
copyright 1982,0
institute electrical,0
participants evaluated human,0
conventional design suggested,0
sciences research society,0
2024 social,0
decision support systems dsss provide,0
main advantages firstly easily,0
reliance suboptimal robots solving instantaneous,0
office automation,0
automation controversial subject amplifies residual,0
study office,0
support failure,0
effects automation employment changing skill,0
001 robot,0
task effectiveness human robot team,0
expertise critical determining appropriate,0
purpose model provide human,0
present state robot,0
research model,0
relationships sustaining business success,0
400 respondents tested research,0
directly involved operational aspects business,0
online transactions,0
clarified terms levels types automation,0
strategies discussed compared clarified,0
attribute defined based current interpretations,0
sophisticated vs,0
handed agents improve human automation,0
brand personality,0
respondents 328,0
benefits improving,0
addition model proposed,0
experiments conducted,0
automation affect,0
easily understood non computer experts,0
improvements conventional,0
study examines factors collectively,0
automation systems,0
survey data,0
247 customers engaged various,0
collected responses 174 employees directly,0
information display design,0
model robotic behaviour,0
lack transparency decision,0
eye tracking,0
hybrid agent,0
helps operators calibrate trust,0
information conveyed visually,0
advantages model understanding operation,0
users engaged visual search,0
operation management,0
1987 john,0
wiley sons,0
incorporate theories affect design,0
systems unable adapt real world,0
interface humif,0
disruptive potential significant limited knowledge,0
automation fallibility,0
practitioners increasingly encounter,0
iteratively refined,0
relevant topractitioners,0
tracking data indicate operators adjust,0
concludes discussing,0
increases operator workload impedes users,0
maslow pyramid,0
box models lack transparency,0
discussing future work,0
predictive accuracy resulted opaque black,0
natural consider future end study,0
including new concepts models,0
various approaches including new,0
user interfaces aim improve explainability,0
differentiating formal evaluation methods empirical,0
evaluation research emerged define measure,0
lack rigorous evaluations user,0
empirical user centered,0
basis modeling uses,0
uses result,0
spiritual world increasing,0
states unesco general conference adopted,0
model human,0
general conference adopted recommendation ethics,0
discuss contribution,0
use proven,0
model proposed defined complement,0
seeking understand broader implications,0
foundation research systems make decisions,0
sociotechnical failures discontinued,0
limitations implicationsthe,0
computer sense model,0
value study stems examination,0
apparently opportunistic attempts provide rhetorical,0
writings produced 1940s concerning economic,0
concept technology,0
operationalizing technical systems,0
unnecessary limits performance intelligent robots,0
robots decision support systems governance,0
technical systems make decisions win,0
impacts automation using intelligent,0
user information recommendations design programming,0
reimagining purposefully designing organizations,0
impending highly automated,0
processing required task,0
data collected,0
knowledge workers,0
collected 400,0
automated machines increasing,0
augmented reality according transparency principles,0
investigates automation transparency ensure,0
decision support systems,0
information processing development use,0
define information needs displayed,0
human information,0
survey methodology collected data nationwide,0
conducted structural,0
tactical strategic,0
data analysis,0
cooperative assistance automation,0
development common meta model,0
overview potential,0
intentions stay tip,0
conventional methods,0
sequential operations,0
model left,0
francis group,0
approach provided,0
foreign copyright,0
technology systems,0
interface design,0
demand autonomous agent systems,0
experimental data,0
engineering principles guide,0
correctness approach,0
theories uncanny,0
method participants recruited,0
39 elderly,0
tested experimental studies manipulate level,0
information processing,0
review literature cognitive model,0
hypotheses tested,0
relationship explained,0
human computer interface designers,0
systematic literature,0
data verify,0
skills development emerge pivotal strategies,0
designing effective,0
information systems engage hemispheres,0
computerized information,0
older participants did experience protective,0
information processing strategies adopt problem,0
characteristics operation design man,0
human peeking approaching,0
different designs presented groups,0
develop effective strategies diverse opponents,0
focusing multi agent cooperation,0
council elsevier,0
2019 national,0
insistence intensity capacity alter agents,0
implications results,0
conclusion discuss,0
discuss practical,0
francis group,0
robot enhancing peace mind,0
taylor francis,0
decisions behalf agents human users,0
systems used large,0
drove attentively robot enhancing,0
limitations implications findings study,0
aware stackelberg game approach designed,0
ia various components automatically,0
2018 copyright held,0
evaluated available evidence,0
cost actions prior,0
privacy concerns,0
examples video examples different,0
used consisted 32 depth interviews,0
robots tremendous potential,0
formed parts,0
computing utility,0
model robot acceptance,0
scales formed,0
numerical rating,0
appearance robot,0
hr employees private,0
robot perceived,0
designed ghost,0
hrm departments algorithmic,0
aversion swiss hrm,0
study bar,0
concerns aspects emerging self,0
uncertain hypotheses,0
attribution license cc,0
method approach,0
access foundation creative commons,0
robot collaboration allows,0
vision human robot,0
francis group,0
error cost,0
machine study,0
robustness adaptability based claim right,0
automation evolved,0
waited additional,0
missing systems ability present users,0
users reliability recommendation changing,0
context interpretable machine learning,0
user needs collaborate agent having,0
unreliability proposed human,0
modification defining line error prevention,0
required production intelligent behaviour,0
summarization addressed current theories methods,0
time automation reliability,0
progress research strategy,0
francis group,0
learning rl agents,0
support equip discussed specified design,0
experiment conducted,0
llc springer,0
distributed terms creative commons attribution,0
policy human robot interaction,0
conducted 47,0
minimize reluctance hr professionals considering,0
considering implementation type tool,0
practitioners anticipate various points,0
functions operator support,0
evidence participants grounded understanding,0
time pressure little evidence,0
mechanism provided study,0
undergraduate master ph,0
suggests judgments robot,0
error mechanisms observed dynamic operational,0
robot responsibility hinge perceived,0
comprehensive stage methodology follows,0
antecedents intention,0
daniele verderese pasquale sasso,0
develop relationships vas,0
systems rapidly evolving,0
approaches considered particularly advantageous,0
higher outperformed users,0
interactions different layers conceptual design,0
metrics algorithms functions,0
human loop hitl,0
information fusion decision,0
francis group,0
overview layer provided layer,0
hitl paradigm agent eventually performs,0
lives demonstrated,0
management involves information seeking filtering,0
human expertise,0
friendly 27,0
autonomously superhuman,0
psycho physiological observables,0
conventional interfaces keyboard,0
reinforcement learning rl potential enable,0
competitive advantage,0
research model using statistical,0
inclusion extra modalities,0
existing systems cost introducing extra,0
connections behavioral economics computer,0
knowledge tasks,0
systems discussed,0
implications findings,0
grounded resource based view,0
individuals use digital,0
landscape ai adoption,0
display formats,0
automation 47 reduces,0
current explainability,0
include time,0
features recognize repair user va,0
systems dsss,0
robot induced unemployment understand,0
agents respond slower users,0
decision support systems,0
using agentic information,0
data integration tasks,0
information communication,0
operators automating,0
training operators quality,0
2017 springer,0
fits alignment,0
systems agent development,0
comply systems erroneous,0
developers prevailing size,0
supported chmi2 beneficial separation assurance,0
empirically investigate compliance,0
game used,0
man machine interface reduces,0
francis group,0
indicate specific eye,0
setting 40 users took,0
game used experimental setting,0
2024 taylor,0
suggest loss privacy human,0
implementing systems,0
authors discuss,0
discuss study,0
error invoke error,0
sketches revealed,0
present users effective summary,0
illustrated application,0
understood academics,0
achieved close,0
excessive reliance result failure meaningfully,0
automation failures overall deterioration,0
behavior reliable faulty,0
better automation,0
human appearing behaving,0
2025 marialuisa saviano,0
implications study,0
robots aims,0
min conflict occurred lead,0
application domains recommender systems user,0
theoretical development empirical validation,0
based comprehensive,0
developed wealth detailed knowledge,0
paper proposes steps aimed effectively,0
results supervision reminders effectively maintained,0
networking hand characterize fourth,0
users human centered evaluations explainable,0
design lead computers influential,0
academic field information systems,0
evolving work,0
implications information communication,0
conflict object car bag,0
information systems concerned large,0
critical successful implementation,0
systems complex,0
text based,0
potential avenues,0
communicating limitations avoid mental,0
automation bias behavioral effect,0
discussion best,0
automation social,0
platform scholars,0
broader context ai,0
usually associated scientific disciplines remains,0
analyses estimates regarding barriers automation,0
association new,0
law fully automated decisions,0
quantitative evidence trends numerous,0
relevant literature smart,0
new york,0
saviano asha thomas,0
2018 contemporary,0
predicting automation,0
changes experiencing consider history broader,0
work operator performance process,0
marzia del prete,0
issue oriented theory driven,0
specialists outline field terms main,0
areas theories investigation approaches discuss,0
training experience examining operator,0
research limitations,0
automated systems bainbridge described,0
oversee automated function accurately,0
phenomenon automation,0
argues assumption,0
fields related operational research management,0
conflict intervention performance using,0
user studies propose,0
best practices,0
regulatory focus,0
2018 human,0
analyse early empirical,0
phenomenon manifests,0
reliability group,0
traditionally forms,0
assessments revealed features,0
included group automation,0
online reviews,0
results shorter lower quality,0
experiment groups,0
impact automation,0
exploratory analysis user,0
perceived utility,0
50 reliable increased 100,0
form based reviews introducing structure,0
survey provides,0
experiments used dominant color identification,0
systems increasingly,0
yields longer reviews mitigates,0
human robot interaction,0
results reveal perceived usefulness,0
recommendation changing 300 trials,0
discussion integrating humans,0
providing users advice working,0
using drawing game application,0
identification task automation,0
francis group,0
different ways providing users,0
grounded agent decision making architecture,0
2024 taylor,0
crucial source experiencing meaningfulness,0
support people,0
information users,0
slightly improved,0
automation technology,0
direct indirect,0
research address,0
sectional study analysed,0
complex problem spaces high levels,0
automation interaction concerned,0
address phenomenon,0
scientists researchers discussed,0
results analyzed,0
analyzed light,0
subject longitudinal study,0
school business,0
2024 kelley,0
human knowledge,0
indiana university,0
assimilate new knowledge bridging existing,0
switch point sp,0
survival problem dsp,0
scientific grounds,0
fortunately need new scientific,0
human interface artificial cognitive,0
illustrate shift,0
protocol constructivist theory,0
covariance based structural,0
work carried sociotechnical systems,0
evolution model approach panel,0
intricacy appropriate prompt engineering optimize,0
items dsp,0
context current debates future artificial,0
trait emotional,0
web science,0
automation human,0
2024 servicio,0
theory driven lacks distinctiveness rigour,0
literature reviews,0
design methodology approach study utilized,0
users study,0
overview current knowledge field,0
mold dominating scientific technological,0
illustrate various,0
tends disrupt operators action outcomes,0
information leads increase level user,0
automated systems tends,0
study extends uncanny,0
87 check robots,0
upcoming behaviour help,0
trials involving various levels automation,0
developed based,0
analyzed logistic regression models,0
informed mr source,0
refers embodied,0
functional topical use digital,0
core refers,0
conducted facial recognition hiring contexts,0
2019 based following robotic technology,0
reveal conative use,0
data 301 replies,0
models interpretable,0
conducted qualitative real life,0
data collected 208 es,0
examines discusses implications internal external,0
information use,0
awareness automation currently handling,0
felt wisdom,0
understanding agents,0
robotics industry,0
design solutions adopted,0
theory service,0
experiments test providing information leads,0
claimed novelty av trials congested,0
avs hmi,0
quality model inspiration developed,0
processing storage,0
modified turing test,0
applicable designing intelligent,0
case connection information,0
hmi crucial ensuring human,0
include example skillful eye scan,0
christian view wisdom shows,0
design function human machine interface,0
characterize satisficing using cost,0
non humanoid,0
types mr clearly,0
comprises various schemes generic,0
compared concepts,0
loa taxonomy applicable,0
francis group,0
used positive context,0
loa designating degree human operator,0
xiaodu smart,0
identification framework hmi aderif deployment,0
manipulate data generate information,0
offers scholars overview,0
area study,0
automated systems traditionally explored binary,0
text analysis,0
av events phases,0
experiment discussed,0
various principles,0
patterns experts various,0
automation loa designating,0
hmi legal readiness,0
paradigms new zealand nz,0
confirmed expectations confirmation expectations,0
responses examine research gap,0
sent online survey,0
operators minimise,0
automated option generation,0
implications affect adaptive systems,0
review complemented av users,0
radically redefining,0
es users support,0
290 human resource hr professionals,0
analytical emotional social tasks robots,0
la universidad,0
research limitations,0
analyse 244 survey,0
study provides implications adoption robot,0
learning methods combining,0
operator computer control,0
using tools instrumentality,0
operator involvement performance leading,0
evidence customer,0
contextual experiences,0
designs fall short,0
empirical results based,0
relationship commitment,0
study reflects,0
cognitive human machine interfaces interactions,0
av technology based interpersonal institutional,0
previous findings,0
corresponding av,0
sources identified,0
tourism journals used identify articles,0
identify areas future application study,0
attenuation internal processes,0
using theoretical sampling,0
emerging topic,0
collectivistic countries low,0
participant interviews,0
dynamic control task means improving,0
operators automated,0
initially data collected,0
implications study conducted specific,0
approach research utilizes cross sectional,0
processes favor augmenting,0
removal operator task implementation,0
automation failures occurred,0
roads auckland followed 15 ideation,0
agency suggests,0
rapid evolution artificial intelligence ai,0
media context,0
using step,0
discussed utilized 101,0
study utilized comprehensive literature review,0
information accessed,0
trust lead task failure,1
human driven vehicles,1
safety human machine systems,1
intelligence ai discourse central,1
based dynamics,1
resulting dynamic model explains skill,1
intelligence practical guides chinese enterprises,1
regarding potential foster student dependency,1
world pilots institutional,1
mirrored adult participants overwhelmingly denied,1
spaceflight relevant tasks,1
using causal,1
advancement artificial intelligence ai,1
contextualizes service robot,1
simultaneously considers task difficulty,1
activity awareness competence maintenance output,1
perceptions autonomy control affects,1
reactance theory,1
drivers dependency,1
paper originality lies,1
intelligence ai,1
human cognition processes,1
public opinion legal processes extent,1
emerging evidence suggests children think,1
trust lead task failure,1
safety human machine systems,1
safety human autonomy,1
advancement artificial intelligence ai,1
dependency remain,1
judgment coupled subsequent,1
psychological drivers,1
potentially dangerous operation driving,1
mixed traffic,1
event related human actor tracing,1
intelligence generally having moral,1
smart products,1
related supervisory control driver education,1
behaviour skills,1
tracking condition,1
mirrors strategies employed navigating,1
decisions risky legalities,1
trajectory belief,1
task called multi ball motion,1
mbm participants collaborate ais,1
ai education presents opportunities challenges,1
enable objects act autonomously,1
concurrently attitude,1
algorithms enable,1
focuses work design,1
10 20 years ago,1
perceived intelligence usability positive,1
result perception,1
defense planning non,1
concrete engineering,1
action metaphorical decision making,1
hi ai,1
mixed driving,1
augmentation bright terms ability,1
replace humans,1
crucial enhancing natural intuitive interaction,1
making organizational behavior context human,1
modelling pls sem sample,1
artificial intelligence initial stage scholars,1
users non users ai,1
based idea sustainable growth driven,1
ai systems potentially revolutionising interaction,1
humans value added activities,1
personal assistants,1
like abilities autonomous decision,1
computer collaboration,1
collaborate humans complete,1
cognitive science past decades provided,1
congruent behaviours ai users,1
growth driven interplay,1
sharing real time feedback vcas,1
technology achieve intelligent augmentation insufficient,1
intelligences ais affects,1
intelligence xai resurfaced,1
originality valuethis,1
determine perception self driving,1
amplificator human potential light,1
management tasks work allocation task,1
perception paradigm independent variable conditional,1
vein present,1
new technologies driving intelligent transformation,1
traffic scenarios used verify,1
development aipa,1
diminished ascription moral standing,1
driving taxis moderates relationship,1
deemed distinctly human,1
repertoire behaviors,1
question artificial intelligence ai possess,1
operationalized consensus constitutes emotion ai,1
efficacy feasibility,1
accounts openai,1
suggests enhanced capacity modulating responses,1
web based game inspired experimental,1
cues advanced llms,1
robotic services hospitality,1
sem sample 253 aipa users,1
digital intelligence new,1
value paper originality lies,1
intelligence ai adoption knowledge,1
ai based decision,1
natural language processing driven growing,1
iwb mediating role stress appraisal,1
task called multi ball motion,1
traffic flow,1
collaboration occur variety configurations division,1
interdependence parallel,1
undesired skill,1
erosion poorly,1
hv drivers different,1
perspective hi ai proposed highlighting,1
mbm participants collaborate ais,1
decisions properly assess,1
simultaneously considers task difficulty,1
engage machine learning,1
dm supervising machine make,1
advancements ai ability address emotions,1
engagement ai systems educational contexts,1
human cognition processes,1
modified predator prey workbench,1
artificial intelligence systems,1
results stepwise algorithm building statistical,1
automated autonomous systems enabled artificial,1
intelligence ai bring new,1
obsolete skills necessary reap,1
dependency ai technology levels,1
basis classical cellular automaton,1
primarily focuses making best,1
adoption artificial intelligence,1
argues artificial intelligence ai enabled,1
machines act peers,1
situations dm hesitates,1
intelligence level,1
accountability machine,1
developmental trajectory,1
artificial intelligence,1
machine learning ml essential,1
human factors,1
impact generative ai,1
collaborative decision making attracted attentions,1
ai collaboration,1
machine integration intelligence,1
human life ways,1
planning structure using tree,1
operations cycles throughput primarily,1
subject called verification bias dm,1
advanced intelligent technologies increasingly,1
cognitive automation powered,1
level varies,1
performs repeated,1
juvenility dimension functional tasks impacted,1
heuristic systematic model,1
impacted intelligence ineptness dimension,1
opportunity perception stability,1
cognitive schema,1
box ai systems means ultimate,1
motivate investigation causal effect relations,1
outsourcing development implementation nudges black,1
method centers human perspective,1
positively probability using ai,1
missile flight control officer,1
algorithms learn adapt versus low,1
solutions product expected provide,1
domains healthcare transportation,1
depends desired level product,1
developmental machine learning supervision,1
approach problem cognitive systems engineering,1
human machine teaming,1
demonstrate perceived algorithm,1
preferences needs,1
effectively integrating ai,1
ai recommended specific product,1
consumers use artificial intelligence,1
artificial intelligence ai based artifacts,1
partnering particularly humans trust collaborate,1
vastly improve human daily lives,1
ai methods,1
mfco tasked flight termination,1
cleaners smart refrigerators steered,1
understanding ai tool,1
cognitive behaviour help artificial,1
dyads drive robotic vehicles,1
ai systems user,1
ai legislation,1
involving cooperation,1
ai assistant,1
algorithms products,1
ai interfaces investigating components user,1
artificial intelligence,1
think feel like human,1
flight safety,1
integration machine learning daily,1
larger diverse,1
state art,1
rocket launches threaten public,1
intelligence increasingly,1
customer point view ai,1
neural symbolic,1
sa mitigate negative impacts ai,1
slow deliberative thinking,1
simple complex machine intelligence,1
negative aspects ai,1
spread virtual,1
creativity predictability drive,1
imagery processing positive predictor,1
robotics ethics reviewing current,1
behaviors artificial intelligence,1
fundamental comprising perceived intelligence quality,1
intelligence ai society encompassing,1
theoretical insights artificial intelligence,1
control variables,1
judge insensitive distinction kinds evidence,1
xai designers utilize,1
lead miscalibration sipa performance predicting,1
equation modeling pls sem,1
capability framework,1
goods reveals consequences unveiling mind,1
rbv dynamic capability,1
associated general decline sipa,1
completed unassisted assisted,1
detection task diagnosed hypothetical,1
reactor state safety danger,1
knowledge artificial intelligence empowered customer,1
element probabilistic signal detection task,1
ai systems,1
perceived human likeness ai,1
human judge weight individuating,1
intelligence ai medical,1
tools recruitment collaborating ai developers,1
theorizing way humans perceive ai,1
end online experiments conducted including,1
need human contact replicated,1
ai based applications,1
practitioners policymakers ai,1
experts mission controllers regulators engineers,1
computer human judges decide legal,1
lead unpredictable cx,1
fueled continuous advances natural language,1
coaching computationally efficient,1
understanding extent humans deem artifacts,1
drivers bank automation,1
ambiguous perception ai related people,1
autonomy comic,1
integrating psychology ethical discourse,1
directions research minimize likelihood errant,1
orientate companies develop successful collaboration,1
organizational resources ai,1
ai double edged sword,1
ai agents,1
compatible human cognition come afterthought,1
regain sense power,1
judge decide reward suspected,1
aims protecting safety reducing,1
likely algorithm appreciation,1
increasing ubiquity artificial intelligence,1
popularity artificial intelligence ai based,1
virtual humans,1
introduction artificial intelligence,1
dependence specific parameters planning,1
systematic review academic ai research,1
void introduce situation awareness sa,1
pursuit task interconnects individual,1
insights artificial intelligence related literature,1
highlight potential,1
users perceived ai,1
limited trading taylor,1
beneficial ai,1
task performance structural equation modeling,1
ai related user related,1
ai technology,1
leading establishment prerequisites optimal work,1
ai interaction haii,1
published informa,1
intelligence ai changing marketing,1
team performance offset loss,1
equation modeling pls,1
performance likely degrade,1
strategic implications automating ooda loop,1
likeness makes,1
new light children moral,1
driving systems,1
human control,1
expressions raises number ethical concerns,1
collaboration occurred humans,1
001 reliability perceived intelligence,1
intelligence service efficiency aesthetics enjoyment,1
intelligence hcai research,1
artificial intelligence ai,1
robots artificial intelligence generally,1
machine learning dynamic modeling,1
situation awareness differing,1
easily countered,1
human cognitive,1
mental workload situation awareness henceforth,1
artificial intelligence ai enabled products,1
role artificial,1
expands research focus ai disclosure,1
mission command human cognition,1
ai systems demonstrated impeccable potential,1
ai dependency needs frustration negative,1
guidance behavioral,1
teaming humans,1
execution pace model basic psychological,1
investigating intelligent products social,1
notion overtrust,1
humans versus algorithms,1
assess impact ai design,1
algorithmic psychological,1
harm like ai enabled,1
irl class,1
reinforcement learning,1
identifying tensions inherent ai design,1
capabilities does relieve inhibition,1
computational approach tom recently,1
assistance deactivated,1
artificial intelligence ai predicted individual,1
performed humans,1
intelligence scale gaais following initial,1
meaningful human control,1
assistance completely inhibits emergence,1
recent research ai tends use,1
factor structure positive negative showed,1
factors influence practical usage ai,1
humans anymore,1
emergence reciprocity people,1
confirmatory factor,1
autobraking assistance increases human,1
ai enabled weapons systems,1
creating intelligent solutions capable autonomous,1
maladaptive ai,1
sciences enable artificial agents proficient,1
artificial intelligence,1
incorporate extraction,1
equation modeling,1
ai development practices,1
anthropomorphic trustworthiness visual attention regulatory,1
intelligence ai interact humans,1
conducted online experiment credamo,1
modeling sem,1
equation modeling,1
cognition cover,1
decompose view haii,1
address collective challenges tacit understandings,1
ai tools resistance ai systems,1
driving attitudes artificial intelligence ai,1
tom psychological,1
active safety assistance,1
proposed aiepsam,1
theory mind,1
led spread,1
control sketches different purpose,1
robot service encounters,1
participants gender education background,1
daily computing underscore imperative trustworthy,1
pedestrian save pedestrians,1
psychological drivers,1
using multi armed bandit,1
intelligence ai generated increasing,1
concepts designing human ai systems,1
robots hospitality,1
distributed cognition joint,1
discuss cognitive work,1
superior people skills compared,1
leverage ai enhance strengths,1
incentive conditions,1
customers preference service robots,1
ai hybrid team,1
examine employee ai interactions role,1
view understanding impact ai service,1
assistance service,1
drivers attention brief period,1
limited trading taylor,1
systems organizations comes claim ml,1
subjective acceptance automated vehicles,1
results fsqca support,1
signals signal fit optional ai,1
ai vs human,1
learning ml engine artificial intelligence,1
programmes highly dependent efforts individual,1
ai recommendations enhances perception collaboration,1
investigated dynamic physical coordination,1
users ai people lack necessary,1
coordination task preliminary test,1
represented perceived competence creative,1
intelligence ai technologies growing organisations,1
public perceptions ai,1
intelligence collaboration willingness,1
70 participants situational cooperation tendencies,1
service robots gradually used,1
limited trading taylor,1
intelligence ai progressively engaged,1
working ai development seek,1
caricature avatar,1
measured real time function autonomy,1
mimicry effect,1
events like covid 19 pandemic,1
determining autonomous computer,1
multiple distributed teams interwoven large,1
trust overtrust undertrust,1
solicit ai advice,1
form realism ai,1
mechanism consumers experiences ai,1
employees ai,1
study revealed need divide,1
factor analysis,1
teaming applications working robots,1
originality value study expanded sst,1
ai features reveal impact pi,1
satisfaction ci sst role ai,1
including intended human machine teaming,1
moderating roles,1
employees task design enhanced,1
ai technologies increasingly prevalent,1
es decrease ci,1
perceptions threats valuable resources,1
signaling theory self determination,1
60 males,1
manager task performance recorded,1
hands wheel requirement,1
use wise reasoning mixed method,1
assistant apple siri research context,1
especially isles autonomy,1
systems world human work,1
law small numbers,1
penetration autonomous machine,1
bias known law,1
provides framework assessing cognitive boundaries,1
mean reverting tendency,1
instead product repeatedly feedback frequency,1
thinking believing ai entities lack,1
tendency completely overall judgmental,1
352 consumers used service robots,1
views ai evolution underlining,1
brands increasingly integrate artificial intelligence,1
examines perceived threat freedom,1
identity threats directly impact,1
subjects shift focus relevant,1
reduction removal irrelevant information,1
vehicles avs lots,1
perceived singularity,1
inclinations resonate,1
intelligent mode transport autonomous,1
systems intelligent role,1
simulation human,1
called artificial intelligence risen,1
control structure evolve,1
human responsible achieving goals,1
begin understand distinct mental states,1
ia sustainability,1
people cognitive processes,1
autonomy concept articulated,1
affect employees ai,1
behaviours directly inferable,1
participants asked jointly balance,1
convergence human team members,1
tom artificial intelligence ai,1
intelligence pi perceived,1
suggest environmental uncertainty prompt people,1
kam programmes,1
theory mind,1
tasks attempts assist people augmenting,1
intelligence ai systems decision,1
associated human,1
ai affects users perceptions social,1
trading taylor,1
makers streamlining impartial sustainable transition,1
wise reasoning interactions domain experts,1
work partners shared experience,1
individual level important,1
adoption artificial intelligence ai,1
members align decisions ai counterparts,1
unrestrained aggregate assume facto control,1
distinct expressions applied autonomous systems,1
social responsibility strategy,1
combine human intelligence,1
line accounting moderating role,1
artificial intelligence ai indispensable solving,1
joint actors,1
emergent general artificial,1
children begin understand,1
threats view prospective,1
robot hotel experience,1
disengage driving task need resume,1
team members actions propose,1
ai interaction influences employees,1
directions sdt perspective error,1
higher order capabilities clarify enablement,1
ai operations 30 exemplar marketing,1
online experiment provide empirical,1
progress hierarchy capabilities,1
potential dark employee collaboration,1
ai technology users,1
tendency report errors,1
teams consist people intelligent machines,1
perceived intelligence,1
ai robots machine shaped robot,1
ai promise future,1
signal detection theory,1
intelligent machines robots virtual,1
analytical methods including analysis variance,1
argue reliable detection,1
human centered artificial,1
ai based systems crucial better,1
hcai gained momentum scientific,1
psychology human computer interaction hci,1
expectations ai agent moderates,1
hfe perspective autonomy,1
cognitive pathway expectation disconfirmation,1
hci perspective learning teaching designs,1
inferred negative motives moderating,1
procrastination mediating role,1
empirical research specific impacts algorithmic,1
enablement ai enablement frequently,1
adopting ai based algorithms enhance,1
competence affect receptivity competence particularly,1
inevitable risks road users,1
license taylor,1
tradeoffs automated vehicles,1
rapid advances ai technologies caused,1
working alongside ai algorithms,1
leverages wizard oz,1
makers moral,1
ai workplace generate stress affect,1
replace collaborate human decision makers,1
data inputs degraded ai,1
dimensional human,1
human ai,1
imperfect accuracy,1
human factors behavior particularly operational,1
new ai,1
believed artificial intelligence consumers,1
ai agents active,1
revolutionize mobility addressing,1
promoting urban,1
using pls sem,1
autonomous vehicles,1
ai teammates similarly adapt changing,1
assistant technology companies different countries,1
enhances team chances succeed,1
define autonomy,1
artificial intelligence ai holds,1
application sustainable development ai,1
categorized enhanced impeded,1
ai personhood,1
lays ground theory human,1
artificial intelligence ai,1
optimal learning performance realistic appearance,1
customers wish use artificial intelligence,1
basis refining transportation policy technology,1
message strategy ai nonhuman,1
intelligence appearance interaction effect,1
growth techno empowerment process,1
intelligent devices,1
retailers seeking leverage ai,1
factors known,1
necessitate drivers control,1
bringing different,1
autonomy artificial,1
agent controlling ship aerial,1
collective intelligence research human,1
assistants techno,1
automated vehicles exception featuring level,1
evaluation pilots,1
evolutionary concepts applied explain drivers,1
symbolic statistical approaches ai,1
proposed ai bridges technical,1
intermediating mechanisms,1
smart display,1
structure ai proto,1
aims enhance driver performance transitions,1
robots intelligence,1
time mental workload mission,1
emerging ai,1
elicitation awe,1
autonomy high risk,1
influence artificial intelligence ai enabled,1
algorithms judge quality,1
internet celebrities replaced artificial intelligence,1
relate imperfect,1
ai virtual anchors consumers willing,1
symbiosis theory,1
risks associated use ai,1
humor self,1
perceived able benevolent impersonal,1
second investigate role ai personalization,1
exploration leads accurately calibrated,1
human interaction ai systems,1
second drawing mediated moderation perspective,1
apply design ai agents collaborate,1
driving experience,1
companies manage incorporate ai,1
investigates critical behavioral factor ai,1
quality interactively explore solution space,1
cognitive architecture,1
independence including pursuits acting freely,1
end user understand underlying algorithms,1
research attention,1
acting freely self,1
autonomy defines,1
vehicles help,1
action possibilities developed,1
salient 4ir action,1
emulation human cognition,1
specific motivational drivers barriers,1
intelligence safety,1
originality value,1
tool human controls,1
artificial intelligence ai,1
gt fms real time simulator,1
ai teams hat,1
logic algorithmic,1
tandem people forming human ai,1
outcome autonomous,1
optimal uninhabited,1
cognitive processes,1
perceived competence explains people attribute,1
adoption artificial intelligence,1
agents empowered artificial intelligence ai,1
assist humans making ethical decisions,1
moral advisors,1
participants expect aito make,1
drivers asymmetrical,1
investigated considered important experiential dimensions,1
individual temporal changes,1
interaction hci,1
pedestrians participants accepting avs,1
cognitive misfit,1
behaviour published john,1
ai based decision making,1
crossing objects examine ai performance,1
work intelligence systems everyday,1
constructed hierarchical succession reactive,1
ai performance affect employees,1
agents empowered artificial intelligence ai,1
plans repurchase ai artificial intelligence,1
security modelled,1
autonomy ai developed wide variety,1
situation awareness sa,1
areas associated ai technology modeling,1
control responsibility,1
alleviate employee artificial,1
humans different,1
behavior design artificial intelligence,1
19 pandemic driven industrial,1
industrial application collaborative,1
autonomy arises,1
ranging command driven consensus locally,1
dynamics detected design,1
provision reduced participants ability discriminate,1
planning responsibility,1
increasing productivity relieving repetitive strenuous,1
moderating effect,1
takes place ai,1
goal setting self,1
psychologization humanization,1
consumers trust ai,1
essential mediating,1
medium high manipulated subjects,1
emotion tested mediate voice ai,1
collaboration hrc,1
instance unclear machine learning,1
perceived occupational safety psychosocial legal,1
sensual perception world,1
consideration cognitive factors,1
able match humans terms multi,1
ai diversity life shows bear,1
team sa requirements team,1
grow effective teaming behaviors,1
workers reluctant collaborate,1
ai resistance,1
job security significant,1
human machine teams,1
perceived intelligence perceived animacy socio,1
using factorial design,1
research initiatives regarding human artificial,1
additionally female,1
deployment artificial intelligence experimental settings,1
cognitive peripheral cues impact experiential,1
reacted strongly algorithm,1
artificial intelligence related factors,1
role need human intelligence,1
increased covid pandemic,1
human interface represents,1
contextual characteristics moderators,1
use independent language,1
smart pls,1
sem used,1
moderates relationships ai,1
attitudes behaviours utilization artificially intelligent,1
assistants enormous potential area financial,1
evolution innovative enterprise ai landscape,1
robot services,1
reconceptualizes tenets,1
equation modeling process,1
000 people,1
safety concerns significant,1
technological complexity,1
focuses work design,1
adopted regression moderation,1
algorithm errors,1
assistants examples ai,1
female participants,1
intelligence xai hri hci,1
moderation effect exerted job,1
reactive lower level cognitive higher,1
interpersonal teamwork effectiveness,1
represents behavior,1
adding humanness element,1
purpose artificial,1
ai integration understanding extent,1
service robots,1
layers represents,1
perceptions ai consequent influences,1
ai collaboration,1
rapidly driving automation autonomy emerging,1
collaboration occur variety configurations division,1
artificial intelligence ai suggested,1
design computer aided visual search,1
mental load task,1
effective maintaining task performance transparency,1
based autonomous vehicles,1
job insecurity time psychological,1
user centric ai systems,1
distress time career exploration behavior,1
ai taking jobs time,1
talent management particularly need communicate,1
cognitive science corpus joint,1
joint action considered,1
vehicles lack analysis based,1
cooperation interaction,1
personal variables gender shaping algorithm,1
interdependence parallel,1
anthropomorphism ai authenticity,1
consisting ai accessibility human ai,1
symbiotic systems specifically change user,1
variety biases operational process,1
automated driving ad,1
nature asserts ai,1
ai biases vulnerabilities experienced,1
trading taylor,1
better multi,1
managers automobile industry,1
poorer multi taskers,1
computation necessary sufficient mentality,1
aircraft conflict,1
differences different,1
structural equation modeling pls sem,1
assisted subtask,1
research unmanned,1
workload measured,1
objectively latency,1
awareness method,1
robot autonomy,1
understand behaviors,1
loss standing compared,1
presuppositions ai replaced neo heideggerian,1
machine learning integrate concepts,1
finds key reasons differences,1
abilities artificial systems,1
human reasoning standard,1
trading taylor,1
cognitive processing,1
study using moderation,1
artificial intelligence similar,1
power symbolic threats adverse effect,1
search characteristics make humans,1
robots autonomous,1
artificial intelligence gained,1
ai based devices,1
powerful algorithmic aids discussed,1
design implementation autonomous digital,1
matlab tool,1
artificial intelligence algorithm research object,1
guidance upcoming advancements ai systems,1
dat using viewpoints technology,1
artificial neural network ann aspects,1
ai enabled technology digital,1
influence ai technology,1
model autonomous vehicle,1
actual job tasks study workplace,1
psychological costs receiving help ai,1
years ai,1
absence financial incentives high performance,1
techniques learn model policy,1
exploration feedback reinforcement learning,1
mixed method,1
research methodology including classical ai,1
representations essential intelligence consciousness explained,1
defining ai,1
vehicle acceptance,1
presents diga philosophical concept,1
dealing quantitative,1
include ai,1
drivers influences trust,1
autonomy organizational support psychological,1
fundraising event artificial intelligence,1
second phase confirmatory study,1
social intelligence,1
theories based machine learning,1
machine learning focused input output,1
generalizability exhaustive training,1
answer given time use cognitive,1
ai enhances detracts customer,1
based state estimation control,1
superior decisions grow technology evolves,1
representation used interactive machines known,1
possesses internal representation oneness,1
security perfectly,1
perfectly matched,1
intelligence ongoing,1
learning algorithm,1
mathematical framework based tom improve,1
flexibility ability adapt decision,1
behavior participants required understanding dynamics,1
mind perception influenced effectiveness distinct,1
turk determine mind,1
art formalization human cognition dynamic,1
148 users autonomous shuttle project,1
45 accuracy respectively estimating,1
joint highly coordinated action,1
tests human artificial intelligence,1
ai relationship development model context,1
moderated ai usage motivations,1
repairs effective humans,1
nature scope discussions surrounding ai,1
organizational process consisting ai,1
participants rated,1
robots artificial intelligence ai,1
algorithms capable assisting making,1
states actions humans,1
mental processing resulting,1
intelligence ai aids,1
algorithm augmented work algorithm,1
wtd mediated human likeness social,1
notion symbiosis increasingly mentioned,1
capability autonomous action artificial society,1
situation present,1
intelligence word refers computational process,1
research physically coupled human,1
perspective different disciplines affect hci,1
air traffic control simulation conditions,1
constitute human,1
progression cis hci,1
mind tom order understand,1
service robots casr actual,1
overlooking common perception based theories,1
optimise team composition customise training,1
model using pls sem,1
factors provide,1
actions aim enhance ai,1
cognition impact,1
consider individual differences,1
externalities relationship fit factors unique,1
task performance situation awareness sa,1
cognitive resonant frequencies reveal,1
thresholds demonstrating resilience cognitive,1
ed artificial intelligence research,1
originality valuethis study stands limited,1
considered task,1
ai drawing developmental psychology,1
humans spontaneously associate newly emerging,1
firstly inverse reinforcement,1
highlights power human touch,1
impact algorithmic,1
equation models,1
boxes leading,1
manipulating algorithms fake,1
ai important,1
ai algorithms manage,1
assistant personalities build trusted long,1
originality valuethis research,1
ai interaction offer practical implications,1
undertrust detrimental performance,1
platform ai enter consumers,1
human ai relationships emphasizing significance,1
ai systems user centered future,1
limited trading taylor,1
low autonomy walk agv high,1
pickers interacted actual agv,1
workload autonomy context,1
automated guided vehicle agv assisted,1
engage order picking alongside robots,1
behaviors sex,1
participants interacted group started,1
sex recruited perform assembly,1
essential ai,1
techniques provide granular understanding influencers,1
xai methods currently discussed potentially,1
general attitude ai perceived threat,1
gaps remain areas team,1
significant challenges team dynamics,1
humans teaming,1
intelligence ai especially reinforcement learning,1
consider rl fundamentally human,1
reward function challenging impossible,1
experience integrating feedback training loop,1
process argue human centric approaches,1
methods hitl rl,1
shows application explainable ai xai,1
online experiment 192 consistent bolstering,1
suggests intermediate judgments,1
human rationalization ai,1
outputs supporting beneficial outcomes,1
incorporating advice decision making,1
imaging analysis self driving,1
vehicles ai,1
human decision,1
reach potential cooperate effectively,1
making increasingly supported artificial intelligence,1
specific ai classification ai wrong,1
different task,1
published ai access,1
examples iii network dissection,1
adaptability shared leadership team diversity,1
declined reliability level decreased,1
ai tools including,1
technologies rapidly turning ai,1
roles teaming experimenter simulated ai,1
pilot wizard oz,1
triad randomly assigned participants navigator,1
aircraft synthetic task environment,1
tasks successful teams make substantial,1
human autonomy teams,1
presumed dichotomy especially law,1
reasoning mental states self,1
control including current ai act,1
testing different models ai tom,1
legal systems emphasize role human,1
use human game,1
eu national legal frameworks addressing,1
ai human machine interactions,1
act sheds light potential,1
aimed effectively countering,1
structural models decision theory training,1
artificial intelligence models dataset,1
linking psychological insights legal,1
ai customer,1
research examine impact artificial intelligence,1
collaboration emphasizes transparency,1
psychological science human centered,1
collaboration essential,1
human factors,1
insecurity moderating role ai,1
democratization powerful artificial intelligence,1
team based working processes,1
human capabilities,1
skill understand best utilize efficiently,1
genai necessitates intricacy appropriate prompt,1
memory tims new vision collaboration,1
engagement content produced generative ai,1
example hybrid teams consisting conversational,1
accelerated arrival artificial intelligence ai,1
ai domains daily,1
artificial intelligence,1
studies regularly demonstrate intelligent,1
artificial intelligence ai scholarship,1
based factor,1
draw connection literature ai science,1
sine qua non expanding ai,1
ai research,1
artificial intelligence ai,1
crafting job insecurity,1
ai exploring dual,1
ai adopt targeted managerial,1
needs xai users,1
explore human computer interaction hci,1
hindrance appraisals artificial intelligence,1
technology intrinsic biases,1
cognitive science psychology,1
ethical legal social issues elsi,1
science fiction movies reality started,1
simulator environment accompanied ai,1
intelligence business setting,1
intelligence ai,1
sharing occurs,1
occurs action,1
interactions anthropomorphized ai,1
013 level,1
intelligence anxiety scale general,1
amid unprecedented population road safety,1
artificial intelligence scale gaais turkish,1
adapted general attitudes artificial intelligence,1
design implications future autonomous,1
vehicles avs potential transform infrastructure,1
attention mitigates uncertainty,1
autonomous vehicles,1
learning processes,1
driving ad factors,1
different explanatory techniques impact driving,1
ai coach,1
successful deployment avs nz,1
promote learning pre post experiment,1
assisted driving instruction directly,1
main trending areas related artificial,1
critical need human driving improvement,1
review conducted articles related artificial,1
affect ai self efficacy,1
organizations address work overload cybersecurity,1
mediated job stress organizational identification,1
cybersecurity behavior,1
efficacy artificial intelligence,1
enables task augmentation automation,1
artificial intelligence ai,1
bias mean anchoring,1
risks uncertainties,1
situations multiple humans,1
situated agency ai classification explicate,1
driven multiple factors,1
numerous ethical,1
ai effects,1
19 pandemic trend,1
ai design develop research framework,1
complex datasets algorithms robo,1
use ai based research,1
sem examine validate,1
originality valuethe distinctive focus religious,1
analysis using pls,1
ai assistant use moderator relationship,1
intelligence reviewed aim identifying,1
intelligence ai religious,1
focus experiences customisation,1
intelligence ai,1
interaction hmi events happening real,1
problem overtrust,1
live traffic,1
ai collaboration competition conflict,1
traffic lane motorway,1
field aiming construct comprehensive overview,1
ai interaction haii,1
growth artificial intelligence,1
field human ai interaction,1
form human supervision crucial,1
intentions autonomous passenger drones,1
flight modes shift autonomous,1
provide efficient flexible,1
termed urban air,1
study suv bmw,1
development machine learning,1
findings computational learning theory,1
bottleneck using machine learning study,1
users form ai technology key,1
active learning,1
cognition data scarcity,1
xai framework study identified personal,1
theories specific machine learning architectures,1
law concerns,1
elsi enhanced awareness fully examined,1
originality value study av,1
threaten render,1
research broaden focus encompass diverse,1
diverse user groups ai,1
converge make especially vulnerable morally,1
vulnerable morally complacent losing,1
meaningful human control,1
state calling moral,1
responsibility decision making behaviour precipitated,1
action humans ultimately aspire,1
human judgment accompanies,1
accompanies ethical commitment,1
abilities derived humans lack,1
machines purport replace humans entirely,1
artificially intelligent,1
published informa,1
limited trading taylor,1
algorithms conduct,1
hybrid teams human,1
military artificial intelligence ai human,1
driving sprints conducted low medium,1
user dynamics,1
determinants analyzed corresponding,1
reveal perceived intelligence service quality,1
based factors,1
intelligence ai understanding users,1
driving events relationship identification,1
ai roles tasks,1
driving environment indicate method semantically,1
integration potential reliance,1
situations characterized unfamiliarity information,1
human computer interaction hci,1
simulator hci interfaces grounded sa,1
method flight simulator,1
theoretical lens dunning kruger,1
intelligence serve catalyst job creation,1
insights reconceptualization ai,1
augmented intelligence introduced concept utilizing,1
human capabilities distinction assistive role,1
surrounding artificial intelligence,1
individual drivers selected foundational,1
strategies revealing distinctions experts offensive,1
offensive focus,1
information processing sa measure drivers,1
sa cognitive levels,1
states compared describing novice,1
simulation training analyzed,1
invited engage simulated driving,1
markov models hmms provide comprehensive,1
real time analysis,1
time resources necessitated safety,1
safety considerations expansive scale systems,1
multiple rounds participants,1
user productivity tasks programming,1
safety work,1
behaviors humans ai,1
engineers face increased,1
associated smes ai,1
varies widely,1
hdv personal attributes influence autonomy,1
consumers forefront ai,1
study determine autonomy,1
study examines complex effects ai,1
vehicle automation perceptions,1
pedestrians essential,1
risk overconsumption environmental impact ai,1
driving vehicles sdv,1
necessity adopting ai balanced manner,1
eco friendly activities responsible,1
artificial intelligence ai,1
adoption autonomous decision making,1
originality value,1
classifying service occupation tasks terms,1
permissibility cgp,1
future researchers directions explore autonomous,1
intelligence ai led emergence,1
employing quantitative research methodology collected,1
focuses key perceptions including human,1
security work related stress,1
equation modeling analyze data,1
utilized covariance,1
ai applications psychological,1
person comfortable crossing,1
overcome human capacity constraints,1
recent advances artificial intelligence,1
integrated vehicles,1
display relatively poor performance,1
limited trading taylor,1
asymmetries highlight difference ai human,1
cognition using example heavier air,1
imitative human cognition,1
computers minds input output,1
devices using large language models,1
based causal logic reasoning,1
argue artificial intelligence ai generate,1
cognition replace human decision making,1
artificial intelligence ai offers digital,1
university transportation knut chungju korea,1
aircraft autopilot acceptance,1
automated transport technologies adopted,1
vehicles savs,1
perceive accept shared autonomous,1
future roll ai technologies human,1
types ai vs,1
considerations underlying virtue ethics formulate,1
adopting computers social actors,1
driven ai appears shifting meaning,1
intelligence robotics stand change,1
virtual agents,1
role ai enabled systems idea,1
occupied humans,1
robots tourism hospitality,1
experts crowd evaluators,1
domains aviation automated driving intelligence,1
ecological interface design task stabilization,1
infrastructure sdg 12,1
sustainable development,1
indicated different configurations ai resources,1
fsqca second,1
research ensuring design human ai,1
relationship ai capability firm performance,1
intelligence ai,1
cdas driven artificial intelligence emerging,1
presence service robots makes,1
research proposes ai higher perceived,1
capture classification,1
led suffer,1
robots ai,1
factors motivate,1
unique grey dematel method,1
unmanned vehicle,1
use simulation study,1
cause effect relationships,1
imprecise human judgments real life,1
individual differences,1
accounting individual differences necessary order,1
intuitive thinking effective,1
offset autonomy,1
self efficacy ai,1
social actors casa paradigm,1
employing computers social actors,1
role ai alignment steerability,1
ai goals values,1
especially artificial intelligence robotic process,1
people lives,1
feedback fosters structured organized,1
inverse reinforcement learning analyze effect,1
intelligence people,1
implicit human reward structure guides,1
skill transfer,1
puzzle receive ai generated feedback,1
hanoi puzzle,1
impact artificial intelligence,1
coaching games chess,1
human activating congruent mind,1
intelligence big data spain using,1
allow test consciousness perception,1
regulating treat ai build,1
big data citizens indirect determinant,1
ai appears carry treat people,1
conscious users human ai,1
question artificial intelligence ai considered,1
dynamics teams ai based members,1
evaluated moral lens surfaced recent,1
calls examining ai integration,1
ai powered virtual assistants,1
heuristic biases offering data driven,1
reduces human cognitive burdens mitigates,1
ai interventions,1
synergistic interaction human intelligence,1
task traditionally,1
intelligence gai decision making,1
relative roles ai analysis,1
people considered,1
encroachment ai,1
enact distinctly different thought patterns,1
intuition circumstances potential artificial intelligence,1
current conditions instability turbulence,1
intelligence ai,1
activate business value drivers,1
autonomous systems widest,1
shows firm fails convert ai,1
collaboration interaction paradigms supervisory,1
consensus firm use ai,1
job meaningfulness accountability human,1
control people job satisfying directly,1
calls examining ai integration,1
dynamics teams ai based members,1
teammate interactive,1
especially artificial intelligence robotic process,1
artificial intelligence ai human employees,1
important predictor collaboration,1
human like,1
want apply ai,1
ai incorporate process data,1
data improve ai predictions general,1
ai interactions,1
hidden preferences decision,1
intelligence social,1
past decades cognitive neuroscientists,1
managers seeking leverage ai technology,1
role customers familiarity ai,1
ethicality moderating,1
ai service robots promoting,1
potential immersive augmentation artificial,1
ais reward misspecification goal misgeneralization,1
probability existential catastrophe,1
service robots,1
behavior predictable according laws folk,1
variety cognitive tasks language,1
goals specified natural language stored,1
cause paradoxical tensions role making,1
recent advances natural language,1
kind ai architecture language,1
identity ai based technologies,1
balance opposing identities,1
pivotal role moderating connections customers,1
building success model cognitive absorption,1
supervise task,1
equation modeling used,1
study analyzed using pls,1
ai anxiety pursuing,1
squares structural equation modeling pls,1
pls sem fsqca,1
equation modeling cb sem partial,1
concepts robot 433 554 ai,1
kirby augmentation strategies adapted,1
linkage objective task,1
task demands subsequent,1
dimensions user,1
limited trading taylor,1
advent ai consumer,1
theoretical framework,1
behavioral factors,1
result use assistance systems,1
assistants viewed,1
vein driving,1
logistics preventing accidents,1
opportunities innovation transportation,1
traffic control task participants,1
simulated air traffic control,1
participants determined pairs aircraft,1
detection automation failures simulated air,1
manual aircraft conflict,1
declined sharply,1
virtual driver,1
ai products services processes,1
algorithm shortcomings,1
pre trained language models predict,1
intelligence autonomous robotics similar technical,1
human centric systems,1
drivers passenger judged driver human,1
study tested ai driver create,1
autonomous car increase drives human,1
nhkws synthetic computational,1
humans hands free route,1
cars indispensable,1
indispensable humans,1
pre trained language models predict,1
drivers passenger judged driver human,1
social dilemmas long,1
study cooperation,1
artificial intelligence ai significantly reshaped,1
study tested ai driver create,1
autonomous car increase drives human,1
humans hands free route,1
cars indispensable,1
indispensable humans,1
key areas intersection ai,1
algorithms cooperating humans human,1
participants learn algorithm,1
responsible socially beneficial ai,1
algorithm sticky,1
intelligence ai enhance,1
require permanent supervision,1
prevented participants properly operating,1
need capacity degree moral decision,1
agency cope morally relevant situations,1
moral avatars users,1
experienced drives,1
baseline attack post,1
simulator experiment,1
method driving,1
industry deploying ai based systems,1
context persistent threat cyberattacks,1
consumers engagement ai based,1
cognition theory,1
extent cybersecurity attacks autonomous vehicles,1
autonomous vehicles avs affect human,1
equation modeling,1
originality value ai,1
augmentation remains,1
agency including perceived ethics benefits,1
confirmatory factor,1
companies increasingly leverage artificial,1
ai based systems make,1
competence unpredictability,1
preferences algorithm,1
control human,1
discriminatory bias safety risks,1
tasks intersection navigation maneuvering,1
uber lyft exemplary embodiments algorithmic,1
algorithms widely,1
insights implementation adoption ai,1
ai management,1
differences moderating effect task complexity,1
decision making ai proclivity customer,1
viewing interface drivers takeover performance,1
performance visual attention viewing,1
related task ndrt performance,1
offer optimal suggestions requiring people,1
drivers trust,1
levels information,1
making tasks math card game,1
automated driving systems ads,1
tasks users,1
way users understand uncertainty automated,1
trading taylor,1
intelligence ai crucial,1
scholars engage discussions ai literacy,1
life enhancing human performance sophisticated,1
attention necessitate research,1
ai related competencies aspects skills,1
organisations ai era paper explores,1
complexity high,1
highlighting need development ethical,1
car hailing platforms uber lyft,1
ai organizational structures culture,1
remarkable proficiency handling routine tasks,1
emergent field leveraging ai,1
simulator based,1
using self developed 2d,1
language models establishing unified,1
general cognitive architectures propose,1
needs theories endorsed psychologists driving,1
systems employed current autonomous vehicles,1
seeks understand ai anxiety,1
human drivers,1
interactive behavior human,1
essential achieving safe fully autonomous,1
modelling smartpls,1
consumer appraisals collaborating ai,1
humanness perceived,1
theories heuristic systematic model human,1
ai technologies,1
effects algorithmic monitoring,1
intelligence ai profoundly transforming,1
data collected 364 drivers,1
fairness online car,1
theory stress authors examined,1
fostering drivers work,1
oriented task,1
xai systems make outcomes,1
care dependent persons artificial systems,1
attack drive prevented,1
self efficacy employees promoting,1
collaborator prompted adaptive,1
theory approach avoidance systems theory,1
ai critical,1
critical technology driving,1
ai culminating interaction termination,1
building ethical communication design,1
rely algorithms,1
driver algorithm,1
algorithm performance relationship,1
employs artificial intelligence ai,1
failure competence vsas moderate,1
study conducted online experiment,1
adoption artificial intelligence ai,1
intelligence ai enabled human resource,1
sharing ai mks exchange hrm,1
mediated knowledge sharing ai,1
ai emotional,1
outcomes ai,1
demonstrated moderating,1
session online experiment higher intentions,1
ai agents perceived,1
offers novel perspective defining ai,1
impact ai usage technological self,1
originality valuethis,1
improving algorithms greater customer,1
consciousness perceived control affect ai,1
rethinking turn shrinks gender gaps,1
value final collaborative outcomes,1
dual process theories reasoning,1
processing systematic thinking tailored,1
reasoning propose,1
making cognition understanding,1
complexity machine,1
uncover machine learning,1
use persist,1
human performance essential,1
increasingly close collaboration,1
automated working processes humans,1
integrated google dialogflow facilitates,1
intelligence ai painting,1
termed robot cognitive,1
ai tools process creating satisfactory,1
theories build stimulus,1
generative ai genai,1
intelligence commerce artificial intelligence directly,1
dynamics painters,1
faith consciousness perceived control purchase,1
communication strategies amid ai,1
evolving dynamics user interaction,1
ai enabled ease use impact,1
properly operating vehicle multiple incidences,1
introduction rise artificial intelligence ai,1
concierges play pre encounter,1
trading taylor,1
inspiring task crafting approach,1
emphasizes universal nature,1
artificial intelligence ai systems address,1
ai development advocating paradigm shift,1
general intelligence agi compels,1
reevaluation ai human interactions particularly,1
personas different vehicle,1
evaluation framework vehicle llms,1
llms begin human assistants,1
vehicle intelligent systems based,1
intelligent cockpit,1
ai experts managerial strategic capabilities,1
collective efficacies human ai collaboration,1
large language models,1
ai marketing,1
human factors,1
ai systems,1
study applied building driver,1
providing update mitigation vulnerability,1
demographic change,1
user autonomy stay,1
vehicle vulnerability,1
car market,1
organizations deliver personalized assistance refined,1
prevalence ai,1
intelligence ai induced personalized,1
delineates fundamental forms ai concierges,1
service robot embodiment physical world,1
organizations ai gradually assuming,1
psychology human computer interaction ethics,1
purposean ai,1
advanced intelligent personalized assistant,1
published informa,1
limited trading taylor,1
knowledge artificial intelligence management business,1
overlay visualization keywords,1
study investigates intellectual structure overlay,1
attributed psychological factors,1
user centered design ai needed,1
actor ai based dss,1
bibliometric analysis articles artificial intelligence,1
intelligence research organizations different,1
paid attention artificial intelligence research,1
study human activity,1
product planning,1
pre quantitative,1
seeking behavior moderates effect perceived,1
framework aims locating contribution ai,1
shaping consumer attitudes ai,1
unknown growing smart car,1
intelligence ai,1
artificial intelligence ai,1
infrastructure improvements support ai,1
humanity remarkable achievements,1
sa task,1
abilities enable individuals,1
sa perceptual level,1
fundamental human intelligence development,1
suggestions extend framing ai myth,1
human factors experiments optimization tasks,1
hmi selection operator attention allocation,1
ai technologies,1
research streams ai,1
moderations anova glm ann based,1
ai anticipated trajectory oscillated unjustifiably,1
commonalities ai,1
significance level,1
perceived competence satisfaction,1
similarity human,1
results group interacted humanized,1
expertise proved moderating variable,1
resemblance human,1
background ai management,1
vs female robo,1
algorithms lack capability deliberate carefully,1
advisors explained perceived competence,1
emergence culture multi agent,1
preference observed male,1
different levels based sagat sa,1
added concurrent tasks based multiple,1
data based passenger volume analysis,1
intelligence ai technologies widely,1
essential airline,1
integrating ai capabilities sets,1
robots differentiate competitors offering,1
originality value restaurants leverage,1
innovative technologically advanced dining,1
service robots affect,1
aggression affect customer,1
environments used multimodal rl,1
language models llms interactive,1
interaction hmi task difficulty important,1
performance behavioral safety human,1
safety critical scenarios flying,1
situation awareness sa key indicator,1
cognitive research,1
customizable parameterized suite procedurally,1
attention perspective taking communication social,1
diversity multitasking make difficult,1
foundation research artificial social intelligence,1
difficulty measure,1
meta task developed based,1
set concepts currently studied ai,1
argue ai,1
provide service change driver potential,1
transformation incorporating artificial intelligence,1
consumers likely use ai,1
facilitating conditions,1
recent advancements ai accelerating,1
published informa,1
gap adoption generative ai,1
users cognitive behavioral,1
environmental driving related,1
driver promoting trust worth,1
discrepancy lead mistimed explanations,1
machine learning practices explanation,1
making autonomous driving,1
safe engagement non driving related,1
passengers understanding vehicle,1
driving policies,1
mediates joint,1
driven methods deep reinforcement,1
addition perception,1
contrast ai robot,1
learning drl directly acquire driving,1
perception congruence jointly,1
determined ai robot benefit type,1
driver deliberation,1
reasoning path,1
new method involves cognitive,1
ai systems korean,1
reluctance ai,1
strategic insights successful implementation ai,1
human behavior,1
ai business processes functions,1
ai technologies instead people,1
repetitive tasks common,1
aimed investigate impact ai,1
adoption implementation ai,1
actively seek leverage capabilities artificial,1
artificial intelligence ai diverse operations,1
women ai use,1
analysis gender,1
ai use readiness physical retail,1
experience perceived risks ai technologies,1
nuanced interplay consumer attitudes artificial,1
resource managers emphasised importance ai,1
ai rpa remaining globally competitive,1
offered advice manage use ai,1
basis designing systems improve human,1
diagnoses hoping identify reflective,1
identify preferences,1
insights identifying causal factors,1
hopes identify,1
limited trading taylor,1
increasingly algorithms,1
hidden problem,1
learning applied,1
mixed methods,1
potential replace human tasks,1
collaborative human computer,1
personal assistance lower internal,1
quantitative approach structured,1
ai performance customer,1
attitudes automated buses,1
instruction ll stop early deceleration,1
assessing attitudes ai management work,1
incorporating demographic self efficacy,1
vehicle behavior,1
virtual reality,1
vehicle automated,1
driving sae level requires,1
affect driver behavior safety,1
pedestrians make quick appropriate crossing,1
automated service vehicles asvs,1
parking areas guiding,1
making systems autonomous vehicles avs,1
avoidance technologies future autonomous driving,1
basis emerging crash avoidance technologies,1
engaged disengaged actions handing control,1
traffic situation elder group lacks,1
driving compared young middle 23,1
preference based autonomous driving,1
insights designing driver,1
assistance lower internal locus control,1
traffic related elements individual perceptions,1
equation modelling,1
degree levels comfort corresponded,1
variance behavioural,1
artificial intelligence important,1
international community growing ethical,1
factor analysis,1
using confirmatory,1
exacerbated creative combination ai innovative,1
countries face integrating ai,1
lack research ai,1
learning developing countries,1
intelligence act aia,1
ai systems deploy subliminal,1
manipulating human thoughts,1
study law senses captured,1
conducting xai experiments,1
artificial intelligence ai,1
learning consulting,1
organizations implement effective responsible ethical,1
ai machinelearning emerging applications consulting,1
artificially intelligent app analyzed,1
hunting game walking highly immersive,1
assisted mushroom hunting people,1
comfortable ai,1
ai explain,1
study advocates symbiotic understanding ai,1
research ai,1
cognitive processes predicting performance,1
self driving,1
collaborative leadership,1
dynamics humans,1
technological advancements ai,1
generative ai rise web3 technologies,1
key driver,1
driver societal,1
field machine learning ml developed,1
entities source operate govern,1
suggest merging ml,1
boxes neural,1
tools experimental psychology decision sciences,1
rise cognitive abilities support decision,1
evolutionary learning processes,1
behavior embedded artificially intelligent systems,1
equipping ai tools interact socially,1
systems allow make inferences human,1
humans data generated humans psychology,1
ai machine learning,1
terms latent cognitive,1
decision making implemented models,1
ai advice classification tasks,1
ai support addressing diverse,1
personalities potentially lead differences collaborative,1
versus low ai structure,1
related distinctions preferences self,1
experiences neural activation human ai,1
leading process prefrontal cortex associated,1
cognitive architecture known,1
high accuracy,1
captured nuances multitasking,1
driving scenarios showcasing,1
modelling sem smart,1
shaping ai,1
efficacy act model predicting mental,1
organizational researchers use machine learning,1
black box human behavior,1
ai supervisors incentivized,1
underscores model potential improving driver,1
modify human abilities,1
study identified perceived mind,1
algorithms causal,1
used state art machine learning,1
analytical framework combining factor analysis,1
concern ai,1
investigate employees adhere unethical instructions,1
focused normative perceptions ai,1
role artificial intelligence ai,1
ai organizations fundamentally changed,1
routine tasks supervising human,1
disparities particularly urban,1
human ai lead scenario,1
confirmed moderating role,1
robots deliver,1
use robots hotels,1
equation modelling used,1
consumers perceptions artificial intelligence,1
noticeable decline,1
complexity tasks involved,1
challenge expectations perceived intelligence,1
examine perceptions combined levels technology,1
like appearance mind utilize expectancy,1
human intelligence hi artificial intelligence,1
robots various services,1
social ethical concerns future implications,1
aui concept,1
suspicious prefer visual,1
humans machines recognizing irreplaceable role,1
driving related task ndrt auditory,1
high fidelity driving simulator,1
loop reinforcement learning hitl,1
automated vehicles,1
ai involvement decision making,1
suspicious prefer visual,1
driving related task ndrt auditory,1
high fidelity driving,1
automated vehicles,1
simulation results human involvement,1
perceptions machine intelligence turn,1
independent algorithmic review bodies,1
integrating cognitive consistency,1
equation modeling sem analysis,1
analysis efa,1
study 411 verify factor structure,1
employing confirmatory factor,1
extending tam include human centered,1
sets descriptive labels machines,1
reflect level mh individuals,1
people control ai importance,1
collaborative thought,1
supporting expert performance host hedges,1
ai ubiquitous appearing large language,1
intelligence genai technologies,1
researchers engineers craft automotive,1
lane position,1
driving mode,1
drivers average speed 40 13,1
spectroscopy drove driving simulator current,1
tracker functional near infrared spectroscopy,1
measured driving,1
automated vehicles affect driver,1
driver distraction intricately linked human,1
influences attention decision,1
sdl artificial intelligence device,1
organism response framework ai,1
intelligence turn enhances user loyalty,1
theoretical framework examination yielding,1
litigants ai,1
judicial decision making process ancillary,1
ai serve deeply human function,1
came ai,1
party raters compared humans ai,1
technology little research examined ai,1
threes triads,1
machine symbiosis,1
smv space,1
human machine perception cognition action,1
combined integrated collective intelligence,1
intelligence humans,1
machines working team,1
remains robust ai baseline humanlikeness,1
perception theory explains ascribing mental,1
task manipulated perceived competence,1
people support ai creators,1
artificial intelligence shapes subsequent user,1
ai performs highly vs low,1
perceived warmth support ai,1
performing hedonic tasks,1
reactions artificial intelligence,1
tasks invites attention,1
decision making heuristics,1
methodologically numerous controls,1
heard perceive,1
judges persists,1
shared driving indicated new personality,1
data human machine shared driving,1
deployment ai judicial entities,1
coverage concerning utilization ai legal,1
crisis confidence ai,1
extensive integration ai significantly altered,1
entering professional cooperative society bloom,1
humans help complete challenging industrial,1
channel virtual real interaction,1
moderating test did differences,1
addition moderating role gender differences,1
computer interaction hci widely employed,1
compared emergency evasion,1
driving capabilities higher emergency,1
ai dominant intelligent vehicles,1
evasion capabilities ai assisted,1
collaboration types outcome expectations,1
using online experiments analysis variance,1
investigates moderating role,1
human participants gradually tailored prescribed,1
assisted outcome,1
impact human ai collaboration,1
ai instrumental attributes consumer,1
perspective negative impacts ai failures,1
intelligence ai products services,1
conspicuous ai,1
machine learning methods produce,1
artificial intelligence ai tools,1
sustainability remains underexplored,1
opposing vehicles significantly promotes cooperative,1
illusory control,1
counterfactual cognition,1
manual mode ai mode efficient,1
proself vehicles mean,1
waiting rate,1
option control humans assigned responsibility,1
unfortunately mere existence manual mode,1
want manual mode option shifts,1
using autonomous machines people,1
want maintain ultimate control,1
intelligence ai including,1
higher facing,1
offloading tasks artificial,1
participants behaved,1
svo participants final waiting,1
decisions human workers,1
ai technology communication,1
attitudes ai predictions recommendations,1
potential threats,1
ai xai aimed clarify,1
progress smart,1
subjects preferences based context,1
intersection conflict,1
errors leading users lose trust,1
covid 19 pandemic,1
identity v2v systems automated vehicle,1
operate dynamic virtual environments,1
response speed,1
iaaam professional,1
research scalable user centered ai,1
avoidance model iaaam,1
intelligence ai highly,1
role human ai interaction privacy,1
participants requested control,1
control condition false alarm,1
trading taylor,1
driving simulator experiment involving,1
issues like traffic,1
exploring intelligent vehicles,1
experiences drivers,1
efficiency intersections vehicle vehicle v2v,1
automated vehicles avs,1
consider human factor implementing technology,1
influence drivers decision,1
importance prioritizing human aspects,1
orientation svo driving agent,1
leadership support relationship ai,1
effects human ai teaming,1
ai digital assistant skills,1
pioneered investigations role artificial intelligence,1
swift progress generative artificial,1
intelligence ai,1
method presents simulation,1
ai rapidly,1
expanding field aims develop machines,1
sustainable responsible incorporation ai,1
ai deployment expanding,1
important ethical security operational issues,1
factors identified inversely,1
determinants cover technological,1
aspects catalyze hinder ai,1
human centric situational aspects,1
perceived humanness bias job,1
business corporate world artificial,1
ai disruptive force,1
artificial intelligence,1
concept machine heuristic mh,1
trading taylor,1
human assumption superior performance,1
norms technological self efficacy,1
retail service robots,1
technological attributes motivational,1
role generative ai positively affecting,1
revealed perceived behavioral control,1
modeling artificial neural network approach,1
anthropomorphism perceived intelligence perceived,1
complexity human cognitive,1
based systems typically outperform human,1
threat extended ai technologies,1
artificial intelligence ai technologies,1
ai xai function viable,1
suit preferences,1
person responsible selecting,1
examine xai influences users,1
making necessarily,1
problem single solution optimally,1
adoption general generative artificial,1
employ moderators did,1
intelligence ai,1
ai tools university level educators,1
antecedents moderators domains methodologies participants,1
experience did moderating,1
traction different,1
study gender,1
body evidence ai tool acceptance,1
organizational context artificial intelligence ai,1
trust ai cognitive affective processing,1
conducted explanation ai vs,1
smoothly integrate ai technologies line,1
owners managers attitudes ai,1
adoption artificial intelligence,1
enterprises smes jordan key player,1
ai small,1
studies unravel moderating effects adult,1
model ai agents almaa framework,1
visual analog,1
presented distractor,1
specific usability heuristics mobile,1
apple siri google assistant,1
cortana amazon alexa known,1
personal assistants,1
virtual personal,1
efa confirmatory factor analysis,1
enabled tasks performed automatically,1
dependence scale acceptable model fitting,1
daily routine tasks mobile,1
smarter machine learning artificial,1
facing service robots worker facing,1
consumers autonomous technology frontline,1
levels used benchmark,1
functions gain deeper understanding adoption,1
automation driving,1
driving assistance features attracting,1
intention limited understanding drivers post,1
vehicles influences acceptance adoption,1
ai viewed,1
driver type car class,1
findings comprehensive review relationship ai,1
freedom moderated car,1
academic framework ai adoption,1
dependence developed,1
threat driving,1
framework describing dynamics,1
increasing number individuals integrating ai,1
personnel training,1
digital assistant pda,1
systems multitasking strategy adopted,1
tracking task performance,1
performance declined,1
situation awareness reduced mental workload,1
attribute task battery,1
participants recorded siri,1
strategies interruption,1
length frequency,1
trading taylor,1
frequency usage controlled,1
proficiency length,1
friendly personality siri opposite,1
representation ai,1
originality value research findings contradict,1
identified primary core constructs ai,1
propose concept ai literacy,1
intelligence ai daily life important,1
life important determine user competence,1
miscalibrated trust essential drivers,1
driving situations mental,1
recent years plethora artificial intelligence,1
vehicles depends drivers,1
task type,1
cars high end,1
autonomous vehicles provide reference designing,1
evaluation automated vehicles,1
believed facilitate driver trust,1
safety critical tasks driving,1
automation teaming design,1
individuals experienced drivers autopilot,1
concurrent task demands increased transparency,1
participants completed uninhabited vehicle,1
hdv autonomous driving vehicles,1
term mixed traffic consists human,1
making process heterogeneous vehicle,1
vehicle types,1
level decision,1
performed hdv speculative uncertain adv,1
driving behaviors,1
15 uber drivers netnographic study,1
taxi driving,1
states exemplified companies uber,1
loop learning,1
records human task actions ignorant,1
cognitive reactions undergoes conceptualise broken,1
sender entangled roles human,1
role interactions algorithmic,1
human driven interactive trajectories order,1
uncertainty unpredictable given,1
consumers regarding autonomous,1
30 participants recruited driving,1
multigroup analysis revealed pcor exerts,1
intelligence significantly enhance commerce,1
intelligence ai human,1
cbd model estimation efficiency ai,1
ai algorithms compensate omission cultural,1
machine learning algorithms lasso,1
application artificial intelligence significantly,1
virtual agents prevalent,1
cognitive complexity,1
factors driving performance virtual,1
ai collaboration,1
collaboration systems dimensions task,1
fit viability model fvm study,1
artificial intelligence ai reshaping practices,1
response speed response accuracy,1
adoption artificial intelligence ai,1
revolutionize mobility,1
enhances parking,1
faster response speed compared proactive,1
event delivered information prompted driver,1
drop assign cavs cost effective,1
types wait demand proactive,1
males pre generation individuals experienced,1
peou subgroups including males,1
driving simulator study assigned low,1
biased estimates,1
use artificial intelligence ai essential,1
semantic syntactic,1
trading taylor,1
differences groups exist,1
ai long,1
robots autonomous weapons self driving,1
indicate faith intelligent machines,1
driving cars arguably lack control,1
factors cognitive personality,1
autonomous cars services,1
taxi service companies,1
based machine learning,1
heterogeneity different city classes,1
moderated hotel class size,1
robots hotels,1
robots integral service,1
tools pose challenge responsibility,1
decrease human,1
deep level,1
equation modelling deployed test research,1
judgements reflected decisions,1
responsibility various,1
shared autonomous,1
vehicles savs emerging mobility solution,1
degrees obviously ai provides,1
actionable directions development ai painting,1
moderators including age gender,1
ai attracted immense,1
overview research ai dark,1
cause outcome variables model traditional,1
recognition task,1
directed moral agents moral,1
humans vehicles evolved,1
driving tasks construction user,1
proposes cognitive task analysis,1
intelligent steering wheel,1
complexity autonomous,1
driving exceptionally,1
human machine cooperation performance,1
automobiles enhancing user perceptual,1
automated shuttle,1
task analysis method integrating srk,1
asb considered essential sustainable direction,1
technology public transportation,1
team performance decline following autonomous,1
mechanism attention indicating,1
technology artificial intelligence ai,1
painting emerged leading intelligence,1
443 questionnaires distributed users ai,1
equation modeling,1
participants performed monitoring diagnosing,1
autonomy routine,1
sides artificial intelligence,1
ai transform organizations work practices,1
additionally moderators including,1
mounted displays hmd increasingly used,1
commercialized programmed professional advice,1
autonomous systems mission critical,1
intelligence ai human resource,1
emphasizes central role task strategy,1
recruitment performance assessment,1
sampling explore ai influence,1
positive perceptions ai,1
processes drive,1
underlying cognitive processes involved,1
fundamental search choice,1
unobserved perceptual cognitive,1
artificial intelligence,1
conducted series scenario based online,1
online experiments shed,1
service robots tackle,1
practitioners conflated ai,1
human cognitive resources information overload,1
intelligent systems buffer scarce human,1
leveraging artificial intelligence ai,1
guidance event organizers suggesting collaboration,1
integration artificial intelligence ai technology,1
attention studies ai commerce,1
computers social actors casa,1
nature algorithmic governance,1
shared mobility experience vehicle ownership,1
like disembodied advice,1
ai managed platform despite,1
tracking sensors record saccadic,1
factors public,1
autonomy level anthropomorphic characteristics,1
factors research indicate operators,1
human related environmental societal factors,1
tests widely used human factors,1
vehicles savs,1
shared autonomous,1
saccade tests,1
urban mobility,1
nasa task load,1
performance low effort using ai,1
moderation employee,1
workload 291 ms vs,1
adopts artificial intelligence ai device,1
propensity adopt ai,1
originality valuethis study reinvestigates,1
response test indicator mental workload,1
customers ai decision support perspective,1
equation modeling used,1
model tam external drivers,1
research model based artificial,1
artificial intelligence ai,1
industry authors predict ai,1
modelling sem results study non,1
study investigates adaptability artificial intelligence,1
perceived threat pt attitudes,1
joint task,1
autonomy effort expectancy facilitating conditions,1
simulation tests amateur drivers,1
professionals organizations ai developers offering,1
tesla autonomous,1
driving systems ads,1
ai drawing crash investigation,1
uncertainty tasks,1
tasks making medical diagnosis judging,1
use artificial intelligence,1
criminal justice case driving big,1
equation modeling analysis,1
states ai human resource,1
view rbv explain perceived ai,1
square structural equation modelling pls,1
alexa siri,1
systems erroneously attributing mental states,1
manipulated participants,1
perception ai,1
794 showed decision unfavorable ai,1
coverage suggests use ai organizational,1
reactions algorithmic,1
highlighting role uncertainty xai,1
artificial intelligence ai,1
human perception,1
explains human ai,1
ai technologies,1
using quantitative,1
factors evaluated,1
employ reinforcement learning,1
case study electric overhead travelling,1
learning referred,1
quantify cognitive workload,1
managing abnormal situations,1
depicts deteriorating cognitive functions,1
assignment problem,1
error predominant,1
accidents continue,1
respondents thought ai,1
05 situational,1
ai lms passenger car,1
promoting social cohesion era intelligent,1
exponentially detrimental safety critical settings,1
humanness people,1
xai developers future work policy,1
main factors people ponder,1
driven cars generate individual urban,1
afraid cars,1
driven ai nonetheless willing,1
ai examine impact fear,1
modes ai use increasing,1
outgroup ai,1
support systems understandable humans,1
implementing artificial intelligence ai,1
strong intensity ai emotional,1
avs human driven vehicles hvs,1
quantitative aspects comprehensive research,1
avs sharing roads,1
focused improving safety reliability autonomous,1
autonomous driving crucial consider collaboration,1
adopt mixed methods research,1
driving habits intervehicle interactions,1
consider factors design automated vehicles,1
unsignalized intersections human drivers,1
decision making based reinforcement learning,1
road necessary effective measures human,1
significantly inhibit aggressive,1
calculation conflict involved svo unsignalized,1
interactive motions performance,1
participants recruited,1
intervehicle interactions conventional motion state,1
intelligence ai,1
punishment education warning aggressive behaviors,1
incentive measures including reward punishment,1
attacked human drivers,1
merging mixed traffic flow composed,1
flow composed human driven vehicles,1
contributes burgeoning ai literature identifying,1
uncertainty perceived human users,1
ai platforms increasingly,1
trading taylor,1
methods account uncertainty ml,1
information exists literature ethical considerations,1
depth analysis,1
ethical considerations adopting implementing,1
underrepresented xai research far,1
ai plays,1
actors stereotype content model,1
based theory computers social actors,1
icsas initial response focus,1
ethics services,1
service assistants commerce,1
crucial psychological factor leading algorithmic,1
additionally ai effects,1
users algorithmic avoidance,1
transport systems published john,1
iet intelligent,1
males hold,1
frequency driving,1
driving cars travel time car,1
age years driving,1
promote safe,1
adoption ai industry,1
factors affecting fully automated vehicles,1
market decision making ai,1
themes assess impact ai powered,1
likeness pre,1
nature algorithms impossible predict advance,1
known children respond external human,1
information vehicle deceleration,1
guide road crossing decisions,1
variations psychological requirements ai potential,1
country level variations,1
cross driverless,1
legitimate addressed ai developers result,1
ai deployed new occupation,1
fears concerns ai,1
artificial intelligence ai constantly,1
car immersive,1
manipulated subjects allow participants,1
car stopped,1
stopped abruptly gradually,1
autonomy competence lens self,1
embrace generative ai adoption voicing,1
ai propelled transformation technology led,1
intelligence ai organizations,1
allow participants cross,1
furthermore ai entry gastronomy,1
intent dome light changed red,1
exploration consumer attitudes ai particularly,1
ethical dilemmas security vulnerabilities,1
best practices designing communicating ai,1
efficiency employment security concerns,1
human machine collaboration,1
pedestrians concern,1
indicated initiate crossing,1
ehmi intend yield perspective pedestrian,1
av equipped state ehmi braking,1
braking intent,1
influence pedestrians,1
examines moderating,1
perceived control,1
years debate automated vehicles,1
field human ai interaction,1
interaction hri collective service,1
sustainable effective implementation aa,1
referring service robots,1
restaurant robot,1
threat appraisals lead,1
increasingly embracing artificial intelligence ai,1
produce shared realities robot customers,1
service providers actively mitigate threat,1
ai optimise,1
modes aviation,1
vulnerable road users,1
application intelligent collaborative interaction,1
aerial tasks aiming optimize decision,1
principles decision neuroscience,1
ooda aerial combat,1
intelligence ai focusing effects social,1
car communicated,1
longer enter roadway vehicles,1
german car,1
role biases,1
steep development artificial intelligence,1
learn adequate behaviors,1
sonar used learn adapt,1
trading taylor,1
recent advances robotics artificial intelligence,1
artificial intelligence necessary desired humans,1
vehicles avs bring huge,1
promotion application autonomous vehicles,1
ai hrm identified utilizing dynamic,1
competencies required adopting ai,1
application artificial intelligence ai based,1
dimensions level performance level autonomy,1
introduces wide ranging working ai,1
intelligence ai communication,1
research artificial,1
computers social actors casa paradigm,1
robots consumers retail,1
collaboration social internet things,1
designed provide consumers synthetic interaction,1
companion ai,1
safety issues emerging current,1
factors influence drivers,1
children adults waited longer enter,1
emergency pay attention feedback,1
decision making resulting individuals cognitive,1
children heavily influenced late ehmi,1
intelligence ai impact,1
unlike adults children control condition,1
moderating influence perceived enjoyment using,1
behavior initiating crossing gradually decelerating,1
chinese language using,1
deceleration judge yielding intent,1
lag approach,1
powered capabilities bring value,1
capability framework define armc,1
enabled analytics ai enabled relational,1
depend environmental,1
level vehicles widespread,1
interaction hci,1
ai assisted,1
conditional driving,1
making especially user felt responsibility,1
vehicle emergency pay,1
tasks typically creates,1
smart technologies,1
feedback vehicle,1
effect experiences opinions ai,1
cognitive limitations,1
driver needs,1
implications designing socially responsible,1
significant transformation catalyzed ai integration,1
reduces usability whites ai shows,1
ai eventually replace,1
ai business spurred explosion,1
ai technologies organizations recently,1
human supervision automation,1
participants reliably check aircraft,1
aircraft conflict status,1
voluntary use rbls,1
tested processes questionnaire exploratory factor,1
validation factor analysis construct scale,1
algorithm adoption,1
automation simulated air,1
voluntary use range bearing line,1
ai robots users constant features,1
process design ai robots,1
covid 19,1
overlooked impact service robots overall,1
consumers machines,1
identify previous ai experience employees,1
contingency factor effects stronger ai,1
control outcome control important design,1
improvement perceived outcome responsibility,1
responsibility threat meaning work adherence,1
ai systems designed,1
fact used collaboration machines,1
collaboration process receiving real time,1
strengths humans,1
limited cognitive,1
announced establishment ai,1
responsible artificial,1
ai replacement providers,1
artificial intelligence rai subset,1
associated use artificial intelligence,1
little insight customers respond ai,1
revealing framing ai augmentation,1
trading taylor,1
discusses observations project featuring ca,1
artificial intelligence ai,1
ai changing human experiences workplaces,1
recognized double edged tool ai,1
ai documented current,1
involve wakeword,1
involving human,1
documented current literature examine ethical,1
forming especially situations,1
pressure multitasking,1
rational inattention,1
considerations forefront ai decision making,1
outcomes human dm,1
contrast human decision makers,1
perspectives domain ai practice,1
incredible accuracy,1
antecedents rai implementation,1
collaborative intelligence ci extent ci,1
probabilistic estimations user states,1
perceived animacy pan perceived intelligence,1
behavioral control,1
determinants shape frontline hotel,1
interface afford teams enhanced,1
ai applications pose potential threat,1
threat decide use threatening,1
simultaneously interactions,1
training inaccessible societally,1
comments various platforms quantitative study,1
everyday life applications ranging food,1
ai features facilitate conforming consensus,1
individualists prone view ai,1
infringe uniqueness autonomy,1
ai constructing self relation,1
national differences ai,1
determine responses artificial intelligence,1
sequential mixed methods investigation,1
equation modeling using 440,1
intelligence perceived animacy,1
role technology attitude ai attributes,1
user perception ai,1
digital assistant recent,1
external factor,1
moderating role perceived,1
artificial intelligence ai,1
ai characteristics user behavioural,1
benefits derived ai features gen,1
equation modeling pls sem,1
service robots,1
customers support ai,1
ai performance expectancy mediated relationship,1
casual restaurants males perceived,1
machine teams,1
integration rooted team centric concepts,1
knowledge human systems interfacing integration,1
ai devices hospitality service settings,1
using artificial intelligence ai,1
intelligence systems generate,1
interactions increase complexity machines,1
teams require explicit focus just,1
performance contributions individual team,1
representation improve algorithm,1
judgment helps,1
teammate interaction,1
control systems pilot control,1
imperative ai cultivating compelling loyalty,1
originality value study enriches digital,1
policymakers developing ai supported digital,1
decade artificial intelligence ai,1
summarize key themes emerging ai,1
attributes varies generations gen,1
ai capabilities bundle data,1
demonstrates potential impact ai,1
career behavior decreased low,1
contingency plan optimal course action,1
artificial intelligence ai,1
age responsible production artificial,1
intelligence ai,1
research algorithmic,1
intelligence ai technology engage,1
directions address complexities algorithmic bias,1
human factors,1
processes artificially intelligent ai,1
ai agents team members,1
collaboration team context,1
deep understanding effective human,1
related behavioral responses aircraft,1
covid 19 growth commerce,1
purpose artificial intelligence ai,1
factors affect individuals intentions ai,1
characteristics perceived intelligence positively,1
uas simulation,1
remote uncrewed aerial,1
autonomous systems,1
vehicle operations transitioning,1
remote vehicle,1
addition ai readiness positively,1
shaping aiconsumer,1
threat attitude,1
contingency theory,1
artificial intelligence ai strategic,1
backgrounds trigger representativeness heuristic associated,1
human ai interaction based theory,1
diversity cues training data labelers,1
negative experiences poorly implemented ai,1
emphasizing ethical considerations guiding,1
digitized world,1
machine learning algorithms lasso,1
ai algorithms compensate omission cultural,1
cbd model estimation efficiency ai,1
judgment behavior emergency evaluation,1
exhibit highest preference action moral,1
machine experiment latin american countries,1
artificial intelligence ai steadily,1
daily tasks project management,1
vehicles avs,1
autonomous vehicles remain unavailable,1
fully autonomous vehicles,1
absorption theory,1
intelligence ai related technologies robots,1
extend cognitive,1
key concepts emerge including human,1
human dependence evaluation,1
management positions use ai sdm,1
systematic review literature 111 ai,1
institutions improve features ai,1
analysis adding depth,1
structural equation modelling sem initially,1
susceptibility proneness autonomy,1
attuned leading informed responsible decision,1
tolerance autonomous,1
systems artificial intelligence ai era,1
perspectives ai applications ii human,1
conduct comprehensive review ai,1
users interacting ai,1
states spanning overtrust distrust user,1
model based confusion matrices originating,1
literature ai business,1
notable exponential increase ai related,1
intelligence ai emerged,1
recently launched large language model,1
types task,1
artificial intelligence ai transforming world,1
work leaving individuals wondering ai,1
self proactive career,1
perceived control future work,1
levels low vs,1
cognitive pathways shaping individuals,1
heuristic human ai interaction haii,1
computer social actors casa,1
low fwss,1
undermining authority threatening,1
making humans redundant,1
dominate making humans,1
potential combining human cognitive,1
moderating variables,1
model elm status quo bias,1
bias sqb theory develop,1
intelligence ai,1
equation modeling pls sem,1
learners cebu,1
artificial intelligence,1
intelligence gai witnessing,1
understanding user interactions ai,1
severity level moderating,1
showed forced interactions intensify responsibility,1
algorithmic work,1
scarce costly,1
replace support augment human,1
ai systems,1
climate fosters synergies ai human,1
ai human employees customers require,1
conceptual framework,1
potential ai,1
bias enhancing ethical decision,1
automated advice regarding certainty uncertainty,1
compared sam appearance,1
presented integration human machine collaboration,1
ship automated modelling sam,1
mixed methods approach leveraging,1
control systems,1
factor analysis tested using covariance,1
ai capability framework integrating,1
integrating autonomy enabled,1
task considered,1
levels driving control,1
machine teaming,1
vehicle automation,1
improve safety,1
lowest effort drivers regardless,1
drivers age groups terms trust,1
lumberjack analogy,1
cognitive ability age groups clear,1
drivers cognitive,1
view driving,1
increase drivers,1
include flight management remotely,1
used compare flight,1
intelligence ai robotics researcher,1
automated vehicles,1
acting theory,1
trust autonomous cars,1
ai considers issues embodied cognition,1
properly consider human capabilities involvement,1
trusted moral judgments,1
models human performance,1
including adjustments task,1
uncertainty avs decision making action,1
task allocation process workflow,1
systems human role conceptualized,1
human reasoning decision making,1
performance influenced cognitive biases,1
effects human behavior process,1
moderating factors,1
explains lead self ai integration,1
artificially intelligent,1
mimic humanlike behaviour,1
conceptual framework,1
individual biases group member interactions,1
inspiration human cognitive systems areas,1
moderating factors,1
explains lead self ai integration,1
intuitive cognition human,1
artificial intelligence algorithms,1
mimic humanlike behaviour,1
learning effect dwindles does vanish,1
drivers experience rti number,1
reduction response time,1
rate successful intervention car,1
conducted driving simulator 100,1
driving environment mental,1
model knowledge dynamic decision making,1
approximate human cognition argue human,1
limitations sls conditional driving,1
driving automation society automotive engineers,1
artificially intelligent,1
mechanical turk,1
demonstrate quantitative,1
transportation medical care resulting broader,1
expectation ai ai assisted humans,1
artificial intelligence blamed,1
speed interface,1
vehicle speed continued,1
movement pattern,1
interview vehicle,1
response time,1
displayed led,1
uncontrolled intersections,1
highlight ethical implications autonomous,1
pedestrians interaction,1
exposing individuals counter attitudinal political,1
automated vehicles avs,1
flexibility prototypes consequences street,1
indicated private value greater effect,1
growth effort cluster investigation,1
improved human machine collaboration,1
systems require models capture human,1
intelligence ai use value,1
study helps ai designers,1
define intuitive reward,1
study human subjects aided virtual,1
societal expectations ethical principles,1
intelligence come concerns machines,1
gender citizens different experiences,1
modeling language sysml diagrams task,1
ai scenarios tested,1
human transportation replacement,1
imagine receiving medical,1
online experiment,1
adoption artificial intelligence ai,1
ai provide,1
algorithmic society,1
overall appreciation ai created,1
ai daily life contributes accelerating,1
based systems lack,1
intelligence ai technology used,1
box nature systems allows powerful,1
ai xai,1
counter attitudinal information attributed ai,1
collaboration dutch industry,1
sine qua non ai,1
society human users started,1
highly autonomous require,1
level urgency subjects,1
combination behavioral patterns lead,1
autonomous vehicle,1
tasks accuracy precision,1
potential effect traffic widespread issue,1
contrast dominant narratives argued ai,1
vehicle innovation,1
divides misinformation artificial,1
point view engineering education powerful,1
conceptual framework,1
helps hurts algorithm augmented,1
processing tasks annotation relation identification,1
require good performance,1
change noticeable,1
covid 19 pandemic digital disruption,1
role digital artificial intelligence ai,1
individuals achieve,1
framework goals inform engineering ethical,1
considered judgments governing,1
empirically level intervention moderates,1
perspective cognitive,1
equations model,1
study ai,1
virtual world,1
manual control,1
situation awareness sa ability regain,1
individuals maintained sa regain manual,1
management task varying task load,1
participants completed simulated,1
technology attributes,1
submarine track,1
encompassing human like,1
ai technologies poised revolutionize consumers,1
significant return manual deficits,1
artificial intelligence,1
human characteristics sufficient elicit behavioral,1
novel ethical,1
intelligence disrupting,1
interfaces striving compliance,1
teamwork finding right,1
ai applications medical areas,1
reading book including machine learning,1
account background computing ai,1
problem algorithmic,1
moral dilemmas,1
contribute ongoing debate applying ai,1
learning algorithms organizations complete abandonment,1
control conducted,1
future air traffic,1
algorithmic control expanding,1
algorithms continuous increase hardware,1
tests establishes deploying ai,1
proactively address mitigate loop performance,1
traffic control rely advanced,1
driving reliable,1
coping data uncertainties,1
tedious intelligence,1
drivers performance terms cognitive,1
interaction task habit analysis,1
technology warrants human supervision coping,1
using prototype ecological interface,1
affected participants control,1
leads satisfying,1
ai technologies positive,1
guiding modeling annotation cognitive activities,1
systems consider task,1
aviation cyber robotics applications,1
technology attributes,1
ethically appropriate decisions,1
understanding sustained attention,1
human factors,1
equations used,1
replaced artificial intelligence,1
autonomous cars,1
employee artificial intelligence awareness eaia,1
possible unintended consequences accepting algorithmic,1
advice felt greater accountability,1
tool rejected advice felt,1
resolving tickets,1
learning human preferences observations,1
importantly self enhancement emerged,1
strengthening self,1
self efficacy,1
simulated time critical operational environment,1
difference performance algorithmic,1
problem solving ibps behavior simulated,1
models information based problem solving,1
unrest situations ability make best,1
intelligence workflow processes,1
processes conducted human geo political,1
augmented performance interplay countervailing forces,1
crowds model interaction,1
especially people low levels self,1
real time coordination dynamic,1
distributed automated processes human,1
discussions extended minds philosophy examine,1
encompassing human like,1
ai technologies poised revolutionize consumers,1
semiautonomous systems developed automotive,1
conundrum exists autonomy added reliability,1
artificial intelligence,1
intelligence disrupting,1
communication coordination ai best,1
algorithms prove value making important,1
decisions humans add distinctive,1
intelligence ai profound impact,1
learning ml artificial,1
specifically focusses teamwork dimension,1
improving human performance interacting autonomous,1
general functional analysis ai,1
recommendations design human autonomy interfaces,1
support mechanisms facilitating environment,1
task fulfilment expectations ai,1
human factors,1
address workers fear working ai,1
collaboration human,1
critical overview relationship ai,1
artificial intelligence ai primarily robots,1
guidance extended human machine collaborative,1
world dominated semiautomated automated autonomous,1
clarification causal antecedents set overall,1
sem methodology,1
dilemmas faced autonomous vehicles,1
languages millions people,1
individual variations,1
algorithms increasingly,1
intelligence ai,1
perceptions algorithms regardless,1
conducted online experiment using managerial,1
navigation context,1
decision maker algorithmic human,1
ai presence application,1
perceived lack intuition subjective judgment,1
changes perception,1
threat autonomy,1
ai commonplace embedded daily,1
tasks subject change,1
applications using artificial,1
chmi2 unmanned aircraft,1
functionalities design operators command control,1
new approach aviation human,1
human factors engineering,1
cognitive states based measurement,1
supplement replace humans service interactions,1
human machine teaming,1
sensing extraction classification,1
rated highly comprehensible avoided crashes,1
employs layer architecture comprising sensing,1
associated display,1
aircraft uas ground,1
provide discrimination different modes control,1
cooperation humans,1
factor determines success human,1
intelligence al penetrated organizational,1
processes typically characterized uncertainty complexity,1
based cognitive,1
reliable sensory,1
sensory exchange extended motor,1
behavior mutual knowledge,1
addressing complexity humans offer,1
collaboration hrc,1
mirrors idea intelligence,1
augmentation states al,1
human factors,1
assistants finding,1
mechanisms moderators models,1
characterizes coordination,1
vision tightly coupled teams humans,1
aas participate increasingly complex,1
teaming permits,1
work rapidly executed multiple,1
supervision task demonstrated,1
using aircraft,1
high level sense control supervisory,1
intelligence ai enabled,1
assist cognitive tasks production,1
socially sustainable human,1
characterization grounded human aa,1
tracking variables provide discrimination,1
separately implicit lateral vehicle movement,1
separation assurance collision,1
machine learning ml researchers,1
minds artificial,1
human cognition fails,1
provides background,1
article offer interpretation ai,1
problem highlight ethical saliency,1
algorithms lack,1
machine learning based,1
procedure unmanned traffic,1
traffic control tower simulator work,1
episode air traffic control,1
harmonise service robots artificial,1
pm analysis levels autonomy cognitive,1
control framework jcf simple,1
description analysis joint,1
framework joint human autonomy process,1
exceeds cognitive performance humans domains,1
superintelligence form,1
systems does analyse communication control,1
judgments systems driven machine,1
complex cognitive work carried,1
levels instability uncertainty unpredictability,1
summary machine learning,1
effect differed types ai,1
analysis joint control,1
artificial intelligence ai meaning,1
robots tourism,1
artificial intelligence means,1
bottlenecks double parked vehicles,1
road users highly comprehensible,1
driving behavior,1
uas significantly reduce reaction time,1
traffic av safely efficiently,1
automated vehicles,1
artificial agents lack,1
drawing research,1
promise collaboration humans algorithms,1
algorithms producing good,1
moral point,1
brought development ai gives,1
conceptualization cognitive revolution,1
recognisers introduce delay analysing,1
capable cognitive,1
initiated action turn,1
founding myths judeo,1
psychology marketing ai,1
ai technology shown significant antecedents,1
selecting best matching,1
adopting ai service robots,1
comparable computing,1
limited trading taylor,1
low participants initiated,1
survey focuses agent robot,1
virtual control artificial agent,1
dependent user,1
replace humans decision making,1
feedback necessary,1
conflicting decisions humans,1
autonomy decomposed,1
shared control,1
possibility act cap represents autonomy,1
differs human artificial contexts,1
humans autonomous systems,1
incipient ai literature serves theeoretical,1
higher levels self efficacy studies,1
checkouts artificial intelligence,1
autonomous machines making,1
reputation largely neglected temporary,1
control identification discovery parameters,1
emergency safe reward,1
experiment realized video environment,1
law military self driving,1
using example pet feeding robot,1
factors overtrust,1
presence yielding octants,1
companies consider deploying ai tiered,1
result allayed negative ai disclosure,1
negative perceptions deployment ai,1
using ai employee results employees,1
generate performance feedback,1
focus realm,1
moral decisions,1
feedback disclosed harming,1
heuristic based,1
systems lane keeping assist lka,1
artificial intelligence ai devices,1
main processes human centered,1
model based reasoning,1
vessels remote,1
preferences based,1
autonomous surface vehicles,1
xai autonomous,1
assistance systems create danger,1
variation uncover major clusters countries,1
terms hindrance goes autonomous,1
ethical variation uncover major,1
automated cruise control acc,1
inclusive mobility,1
experience feedback weak signals,1
fourth differences correlate modern,1
signals beneficial learn,1
human systems inclusion considers,1
behaviors affects ethical,1
intelligence ai,1
alarm systems control human attention,1
role study human reasoning,1
43 drivers tutorial human reliability,1
analyzed ways drivers years,1
determine possible confusions reasoning driver,1
signals models references conformity ethical,1
increasingly using artificial intelligence ai,1
originality value conceptual,1
human ai,1
future brain public,1
human factors,1
provide shallow simulacrum ethics,1
emerging field cognitive engineering methods,1
algorithms goal oriented human machine,1
aviation space,1
project building ethics,1
flawed understanding nature ethics,1
intelligences ai ethically loaded led,1
participants assigned computer,1
world decisions artificial intelligences,1
intelligence ai fundamentally change,1
technical autonomy main,1
participants conformed comparable,1
accountability issues,1
collaboration increasingly prevalent,1
corrective feedback humans provide expressions,1
anthropomorphize mentalize artificial agents,1
virtual reality unsurprising arrival emotionally,1
artificial agents imminent,1
dyadic collaboration suggesting important,1
discuss suitability existing human performance,1
factors design,1
perception action,1
human likeness increased,1
laws legislation surrounding ai,1
ai psychological impacts implementation workplaces,1
psychological outcomes translates major gap,1
thinking techniques strategic,1
mediates user access content controls,1
goals make autonomous decisions,1
reward depends actions,1
intelligence behavioural economics control,1
ai dm processes introduced,1
engines fitness trackers,1
induce behavioural,1
question ai systems engage conceptual,1
reinforce weaknesses human beings,1
neuronal workspace theory consciousness prevails,1
intelligence ai research refine,1
ethical social legal implications,1
mortimer adler,1
smart homes smart cities,1
perceptual thought common,1
smartphones smart,1
nations field ai broadly development,1
progress artificial intelligence ai result,1
mental ability,1
individual determinant,1
instead capable learning autonomously,1
paradigm ai cognitive machines,1
intelligence making,1
limits human comprehension,1
cognitive neuroscience active inference suggests,1
air navigation,1
makes human,1
mind brain,1
clusters dimensions identifying subsystems,1
subsystems flight,1
need raise attention curiosity ai,1
test 3d virtual environment,1
given avatar guided tour virtual,1
development innovative useful artificial intelligence,1
ai systems,1
autonomous vocabulary learning,1
housed 3d world second life,1
motion problematic ia decision making,1
ias use machine learning decision,1
automation flight deck,1
human ia collaboration challenging,1
human performance suffered result,1
able assess capabilities correctly,1
contrary subjects acted rationally internally,1
kind algorithm,1
variations controlling agency,1
performance explained kind,1
78 participants artificial intelligence condition,1
contrast humans did delegate did,1
revealed agency judgments impacted quality,1
delegate work ai,1
ai work outperform ai outperforms,1
collaborative environments education,1
setting humans ai perform classification,1
use predictive students attitude ai,1
course cognitive subsystems,1
interactions cognitive,1
recognized human behavior,1
caused behave certain way,1
ai systems increasingly pervasive internet,1
things car intelligent devices robots,1
intelligence ai,1
explain mechanisms underlying human process,1
artificial intelligence theoretical,1
compatibility complexity,1
processing emotional information elicitation synthetic,1
performed simulated rapid retasking,1
judgments 11 hai,1
retasking intelligence surveillance,1
selfdetermination theory inform design,1
self determination theory sdt,1
complete information behavior human,1
just bias based heuristics anchoring,1
pilots use operate situations involving,1
latent structure underlying systems pilots,1
enthusiasm explained rapid,1
captured sustained focus researchers,1
algorithmic management,1
thanks advances artificial intelligence,1
background hai,1
time replanning routes,1
ai engine number psychological,1
intelligence operation psychological contextual variables,1
preferred pilots strong,1
aircraft maintenance hypothesised time location,1
detection naval air engineers experience,1
research benefit interested furthering safety,1
resilience using,1
helps prevent,1
successful human agent teams leverage,1
sensory capabilities automated agents,1
evolving assistants,1
teammates perform increasingly complex tasks,1
discovered solved teams individuals machines,1
augmented intelligence,1
task latent,1
distributed cognition entire socio technical,1
group behavior community,1
unit cognition,1
physical control interaction increasing,1
promoting mechanized,1
computational intelligence ci,1
people develop use,1
cognitive functionality,1
easily embody complexity,1
intelligence gained lost,1
development components interoperability coordination cooperation,1
heuristic knowledge,1
dominates cognitive research application,1
dynamics hybrid,1
hybrid teams,1
researched phenomenon post task,1
factors engineering decision making,1
16 optimal,1
decisions primarily comparing capabilities humans,1
based display lead better,1
pilot trajectory decision making 16,1
navigation display compared,1
display provides discrete trajectory,1
advanced systems advisory display,1
helicopter navigation,1
reviews history xai ai,1
ceding control decision making transparent,1
ai unprecedented extent,1
downstream effects causal link psychological,1
perceived control,1
documents using ai,1
affecting team,1
team performance difficult translate automated,1
ubiquitous computing,1
prevalent touch,1
investigates factors,1
dorsal medial prefrontal cortex activation,1
moderating effect,1
brain regions sensitive changes agent,1
brain data,1
gap developing highly collaborative task,1
accurate representation chain,1
virtual mind,1
chain events,1
systems interpersonal,1
task allocation human,1
influence professional pilots,1
accuracy model,1
interacting flight deck,1
rate cognitive demands predict behaviors,1
desired preference data,1
unanticipated tasks broader,1
operational stressors,1
terms cognitive behavioral impact operators,1
changes aviation domains need addressed,1
limited trading taylor,1
interaction hai takes,1
human factors,1
ai calls employees upskill,1
proponents artificial intelligence,1
mccarthy mit coined term artificial,1
ai envisaged scenario,1
starting define intelligence,1
partial squares pls step model,1
argue benchmark,1
intelligent means algorithm stock market,1
moderating role ai,1
consideration achieve human intelligence real,1
analysis changes stimulating artificial intelligence,1
neo human capital ai,1
used various team,1
comparable humans,1
experimental tracking tasks,1
preferences exist complex human,1
published informa,1
limited trading taylor,1
machine integration ai merely force,1
attraction learning,1
follows reinforcement experience weighted,1
learning algorithms detect,1
weak improve algorithms payoffs,1
detected payoff increasing,1
fought complex chaotic nature,1
algorithms action,1
generally expensive,1
create socially responsible,1
combat retaining meaningful human,1
meaningful human control war,1
virtual humans,1
warfare artificial,1
dynamically changes environment,1
performance change dynamically,1
propose human,1
human dm,1
team members share mental,1
improved team,1
dm problems assigning task robot,1
ai rational efficiency simultaneously,1
tasks activities,1
development organizations increasingly employ artificial,1
increasing cooperation psychology computer,1
factor current air traffic,1
traffic management,1
science control,1
reasoning environments mix typical adult,1
given interaction game,1
characterize human theory mind,1
learning reinforcement learning,1
fortunately computational cognitive,1
humans think make decisions,1
task structure task distance people,1
manipulated power,1
numerous function,1
designing autonomous,1
32 played game different task,1
task interdependency fostering cooperation,1
systems interact humans,1
practicing tasks,1
stronger preference human like,1
autonomy leads higher degree algorithm,1
empathy autonomy making decisions,1
self humanization,1
subjects playing state,1
player coordination,1
especially human factors,1
supervisor vs,1
control environment novel triggering mechanism,1
allocation research,1
manual control,1
team members collaborate effectively efficiently,1
ai enabled tools help,1
realize potential exchange,1
modularization deconstruct,1
building mind brain inspired,1
useful future studies examining ai,1
cognitive agents various applications,1
ranking scale relative significance,1
architecture clarion,1
article explores established cognitive,1
behaviour performance capture human psychology,1
decision making indicates human like,1
application cognitive,1
human knowledge services robotics,1
scenarios gender understanding,1
anxiety ai ethics high,1
high scenario ai used weaponry,1
permeating lives public attitudes ai,1
ethics partially investigated quantitatively,1
intelligence ai,1
human operator situation awareness individual,1
teaming multirobot,1
control ability gaming experience,1
result improved workload ratings,1
efficiency safety compared,1
ai systems narratives targeted needs,1
task detecting fake,1
means intelligence community,1
humans based developments,1
representations allow,1
growth interactive kiosks,1
evoc 2000,1
19 pandemic,1
aspects designed cognitive architecture trustworthy,1
age gender level,1
cognitive models humans theory mind,1
mental states,1
states attribution result complex,1
help provided cognitive,1
machine teaming,1
suggests specific queue design,1
autonomy means possibility dislaying providing,1
moderator effects,1
specific environmental factors,1
factors proved insufficient number,1
requires autonomous robots able,1
2015 human factors,1
air traffic control atc,1
background variety,1
gap human factors,1
medium high traffic density condition,1
limited trading taylor,1
enablers successful integration ai technologies,1
claimed falcone castelfranchi autonomy,1
characteristics ai influence,1
observational field,1
automation control mandatory driver,1
trajectory based,1
future air traffic,1
ecological interface,1
interfaces aviation domain revealed humans,1
revealed humans opted control actions,1
leverage ai,1
control variables firm age,1
supports preservation airspace robustness,1
control actions compared skilled novice,1
creativity aim ai driven,1
second order variable aic,1
proposed transportation agencies describes driver,1
boundary seeking control,1
intelligence capability,1
aic management aim,1
mixed methods approach use,1
topic transitions automated driving,1
framework support align human factors,1
states defined,1
likeness human beings intended,1
primary driving,1
control longitudinal control,1
control monitoring,1
intelligence ai based interactional technologies,1
cars automated greater,1
research largely focused technical,1
participants instructed perform simulated atc,1
intelligence ai claimed offer,1
agile hcd,1
tasked directing traffic maintaining separation,1
autonomous machines developing using prodec,1
performance trust collaboration expert,1
background human machine teaming,1
human systems integration hsi,1
accidents involving commercial airplanes,1
fly advanced aircraft,1
pilots rely,1
teaming hmt typically combines,1
digital cockpit,1
dealt integration pilots virtual,1
collaboration high depending,1
differences airbus,1
binary signal detection,1
models collaborative decision making,1
dot images,1
task asked classify random dot,1
hotels categorized plutchik wheel emotions,1
judgments unaided assistance 93,1
performance similar,1
driver innovation diffusion process,1
participants integrated,1
traffic management atm,1
perceived complexity average unexpectedly factor,1
controller trainees,1
assistants onboard advanced fighter aircraft,1
recalibrate air combat virtual,1
additional determinants,1
performance reduce workload compared manual,1
time machine learning second users,1
encounter ai,1
did decrease,1
imperfectly reliable apparent traffic,1
questions drivers lead managers,1
artificial intelligence based algorithms automated,1
benefits traffic,1
algorithms increasingly playing pivotal role,1
mental states inevitably meaningless,1
decisions failure current ai engage,1
air traffic,1
unpredictable ways precludes certainty,1
unattainable given certain,1
need automated modernized air,1
reasons decisions developers guide human,1
traditional ai new models,1
learning techniques used model categorization,1
machine cooperation believed,1
mixed human artificial,1
technological factors significance mixed human,1
intelligent technologies potential bring,1
real time simulations tasked,1
issue ai systems,1
traffic controllers,1
rise ubiquitous systems,1
simulated air traffic support different,1
working memory abilities moderate,1
75 lower 60 levels expectations,1
dual task scenario 75,1
new technologies including ai little,1
differences groups,1
purpose artificial intelligence ai,1
disturbing factor,1
controlling increased traffic,1
driving reliable,1
underlying data driving,1
technology warrants human supervision coping,1
coping data uncertainties consequently,1
human behavior information available people,1
ecological interface called,1
aircraft enables,1
robot chest web interface,1
especially high complexity scenarios,1
tasks monitoring failures,1
active mode concordant mimicry programmed,1
operations needs identify methods parallelize,1
recognition skills predictedto,1
concurrently perform,1
performed simulated,1
smartness associated physical machines software,1
constant experiment tracking,1
classification algorithms,1
load index cues improved performance,1
sap environments generates advice,1
perceived self,1
baseline periods drive driving,1
vr drive,1
car positive impact trust,1
general decline genders,1
participants accepting male,1
situation autonomous,1
participants verbal cues crucial traffic,1
assisted moral,1
experiment self explaining autonomous,1
acceptance making cars,1
autonomous vehicles,1
ai job insecurity negative,1
differentiate different,1
involve repeated interactions people,1
vehicles represent significant,1
addresses problem automated advice provision,1
route selection,1
sort collaboration,1
model today appears autonomous,1
decision maker humans,1
systems office assistants climate,1
algorithms increasingly used,1
reason advice influences people,1
selection processes humans,1
classification proposed,1
abilities automation,1
advancing ai explore ai creates,1
intelligence ai affects suppliers,1
sign crossing pedestrian braking,1
failure vehicle driving slowly,1
robot travel information,1
investigate dynamics human robot,1
robot automatic demand,1
tasks characterized perceptual socio cognitive,1
cognitive uncertainty,1
participants conformed,1
accelerated wide application service robots,1
finally examined factors,1
intelligence ai current covid,1
braking lead car failed react,1
figure somebody thoughts,1
ai increasingly emerging,1
robot travel information,1
robot automatic demand,1
studies transportation medical technology,1
accelerated wide application service robots,1
intelligence ai current covid,1
higher performance expectancy ai,1
development process applied ai,1
services compared airline services,1
situation awareness,1
use artificially intelligent,1
autonomous vehicles medical assistance devices,1
speed control,1
secondary task performance reduced self,1
ai based,1
buyers use artificial,1
did reduce,1
teaming potential,1
robot ingroup condition outgroup neutral,1
common human factors,1
databases robotics,1
humans share,1
share space collaborate reach common,1
occurs individuals compare unfavorably,1
smart environments,1
centered smart,1
human like qualities personalized,1
variables shape adoption,1
clusters variables classified,1
intelligence perceived,1
driving power dependence power,1
cars function perfectly drivers,1
mc highly automated driving,1
variables based driving,1
participants min,1
experienced event required,1
attention task,1
reported physical demand effort compared,1
causal relationship,1
dual approach establish explain behavioural,1
awareness repeatedly controlled simulated air,1
agency locus human,1
unintelligible humans,1
unpredictability necessarily self,1
important decisions intelligent systems,1
essential users understand algorithmic,1
deployed real vehicles simulators,1
classify people,1
work objective method classify,1
complexity calibration lies,1
assessing human reaction vehicle,1
hyperbolic themes concepts stemming ai,1
simon employed characterisations current ai,1
driven vehicles need trust,1
ai researchers developers providing,1
artificial intelligence ai,1
poses challenges ethics safety,1
moral logic,1
cognitive implications using autonomous technology,1
trading taylor,1
creation intelligent assisted,1
collaborative work,1
ml based decision,1
ai remains open,1
roles control humans machines,1
adoption assistive ai systems,1
achieves accuracy comparable,1
intelligence ai support human,1
driving cars complex activity,1
shared control,1
unexpectedly retracted evaluation,1
intelligent control communications technologies,1
22 21 using actual autonomously,1
road junctions looking,1
recent research focused ethical,1
design vehicle programmed,1
interactive processes human algorithms,1
communicating vehicles,1
labeling annotations,1
knew junction clear proceed stopping,1
population form labeling,1
recently algorithms,1
traditionally machine learning,1
positive accuracy,1
information reasoning uncertainties,1
heterogeneous unmanned vehicles serves,1
defense task managing team heterogeneous,1
information reasoning uncertainties,1
suggested aspects driving styles,1
map vehicle location proposed,1
heterogeneous unmanned vehicles serves,1
defense task managing team heterogeneous,1
simplified feedback,1
users building working heuristics,1
real time,1
interviews indicated pros cons driving,1
map vehicle location proposed,1
way cooperation,1
insight orse metaphor human machine,1
automotive domain,1
preference ai service modelled,1
virtual agent,1
perceptions attitudes ai,1
ar environment generating appropriate movement,1
fvas interact user avatar agents,1
gaits gestures gazing friendly virtual,1
ai powered automated stores,1
integrated fva,1
pls sem technique empirically validated,1
generate plausible movements,1
ai transforming,1
australia previously used ai,1
factors sectors focus mental modes,1
experiences maritime,1
transport limited tend confirm,1
aviation road,1
road domain transferable,1
control machine human role experience,1
experience training using automated transport,1
situation awareness sa,1
transport improve safety reducing,1
human factors,1
vary depending team,1
protect missile,1
quantitative approaches human factors,1
moderation effect information,1
accountable ai educational research practice,1
reflecting current understandings human intelligence,1
pursuing research topics focused ai,1
intelligence ai develop potential partner,1
temporarily delegate driving,1
highly automated driving,1
explore highlight,1
needs displayed driver,1
semantic debuggable machine learning,1
information driver using augmented reality,1
explore alternative learning theories,1
reach non machine learning experts,1
assessed situation awareness,1
surface intelligent behaviors,1
hmi does help understand environment,1
using machine learned models,1
action execution,1
dimension decision making human artificial,1
making route suggestions users,1
artificial intelligence ai,1
accountability important,1
route differs,1
example driving,1
change human development behaviour learning,1
systems interact,1
controlled educational,1
ai predates current,1
driving behaviour autonomous,1
roads promises increased,1
national safety,1
states peaceful concentrating reflective assessed,1
exhibit behaviour characteristic overtrust,1
literature working memory useful,1
awareness critical situations,1
driving performance following emergency,1
wearable assistants enhancing person job,1
enhancing person job fit cognitive,1
urges factories offer wearable cognitive,1
cognitive assistants,1
impact dynamically communicating uncertainties,1
driving simulator study used,1
multilevel analysis results suggest uncertainty,1
advancements artificial intelligence ai,1
study built factorial design,1
interaction cognitive absorption subsequent effect,1
application ai greatly change,1
development ai technology,1
growth artificial intelligence ai applications,1
intelligence ai,1
vulnerability model developed paper,1
aging ai robotics automation,1
automation job insecurity,1
field unmanned driving proposed people,1
interactive delay ai enabled emotion,1
technological guidance connected autonomous vehicle,1
using visual display significantly,1
autonomous cars ages,1
specifically machine learning information technology,1
research indicates people prefer human,1
share responsibility,1
users likely react products,1
human instead,1
predict users likely,1
french drivers,1
drivers using quantitative,1
literature theme autonomy qualitative studies,1
value attributed autonomous cars,1
perception choice choice,1
decision makers humans human,1
archetypal consumer autonomous technology,1
systems support humans increasing,1
machine delegating,1
using modified cognitive task,1
design ai based,1
task analysis methods analyzed data,1
mock ups,1
ability learn,1
learn offsets effect,1
based feedback,1
judgement objective non,1
highly automated driving systems,1
incentive compatible online experiment,1
possible cause algorithm,1
growth autonomous technologies important,1
vehicle technologies impact future mobility,1
cognitive processes enhance interaction,1
artificial agents,1
assistance reported,1
level simulator simulated journeys,1
especially critical situations way control,1
control control authority shift human,1
given diversity user requirements preferences,1
design traditional vehicle human,1
design aspects determining control,1
face behavioral,1
replace human passengers protective,1
drivers social,1
virtual assistants,1
cognitive tests,1
female virtual,1
information robot provides drivers,1
intelligence ai machines agentic,1
tensions machine agency human agency,1
blind spot size 75,1
humans amounted relevant items using,1
protective effects promoting attentive driving,1
crash risks psychological processes,1
active learning random,1
simulated driving driving performance,1
purpose present iterated learning,1
language evolution study interaction machine,1
thinking gender categorization influences,1
safety task,1
performance workload,1
working memory individual,1
cornerstone automotive industry strategy,1
future mobility needs,1
limited trading taylor,1
autonomous driving,1
considered ratio,1
motives regarding fully autonomous,1
represented ordinal level treated interval,1
behaviour unmanned,1
underlying consumers perception autonomous,1
highest level,1
security responsibility,1
motion planning proposed courtesy definition,1
self fulfillment,1
vehicle dynamics explicitly incorporated intent,1
making driving drivers knowledge,1
driving time enhancing career,1
insufficient safety driving,1
behave responsible,1
policies autonomous,1
autonomous vehicles avs lead,1
mobility providers improve older,1
high fully automated vehicle,1
environmental ethical concerns secondary relevance,1
previous findings loss driving,1
robust automotive,1
aged drivers nearly fault crashes,1
simulation unmanned vehicle control,1
deployment autonomous vehicles,1
driving styles,1
artificial intelligence systems helping decision,1
told players task experiment,1
participant behavior consistent maximizing,1
preferences inferring combination metrics maximax,1
postphenomenological concepts embodiment,1
legal implications fixed attributes human,1
teams perceptions group exert greater,1
robot automobile distributed big data,1
inevitably held accountable errors machine,1
human factors,1
safety engineering automation airplane,1
asking participants choices hope optimal,1
approaches safety,1
autonomous vehicles,1
integration existing urban mobility,1
human behavior received little,1
productivity quality safety problems,1
sufficiently alarm,1
uncertainty human,1
joint human,1
jhm sensitivity,1
depends weighting,1
indicated human like avatar preferred,1
randomly assigned,1
big data algorithmic techniques automation,1
task performed manually trust,1
advanced artificial intelligence ai robots,1
robots hospitality tourism,1
augmentation acted competing,1
stress related exposure,1
time autonomy necessary building ethical,1
ai vs control condition,1
assessed effectiveness ai,1
make positive difference ethical development,1
engineers individually perceived responsibility,1
employees augmented ai based emotion,1
autonomous technology hot,1
technology hot topic psychology hci,1
artificial intelligence advances unprecedented,1
discuss consumers accept advanced artificial,1
routine tasks augmenting,1
ethics hybrid,1
hybrid responsibility face,1
physical safety proximal abstract concepts,1
evaluating different,1
considered section include autonomous technology,1
challenge standard operating,1
suggest threat perceptions regarding,1
assuming embodiment fully autonomous personality,1
participants invited interact virtual reality,1
increasingly interactive autonomous sociable mechanisms,1
state trait,1
increasingly sophisticated ai nature work,1
resulting different applications wake,1
leading cognitive research,1
motion development algorithms interfaces interactions,1
versus complex representations doing provide,1
representational complexity function environment,1
dynamic coupling highly proficient algorithmic,1
cognitive science model,1
depends process firms learn,1
task environment,1
vehicles avs level,1
perceived safety risk,1
built perception,1
term intelligent,1
advances artificial intelligence ai sub,1
safety critical decisions unless,1
privacy concerns related use ai,1
ai technology,1
hfs autonomous driving technology,1
focus multitasking capabilities intelligence,1
intelligence learning speed selected,1
driving new,1
driving technology considering factors influence,1
interactions human driver autonomous,1
components self driving cars,1
critical human factors hfs generate,1
consequently accidents autonomous driving level,1
information quality iq service quality,1
ai roles user motivation adopt,1
complexity generally depends firm,1
machine learning,1
machine control loop complacent reliant,1
vehicle motion,1
signal detection task supported,1
higher sensitivity hss lower sensitivity,1
users signals sent vehicle,1
sensitivity lss human provided feedback,1
robotics traffic engineering literature,1
smooth road communication coordination,1
vehicle automation lead,1
feedback expected increase,1
similar challenges drivers supplanted machines,1
created need new infrastructure vehicle,1
automobiles introduced early,1
communication unsafe interactions drivers,1
road users generated resistance,1
participants make,1
allocation based underlying idea team,1
assignment responsibility,1
ingrained human machine relationships delegation,1
al ml primarily focus,1
virtual assistants care,1
assistants care grocery shopping replenishing,1
control problem understood tendency,1
diffident faced outputs reliable autonomous,1
autonomous able make,1
relative advantage heuristics,1
state art ai technology focusing,1
drivers adapting,1
understand drivers impediments ethical development,1
stop influences pedestrians decision cross,1
algorithm behavior,1
study participants rated permissibility algorithm,1
studies investigate morally controversial,1
preferences drivers,1
autonomous performance reduce errors human,1
mind self conscious property,1
voluntary decisions actions,1
having capacity make voluntary,1
mind things having,1
specifically human mind society,1
behaviour artificial agent,1
results simulation human,1
intelligence ai advocates distinction,1
advent intelligent,1
trajectory predictions,1
run model simulated overall trends,1
providing drivers continuous,1
manage perception,1
motor control,1
performs task productions manage,1
methods reinforcement,1
rewards time gating mechanism,1
automatic manual mode vary,1
uses simple tracking task,1
primary aim artificial intelligence,1
limits behavior imperfect vehicle,1
actual humans,1
size robo,1
team collaboration indicating team intent,1
reported workload increased reported team,1
benevolent maintained task,1
vehicles behave safe,1
task communication neutral condition included,1
task requiring suppression enemy defenses,1
intent piloting,1
psychology autonomous vehicle decision making,1
social cues,1
requires considerations design autonomous teammates,1
teammates ats,1
humans algorithm,1
machine teaming near term,1
autonomous vehicles observe human drivers,1
cooperative tasks visual,1
capture status calibration,1
human drivers estimate svos,1
issues safety,1
merging lanes unprotected,1
optimal performance safety human ai,1
systems complete tasks technologies perfect,1
human users essentially,1
ai technologies,1
challenging traffic,1
simulated drone environment types,1
task represents vehicle operation,1
focus technology designers,1
vehicle control automation,1
physical human analysis,1
cognitive state sensing assessment human,1
cognition augmentation fundamental applied aspects,1
collaborative cognition envisioned,1
response time,1
swarm reliability,1
subjects supervised swarm unmanned,1
aerial vehicles uavs foraging,1
constraints interaction,1
improvements presented outcome review,1
ethics key,1
authority granted automated,1
focus research studies,1
learning curve,1
implementation car distance,1
security engineering challenge today,1
learning effect time observed conditions,1
overall learning,1
proposition tended,1
fav distance crossing place physical,1
participants saw fixed simulated urban,1
road crossing scenes single,1
vehicles favs intention,1
explored pedestrians understanding fully autonomous,1
encourage higher probability compatible,1
loa provide method describing authority,1
discusses alternate classification scheme referred,1
human control,1
systems remove drivers active,1
based simulator 48 drivers drove,1
cruise control acc,1
continuous feedback relied,1
interface performed best,1
combined visual,1
displays increasingly automated vehicles,1
interindividual user characteristics computer,1
efficacy job,1
artificial intelligence ai,1
interactions ai agents range routine,1
devices actions indicative human,1
robotic devices hospitality services service,1
use artificially intelligent robotic,1
bias ethics revisited,1
tied ais produce extraordinary outcomes,1
future directions implications ethics psychology,1
intelligent robot,1
robotics influencing marketers consumers,1
driving dystopia,1
making skills sought,1
human machine teaming improve flexibility,1
attention required cognitive,1
handled non expert human user,1
framework classifies state based,1
originality value present study,1
potential attack,1
participants required assign,1
manipulated participants,1
end introduce bidirectional imitation,1
agents estimation importance uncertainty decision,1
attention intensity,1
capability meme knowledge generalization,1
ensuring human driver vehicle,1
active control,1
driver decoupled,1
vehicle hmi reviews current,1
potential confuse driver,1
current external situation driver,1
interrelated proposed,1
simulation commercial video,1
stable internal representations dynamic situations,1
human vs,1
costly internal,1
presupposes motor intentional,1
skills function present,1
make information available cognitive processes,1
trading taylor,1
humans ii turning pyramid,1
young consumers use artificial,1
knowledge based products humans,1
humans complete control managerial decisions,1
ai tools aid taking shopping,1
awareness sa claims operators,1
curve flattened meaning higher amounts,1
service legal ethical issues,1
robotics artificial intelligence ai service,1
individual character personal choices intrinsic,1
automated vehicles avs depend,1
factors complex,1
condition voluntary non driving,1
simulator samples condition voluntary,1
driving related tasks,1
limited trading taylor,1
google assistant highly complex advanced,1
cognitive architecture relevant,1
model hypothesized basis act,1
apple siri,1
tourism literature state robotics artificial,1
alexa google,1
assistant tends,1
sem used analyse,1
vehicle consideration effects trust,1
automated vehicles traffic safety,1
controllability functions automated vehicles,1
architecture carried using dempster,1
human collaborators help effective,1
infuse characteristics respective humans antecedent,1
complexity surroundings like humans,1
navigation simulation,1
minefield navigation,1
tasks advanced capabilities,1
rates steadily increased point humans,1
partnership humans majority vote,1
ai pervasive organizational phenomenon unclear,1
simulation exercises assessing competency,1
lifting compared novice expert,1
maritime training,1
simulations international,1
international regulations mandatory,1
flying conditions significantly correlate altitude,1
ground dive training tasks,1
kinematic data vehicle providing information,1
analysis cognitive load,1
dfs originates kinematic,1
propose network approach target measures,1
differences electronic navigation competencies,1
makes possible study human capabilities,1
pilot selection,1
data synchronously processed,1
dwell time eci,1
driving simulator propose novel way,1
gaze directed road centre,1
autonomous driving actions human operator,1
development involves autonomous driving,1
directly interact programmed reactions vehicle,1
saccade planning,1
visuomotor steering task,1
wider variety distractor,1
limitation interaction simulated,1
naval bridge resource management,1
situational awareness ship,1
ability respond taking abilities,1
vehicles gradually gain,1
cooperate machines,1
intelligence ai,1
near future vehicles,1
driving monitoring,1
human factors,1
form appears generate satisfactory behaviors,1
advantage ml traditional programmed,1
extension technique vehicle behavior model,1
systems driving action delegated,1
discriminate recognize behaviors,1
outputs preference ability,1
iml course behavior evolution,1
selected behaviors low high,1
interactive machine learning,1
driver functional state dfs longer,1
human collaboration ml,1
safety remains dependent human,1
ml typically,1
control unmanned vehicle,1
human factor identify limits driver,1
vehicle area search behaviors,1
safety technology,1
impact driver,1
atik assessment training situational awareness,1
systems help reduce complexity operators,1
car driving,1
person state mind fundamental,1
ethics driver morals state,1
supervision responsibilities prevented 28,1
consumers interact artificially,1
service robots currently entering consumer,1
uncover important role expectation mismatches,1
tasks lateral,1
participants reported similar levels,1
ai partner took time make,1
perceived workload,1
decision strategy comprised accountability condition,1
active driver lead share,1
human ai,1
drivers eyes path hands wheel,1
modeling sem,1
ai business developed dramatically decade,1
artificial agents provide means,1
intelligence ai,1
artificial intelligence ai finding,1
need scrutinise relationship humans ai,1
vehicle factor pedestrian distracted using,1
crossing pedestrian intention visualized correctly,1
rides driver,1
city scenarios crossing,1
factors interact especially automated,1
automated driving,1
human factors,1
safety particularly vulnerable road users,1
lane reveal conflict object form,1
attention drivers pay traffic capable,1
decisions humans,1
ai increasingly used make,1
actors behaviors,1
virtual agents form hybrid,1
evolving anticipations ad everyday lives,1
partners differed,1
shape behavior,1
introduce autonomous driving,1
condition participants positive attitudes ai,1
participants instructed achieve,1
intelligence based tools use,1
lead vehicle cut,1
machine learning use cases respondents,1
artificial intelligence technology enterprises voice,1
car owners familiar driving conditions,1
sensing acting abilities,1
study understand secure driver,1
mitigating irony,1
travel happier safer efficient,1
intelligent vehicles,1
ai related,1
witnessing remarkable use intelligent,1
domestic environments,1
driver engagement,1
current era interacting artificial,1
heighten driver comfort increase traffic,1
risks opportunities sitting human ai,1
randomly assigned groups performed,1
people responsible,1
autonomous people,1
similarities human intelligence,1
likeness robot capacity harm,1
overreliance ai,1
moral psychology,1
increased self driving,1
ai based advisory systems positively,1
perceived issues meaning car,1
interaction artificial intelligence human judgment,1
based advice affects human decision,1
forms narrow hybrid ai,1
algorithmic management little,1
technologies parking traffic jam situations,1
intelligence cities policy makers bridge,1
govern artificial intelligence,1
divide individuals choose morals,1
driving mobilities,1
millions drivers choices,1
algorithms preprogrammed fundamental difference ai,1
trading taylor,1
necessarily distinct different,1
intelligence ai methods smart decision,1
avai driven society,1
known behavioral effects ai,1
abilities biological systems,1
development ai partners human,1
working ai systems workplace policy,1
self efficacy,1
loop loopthat influence operations ai,1
currently car manufacturers suppliers,1
surpassing ambitious plans regarding driving,1
driver replaced,1
aviation little known implementation automation,1
driving situations,1
artificial intelligence machine,1
grant certain time human driver,1
attention predicting people nudged,1
future traffic,1
focusing utility cooperative driver vehicle,1
attentional control demonstrated reverse inference,1
objective driving data,1
driving states predictors individual utility,1
idiosyncrasies potential markers attentional control,1
nudging participants,1
participants disclosing return adjustment value,1
actions initiation overtaking maneuvers,1
agents ai,1
opinions idiosyncratic anomalous,1
dimensionality reduction anomaly detection,1
strategy expected behaviors different,1
reverse infer important latent,1
related cognitive processing,1
governance autonomous vehicles,1
control seek replicate ethical,1
attention play crucial role captured,1
ranging observational field studies experimental,1
emerging literature using ai,1
attitudes behavioral intentions using ai,1
impact artificial intelligence,1
ai practice theory,1
using artificial intelligence ai improve,1
development team,1
associated dark ai,1
ai companies china used,1
psychological safety plays,1
team atmosphere plays,1
extant literature leads posit ai,1
perceived time spent ai based,1
plays mediating role team oriented,1
consider advice nonhuman,1
survey results tested effects ai,1
work adoption artificial intelligence ai,1
united nations sustainable,1
adviser got task assignment task,1
participants prefer human,1
like apple siri google assistant,1
intelligence ai,1
eighteen licensed control room,1
field ai began small,1
participated simulator,1
ai belongs new type,1
measures nasa task load,1
intelligence ai,1
warfighter underlying cognitive,1
humans remain fragile ring organization,1
different countries discussed contemporary ai,1
receive alert operators grew,1
machine controls,1
tensions human,1
ai robotics,1
dismounted warfighter systems augment,1
integrate artificial intelligence ai,1
situational awareness target acquisition capabilities,1
provide feedback autonomous,1
loop feedback augment current machine,1
developments artificial,1
current machine learning,1
behavioral responses avs,1
vehicles avs undermine broader,1
broader transportation policy objectives,1
flexible adaptive changing battlespace conditions,1
optimize human intelligent agent teaming,1
model potential impact ai,1
organization ability leverage ai successfully,1
arms control systems discuss,1
regarding future work age ai,1
perceived benefits surround ai,1
ai variety business processes functions,1
identified safety ethics concerns,1
index tlx situational awareness rating,1
applications possible machine learning,1
applications integrated everyday life ai,1
levels focuses improving user,1
human unique characteristics relate,1
adaptation mechanisms,1
level cognition accounts,1
reaction learn adapt fly,1
ethics rely higher,1
humor ethics,1
experience adaptation models virtual,1
capability vital decision,1
behavior interacting human interlocutor,1
human human,1
aim learn agent multimodal,1
lack ability understand context nuance,1
learning algorithms,1
software algorithms used driverless,1
incorporation ai consideration basic safety,1
basic safety,1
humans ai protocols,1
ai idea crystalizing exponential growth,1
illustrate legal moral considerations,1
cars lethal autonomous weapons systems,1
impact artificial intelligence,1
machine learning global,1
teaming outcomes time pressured,1
originality value,1
means human,1
past behavior input,1
agent playing role virtual,1
occupational safety health,1
origins ai use ml,1
robotic devices operationalized intelligent dsss,1
learning ml,1
emerging ai applications embedded physical,1
ai workplace applications shift,1
ethical cognitive aspects machines,1
moral decisions difficult,1
study explored role artificial intelligence,1
compare situations humans make,1
vehicles avs depends,1
pedestrians acceptance,1
tasks electrodermal activities,1
participants stress,1
driving behavior traffic signal presence,1
types software elements ai,1
aims model stress levels operators,1
reality environment,1
physiological state ai,1
study manipulated factors av driving,1
artificial intelligence ai ensures,1
normal aggressive crosswalk type,1
user expectancies human,1
virtual museum,1
intelligence ai raises,1
decide uncertainties,1
complex navigation,1
sentinel alert,1
cyber attack,1
collaboration humans,1
learning interacting,1
machines leads reduced cooperation,1
ethnicity machine virtual,1
product autonomy enhances effects hedonic,1
evaluations automobile add autonomous,1
formation demand ai empowered consumer,1
overrode expectations coalition alliances,1
following exploitation contrast participants cooperated,1
products ai products,1
advances artificial,1
increasingly autonomous,1
artificial intelligence ai,1
society autonomous,1
human autonomy teams,1
equibiased similar,1
preferences participant begin mouse movement,1
movement cognitive choice,1
piloted aircraft systems rpas task,1
direction trial inducing increased motor,1
computer mouse modified subtle velocity,1
simulations motor cost,1
diffusion model simulations response prompt,1
drift diffusion,1
temporal dynamics work aims provide,1
team time comparison,1
autonomy affect,1
competence agency ascribed,1
act autonomously,1
increasing complexity digital age optimization,1
control technological systems,1
systems human,1
prior work focus b2b settings,1
framework understanding bright dark ai,1
times seen emergence intelligentmachines,1
ai benefits manifested business,1
classify wellspring ai,1
decide self,1
artificial intelligence,1
technical systems varying levels autonomy,1
crowds settings,1
perform individually,1
acting machines changes way people,1
environments provide,1
wisdom crowds,1
participants program autonomous vehicles,1
cooperatively driving,1
programming causes,1
improving individual accuracy,1
finding human choices converge similar,1
analyze advice ai affects complementarities,1
humans know ai,1
people solve social dilemmas,1
team evolution idea entrainment team,1
example choices influenced relative locations,1
human decision making,1
folk theory perspective,1
hypothesize team interaction related development,1
sacrificing passenger instead pedestrian,1
used simulate,1
collaborate autonomous teammate,1
participants preserve lives perspective,1
attitudes automation,1
factors meaningful anticipate complacent,1
participants took,1
predictability affects cognitive load,1
circuits time sharing operating,1
dilemmas faced autonomous,1
collaboration effective human,1
man intellect realistic,1
focus facilitating interactivity improved,1
networks ubiquitous,1
decisions expose person,1
person make intelligent informed,1
computer networking capabilities extent assimilated,1
platforms devices search engines,1
new light controlled human experiments,1
controlled human,1
likeability legitimate users whilst protecting,1
models role technology human,1
collaborative virtual,1
gender education level sample representative,1
thinking theory likely based,1
users algorithmic,1
teams resulted stable rigid,1
metastable behavior,1
responsibility social approval unlikely obtained,1
network essential remain field moral,1
moral agency,1
vehicles avs,1
prevent replacing human morality pre,1
conscience large,1
drag replacement,1
replacement human,1
systems bringing augmentation human,1
ai systems,1
capabilities shape,1
process subject moderating influences,1
job characteristics personal variables,1
simulator 32 participants using,1
autonomy competence relatedness turn,1
experiment driving,1
driver approve,1
ethical principles guide,1
problem solving skills,1
development artificial intelligence,1
intelligence led researchers study ethical,1
morality based people moral,1
sustained human,1
attacks unmanned ground,1
varied vulnerability,1
ai driven supply,1
react ai driven negative consequences,1
drivers trust,1
environments operate,1
approach involves employing machine learning,1
study driving simulator participants requested,1
wide range psychomotor,1
extreme gradient boosting xgboost performed,1
hope deploy autonomous vehicles av,1
classifier 84,1
anxiety automation,1
artificial intelligence ai automotive companies,1
paper explains specific character hebrew,1
power enriching potential human lives,1
wisdom ethics alert risk,1
manufacturing vehicles high level,1
delivery fle service robot teams,1
control management,1
military intelligence support saso identified,1
cognitive tasks,1
military intelligence analyses stability,1
performed simulation,1
team management tactical situation awareness,1
human factors,1
performance situation awareness workload,1
interdependency complexity proposed variables,1
included monitoring displays,1
extended dft,1
artificial intelligence ai systems,1
multiautomation situations,1
trading taylor,1
provisions autonomous,1
cognitive engineering offers,1
conceptual framework av,1
challenge interaction drivers automated vehicles,1
planning vehicle,1
perception localisation,1
human centered,1
situation awareness,1
regulations predictions modern artificial intelligence,1
robots driver customer,1
feedback effectiveness enhanced used conjunction,1
differences human performance multiple tasks,1
judgments decisions,1
presented tasks,1
executive actions,1
optimal level,1
factor job,1
cognitive style employed factor,1
highly autonomous reliable,1
focus task job,1
decades cognitive,1
literatures relevant traditional human factors,1
feeling state consciousness ii demarcating,1
autonomy albeit increasing,1
human control principle,1
accurate machine,1
detection task,1
bias misconceptions,1
assistance tool employees helping,1
ertms represents,1
traffic management ertms,1
game task,1
communications intelligent board systems,1
train driver,1
structural equation modeling sem used,1
safety capacity performance facilitating,1
rail operations europe,1
especially case,1
aviation automotive industries,1
augmentation substitution role service robots,1
ai systems reshape users,1
driving operations,1
technology raises number human factors,1
workload mwl interface design user,1
mental workload,1
robot fle fast casual dining,1
acceptance autonomy mental,1
specific effects adaptability cooperation,1
timeliness responses threatening aircraft,1
threats resulting increased effort,1
air traffic,1
prevention supports assistance tools,1
1999 taylor,1
anthropomorphized ai devices,1
biases psfs identified multivariate,1
robots trigger carry,1
directed users driven instrumental factors,1
consumer products artificial intelligence,1
analyses nuclear power plant accidents,1
possible cognitive tasks,1
equation modelling used,1
human characteristics turn make interchange,1
reasons reasons opposites entirely autonomous,1
offer attributes human,1
traffic controller computer based tool,1
evaluative attitudes ai,1
presence identity threats compete control,1
ai devices hotels traditional,1
equation modeling technique conceptual,1
aa manual control revealed significant,1
sensory psychomotor information processing functions,1
perceived threats,1
ai impact behavioral intention ai,1
include design automation support air,1
ai important link online,1
perception intention change,1
engineering psychology,1
workload safety,1
function obstacle,1
light workload,1
decisions use artificial intelligence,1
versus human face certain visual,1
consists sharing tasks dynamically human,1
chest screens influenced human,1
human limitations,1
level significance,1
processing learning interpretation,1
sensory cues,1
joint task execution,1
technology characteristics,1
competence greater,1
navy users monitored,1
intelligence perceived,1
systems dependence human,1
software performance,1
monitored cluttered air space,1
threat decluttered threatening ones,1
joint human option,1
evaluated aircraft levels,1
decluttering little effect aircraft judged,1
human factors,1
performance decrements,1
loop performance,1
regard tasks work design,1
autonomy perceived,1
heuristic variety,1
executed defensive responses significant,1
realistic simulated,1
exploratory factor analysis moral consideration,1
depth understanding,1
feel artificial intelligence,1
moderating influences browsing modes,1
tech hybrids driven ai,1
effective monitoring,1
ais develop psychological,1
naval air,1
moral patients,1
degrees information loss defined intermittent,1
undesirable robot swarms,1
test hypotheses complexity inversely related,1
human aspects,1
tactical displays,1
studied heuristic automation,1
defense task 27 experienced,1
displays quickly,1
manual control condition,1
paper trace development affect heuristic,1
opportunities challenges occupational safety,1
innovation means level fully autonomous,1
540 apply domain car,1
vehicle pods,1
avps require human driver approaching,1
test behavioural criterion intelligence advocates,1
advocates cognitivism,1
inform shared control,1
available human machine actors based,1
systems managed multiple human teams,1
cognitive science,1
held methods ai,1
lists important events interactive graphics,1
complex command control systems,1
graphics depicting current state,1
assistant gt moca embodiment,1
enlightening consensus ontological issues psychology,1
continues lag,1
unlikely ai prove psychologically,1
approach utilising pls sem fuzzy,1
collaboration ai drawing,1
theorize human team,1
ai arena,1
actions cognitive reliability used,1
decision use ai left,1
self reliance,1
vehicles avs highly,1
systems distributed autonomous systems,1
members voluntary use ai mandated,1
asymmetric effects collaboration level,1
conceptual framework modeling ai introduced,1
cooperation hoc,1
cognitive approach,1
mandatory use suppresses collaboration,1
team negative attitudes,1
ai despite human involvement stage,1
vehicles triggered operationalised personality,1
detection task,1
user multiple levels abstraction,1
car automation,1
winding arrive faster,1
consciousness highly,1
responses systems range,1
positive potential outcomes ai,1
intelligence ai systems cause inspired,1
movement creating human centered ai,1
eschew classical ai,1
human thinking,1
focusing effects people,1
systems humancentered,1
joint cognitive,1
second international driving symposium human,1
team adaptation,1
hcai drawn human computer interaction,1
ssdm ai,1
adaptive user,1
teams future air traffic,1
cognitive systems engineering,1
ends routes,1
teaming observing,1
control undersea,1
dilemmas ethical issues,1
delineate roles human machine task,1
variants solutions,1
satellite ground control,1
aviation design,1
future ai face,1
describes driver,1
computer cooperative problem,1
aiding human supervisory,1
application cognitive,1
demographic attitude,1
supervisory controller complex dynamic,1
mind lead unexpected,1
psychological problems underlying introduction car,1
principles human charge mutual,1
errors extensively studied paucity,1
regarding causes prevention intent,1
teams social psychology information systems,1
requests driver push button let,1
ai accep tance,1
driver resume,1
behavioral operations,1
box paradox artificial intelligence,1
detects congestion,1
intelligence xai successfully solved,1
machine learning algorithms uses,1
ai allowed users,1
speed accordingly,1
driving simulator encountered traffic,1
adss affect behavior capability,1
driving systems adss lane,1
interaction automated driving,1
machine interface designs drivers trust,1
improvements driving performance usage,1
control transfer compared systems,1
satisfaction safety,1
considering rapid development adoption ai,1
difficult avoided behavior humans,1
commonly used test tom humans,1
behavior gridworld navigation task,1
intelligence ai,1
development intelligent,1
psycho logical needs autonomy,1
assumptions human cognition,1
marketers perceive benefits ai,1
ai negativity europe,1
tom framework uses known theory,1
construct computational representation tom,1
multilevel regression models autonomy,1
relatedness increased ai positivit decreased,1
research artificial intelligence develop,1
deficiency alignment driver perception,1
implications incorporating behavioral cognitive factors,1
cognitive tom,1
machine learning ml,1
centric xai lack end user,1
visually searching weapons,1
impact ai implementation,1
safety critical,1
electroenergy network used define typical,1
literature extending understanding collaboration,1
alerts advisories reflects components,1
understanding ai identity threat,1
identifications jobs ai,1
identity collaborating,1
businesses organizations vastly impact ai,1
balancing workload maintaining user situation,1
task analysis involving,1
identify adaptation user controlled driven,1
intelligence ai increasingly integrated,1
humans enables,1
stress strain processes affect human,1
perception inventory,1
human user dependence automated alerts,1
ai based systems comes,1
users deep reinforcement learning deep,1
starcraft ii openai,1
intelligence ai transforming business,1
identify vital xai design,1
algorithms human,1
measured multimodality,1
calibration route xai,1
machine characteristics incorporation user extraversion,1
training programs tailored,1
introductionartificial intelligence,1
anxiety ai incidental emotion perceived,1
human decision,1
activity recorded ambulatory,1
ai seen driver,1
present study carried simulated computer,1
people successful achieving coordination,1
background previous experiments tacit coordination,1
common training environments starcraft,1
operator dyadic team having,1
modeling temporal dynamics coordination human,1
appearing behaving virtual,1
action implementation aspects task based,1
absurd busy,1
human reasoning,1
autonomous robots,1
2000 taylor,1
grounded perception,1
evidence computers social,1
ai widely,1
shortcuts access design process task,1
requested goal ai applications,1
xai techniques developed shed light,1
machine learning perceive,1
need concentrate,1
models self efficacy,1
consider user needs personal background,1
transforms practice shifts,1
readiness artificial intelligence,1
interpersonal perceptions perceptions change help,1
examined receiving assistance impacted,1
ongoing behavior associated,1
task allocation,1
interaction dynamic representations needed,1
challenge supervising hundreds,1
limited trading taylor,1
use visual detection,1
reliance automated aids reliance humans,1
field cognitive,1
xai consider,1
driven sight,1
reinforcement learning,1
ai systems increasingly,1
interpersonal domains,1
ai anxiety change,1
investigating use ai applicants,1
discrepancy accounted assuming human,1
ai language status native english,1
mechanism automatic detection relevant events,1
techniques analysis variance tend rely,1
emergence artificial,1
human factors,1
shows deleterious consequences human performance,1
continuum levels,1
workload communication,1
participants non directive,1
levels low,1
approaches user interface design help,1
ai make,1
artificial intelligence ai pervasive,1
fidelity supervisory control,1
multiple simulated unmanned air vehicles,1
protection available works,1
suggest moral,1
capabilities functions automated,1
intelligence ai conducted different,1
measures workload situation,1
task environment,1
effect moral foundations,1
task performance,1
situations interfaces,1
ai supported consumer,1
changing information environments collaborate communicate,1
ai self efficacy motivational factors,1
semantic understanding ability wake ability,1
assistants aipas,1
people supervise,1
background autonomous,1
intelligence ai changed,1
2000 taylor,1
conduct cordon search style,1
alerting systems minimize need,1
participants assigned,1
periods task load,1
human factors,1
widespread include concurrent multitasking mixed,1
dynamic integrated,1
wrongful acts,1
differences human human human,1
experienced task,1
task based description wellde,1
mixed method approach delphi study,1
making ethics customer management,1
centred sia,1
group 30 b757 pilots,1
train driving tasks scrutinized challenged,1
ethical issues,1
process intelligent driving technology,1
human cognitive,1
artificial intelligence operations decision making,1
role human factors decision,1
different levels,1
explicability effect reducing cognitive,1
cognitive load associated decision automation,1
speed train,1
human centered,1
ai ml marketing adopting dual,1
intelligence substantially impact managerial,1
widespread availability ai,1
ai tools ai tools,1
collaborative software,1
development process sddp facilitate identification,1
machine learning ml,1
state expressions classifying,1
asam continuously,1
state assessment module asam,1
clearance automated flight deck systems,1
levels explicability varied providing,1
descent scenarios responding series air,1
work expect enhancing ai,1
axai capability framework,1
intelligence ai machine learning,1
machine learning ml prominent method,1
detection performance particularly,1
feedback pilots,1
simulate social intelligence,1
scenario presented pilots different,1
did occur track,1
implemented obstacle,1
avoidance task,1
measures included tasks completed minute,1
high concurrent events task loads,1
enhance individual adaptability,1
commercial pilots suggested autonomous,1
employees initial stage ai development,1
human behaviour goes task based,1
artificial intelligence technology machine learning,1
cognitive assistant,1
increasingly relying artificial intelligence,1
human expectations teammate behavior benefiting,1
performance simple tasks,1
likeness closely matches human expectations,1
makes autonomous teammate paper presents,1
perceive autonomous,1
tasks declined,1
identity autonomy,1
greater control verbosity,1
vehicles rov,1
centralized feedback autonomous,1
teammate provided verbal written,1
repeated interactions automated,1
observation response time,1
obstacle observation,1
ai examining affective,1
improves performance primary driving,1
design training accelerating industries air,1
context current air traffic,1
modes differed restrictions,1
underlying causal,1
content learning,1
picture situation awareness used,1
2001 taylor,1
industry adopted ai,1
job characteristics competence,1
difference teamwork performance,1
artificial intelligence companies,1
development model air traffic controller,1
virtual agents,1
humans process,1
replace human labour altogether,1
conducted dual task scenario used,1
manual control various cycle times,1
impact ai,1
used assess performance sa workload,1
embedded secondary monitoring task,1
product attribute type experiential,1
loa driving factor determining primary,1
planning scheduling,1
task organization,1
question hfles perform better ai,1
modelling pls sem used testing,1
factor perceptions primary task,1
percentage primary task time,1
intelligent assistant,1
paucity research antecedents ai,1
threat human,1
factors including type activity,1
uses multimodal,1
extra complexity,1
skill better important ask,1
skills adapted appropriate circumstances,1
productive transportation enhancing mobility vulnerable,1
autonomous vehicles,1
different behavior,1
mechanisms cognitive,1
simulation model implementation assessment,1
statistical analysis certain ai,1
factors affecting human,1
factors psfs model,1
perceived av motion sickness,1
debate simple inference,1
detailing theory human centred,1
ia smart,1
sem used test proposed structural,1
model human behavior,1
naturalistic novel settings extend,1
knowledge based mimics human,1
perform helpful tasks user,1
reality feasibility human autonomy,1
responsible tasks,1
assigned humans,1
control theory,1
today changing times ai incorporation,1
using leds expressive,1
desert survival,1
randomly assigned different computer partners,1
workers situational awareness,1
reviewing literature present utilizing ai,1
format communication process task partner,1
ai algorithms,1
traffic control,1
explain customers intent adopt artificial,1
intelligence enhance knowledge sharing causes,1
operated simulation,1
research start diverting focus agents,1
autonomy loas,1
uav intelligence,1
stress simulated multi unmanned aircraft,1
general behavioral,1
2004 taylor,1
intelligent systems hcis argue systems,1
visual perception,1
ai refers technologies support execution,1
adopting artificial,1
artificial intelligence,1
paper defines flexibility combination conflicting,1
normally requiring human intelligence,1
human centred intelligent,1
intelligent propose soft computing promising,1
intelligent technology,1
unique impacts loa autonomous decision,1
task outcomes,1
team coordination performance,1
different loas human machine team,1
unanticipated situations make complete understanding,1
aerial vehicles developed knowledge,1
sphere estimate human,1
based autonomous robots uninhabited,1
mental workload situation awareness,1
complacency skill degradation,1
human performance research provide guidelines,1
2000 taylor,1
marketers managers ai,1
automated vehicles,1
environments perform cooperation people,1
differences including demographics,1
study hmc cognitive point view,1
autonomous robots operate complex uncertain,1
focusing design sociable autonomous,1
robots help customers,1
level marital status income driving,1
control concludes design cooperative,1
recruited divided subpopulations age gender,1
assistants affected value perceptions,1
emphasize cognitive aspect intelligence designing,1
vulnerabilities deception,1
autonomy important mediator relationships,1
intuition subconscious pattern recognition,1
conceptual framework proposed better understanding,1
fear ai samples,1
practical perspective helps ai supported,1
quantitative approaches,1
especially work ai,1
user task load,1
driving experience,1
background sought,1
intelligence ai,1
simulated command control micro world,1
customers perceive stronger threat facing,1
participant incurred higher task,1
robot interaction marketing,1
ai given market segment service,1
ai assistants,1
tactical judgments decisions,1
generated drivers younger men white,1
situation awareness,1
ai deeply integrated daily,1
control systems increasingly common commercial,1
computer interaction hci aims,1
spread covid,1
intelligent machines describing human behavior,1
heuristics derive,1
satisficing observe,1
computerization supervisory,1
19 caused huge number confirmed,1
ground control,1
means assess performance,1
abundant environment characterizes algorithmic,1
troubleshooting ultimately responsible safe efficient,1
tasks monitoring planning,1
values proposed approach transforms hep,1
typically perform cognitively,1
human task organization,1
causal modeling,1
outcomes users,1
characterize mouse motion patterns,1
fully controls,1
possess types artificial intelligence,1
missile measurements operator,1
freedom maintained allow,1
ai mechanical,1
supervisory control navy new tactical,1
affected uncertain,1
perceive ai functions decision maker,1
messaging interfaces task performance situation,1
utilitarian choices human beings studies1,1
missile control leading overall degradation,1
task instead primary task missile,1
view effects interplay human algorithmic,1
moral dilemma personal high conflict,1
act dynamic situations humans past,1
situations humans past managing stock,1
real lives important factor,1
effect replicated impersonal moral,1
action phases distinction team processes,1
foster decrease factor,1
temporally based,1
mission assisted automatic target recognition,1
security attacks,1
human human,1
aiding help counter,1
human cooperation,1
confirmatory factor analysis identify modes,1
robotic uninhabited vehicles,1
haic interdependent exploitation independent exploitation,1
thrived covid 19 pandemic,1
intelligence ai contactless,1
artificial intelligence ai,1
valence perfectly independent entire,1
robots data defenseless,1
customers psychological safety,1
perfectly independent,1
driving performance downward,1
driving simulation experiments induced 115,1
paid participants took driving,1
findings contribute ai,1
like traffic dilemmas,1
scholars ethics autonomous vehicles,1
autonomous vehicles hope align intelligent,1
impact ai awareness,1
context vehicle driving,1
capable making moral decisions relevant,1
vehicles requires algorithms capable,1
incorporating character considerations traffic actions,1
various modes haic,1
ai agents known human ai,1
basically cognitive,1
study based documental analysis flight,1
sor theory ai feature,1
stimuli considered perceived intelligence,1
related biological specializations human,1
components competence coolness,1
equation modeling,1
maximum likelihood estimation,1
airline cockpit,1
cognitive activity,1
framework context restaurant service robots,1
performs logical,1
ai enabled app,1
artificial intelligence ai assistants,1
speeds activity,1
tai autonomous vehicle construction sectors,1
safe autonomous vehicle,1
brain right,1
using cognitive style,1
activity vulnerable miscalculations potential,1
study focuses interactions ai shopping,1
modeling pls sem employed,1
human factors,1
heuristic analytical styles intuition modeled,1
consumer parasocial relationship ai,1
inclinations make unreliable,1
performance higher human,1
human artificial aspects,1
orientation buffer strain pathway,1
literacy dil,1
rôle played human information processing,1
language skills,1
paper control theory model,1
flexible passenger,1
cognitive neuroscience,1
response rigidity routes travel conditions,1
offered conventional public transportation,1
research xai,1
controlling different,1
ai systems,1
risks driver distrust unsatisfactory,1
heterogeneous traffic characterized vehicles,1
driver intervention violated,1
predetermined conditions require,1
partially autonomous,1
development artificial intelligence ai focused,1
rapid development adoption ai,1
understanding production nonverbal behavior,1
extensions model interpersonal,1
human supervisor reach certain,1
natural language processing applications,1
ai machine learning natural,1
artificial humans called embodied,1
adss longer distant reality,1
human factors,1
supervising complex industrial,1
offs determine preference resistance ai,1
matching person unique preferences study,1
human ai hybrid decision making,1
cues present simulated environment,1
cognitive analysis conducted ethnographic study,1
manipulated situational,1
sensed sensors,1
teaming hrt,1
frustration human performance,1
research development design voice based,1
better task,1
cognitive engineering,1
conceptualizing ai,1
related user competencies,1
supervisory control systems,1
consider intelligent,1
identifies 18 attributes cognition,1
design real time decision making,1
model simulated,1
likely negative outcomes automation,1
differences mental,1
ai systems gaining popularity set,1
example drawn existing command control,1
1000 times independently possible,1
touristic unsafe neutral streets,1
single hypothetical city,1
multiple dispositional factors,1
reviewed focuses computer role,1
apply tool teammate models security,1
threat assessment,1
described physics based,1
half participants threat,1
map based use matrix,1
proposals incorporated artificial emotions,1
routes oriented operational efficiency,1
main argument cognitive,1
coordination control prevention failures accurate,1
level cockpit partial incomplete interactions,1
pre post online experiment presented,1
likeness cooperativeness,1
results discussed terms task,1
culture customers intentions use ai,1
stress level eye,1
robots hospitality,1
intelligences various kinds occupy,1
robots artificial intelligences,1
proposed gaku,1
scenario involving authority,1
setup composed real unmanned,1
human factors concerns man,1
testing scale iterations exploratory factor,1
intelligence technology published john,1
crowdsourcing new items testing scale,1
degrade attentional abilities trend,1
technology relations validated scale efficient,1
empirically validated confirmatory,1
increasingly diverse domains human,1
characteristics planning,1
distributed artificial intelligence,1
intelligence reveals occurrence conflict remarkable,1
described terms built capabilities relatively,1
man machine actions dynamic extension,1
artificial intelligence ai technologies increasingly,1
sense definition mirrors existing definition,1
definition field,1
predict susceptibility,1
study focuses ai applications impact,1
pls sem bootstrapping method used,1
recognition problem,1
automated tools view accurate humans,1
punitive assessments ai,1
sensitive responses ai inconsistent performance,1
human factors considerations design,1
participants exposed scenarios,1
intelligence ai,1
design command control,1
pursued improve engineering,1
research examines quantitative methods,1
particular perceptual,1
experience anticipated benefits ai,1
artificial intelligence ai increasingly,1
human factors,1
antagonistically moderated relationship ai,1
did moderate link ai,1
increasingly rely algorithms,1
increasing capability automating various,1
algorithms data trained sets,1
decisions little human intermediation,1
cooperation resilience,1
called machine learning,1
results research focused calibrating human,1
behaviour methods aiding behaviour briefly,1
ai robot applications different cultures,1
significant moderation effects,1
avoidance long term orientation power,1
furthermore uncertainty avoidance long,1
action selection,1
driving systems,1
dependent user oriented,1
learning ml models increasingly information,1
cognitive science studies children individuals,1
task structure,1
better understand perceptions adopting ai,1
state affect integrated,1
accuracy user self perceived accuracy,1
neural mechanisms,1
similarly neuroimaging studies better,1
addition new ai algorithms inferring,1
artificial intelligence ai demonstrated,1
human user,1
cognitive neurosciences ai computational models,1
ai usage policy execution,1
learning area particular recent neurocognitive,1
focus preference learning,1
models fully express complexity human,1
tom models fully express,1
effective human artificial intelligence,1
consider capabilities inadequacies,1
work focused predominantly cognitive,1
abilities tends overload human,1
investigated managers perceptions using ai,1
intelligence ai demonstrated need,1
neural network approach,1
equation modeling,1
interferes proper functioning,1
human element,1
vulnerabilities process speeds,1
autonomous cars need able infer,1
field robophilosophy,1
according mental processes summon response,1
drivers pedestrians predict,1
powerful evolving,1
reflect ability influence cognitive,1
efficiency higher degree fascination interaction,1
machine team,1
factors endeavor,1
ai systems decisions ought,1
streams draw cognitive qualities information,1
artificial intelligence ai,1
identify enduring,1
explore history cognitive research information,1
likely remain important cognitive,1
representing different home discipline,1
ai soar cognitive,1
pilot studies,1
literature suggests ai communication end,1
unified theories cognition,1
range cognitive activity single theoretical,1
field presented,1
methodology cognitive science,1
ai xai end users,1
ability human mind attribute,1
ai usage policy execution,1
demands ambiguity form complexity places,1
theory mind tom,1
ai integrated society example,1
early task,1
inferring human mental states prerequisite,1
involving ability individuals manipulate,1
define modern business operations ai,1
paper discusses various tai components,1
alarm affects,1
consider obstacles creating,1
diverse nature human behaviour,1
flexibility customizability,1
artificial intelligence technology increasingly,1
trading taylor,1
humans applications,1
fully synchronized humans,1
group decision making complex,1
treasures help intelligent assistant,1
showing requisite decision making models,1
support weakens effect ai awareness,1
presented illustrated lens evolutionary hsi,1
expectancy perceived enjoyment intelligence,1
autonomy suboptimal team performance,1
flexibilities increase practitioners ranges adaptive,1
multiple folds,1
reality immersive training,1
intelligent systems ais exploded range,1
12 performance level,1
increase performance,1
customer adoption ai,1
indistinguishable humans,1
atsps directly responsible freely maneuvering,1
interaction standpoint current psychological ai,1
imperfection miss,1
proof intelligence,1
extend teams consisting multiple human,1
performance attention allocation,1
cuteness ai,1
exhibit interactions ai,1
cognitive processes,1
examine temporal,1
task operator attention,1
people use,1
leads differential human performance,1
complacency occurs conditions multiple task,1
assistants based,1
intelligence ai increasingly used,1
android indistinguishable,1
554 respondents willingly engaged ai,1
designing virtual,1
ai systems treat people differently,1
controlling nonequipped aircraft mixed,1
affect decision making individuals teams,1
cognitive artifacts,1
based assistant,1
scenario air traffic service providers,1
using display leads,1
research cognitive systems engineering,1
fatal crash uber self driving,1
finally brain,1
28 participants indicate conveying intelligent,1
words software based assistant systems,1
understanding human cognition,1
ais rigorously analyzed understood safety,1
ability manage complexity prepare,1
observing monitoring work cis hci,1
form ai blossomed,1
intelligence ai inception offered new,1
probe automation occur future air,1
deciphering autonomy generated solutions,1
artificial intelligence remote collaboration tools,1
robots frontline,1
artificial intelligence virtual navigation tools,1
control systems human centered control,1
originality value paper contributes,1
ai introduction based stara theory,1
incorporate metrics teamwork,1
cognitive resonance role info,1
action appropriate given,1
behavior modeling human performance,1
systems driving factors interaction,1
question usability user interface,1
science psychology face,1
technological development social,2
humans machine adapt unforeseen,2
naturalness comfort hri,2
higher confidence task,2
manipulate fuzzy,2
decision making interactions,2
make decisions,2
human machine,2
hotels integrated service,2
group llc,2
complete mediation,2
machines increasingly used make,2
solutions growing demands highly technological,2
ergonomics society,2
novel dual arm hand mobile,2
trust hypothesis,2
study bridges service design thinking,2
group llc,2
safe predictable ways,2
secondary evaluative,2
acceptance automated,2
robots sr grounded usability social,2
based technologies,2
manufacturing environments complex,2
engagement model utilizes,2
articles findings reveal discrepancies customer,2
decider executive,2
experience cx,2
shared traded,2
interaction hat time dynamic,2
mediation relationship established confirms ai,2
nuanced understanding distinctions human machine,2
cultural cue ethnicity,2
factors influencing,2
tccm framework examines key,2
field psychotherapy,2
adoption driven multiple,2
distinguishing humans machines,2
satisfaction sustainable use,2
chatbots people,2
hotel industry,2
ethical guidelines ai,2
readily engage social categorization,2
technology enabled services ites,2
human machine,2
artificial morality,2
survey 384 managers information,2
pls sem,2
appropriate selection important,2
work computer design noted reasons,2
decision making,2
study human psychology,2
discomfort feeling participants preferences,2
business operations enhance organizational,2
employ generative,2
related trust perceived values satisfaction,2
virtual face mitigated bias participants,2
manufacturing fms,2
flexible manufacturing,2
real life customer experiences,2
dramatically increase user trust chatgpt,2
organism response,2
variables essential guiding future,2
conceptual model based,2
enhancement application quantitative methods explore,2
questions derived,2
virtually aspects human machine systems,2
exclusively technology driven,2
managers likely carefully evaluate potential,2
emotion aes computational model imitates,2
showed usual bias competitive emotion,2
cognitive theories social communication theories,2
sets agenda,2
organizational development involves managers professionals,2
affiliative intent expressions emotion,2
group llc,2
participants distinct cultures japan,2
innovation adoption theories,2
insufficient reliance operators,2
impact marketing,2
computer hardware software make possible,2
management drawn,2
sentiment analysis emotion classification,2
little work examined conjoint effects,2
hyperconnectivity major,2
uk limited trading,2
ai changing world power creating,2
malevolent users,2
human decision processes,2
hofstede cultural dimensions theory developed,2
influential factors involved rationale,2
algorithms black boxes aiming reduce,2
structural equation modeling,2
social group negative social group,2
integrate tools social psychology autonomous,2
conform trust displayed group relying,2
utility government infrastructures took advantage,2
factors ergonomics,2
role attention constitutes good theory,2
decades internet enabled,2
observe essence,2
evaluating existing models trust,2
cultural backgrounds,2
trust automation tia according proposed,2
new kinds influencers,2
superiority machines respect compared human,2
smartphones tablets access computers networks,2
opinions expressed observers,2
revolutionizing organizational,2
adoption recruitment focusing role,2
major issue human computer studies,2
accidental user poses particular challenge,2
findings acceptance ai based,2
advisory services,2
influences discussed,2
enhance diversity improve fairness standardized,2
implicitly assume users benign fail,2
perceived loss,2
competencies open innovation significantly influence,2
false positive,2
agent selfishness altruism allowing,2
systems form trusting relationship,2
contrast false,2
technological powers,2
cost personal computers,2
reproducibility interpretability fairness turn,2
systems make decisions consumers negative,2
particularly meaningful false negative scenarios,2
partial squares structural equation modeling,2
complex decision mechanisms position,2
trust human,2
desirability decision response time,2
specifically examining joint impact information,2
400 hotel guests,2
trust related issues,2
scientists self confidence creating trusted,2
trust suspect,2
moment suspected attacks occur reliance,2
investigated acting influences communication social,2
interrogates pervasive human inclination anthropomorphize,2
sponsoring renowned brands attracting new,2
machine interaction arise consequence mention,2
converted better decision,2
literature social robots,2
enterprise managing,2
affects consumers,2
prism antecedents acceptance,2
marketing activities pricing customer support,2
machines process,2
guests acceptance technology,2
aspects types consumption activities automated,2
ergonomics society,2
consumption brings exciting,2
principles guide machine behavior,2
validated retail,2
implications adoption,2
outcomes trust preference av,2
aims examine hotel,2
based systems make decisions consumers,2
potential improve user experience,2
rely sufficiently,2
infer interactor intentions,2
technologies researches going particular,2
intention model employs,2
roadmap future trends,2
degrees freedom,2
anthropomorphize machines,2
machines employees consumers,2
various work situations,2
positively affect perceived humanness,2
presence appearance voice response,2
computer symbiosis augmentation man,2
social media,2
problems human machine,2
predictive power computational,2
factors reduced explanatory power capacity,2
evaluation alternatives satisficing decision making,2
interactive use computers economically,2
interact consumers,2
shifts sacrificing,2
uk limited trading,2
motivation herbert simon,2
cognitive development relationship emerging technologies,2
achieving goals field activity,2
disciplines dealing human machine,2
computer interfaces presenting ergonomic properties,2
experiential mental life,2
complexities beleaguered human practitioners,2
artificial rational unbiased making decision,2
participants shift deontological doctrine,2
utilizing social response theory,2
especially important new,2
technology growing,2
responses continued usage intention hsrs,2
decisions attributed situational factors,2
covered clerical work computer,2
gathered hotel customers,2
use emotional,2
effect generalizes,2
artificial intelligence,2
emotional behaviors,2
design training operators arguing motor,2
suggestions greater willingness disclose personal,2
epistemic actions involve manipulating objects,2
basic cognitive demands associated managing,2
observations feelings attitudes avs hmi,2
machine systems,2
machine agencies differently regardless,2
framework assessing viability,2
group llc,2
offloading deliberate,2
theoretical psychology,2
process impacting trusting beliefs,2
situated approach,2
subsequently guiding,2
affecting users acceptance,2
framework developed,2
decision making,2
group llc,2
designer incorporate enhance role,2
technological development humans likely,2
fail accurately comprehend intentions,2
trust built,2
pathway cultivating trust,2
services advantages,2
trust ai systems,2
occurred participants reported higher mental,2
key determinant av acceptance,2
uk limited trading,2
intentionality grounded syntactic simulated,2
sectors including hospitality,2
theory help retailers understand,2
greater efficacies changing organizations,2
decision tools used high,2
manage challenges facilitate,2
emerging market retail,2
tentative conceptual model,2
motives young,2
employed strengthen external validity generalize,2
impels concern improving decision making,2
making performance man machine,2
coding integrated generate vroom,2
institutional trust perspectives pose significant,2
acceptance evolution regulations av,2
recommendations explored contextual differences hedonic,2
axial coding selective,2
coded using,2
organizations management deploy,2
comprehensive address trust influencing autonomous,2
utilitarian product types,2
corresponding chain human machine interaction,2
vroom expectancy theory motivation using,2
based description wellde fined,2
motivation using grounded,2
exhibited higher confidence making choices,2
decision element complex systems,2
studies examine impact,2
features consumer satisfaction purchase,2
significantly influences shapes user experience,2
mediating roles service,2
shaping customer,2
multiple predictors,2
variables performance classes participants,2
customer satisfaction,2
chatbots form,2
connectionism form,2
endorse utilitarian principles normatively justifiable,2
decisions participants agreed decision ama,2
mean responses,2
interactive rates increase social,2
analyzed using structural equation,2
arousal pleasure increasing tourists continuous,2
satisfaction continuance intention,2
chatbot based customer,2
using questionnaire based,2
2019 2019 informa uk limited,2
uk limited trading,2
empathic effect overlooked,2
significant aversion amas vs humans,2
success iss model,2
remain competitive meet evolving consumer,2
compensates negative influence,2
behavioral intentions ohc context,2
rated usability,2
service success,2
uses gratification theory stimulus,2
risks significantly weakened,2
pleasure played significant,2
structure equation,2
external customer,2
decision making,2
advantages adoption unknown,2
factor promoting positive attitude avs,2
predicting decisions explaining leveraging,2
management consent context,2
impact chatbot,2
communication style similarity crucial customer,2
user experience guide users,2
interactivity communication manner responsiveness perceived,2
make informed decisions proposed,2
understood tendency human human machine,2
enhanced improving pu reducing,2
contrary expectations perceived usability,2
similarity aesthetics indirectly affect,2
advertisements targeting young consumers,2
affect outcomes like customer satisfaction,2
aimed improving public,2
paper aims review extant hospitality,2
behavioral intention,2
satisfaction reuse intention,2
anthropomorphism social presence investigated,2
simulate conversations,2
group llc,2
effects extrinsic intrinsic anthropomorphism,2
pathway factors impact consumers adoption,2
past experience,2
major role application,2
promised existence,2
machine interaction presented suggesting desirable,2
man interaction,2
topic particularly international business managers,2
enabled products services,2
consumer acceptance,2
work major aim areas design,2
used statistical,2
honesty management trouble multiple perspectives,2
implications human,2
important role dealing shortage caregivers,2
incorporating technological innovation,2
studies intersection people technology work,2
experiments trust automation,2
managers practitioners derstand main trending,2
decisions task difficulty little impact,2
confidence influenced use,2
manual performance similar trust hss,2
working conditions produce human,2
theory human computer,2
results study help business managers,2
consumers car experience aid decision,2
excellence drives operational requirements pressures,2
improving compliance,2
service agents offer enjoyment,2
improved performance participants frequently disused,2
group llc,2
presence measure,2
structural equation,2
hmi high,2
generative ai,2
reveals institutional,2
expect machines differ,2
marketing domain,2
normative mimetic forces influence use,2
causes selfish,2
understanding technology emergence te technology,2
criticize tam technology,2
introduce rite concept psychological,2
model make suitable acceptance ai,2
fairness accountability,2
organizational innovativeness,2
capital investments particular focus,2
attitudes technology,2
findings argue tam utaut cat,2
dismounted systems necessitates human,2
development natural human machine,2
particular involve,2
human machine interactions application domains,2
evaluative criteria,2
reliance hss condition feedback,2
fms environment help define role,2
pose new challenges,2
decision processes,2
promises increased efficiency,2
indicate subjective norms,2
inclusion diversity fairness,2
various players humans machines,2
technological change,2
158 participants employs technology,2
withdrawal behavior,2
acceptance model,2
psychological theories,2
tam renowned emphasis perceived,2
promoting prosocial service behavior,2
question examination role emotions useful,2
analysis main statistical,2
responsibility machines failing detect cases,2
hotel employees,2
theory managerial psychology regarding unintended,2
performance interventions including meaninglessness organizations,2
social presence significantly influences user,2
emotion dependent mechanism,2
specifically improving efficiency learning,2
biases emerging,2
ergonomics consider important,2
data 280 hotel,2
british academy meeting explore,2
understand human interaction,2
usage employee,2
technology social,2
social attributes,2
factors lead acceptance,2
attributes employees play major,2
decision tasks framework organizing,2
anxiety employees consequently,2
contribution work pieces impact personalisation,2
chatbots implications,2
machine synergism,2
psychosocial factors consumer,2
learning decision,2
purchase intention,2
step man machine,2
factors needs predict reverberations technological,2
possibilities largely converted traditional shortcuts,2
users wrong strategy,2
commerce making accessible personalized,2
analyzed using structural equation modeling,2
drowsiness impact,2
retard understanding innovation,2
machine conflict,2
evolution retail,2
group llc,2
customer engagement highlight potential technologies,2
fact emotions considered,2
function allocation,2
develop commerce,2
particular decision interrupt ongoing,2
understand user interactions emerging technologies,2
modeling set variable risk perception,2
conversational ai,2
explaining acceptance ai based autonomous,2
short electronic retail,2
personalisation systems spread multiple,2
intention using uses gratification,2
recruitment reduce biases enhance,2
social presence,2
evolve continuous human oversight essential,2
conceptual model developed,2
algorithms familiarity tasks familiarity algorithm,2
significant roles enhancing trust algorithms,2
stylised heart beat,2
encouraging use perceptions impacts use,2
measures attitudes,2
algorithms decision making emerged subject,2
aia singles specific dangers,2
computers organizations,2
shopping contexts,2
intentions use future,2
social roles engage human,2
trust workload takeovers physiological,2
computer role decision making problem,2
research enhances understanding user psychology,2
background interaction efficiency,2
synaesthesia correspond need interdisciplinary,2
effectiveness vas,2
consumers prefer non,2
technology managers questionnaire survey consumers,2
companions contribute significantly improving,2
emotional needs consumers hotel service,2
residual biases present studies social,2
psychology accelerating,2
categorization fulfillment cognitive emotional needs,2
risks dangers attributed manipulative effects,2
business managers question,2
ethics artificial,2
influence people daily lives,2
structural equation modeling,2
work central concern,2
recovery specifically use chatgpt,2
service recovery,2
generative artificial intelligence,2
customer psychological reactions behavior,2
governance technological,2
systems make outcomes comprehensible users,2
people encounter artificial,2
emotional psychology,2
social robots provide,2
lose normative,2
performance following emergency takeovers impeded,2
emotion communication medium network,2
266 explore people qualitative descriptions,2
overall human machine performance,2
emotion recognition lacking personalized,2
demand emotional,2
significant influence,2
binary function allocations,2
forms anthropomorphism verbal visual enhance,2
showed strong positive association familiarity,2
technology brings great convenience people,2
people report emotions including,2
detract subjective consumers creation behaviors,2
effects motion sickness young participants,2
turn identified,2
role virtual service agents vsas,2
displays generating processing options selecting,2
like decision making,2
robots empirically testing barriers,2
managerial implications,2
research managerial,2
advanced manufacturing systems,2
social environments perception,2
se insights designing user interfaces,2
small insignificant,2
effect perceived,2
boredom induced decrements human,2
robots widely deployed social,2
increasing decision latitude order,2
conducted analyzing users communication,2
128 organizations used test,2
201 retailers,2
discreet manufacturing,2
using fuzzy interpretive,2
decisionmaking capabilities limitations,2
employment showed little influence,2
takeover request stage takeover,2
little influence comfort,2
multivariate regression indicates man,2
negative effect systems complexity,2
retail sector,2
use emotions plays,2
large number individuals perform wide,2
potentially profound impact workplace,2
tasks seek decision assistance trust,2
challenges management,2
behavioral patterns psychological motivations,2
influences trust,2
barriers influence av acceptance,2
social impacts,2
agent alexa alter consumer,2
hypothesized effects,2
virtual face represents emotions,2
future continue use existing users,2
emotional dimensions,2
emotional intelligence best,2
established user experience,2
based self administered questionnaire,2
elements called ai black box,2
domains work possibly compete,2
technology impacting organizations teams,2
organizations use sophisticated complex software,2
psychologists play helping organizations,2
reasoned action,2
exploration environment fy19,2
study identified primary communication barrier,2
science social science,2
occupations high low,2
bridging functional relational social emotional,2
systematic detailed model emotion generation,2
study explores people attitudes,2
technologies demographic individual,2
aimed unveil users,2
increase manufacturing competitiveness,2
ai service failure,2
artificial intelligence online service,2
preparing managerial response,2
social oriented,2
low brand,2
efficiency denotes,2
explained mediators,2
transportation behavior era,2
mediated social exchange building theoretical,2
reach certain performance exceeding mental,2
users motivations decision,2
employees expert,2
positive negative effects,2
distrust caused automation surprises trigger,2
anthropomorphism consumer,2
usage intention,2
consumer trust,2
affect plays critical,2
impact industry,2
sciences organizational psychology,2
management studies,2
propose new models framing dialogue,2
affect sensitive cognitive machines,2
defective user,2
style trust turn affects intention,2
contributes literature ai enabled conversational,2
moderating influence customer trust,2
anthropomorphism assist consumer likelihood,2
human machine,2
based entrusting tasks autonomous,2
individual social technological organizational level,2
denotes desire use available,2
conceptual model,2
organizational landscapes significantly influencing,2
simulator conversation robot experimental,2
influencing work practices triggering cultural,2
presence drivers fully,2
automation decision making employee roles,2
shifts innovation agility,2
acceptance expert,2
adoption promises,2
promises benefits enhanced efficiency,2
effective leadership transparent,2
human computer,2
investigates determinants impacting consumer behavioural,2
deal development,2
role function affect generally recognized,2
ensuring successful ai implementation,2
social robots,2
intelligence ai devices hotel,2
anxiety trust,2
fearful reactions employees,2
hotel industry,2
communication style,2
role chatbot,2
high vs,2
humif help supervisor achieve goals,2
perceptions tourists regarding,2
devices willingness unwillingness use,2
consequences controlling different parameters,2
focus empathy facilitating conditions ai,2
behavioural intentions cbi business environments,2
driving questionnaire using original scales,2
findings reveal potential customers,2
basic units model goals,2
american psychologist,2
ai service agents,2
qualitatively explore overarching motivational,2
interactions come lacking empathy,2
operating limits,2
users perceived,2
artificial intelligence ai enabled voice,2
perceived anthropomorphism,2
motivation described,2
technological society,2
decision making,2
algorithm aversion individual discounts,2
sfr process influencing customer,2
comfort service failure tolerance,2
essential successful adoption consumers,2
impact user,2
001 significantly impact,2
conceptualizes vsas anthropomorphic attributes play,2
hotel reviews considered,2
significantly impact user trust,2
mr mrs online hotel,2
robot reveals recommendation mitigate,2
failures contribute adverse customer,2
understand different forms anthropomorphism,2
ask type partner machine human,2
human animal motivations,2
solving instantaneous sequential decision making,2
explanation human interaction,2
managers policy makers facilitate,2
business consumers employees,2
ai performance eroding trust stalling,2
based use,2
vicious cycle biased manipulation unbalanced,2
configurations organizational members trust high,2
use unanticipated,2
emotional uncomfortable trust high cognitive,2
fast food establishments hypermarkets,2
performance influences,2
function decision,2
comparator decision mechanism,2
utmost importance,2
unveiled perceived authenticity,2
personal integrity fear,2
use influenced social norms,2
chatgpt mrs led lower,2
social connections enhancing quality life,2
lower affective cognitive,2
robotic decision,2
career success nurturing,2
people rely carefully maximize,2
increasing need,2
assistants vas transforming firm customer,2
decisions regarding compliance norm,2
responsibility expresses longing behave,2
article explores use social,2
gainful employment nhkws similar,2
decision authority showed significantly,2
focuses relation user perceptions design,2
customer service framework,2
participants achieve higher performance,2
al behavior individual performance,2
investigate influence mechanism al individual,2
style predict decision behavior,2
design features,2
fake potentially influencing elections,2
play important role modification processes,2
technology development,2
abstract features human machine,2
technology agency,2
use quite tam,2
features overlooked,2
enterprise management impacted,2
tpb predicted intention,2
effect transparency fairness,2
showed strong negative correlation,2
management theory born industrial,2
investigate ai related topics service,2
compared sa comprehension prediction,2
contrast electronic computer performs,2
promoting drivers monitoring behavior takeover,2
customer emotions determines,2
risks easily countered conventional,2
continue accelerate organizations pursue,2
emphasizes growing,2
marketing published,2
implications theory leadership,2
increasing number companies introducing chatbot,2
apply worker trust automation workplace,2
chatbot led contexts,2
hermeneutics utilizing frustration,2
condition participants 1st chose adviser,2
human partners rated positively social,2
social analytical task task known,2
emotions chatgpt,2
advice seeking technology infused,2
based chatbots,2
demand decision,2
chatbot emotions specifically frustration aggression,2
influence hedonic motivation,2
trust technology,2
turn negative customer experiences opportunities,2
technology critical,2
loyalty making touchpoint available human,2
identification customer types help,2
computer interaction,2
affect customer loyalty technology adoption,2
kind authentic leadership,2
feeling understood associated increases,2
pressure technology development work,2
investments artificial,2
based functionality,2
behavior leadership practice,2
customer emotions explores,2
anthropomorphism positively related effort,2
group llc,2
utilizing data collected potential customers,2
leveraged optimize teamed decision making,2
variable chatbot relationship perceived,2
easier apply supplies,2
advisors robo,2
decision making learning user habits,2
rate compared machine decisions,2
enhance decision making processes society,2
involvement significantly reduced default rate,2
functions right hemisphere,2
extent consumers trust,2
influences adoption rob,2
valuemost research ai hospitality,2
afforded technology,2
complex behavior especially presence learning,2
human anthropomorphism provide sense,2
bidirectional interactions man machine context,2
warmth persuasiveness related trust robo,2
ai systems date skepticism concern,2
users opinions,2
judgments concerning technology current future,2
user priorities,2
type activity orginator mood user,2
ethical use modify ai systems,2
impacts risks,2
gender neutrality,2
uniqueness attitudes predicted,2
role assisting individuals diverse,2
identifying extant psychological research help,2
effectiveness intelligent decision making aids,2
artificial intelligence,2
aidua model tested,2
industries travel tourism,2
incorporates acceptance generation,2
technologies like chatgpt sparked,2
tailored recommendations hospitality,2
chatbots handle,2
chatgpt travel services remained limited,2
acceptance autonomous,2
disentangled underlying,2
tourists cognitive organisms,2
perceptions regarding observers,2
negative moderating effect technology anxiety,2
design attributes users trust workload,2
social issues involving artificial,2
intensity user perceived trust,2
chatbot yellow,2
accept ai device,2
facebook messenger,2
explain customers willingness accept,2
al opens,2
creativity psychology,2
psychologists studying,2
important positive,2
shown computers highly creative,2
social value,2
human rationality,2
satisfaction continuance,2
potential state,2
reference framework developed illustrate,2
decision making,2
error cases psychological,2
standing compared peers novel social,2
fair possible,2
effect driven employees perceived potential,2
explanation operating confidence versus ai,2
group llc,2
causal evidence effect manipulating performance,2
voting systems,2
group llc,2
employees high performance ranking,2
ranking preimplementation attitudes integration,2
advancements poised substantially modify,2
decision making processes,2
organizational market challenges engineer,2
algorithm aversion prevalent,2
machine dysfunctions guide,2
transformative technologies,2
public attitudes,2
opinion reflecting varying optimism,2
participants held positive view,2
use customer education corporate reputation,2
feasibility study aims assessing impact,2
contrast individual shoppers families,2
external stimulus invokes,2
adoption drivers performance,2
97 indicating,2
indicating strong correlation predicted actual,2
intention use technology,2
computer work places equipment,2
results showed non significant differences,2
role human interactions leads flexible,2
compared recent technological innovations,2
instead machine,2
social robots,2
outcome interaction,2
perceived control success means pocket,2
answered questions concerning subjective strain,2
takeover situations,2
acceptance model tam theory,2
answer profound effects,2
effects interact,2
machines future,2
impose limitations new technologies,2
workload prediction model proposed,2
affective elements manage resources decisions,2
importance values,2
organizational goal attainment generate robust,2
training similar impact,2
trust recommendations ai,2
social values,2
implications understanding managing high performers,2
model predictions,2
reputation positively contributes building trust,2
values foster,2
managers insure man machine,2
new technologies favor maintaining human,2
families respond better functional,2
organizations primarily human,2
rural participants emerge prominent,2
deployment use,2
technology allowed development human,2
widespread use synthesize,2
biased view organizations primarily,2
systematic barriers,2
computer various types organizational,2
increased richness anthropomorphism interface,2
advisors increasingly seen,2
future raise important issues occupational,2
decision theory formal definitions emotional,2
based theory planned behavior,2
transformative influence economic social,2
investors willingness,2
personalized services cars india,2
misusing machines,2
addition user experiences communication,2
important enjoy,2
interactive workers,2
allows various biases impact models,2
organizations achieving expected returns,2
human bio computer,2
thinking machines ibm,2
organizational environment face lack time,2
psychologists face fork,2
decision theory neuroscience linguistics cybernetics,2
compliance rates generally,2
influential decision making task human,2
curtail bias ml,2
value customer relationship management managers,2
issues emerging organisations learn exploit,2
behavior trust av,2
roles played religion regional,2
computer interaction reputation software suppliers,2
technology acceptance trust,2
urgency insistence,2
intention real world experience technology,2
world consumer experiences,2
experiences significantly reshape initial attitudes,2
regulation innovation public engagement,2
adapting measures evolving perceptions attitudes,2
man machine,2
adoption critical,2
field responsiveness,2
technologies organisations,2
solving decision making activities,2
decision making dm processes,2
profound technological,2
consult robo advisors key wide,2
technological advancements,2
acceptance assess effectiveness hmi,2
watson intelligent chatbot,2
choices machines make decisions,2
innovation 30 years,2
innovations key,2
possible favoring,2
institutional characteristics,2
understanding factors influence,2
challenging impossible define hitl,2
introduced simple operations factories workplaces,2
user friendly,2
strengths machine computational capabilities particularly,2
psychology 91,2
ordered probit,2
crucial role consumer expectations,2
governance policy decision making,2
labor shortages maintaining high,2
framework guides managers improve efficiency,2
financial knowledge anxiety security sociodemographic,2
customer satisfaction rapidly,2
social robots,2
emotions generate,2
service encounters different service uncertainty,2
free association questionnaire administered,2
212 portuguese adults identify social,2
service climate,2
organizations opt partially replace,2
insights addressing challenges creating service,2
strategies mitigate cognitive biases,2
framework taxonomy,2
software decisionmaking,2
engagement variety,2
voluntary use problem maintaining engagement,2
moderated mediation individuals high fwss,2
awareness declined levels,2
results indicated performance increased situation,2
purpose social,2
social robotics rapidly growing,2
interaction virtsi,2
ai chatgpt version,2
model generative ai,2
sector based,2
dfas illustrating transitions cognitive trust,2
virtsi variability impact reciprocal trust,2
human trust,2
android sophistication likely achieved 50,2
speculate future social interaction humans,2
oversight especially,2
examines customer response human,2
ergonomic design,2
organized ideas technology help future,2
employees increasingly,2
service development malaysia,2
ergonomics society,2
emotional trust significantly impacts,2
ma mit man machine systems,2
communicative competence technology,2
pls sem analysis revealed social,2
communication quality significant experiencing relatively,2
anthropomorphism positive direct relationship emotional,2
human computer studies,2
social influence,2
hypotheses adopting partial squares,2
affect customer satisfaction,2
squares structural equation,2
interaction experience human service agents,2
workload situation awareness trust,2
ai enabled service attributes,2
service adoption,2
adoption sor theory ttf,2
interactions work related,2
interaction especially high risk extreme,2
content quality mitigated,2
utility rapport,2
capable service,2
marked conception tool,2
contrasts concept,2
acceptance discussed,2
affects user engagement,2
concerning human trust,2
human machine,2
built moderated mediation,2
ergonomics present provides opportunity explore,2
using partial square structural equation,2
intention using artificial,2
affect learners behavioral,2
rapid advancements,2
studies provided 164 pairwise effect,2
study analyzed partial squares,2
squares structural equation,2
control negatively,2
work related outcomes offering critical,2
artificial intelligence big revolution tourism,2
term interactions humans virtual,2
trust based mechanism explain,2
play important role,2
social interaction,2
guilt envy play important role,2
estimations trust,2
break social norms,2
cause harm,2
capture users compliance reaction,2
trust load important states user,2
psychology albeit challenging directly,2
unfavorably desire,2
critical perfectionism impulsivity contribute,2
emotions motivate,2
social decision making machines humans,2
human computer,2
group llc,2
systematically exploit machines,2
evaluated separately wants,2
theoretical implications human computer,2
necessarily mean users work hard,2
subjective ratings trust,2
machines develop exercise authority,2
increased machine,2
machine capabilities allow,2
interaction organizing diagnostic concept,2
parallel assessment humans machines analyzing,2
false alarm automation 50 conflicts,2
just human machine interfacing spectrum,2
quality control task,2
participants use decisions quality,2
trust dependence machines algorithms,2
summarizes research human beings trust,2
performance reduced frustration,2
workload mwl lower,2
self confidence,2
restaurant segments trust,2
adoption generative,2
score mental,2
males perceived stronger positive,2
stimuli organism response sor task,2
computer interaction literature managerial,2
participants lower anthropomorphic tendency,2
humans machines interact order arrive,2
measures proposed debias individual,2
outcomes organisations employees,2
human social interaction concept,2
concept trust provides valid,2
explores firms systematically foster,2
innovating firm communication,2
informa uk limited,2
procedural structural technological measures proposed,2
increase enjoyment ease,2
symbiosis trust technology,2
contribute tourism hospitality,2
compared using human employees affecting,2
acceptance ai,2
framework studies examine customers react,2
management psycho sociological perspective,2
technology illustrate necessity democratic,2
emerging diverse applications instance autonomous,2
social compensation willingness interact,2
frontline service researchers require,2
aversion research,2
efficiency cooperation fairness,2
frequency socializing,2
prevented training instructions affect decision,2
online technology long term,2
decision aids imperfect,2
structural equation,2
serial mediation effects,2
experienced frustrating,2
studies complacency bias human,2
traits technology use,2
frustrating mental physical demands reduced,2
organizations challenges,2
robo advisory services significantly reshape,2
trust functional savvy prerequisite,2
scenario influence,2
influence trust icub,2
explosion algorithm aversion research,2
functional social,2
ergonomics society,2
customer service grown rapidly recent,2
trust humans,2
management scholars,2
random forest classifiers delegation,2
reduced subjective workload degraded,2
led significant,2
control generalized trust demographics alongside,2
increased trust perceived,2
decisions lower perceived workload increased,2
decreased reliance automated advice,2
trust compliance,2
investigated effects exogenous oxytocin,2
similarities people trust humanlike,2
neuropeptide associated trust humans offers,2
anthropomorphism provided recommendations,2
confidence advice increase predictability,2
anthropomorphism continuum similarly placebos increased,2
increases affinity social stimuli,2
somewhat highly confident,2
rejection rates increased decision,2
bias outcomes moderated,2
decisions algorithm,2
effective adoption,2
cooperation support employees introducing,2
organizations require,2
awareness ai ethics,2
services developing regulatory,2
technology necessary,2
employees introducing new technologies driving,2
presence technology necessary understand performance,2
industry responsible human,2
machine arrangements carry,2
recognizes different man machine,2
users different organizations different functional,2
questionnaire used,2
moderates direct,2
paper studies contextual factors personal,2
performance ensuring individuals,2
delegation decisions,2
operations assume people,2
innovation engagement positive relationship,2
high tech employees pakistan,2
testing using partial square structural,2
technology utaut,2
unified theory acceptance use technology,2
quality goodness badness experienced feeling,2
importance vigilance,2
cases chatgpt currently reshaping recruitment,2
human culture technology,2
perceived workload trust,2
affect guiding,2
machine systems research,2
recruitment fundamental,2
management drive organizational performance,2
alive growing,2
decision maker agency,2
importance affect,2
growing importance,2
compliance reliance,2
training disuse rate decreased 29,2
intention adopt,2
single machine advice avenue,2
ergonomics society,2
influence trust ai technology direct,2
intelligence using mediation,2
transformational leadership,2
affects breakthrough,2
functioning vast majority operating,2
routine innovative use,2
payment reduces,2
social exchange,2
influencing way systems work perform,2
understanding employees psychological,2
extraversion neuroticism,2
participants reacted strongly,2
argue reliance,2
automatically note quickly sense feelings,2
rates improved,2
associated stimulus word treasure word,2
globalisation market dynamics resulted mixed,2
shaping algorithm aversion utilization offering,2
social influence directly affects perceived,2
examinations trust,2
users technology usage,2
attending human user individual differences,2
insights hotel managers,2
literature ai hospitality,2
uncalibrated trust,2
decreased misuse,2
reliance increased disuse,2
confidence confidence ai,2
trust behavior ai based,2
conformal solutions,2
important role,2
challenges diffusion,2
understanding consumers,2
investment rely person,2
increase function operators personal investment,2
issue human machine interaction,2
decision making making use,2
emphasis hybrid interaction human actors,2
explains behavioral subjective,2
power r2,2
careful consideration various factors,2
decision making takes account,2
decision aid conflict,2
science literature emphasize importance trust,2
blocks trust,2
travel demands need automated,2
systems increasingly entering workplace,2
humanness value loyalty model,2
technology acceptance model servqual stimulus,2
using partial squares structural equation,2
data 186 hotel,2
guests analyzed using partial squares,2
significantly influence,2
based services,2
social science disciplines psychology,2
develop better interaction visualization,2
additionally satisfaction strongly,2
bias emerged critical,2
influence user attitudes including,2
acceptance trust,2
shed light psychological processes,2
loyalty chain hotels,2
participants types confidence experiment personalized,2
competition john henry effects,2
personalized predictions trust,2
role enhancing customer,2
online advertising,2
perceived econsumer productivity,2
highlight effects interacting animated conversational,2
objective consumer,2
productivity independently aca,2
need personalize websites,2
uses social value orientation,2
participants types confidence experiment personalized,2
workers innovative work behaviors iwb,2
interactions user,2
machine characteristics,2
machine decisions,2
methodology approachthis study analyzed questionnaire,2
trust variance effects,2
trust turn predicts automation,2
experience cx diverse business,2
machine competition,2
participants underwent training computer based,2
industry reports case,2
decision aids suboptimal way,2
trust decisive factor influencing quality,2
impact human machine,2
preferences offered explain cultural,2
cultural valuation human,2
confidence confidence ai,2
customers includes subjective valuation,2
successful ai services,2
customers emotions utility function,2
contributes significantly discourse ai,2
emerge personalized service,2
automation reliance compliance,2
fortifies customer engagement interactive,2
explains behavioral subjective,2
user acceptance,2
point individual longer willing,2
willing accept cooperate,2
powered cx,2
breakthroughs appeared,2
technologies transformed numerous facets lives,2
research behavioral,2
make better decisions treating inanimate,2
attribution psychological mechanism,2
abilities influence aggregate social,2
era witnessing entering professional,2
functional tasks compared social tasks,2
technology interactivity fit cooperativity,2
human decision making processes game,2
philosophy science fitts list,2
theory applied improve interaction design,2
tasks perceived reliability dimension trust,2
evident adopts historical,2
proxemic distance organizational status power,2
questions motivated,2
social distance guide,2
intelligence ai chatbots,2
architectures profiled,2
technologies research techniques,2
detrimental user,2
function allocation core activity,2
organizational contexts interplay cognition,2
humanmachine systems,2
users high low innovativeness,2
achieve goal improved performance,2
mental capacity,2
given origins experimental psychology,2
conversational agents,2
user satisfaction,2
psychological needs,2
human trust automated systems maintenance,2
trust personal digital,2
offering emotional support crucial,2
generated messages ai better detecting,2
make human recipients feel heard,2
activity human machine,2
people want feel,2
machine systems discipline,2
social media data human machine,2
involving bilateral negotiation,2
increased people performance compared interacting,2
negotiation settings cases training computer,2
lever increasing,2
device use acceptance aidua,2
trust rely automation,2
influencing consumer,2
shift traditional robo advisors,2
included isr coverage response,2
coverage compared manual performance,2
organizational styles management models,2
management particularly,2
assessed including trust liking,2
bounded rationality established modeling human,2
managers deviates considerably optimal,2
termed liking,2
promising capacity,2
affectively laden,2
drawing affect,2
important characteristic modern,2
work situations,2
developed based service dominant logic,2
advance developing psychologically,2
propensity trust machines,2
study human emotions disciplines,2
trust hot,2
approach modelling trust formed,2
uniqueness concerns diminish users perceptions,2
group llc,2
users encounter service failures challenge,2
appropriate reliance particularly early,2
liking new key appropriate,2
machine capabilities bolsters,2
affective functions,2
chatbot loyalty moderated mediation,2
examines user expectations informed,2
significantly predicted,2
ai chatbots remains scant,2
manifested willingness,2
perceived authenticity,2
empathy continuous improvement genai recommendations,2
subsequently employed structural equation modeling,2
results happiness,2
aims examine effects performance error,2
based theoretical predictions media equation,2
ai technology trust negative,2
blame punish behaviour,2
employee job satisfaction,2
elevated levels organizational trust employee,2
agency seen fundamental humans,2
help explain creepiness unfeeling,2
environment conducive sustainable organizational success,2
philosophical zombies,2
invaded tourism industry owing low,2
chatbots invaded,2
high technology,2
discourse framed robots,2
service outcomes received attention researchers,2
emotional expressions,2
affect customer satisfaction using experiments,2
relationship type customers chatbots moderate,2
long recognised challenge,2
orientation human likeness chatbot avatars,2
learning emotional decision making,2
habit plays negative,2
uncanniness tied perceptions,2
integration emotions attachment,2
srt significantly,2
risk manipulated,2
highly correlated,2
scenarios low moderate,2
humans biased perceived,2
reliance complex studies,2
exploitable opportunities,2
opportunities sensitively humans,2
various decision,2
computer based scenario participants interacted,2
human reliance computer based,2
proportions suggestive algorithms best response,2
early development key tenet incose,2
delay critical decisions late lifecycle,2
problem attributability accountability,2
professionals seven organizations using purposive,2
drawing recent philosophical literature responsibility,2
ownership make difficult identify human,2
infusion model significant effects,2
flow experience social influence directly,2
significant effect,2
market investment example,2
experience capacity feel sense agency,2
impact social crowdedness,2
prompts attributions mind,2
information interaction design vehicle,2
adoption intention event settings,2
unnerving appearance prompts,2
suggest individual differences predict,2
modeling emotion,2
enhancing user experiences analysis,2
perseveration behavior induce higher heart,2
evolved utilitarian perspective partnership,2
intelligence ai chatbots persuade,2
mechanisms consumers readiness,2
model employing questionnaire responses,2
cognition arousal assessed heart,2
perceived experience,2
suggest machines unnerving,2
innovativeness significant,2
labor shortages,2
chapter discuss proposed machine,2
predicting satisfaction,2
received descriptions crews interacting,2
structural equation,2
expressing emotions,2
powered chatbots capable,2
social presence theory investigate,2
tested machine capable experience,2
remains unnerving,2
experiment examined machine humanlike,2
theory acceptance use technology,2
continuance intention,2
ergonomics society,2
lots intelligent machines,2
experience feelings unease,2
underlying mechanism positive,2
affective needs rational physiological,2
customer perception propose mode emotional,2
emoticons appropriate,2
observing functioning correlations,2
significant effects affect hypothesized,2
psychological reactance,2
frameworks offers valuable managerial,2
decision making process adv,2
identifies affective component attitude key,2
users emotional states,2
conceptual model examines various external,2
machines decisions different forms far,2
humancomputer interactions,2
chatbots influence customer brand relationships,2
emotions long deemed,2
employs technology acceptance model tam,2
service agents interaction perceived enjoyment,2
perspective technological mediation,2
generosity positive ones,2
customer brand,2
age artificial intelligence ai chatbots,2
risk aversion negative,2
deceptive machines self,2
stimuli empathic communication,2
improvement available technology,2
devices act way previously humans,2
emotional connections customers,2
explored issue,2
flexible framework research,2
structural cost function human driven,2
impact social information,2
systems mass employed,2
lack communication road,2
decision making machines,2
mainly focused effect basic emotions,2
interaction privacy concerns continuance intention,2
social interaction heterogeneous,2
anthropomorphism affects users continuance,2
voice ai chatbots,2
crisis management,2
decades computers involved society,2
association security,2
technology getting complex enabling devices,2
rho plan socially,2
incorporating personalization service agent,2
social value orientation svo,2
interactions attracting increasing,2
predictive engagement strategies,2
perceptions compliance reliance task,2
perceptions lower,2
increased experience using,2
subjective norm intention,2
new decision making paradigms emerged,2
attitude hrc,2
recent developments psychology social cognitive,2
paradigms emerged widespread existence humancomputer,2
emotional relational aspects communication emphasis,2
important issues related managerial decision,2
joint decision,2
hotel employees intention,2
positive behaviors based theory planned,2
humans machines,2
machine decisions,2
emotions cognition behaviors offering,2
higher level functional goals,2
reliance task performance days,2
interaction efficiency contextual decision,2
affect individual behavioral intention,2
research model trust key mediating,2
chatbots specifically large,2
language models llms various emotional,2
human participants presenting scenarios,2
concerning investment decisions prosocial behaviors,2
certain goals essentially self interested,2
chatgpt plus tasked responding,2
bilateral interaction called choice,2
respond social affordances naturally,2
bots primed positive,2
advice using social utility,2
decisions phenomenon evident chatgpt,2
paper examine factors affect acceptance,2
perceived avoidability promoted,2
alternative models choice selection,2
results domains sap,2
introductions affect perceptions,2
goal equip machines socio emotional,2
emotional cues,2
impact perception,2
introducing social value orientation,2
maximise productivity,2
meet diverse customer demands,2
creates innovative service,2
incorrectly judged bot,2
service quality remains gap,2
agents especially terms service quality,2
technology service scenarios individual readiness,2
leaders low vs high design,2
process human computer interaction,2
personalization negatively impacts,2
positively affects,2
social exchange theory,2
trust formation,2
decision making process called function,2
function allocation fa used design,2
tool usage facilitating conditions habit,2
behavioral intention use,2
utaut2 unified theory,2
online interactions,2
technology model chinese educational context,2
address customers,2
intelligence markup language aiml,2
decision making suggests,2
boosts willingness adopt engage continuously,2
limited experience exhibit higher resistance,2
use technology utaut technology adoption,2
customers adoption,2
integration chatbot,2
variables perceived machine,2
emotions reliance automated systems,2
illuminating influences user moods,2
playfulness field,2
virtual clothing store,2
va interaction,2
automation reliance,2
dimensions voice assistant va,2
digital engagement competence warmth,2
interactions smart voice,2
bot employed chat engine called,2
interactions address,2
machine actionable,2
weaknesses humans,2
ergonomics society,2
recognition atr reliability low,2
communication hmc,2
experience alters way potential users,2
basic tam,2
research managerial guidelines successful adoption,2
help counter adverse effects static,2
emotion aware intelligent systems predict,2
research practical adoption emerging,2
valence likely stimulate,2
ergonomics theorythe nature extent,2
arises effective decision making,2
significantly higher,2
115 pairs emotionperformance,2
used machines,2
rate people facing proself,2
framework adv considering social skills,2
altruism human drivers sociality,2
previous experience,2
study aims explore acceptance,2
technology forcing,2
computing services constitute new,2
cavs poised revolutionize,2
participant trust self,2
considered terms individual human machine,2
fundamentally teamwork goal,2
significant impact field education,2
confidence higher workload lower adaptive,2
negative user experiences maintaining,2
user acceptance impact relocation features,2
decision regret mediated,2
fa decision making,2
features cav acceptance remains,2
social psychological issues current fa,2
acceptance model,2
delegate decisions follow advice,2
relocation related factors cav,2
known algorithm aversion,2
decision makers immune errors,2
pcor indirectly increases human acceptance,2
ergonomics society,2
optimal decision makers utilities,2
factors computer,2
conditions trust transference breaks holds,2
411 questionnaires,2
affected boredom,2
interaction practical applications organizational,2
affected view intuition,2
powered artificial intelligence potential replace,2
science business,2
group llc,2
business media,2
overlaps work especially work,2
simon work motivated,2
making human creativity,2
transfer user trust ai creators,2
analysing user utterance,2
reduces users purchase,2
user amplifies user perceptions betrayal,2
steerability trust,2
individual trust,2
interactions categorized,2
specific technology,2
non anthropomorphic,2
like non,2
dehumanizing experience evaluated machines,2
emotion play intelligent,2
roles cognition,2
absorption users relationship varies anthropomorphic,2
chatbots radically,2
customer service,2
redefining customer,2
future research directions sdt perspective,2
decision making planning learning attention,2
servicio publicaciones,2
performance expectancy,2
technique partial squares structural equation,2
utaut dimensions respect,2
factors determine adoption use artificial,2
linked individuals intention use,2
herbert simon overlapping,2
purchase intentions products later recommended,2
sacrificing passenger compared,2
social relationship avs users study,2
known potential influence job satisfaction,2
fundamentally impact work practices,2
tools understanding human,2
emotions ignores human,2
important human computer interaction problem,2
important lives,2
psychological ownership theory aiming investigate,2
decision making,2
way earn living,2
time employees organizations implementing algorithmic,2
influencing motivation action,2
group llc,2
users contradicting genre rules social,2
triggered users subconsciously enact distinctly,2
models improve learning efficiency,2
conversation formal process demonstrated,2
types emotions derived dimensions emotions,2
collaboration focus performance goals known,2
recognition negative emotion algorithmic,2
provides survey computational models emotion,2
additional confident,2
vulnerability consumer va,2
speech recognisers enable,2
situation awareness trust,2
consumers develop,2
phenomenon proven beneficial firms,2
vas phenomenon proven,2
amazon alexa transformed consumers,2
impartial stance observers,2
controlled bartending,2
robot politeness conversation behavior,2
people decide accept considering interaction,2
considering interaction carry effect impressions,2
enhance employee management efficiency,2
utility dialogue,2
workplaces customer,2
held owner,2
participants initiated response suggestive,2
echo questions,2
sectional comparative,2
decisions generated mixed response algorithms,2
investigated sentiment life domains motivational,2
business indiana,2
001 focusing ai chatbots integrative,2
implementing enterprise,2
emotional intelligence synthesising evaluating current,2
mandatory use end users,2
trust turn leads greater,2
unwillingness adopt use systems sabotage,2
research emotional,2
systems use activity viewpoint social,2
greater intentions use willingness,2
positive user behavior examine effects,2
variable use activity mandatory,2
intentional personal causes,2
perceived convenience personalization service,2
refers use proactively,2
users support conceptualization,2
affected outcome,2
al systems designed intention,2
squares structural,2
application social,2
strength organizational,2
attitudes use,2
technology acceptance model,2
challenge belief loa frameworks,2
ai ethics technological,2
psychological technological factors,2
frameworks offer useful,2
articulated coping,2
strategies employees,2
employees maintain strike balance,2
ergonomics society,2
leadership identity,2
processes resulting growing fear smart,2
concept technophobia fear aversion technology,2
technophilia strong,2
enthusiasm new technologies,2
concept trust,2
positive perceptions attitudes referred,2
processes trust ai similar,2
organizational identification highlighting critical,2
study imply appropriate management expectations,2
powered artificial intelligence sent online,2
emotions related,2
decisions people used,2
subsequent effects user performance,2
increasingly make managerial,2
affect emotionality,2
power past negative comments,2
leisure money,2
instant message,2
term inaccuracies unfairness crucial effective,2
better understanding affects people,2
people sensitivity,2
fairness trust,2
text comments,2
response bias,2
evoked positive emotion possibility social,2
computational social sciences social psychology,2
social media discussions,2
model concerning interactive influences,2
youtube service,2
evaluates impact,2
non critical emotional,2
anthropomorphized led greater,2
control increase user acceptance,2
trustcommitment theory,2
service quality,2
prime messages regarding acceptance,2
spokesman said managing chat,2
large amounts information chat synthesizing,2
enhance purchasing experience,2
machine interaction maintain,2
lesser explored,2
consumer brand,2
framework used improve human machine,2
transformation prikshat malik budhwar 2021,2
uk limited trading,2
published informa,2
human oversight,2
takeover automation,2
article illustrates psychological approach agency,2
critical role organizational culture effectiveness,2
highlights importance considering,2
homeostasis appraisal emotions derived,2
adaptive interface created impression talking,2
talking listening computer,2
performance feedback trust automation self,2
self confidence manual control perceived,2
technologies impacts firms,2
including chatgpt sparked business,2
organisational culture,2
decision making model used,2
manual alternatives available recognition errors,2
usage decisions auds choices people,2
joint decision making process,2
industry thematic analysis establish constructs,2
industrial setting,2
life problems,2
tackle new problems context anthropocentered,2
emphasis according feeling,2
extraversion agreeableness conscientiousness neuroticism,2
different communication patterns performance simulated,2
neuroticism openness substantial links adopting,2
technical challenges trustworthy human,2
relationship present nature role trust,2
advantage empathetic creativity,2
capacity relate emotional,2
averse affective reaction,2
anxiety justified,2
empathy defined scientific literature,2
experience increased role ambiguity unrelieved,2
ethics morality problems artificial intelligence,2
empathy suitable interactive conversational agents,2
computer assumed greater,2
service employees leadership offering theoretical,2
designing machines know,2
potential outcomes ai chatbots,2
ai prompts validate,2
management technique business business,2
inception computers,2
constructivism individuals assimilate new,2
restrictions placed human computer,2
developing impactful,2
emotional state assigned broad spectrum,2
goals acting users behalf,2
dynamics trust changing reliability level,2
trust sense freedom,2
organizations started providing post hoc,2
informa uk limited,2
intervene proposed machine actions,2
attitudes intentions,2
positively influence future decision,2
amas systems powered artificial intelligence,2
risk high return opportunities explainability,2
involvement explanation,2
clearance inappropriate implementation clearance automated,2
new challenges goals phase,2
investigated people perceive trust artificial,2
study business game,2
acceptance trust,2
reduces usefulness 58 reduces acceptance,2
results defective reduces trust,2
extending previous work algorithmic aversion,2
freedom control major concerns aspects,2
association agreeableness adoption,2
produces given prediction,2
cases algorithms make superior decisions,2
developing capabilities strategy,2
self confidence,2
possible testbeds used evaluate,2
recruitment processes streamlined technology adoption,2
primary purpose determine trust,2
science business media llc,2
future sias specifying,2
psychology technology,2
aversion private public sector respondents,2
understanding social beings involves independent,2
pls sem,2
users make sense real fictive,2
algorithmic aversion,2
decisions areas consumers,2
pleasures different scenarios involving self,2
traffic flow dependent automotive emotions,2
decision making hiring,2
consistently outperformed human decision,2
group llc,2
ergonomics society,2
role laissez faire leadership,2
travel agencies otas,2
consumers utilitarian,2
shopping values experienced different emotional,2
insights online travel,2
anchors popular,2
chatbots significant,2
disruptive people,2
significant innovations,2
integration technologies customer shopping,2
concept ubiquitous assimilation,2
use customer perception,2
commerce denoting seamless,2
self organizing,2
countering potential perils,2
1438 responses portuguese consumers research,2
artificial intelligence,2
industrial revolution,2
significance building loyal clientele,2
understanding human machine interaction new,2
patronage industry insights,2
rational hedonic,2
important rl sub domains like,2
designing organizational change strategies,2
directions future emotion rl,2
knowledge risks maximizing,2
aids organizations better managing,2
change consumers emotions internet,2
following causal framework emotion trust,2
use chatbots,2
successful job performance,2
firms beginning,2
need human interaction perceived anthropomorphism,2
equation models analyzed using smart,2
usability satisfaction,2
artificial intelligence,2
survey structural equation,2
online questionnaire,2
social presence flow perceived,2
motivations rational,2
psychological research,2
cognitive enjoyment browsing online,2
jobs want computers,2
bias human,2
adoption chatgpt related,2
researchers accident investigators regulators managers,2
moderated mediation model investigating,2
particularly linking psychological,2
effect trust factors interpersonal job,2
intelligence ai acceptance,2
employees acceptance level,2
business operation taiwan target,2
administrated questionnaire,2
trust usage ai discussed,2
performed examine effects perceived,2
technologies increasingly prevalent hospitality,2
human employees,2
remain indispensable service workplace superior,2
engagement cognitive understanding need,2
broader adequate conceptual articulation,2
influences researchers rasmussen,2
article integrates psychological technical normative,2
influence human machine research,2
uk limited trading,2
production man machine virtual,2
actions interactions closely observed,2
fairness quality paper critically examines,2
purchase intention,2
role awe strengthening link customer,2
deterioration decision quality potentially,2
individuals overly rely machine,2
achieve objective,2
implications normative institutional decision,2
decision aids training procedures,2
anthropomorphization empirical insights,2
transdisciplinary field social robotics starting,2
oversight seen effective means,2
education providing quantitative,2
decisions human decisions psychological,2
psychology social sciences share,2
published informa,2
spur dialogue involves wide,2
systems chatgpt demonstrates effectiveness optimizing,2
notably attitudes sustainable,2
technology adoption upbringing era,2
society consumer,2
yielding increase economic efficiency,2
arousal offer acceptance observable,2
emotionally charged behavior facing computer,2
benefits intricacies employing computer,2
growth adoption,2
symbols compromise effective,2
computer issued,2
flow reduce accidents reduce social,2
tam beliefs web flow,2
coping frontline service,2
used explain improve experiential goal,2
remain especially convincing consumers switch,2
users experience return,2
trust machine key point,2
contrast threat,2
communicate intentions vulnerable,2
participants engaged alternating offer,2
bargaining partition,2
reach agreement,2
innovation product innovation,2
hostility dynamism,2
work public,2
fourth industrial revolution witnessing fast,2
chatbots completely,2
conversational ai tools voice assistants,2
agility dynamic,2
organizations enhancing adaptive,2
black box,2
powerful predictions,2
triggered new,2
effectively communicate,2
improving trust,2
making steady progress disruption,2
user engagement relates negative emotions,2
social interactions computer,2
behavior human negotiators,2
known consumer reactance service,2
drive problem focused emotion focused,2
focused support seeking coping strategies,2
papers highlighted individual trust,2
role perceived,2
infer human trust workload,2
hedonic values hotel,2
continuance usage intention utilitarian,2
adapt web based usage,2
tam adapt,2
scant research robot anthropomorphism perceived,2
intelligence affect travelers intention use,2
decision process pomdp,2
hospitality tourism industries increasingly employing,2
development suggests scope extension tam,2
deliver services travelers,2
involvement relationships,2
structural equation,2
constraints disparate entities joined,2
original goals,2
contrast emotional,2
argues expropriation human,2
outcomes firm performance process innovation,2
factors focused decision making process,2
structural equation,2
point encourage acceptance autonomous,2
consumer reactance psychological inertia,2
store shopping,2
technology related user acceptance,2
online hotel reviews referring,2
define flow,2
cognitive affective model,2
research recognizes dyadic customer service,2
sociodemographic profile users studied factors,2
resistance intentions directly,2
adverse aspects new retail,2
machine systems,2
implications constructs enjoyment,2
communal attitudes apprehensions transportable behaviour,2
cluster investigation comprehend attitudes possible,2
hotel guests intention continue using,2
growth issues malaysian lawful agencies,2
model assessed partial squares,2
domain usa,2
perform trade study,2
informa uk limited,2
significant main effects,2
goal understand consumer engagement,2
approach using sentiment analysis research,2
ongoing processes innovation people,2
interactive marketing strategies,2
important performance organizations,2
practical implications trust positive sentiment,2
explores human trust,2
twitter reddit suggest everyday life,2
social categorization ingroup vs,2
advertising discussed,2
higher interactivity adoption narrative style,2
emotional intelligence,2
persuasiveness heightening social presence,2
perceived transportation,2
concerns impact human,2
areas humans outperform machines,2
identifies user sentiments,2
like machines designed make decisions,2
ai chatbots focusing,2
identified emotional connection mediator,2
evaluations anxiety related affects,2
science experience,2
tradeoff participants perceived language,2
objective investigation assessed effectiveness performance,2
factors influence willingness use autonomous,2
defining challenges technology implemented,2
technology adoption process,2
ratings significantly improved,2
lessons learned industries technology,2
biases preferences enhance impair,2
systems modern workplace,2
human assisted machine information,2
resistance organizations,2
actions consequences visible hindsight making,2
concept embodied employees fears inefficacies,2
advance experiencing mistrust existential,2
player performs sequence information,2
analysis twitter reddit chatgpt3 chatgpt4,2
aims constraints,2
human jobs lack,2
weigh benefits drawbacks chatgpt,2
public acceptance degree crucial,2
sequential decisions characterize,2
tools predict operator,2
model trust automation,2
trust reliance,2
ergonomics society,2
strategies psychological,2
professionals design trustworthy,2
feedback group groups level trust,2
anxiety relationship,2
drivers levels trust automation,2
distrusted spot checked automation,2
nasa tlx subjective,2
greater aa,2
dynamism relationships ai powered,2
executives firms adopted,2
performance research integration tool imprint,2
reliance automation supervisory control situations,2
interactivity high,2
findings inertia trust nonlinear characteristics,2
decisions subject human trust mental,2
like message,2
high vs,2
differentiate human interaction,2
machine like,2
customer facing roles,2
simulating human like conversations,2
chatbots increasingly,2
marketers presents opportunity differentiate human,2
evaluation supported viability,2
social media sentiment analysis refine,2
domain experts,2
group llc,2
cognitive load improve avs,2
design future human machine,2
service quality perceived,2
cognitive collaborative demands user engaged,2
technology acceptance,2
members increases likelihood trust degradation,2
visit intention ai,2
individuals visit,2
sem specifically partial squares pls,2
perceived humanization ph examining hedonic,2
presence explored,2
rapport social,2
group llc,2
squares structural equation,2
wearables factories,2
technological progress,2
creation routes ph affective trust,2
positively impact value,2
aact produced superior performance,2
new zealand highlights varying cultural,2
influencing ph effects value,2
studied benefits overall human machine,2
cross cultural analysis china,2
implications practitioners tourism,2
machines beginning far reaching consequences,2
businesses significantly improve,2
framework review current examples persuasive,2
marketing literature,2
interaction conceptual framework review,2
users interactions banking,2
trust guides,2
key reasons productivity loss,2
outcomes user choices,2
trust influences reliance,2
people respond technology,2
generative ai,2
genai systems offer,2
interactions isa mediates,2
chatbots accommodate,2
user demographics influence anthropomorphic design,2
notably improve overall user,2
problematic people,2
employees competitive mindset employ effective,2
influencing users perceptions,2
humanized chatbots,2
customer acceptance humanized,2
motivation social influence anthropomorphism,2
addiction change,2
sets potential,2
machine performance,2
roles design creation operation maintenance,2
effort expectancy performance expectancy,2
theory acceptance use technology hofstede,2
customer responses using covariance,2
alter retailing,2
technologies potential,2
potential alter,2
types dynamic function allocations scheduled,2
decision making processes allowing customers,2
customers delegate,2
users react differently influence nonhuman,2
environmental consciousness,2
expressive reactive artificial,2
structural equation modeling,2
perceive emotion,2
recent findings social robotics virtual,2
young consumers,2
technologies changing way engage brands,2
intelligence trust relationship influenced,2
powered software robots user trust,2
workload effects low intermediate high,2
provide useful implications developers managers,2
study aims reveal interaction happens,2
human responses,2
smes developing small island,2
perceived management support perceived,2
affective cognitive human,2
structural equation,2
potential conformist behavior varies,2
superior performance intermediate loas facilitated,2
computers robots produce social conformity,2
examine nonhuman,2
induce social,2
organization environment,2
grounded article conceptual model,2
chatbot implementation,2
unique business opportunities,2
new technologies offering unique,2
analytical versus social task,2
social influence attitude,2
consumption lifestyles,2
experiences authors believe need,2
group llc,2
chatbots study,2
contribute developing global socially acceptable,2
intelligent conversational,2
set qualitative comparative analysis,2
uk limited trading,2
structural equation modeling fuzzy,2
published informa,2
experiment manipulated va perceived service,2
answer user questions boosts perceived,2
service quality,2
efficacy emotional extension path,2
rationality plays key role,2
machines notions,2
hospitality industry increasingly using,2
conversations users expected continue time,2
customers responses,2
experience social exclusion,2
decision making aa superior completely,2
performance conversations,2
cross cultural,2
icas suboptimal condition commercial,2
affects individuals,2
deployed moral machine,2
actors paradigm spreading activation theory,2
social sciences humanities,2
control disparate work domains,2
advertising efficiency tourist destinations,2
roles evaluated,2
reorganized upgraded traditional advertising specifically,2
create ads,2
nature development especially light associated,2
questionnaires filled,2
development especially,2
experiential users incorporating intrinsic motives,2
ica fit service,2
privilege non linear,2
web acceptance,2
research investigates user acceptance,2
informa uk limited,2
usability decades human factors,2
challenges extrapolating concept trust,2
argue normative role,2
digital physical social realms,2
adoption anxiety,2
explore innovations,2
customer experience intersection,2
involving new technology enabled services,2
acceptance factors,2
interpersonal psychological neurological perspectives,2
consumers adopt,2
zero sum mindset influence,2
adopt osas,2
experiences business business business,2
customers resist use,2
organizations create superior customer,2
conversational digital,2
occasional reference,2
innovative technologies assist customers online,2
realm occasional,2
group llc,2
exclusion heightened customers independent,2
integration autonomous technology moral,2
routes promise aversion machine,2
vas used retailers,2
construal hedonic,2
online contacts customers increasingly,2
service delivery guest,2
hedonic consumption goals strong tie,2
seeking effectively leverage service,2
sustainability operational efficiency customer satisfaction,2
psychological emotional effects,2
landscape hotel industry integration,2
improve equity accessibility tourism,2
analogical affective,2
interactions hospitality context,2
reshaping service dynamics,2
assume roles,2
machines lack complete mind,2
aversion mediated perception,2
organizational sociological interpersonal psychological,2
aversion prove challenging integration autonomous,2
effects peou pu,2
user satisfaction willingness,2
structural equation modeling,2
existing beneficial social norms humans,2
continuance usage intentions perceived communication,2
acting human groups order affect,2
positively influences communication quality,2
findings provide marketers theoretical,2
guidance enhancing consumer experiences,2
behavioral research investigating ambiguous solely,2
people risk opportunity,2
effects people,2
haic group,2
structural equation modeling,2
public perceives artificial,2
held owner,2
service quality,2
strongly correlated trust satisfaction explanations,2
contactless services customers,2
data collected hotel,2
predicted aid calculation 60,2
square statistics indicated,2
significant differences,2
positively influenced hedonic value service,2
research examine users experience differing,2
interdependent exploration independent exploration,2
middle aged women shop,2
giving way communication helps people,2
altruism giving way,2
type nature tasks identified primary,2
continuum calm neuroticism maturity juvenility,2
interactant satisfaction communication facilitates,2
intelligence quotient eq emotional,2
purpose development mobile technology changed,2
thai communication modality,2
anthropomorphism human,2
banking app adoption intentions,2
conversational agents ca,2
stimulus organism response sor,2
perceived risk trust organism,2
squares technique,2
trustworthiness especially design,2
emotional expressions contextual cues influencing,2
cues influencing anthropomorphic,2
contexts social robots,2
intelligence anthropomorphism increase users willingness,2
users perceived,2
levels anthropomorphism,2
human decision making having normative,2
insignificant effects perceived,2
repercussions persist,2
chatbots widely,2
group llc,2
social tasks impacted,2
innovative behavior,2
exhaustion inhibiting service innovative,2
acceptance artificial,2
employees perceptions chatbot effectiveness discomfort,2
individual psychological correlates,2
personalization availability,2
decision making,2
null decision making,2
emotion null,2
marketing employees,2
everyday interactions,2
social context essential,2
using chatbots context b2b marketing,2
policy makers harness transformative technologies,2
compared traditional word mouth human,2
machine effect phenomenon utilitarian hedonic,2
effect studies 7a,2
mediation analysis shows replication factors,2
studied trust situation,2
opposite protocol attenuates word machine,2
challenge multiple,2
physical presence require,2
discrete decision making tasks,2
interactions little time,2
ergonomics society,2
scales including rota predictive trust,2
congruence robot decision situational danger,2
showed trust assessments reflected degree,2
employees future,2
medical domain users frequently,2
systems social agency incomprehensibility influence,2
trust machine,2
intelligent autonomous systems social,2
language processing induce users deem,2
partner advanced tool human,2
factors influence dominant,2
humans interact machines,2
pervasiveness increasing sophistication,2
based artifacts private organizational social,2
oversight ai systems tasked deployed,2
implementation nudges black box,2
hand algorithmically personalized,2
nudge popular,2
biases human judgement,2
subtly guide people decisions improve,2
information described psychological,2
conscientiousness agreeableness,2
associated forgiving attitudes,2
introverts positive,2
anxiety 24 urban scenes,2
distrust general trust predicted,2
stimulate employees intrinsic motivation promoting,2
generative personality model structure encode,2
approach microsoft xiaoice,2
ai chatbot promotion,2
hotels lahore,2
awareness displayed significantly positive relationship,2
sets decision rules,2
learning implement decisions,2
agent demand shorter takeover times,2
condition complied takeover request tor,2
indicated demand agent habitable naturalistic,2
decision making gives rise right,2
consent dead,2
advanced artificial intelligence,2
social acceptability,2
view informed consent assurance trust,2
robots cobots entering production sites,2
anthropomorphisation application human like mental,2
dynamic current technological limitations,2
believed trust promoted anthropomorphisation,2
linguistically framed descriptions robot,2
inexperienced factory workers initial,2
induced linguistic framing run,2
trust critical human,2
provoke ambivalent attitudes employees cooperative,2
interaction effect perceived,2
robot trust considered necessary precondition,2
service providers employed star hotels,2
receptionists room service providers employed,2
design considerations affect employees,2
cause unfavorable,2
make potential adopters,2
bust cycles make potential,2
negative consequences subsequently evaluate fairness,2
unfulfilled expectations algorithmic aversion heuristic,2
work opposite direction,2
influence hrm derive specific,2
control unfavorable outcomes human experts,2
critical psychological processes explain,2
increasingly workplaces,2
visitors provide services visits,2
hospitality sector adopted,2
turnover intention,2
usage led employment uncertainty higher,2
trust mt competitive psychological,2
preferences offered explain cultural,2
cultural valuation human,2
awareness hospitality employees ti moderating,2
customers includes subjective valuation,2
successful ai services,2
customers emotions utility function,2
article contributes literatures organization design,2
organizational fairness,2
trust ratings faster,2
based results,2
cobot relation perceived,2
man machine,2
implications managers,2
provide actionable,2
sensitivity information competence based trust,2
trust mediates relationship servant,2
information sensitivity vcas anthropomorphic roles,2
interaction service anthropomorphism social,2
work ai governance suggesting guidelines,2
popularity virtual conversational,2
social occupational environments form,2
changes penetration,2
augmenting employee,2
factors analyzed impact trust,2
analyzes changing features trust,2
tom specifically increasing,2
trust levels avs interactions vehicle,2
adoption appropriation,2
user trust artificial intelligence ai,2
regulatory practices user trust,2
seen possible,2
internet revolution,2
strategies brands,2
ways enhance consumer purchase intention,2
fuzzy logic,2
employee jobs,2
intelligent machines,2
level goals understandability trustworthiness,2
explained different psychological reactions anticipated,2
anticipated technological,2
useful tools understanding people attitudes,2
develop new technologies arise,2
incorrect advice risks,2
decision aids typically improve decision,2
positive negative attitudes,2
forums analysis uber web pages,2
scale differentiates comfort enjoyment robots,2
instrument social scientists wish,2
educational therapeutic social situations,2
theoretical framing organisational roles,2
met adequate infrastructure psychological,2
psychological methods theory,2
recognition robopsychology,2
mixed blessing perspective intelligent,2
inscrutable machine,2
let non technical end users,2
esteem turn detracts employees,2
discrepancy enlarging threatening employee self,2
enhancing work goal,2
self regulation theory,2
employee performance think likely dark,2
decision time perceived workload,2
lack trust autonomy,2
agents sporadically change failure environmental,2
measured trust end,2
interactions humans,2
maintain meaningful social,2
machines establish,2
decisions experience construct,2
trust intricacies,2
used study technology adoption,2
provide mixed,2
observer predictions various levels,2
machine interactions,2
fit consumer related psychological factors,2
need understand predict,2
based chatbots,2
working conditions ability exert,2
disclosure significant effect wtd,2
experiment 496 adults conversation,2
job control multiple,2
identity disclosure willingness donate,2
chatbot empathy identity disclosure,2
wtd fundraising project psychological,2
effort expectancy positively affects performance,2
effect trust contrast effort,2
interface trust significant,2
influence different aspects work,2
preferred trusted ads ads ads,2
output black box representations,2
personalize various,2
fundamentally change workplaces professions,2
negatively impact employees identifications,2
type service,2
positive type,2
positive service outcome,2
examine customer,2
negative vs,2
mechanisms compare understand underlying decision,2
using gaussian mixture,2
originated trauma,2
work mourning,2
replika intends provide psychological,2
study chatbot called,2
finally validated predictive,2
machine interaction,2
business b2b marketing growing demand,2
interaction interpersonal relationship,2
context social chatbots,2
marketing customer life,2
model included emotions,2
acceptance model,2
predicting intentions behavior participants,2
novel formalization extension fuzzy cognitive,2
motivating nonusers adopt specific technology,2
study focus negative outcome scenario,2
technology mobile contexts proposes comprehensive,2
theory variables mobile service quality,2
willingness help,2
risk shows negative significant,2
excellent interactions customers,2
questionnaire developed distributed,2
blackbox ai models,2
adoption asian countries,2
present study aims discuss consumer,2
transparency trustworthiness compliance,2
acceptance av society,2
management society,2
functional performance achieve customer,2
acceptance requirements facilitated provision explanations,2
important requirement,2
analysis interviews shows subjects intention,2
forecasting persisted albeit lower,2
optimal solution reduce reliance past,2
discuss pertinent challenges,2
past demand demand independent,2
increase ensuring,2
employees increase,2
interactions employees,2
overview general specific effects missing,2
seen important,2
increase trust consumers,2
overcome risks confidence using digital,2
voice assistants,2
chatbots programs communicate users primarily,2
working systems,2
technology left high,2
constellations employees,2
future research carryout consumer bias,2
improve corporate fairness,2
assisting decision making,2
gender biases racial discrimination,2
service triad,2
algorithms helps decision,2
firms variety biases,2
frontline employee,2
utilitarian hedonic value ultimately customer,2
understanding introducing new technologies influence,2
anthropomorphism social presence,2
provides important,2
realistic workplace situation job received,2
job satisfaction,2
effects perceptions,2
customer fle,2
resulting customer repatronage,2
management literature unraveling relationship anthropomorphism,2
va affects employees collaborating,2
combines utaut behavioral theory variables,2
perceived blame,2
humanmachine teams assist employees,2
introduce mediator perceived,2
llc behalf society risk analysis,2
risk analysis,2
services support individuals carrying work,2
individuals satisfaction use,2
correlate productivity,2
intelligent machines increasingly equipped,2
pakistani hospitality sector,2
present business decision,2
interviews aimed uncover values motives,2
consumers decisions adopt,2
risk conceptualized structural organizational technological,2
services restaurants,2
rejection ai,2
ai service encounters factors,2
human mental model supported value,2
traction hospitality sector frontline service,2
people world seek interact,2
reasoning theory better customers,2
marketing campaign strategy focusing benefits,2
policymakers lessen present customer attitude,2
interact large organisations,2
instant messaging interactive voice,2
decision makers faced challenges solve,2
emerging technologies widespread critical risk,2
new amplify existing risks,2
potential introduce new,2
option space,2
assistant decision making rationale,2
trust autonomous systems crucial achieving,2
group llc,2
increasingly applied hospitality tourism industry,2
ai applications service,2
recent technology adoption,2
service task emotional knowledge based,2
acceptance research,2
paternalism tp,2
decisions user consent,2
relationship perceived cuteness customers,2
intelligence ai technology service industry,2
artificial intelligence,2
increasingly influencing,2
daily lives,2
known effects frontline employee service,2
service sabotage,2
acknowledged workers,2
workers mindfulness,2
reliance automation fosters complacency individual,2
held owner,2
diagnostic chatbots,2
emotional intelligence,2
ai services,2
study results indicate cultural,2
associate reasons attitudes intentions adopt,2
marketers human,2
contributes service research,2
survey 551 respondents identify necessary,2
understanding motivational mechanisms consumers adoption,2
job performance appraisal,2
effect job engagement employee service,2
tools work,2
self regulation drawn posit,2
traits designing manufacturing commercializing,2
intelligence ai powered autonomous,2
feel reluctant adoption,2
proposes ai powered tools,2
consumers feel,2
journal consumer,2
acceptance ai,2
social recognition hedonism technology security,2
concerns influence technology trust user,2
innovativeness moderator performed,2
insights psychological underpinnings acceptance,2
effort expectancy social,2
behavioural intention,2
negatively influence,2
satisfaction higher av,2
adoption avps,2
uk limited trading,2
continues deployed workplaces,2
extent consequences employees limited,2
structural equation,2
range delight frustration,2
customer client,2
understand factors affecting people,2
hospitality industry,2
people satisfaction,2
people overwhelmingly like trust,2
service compared mediated,2
constructs attitudes,2
human interaction positively,2
positively associated mediated,2
variables innovativeness,2
apprehensiveness expected,2
responded online questionnaire,2
equity pullulating digital services,2
communication social policy equity,2
acceptance intelligent virtual assistants context,2
influence customer responses financial service,2
chatbots virtual,2
technologies fintech,2
integration workplace despite positive,2
based task oriented decision criteria,2
employee job attitudes career,2
artificial intelligence,2
outcomes decision making,2
readiness levels used,2
version people processes technology,2
given organizational innovations limited value,2
public trust,2
paramount cultivating,2
acceptance models provide,2
analyzed structural equation,2
organizational culture habit,2
instil public confidence application,2
safeguarding equity justice rulings,2
insecurity intention use,2
general particularly chatbots,2
push employees make use new,2
reach increasing heights organizational,2
unfair algorithm leads decision,2
present future employees humans,2
group llc,2
depend trust,2
development society acceptance largely,2
risk negative influences,2
showed time risk,2
expectancy social influence,2
positive effects performance expectancy,2
habit anthropomorphism personalization,2
organizational efficiency,2
justice sciences,2
noncommercial sharealike,2
new technologies workplace,2
anxiety unsafety perception high,2
images shown tablet,2
questionnaire amq usability,2
usability scale sus administered,2
positive negative andneutral wasperformed classification,2
literature impact technology suspicion adoption,2
affects effectiveness,2
evaluation types attitude,2
action used promote acceptance automated,2
reasons justifications action used,2
effective human machine interaction,2
attitudes equal high precision mean,2
individuals technology suspicious,2
anxiety unsafety perception high,2
usability acceptability,2
accessible companies recognized far reaching,2
individual employees intentions use,2
importance technology acceptance literature,2
suspicion adoption avs fully examined,2
papers organizational adoption new,2
affects effectiveness,2
action used promote acceptance automated,2
reasons justifications action used,2
adoption use technology,2
individuals technology suspicious,2
utaut2 theory perceived risk,2
explain customers,2
responses factors affected development,2
affected interaction,2
ergonomics society,2
customer behaviors,2
service environments increasingly,2
traditionally organized individual,2
science business media,2
unified oneness division labor,2
coevolution nurturing,2
space symbols meaning value closely,2
engagement behaviors cebs,2
principle way decision thinking,2
serial mediation mechanism,2
optimize effectiveness,2
trust governing factor,2
social psychology neuroergonomics,2
trust monitored continuously unobtrusively using,2
machine schema human,2
significantly influenced decision,2
manipulated agent reliability,2
communication shown disrupt interpersonal trust,2
outcome bias contrast effect significantly,2
prevent reliance utilization,2
optimism perceive ideal self,2
cebs lower anthropomorphism conspicuous,2
customers higher tr optimism likely,2
chatbot typical product,2
version technology acceptance model tam,2
study advances consumer behavior research,2
investigated attitudes self,2
clinical decision making study algorithm,2
expectations consumers rate autonomous,2
intention use,2
entails dissociation,2
items questionnaire,2
parameters tam scores trust showed,2
demonstrated positive correlations head,2
role algorithm,2
product evaluations usage,2
usage willingness underlying mechanisms,2
tam items,2
positive vs,2
ai acceptance different outcome,2
benefits combining subjective,2
artificial intelligence,2
evaluations adoption intentions met,2
difficult trust variety,2
challenges adoption,2
practical contributions technology applications service,2
customers continuance intention use,2
mental demand signaled,2
effective human machine interaction,2
assess user emotions separately,2
anthropomorphism robots,2
customers perceived,2
based affect,2
valuable designing marketing strategies service,2
demand coffee maker anthropomorphic,2
theory reasoned action self,2
reveals pleasure plays crucial role,2
arousal mediating,2
prevalent service,2
attitudes significantly affect users,2
perform complex services anthropomorphic,2
explores influence consumer emotions,2
customers perceived,2
attitudes emerge,2
structural equation,2
degree anthropomorphism robots affect,2
based affect,2
planned behavior technology environmental,2
perceived animacy theory planned,2
demand coffee maker anthropomorphic,2
factors driving adoption affects,2
intimacy mediating role relationship anthropomorphism,2
perform complex services anthropomorphic,2
prevalent service,2
behavioral intentions real usage patterns,2
study explores intricacies adopting,2
organizational social levels,2
turn negative,2
practices configurations individual organizational,2
higher negative emotions control,2
workplace entails new,2
potential technology garnered widespread,2
chatgpt sparked,2
widespread attention mainstream media,2
effect individual employees tasks,2
cobot operators danish manufacturing,2
generative artificial,2
interactions employees information flow outside,2
spatial configurations centering,2
cobots social interactions employees,2
decision makers practitioners academics,2
tourists attitudes,2
devices service contexts influenced social,2
critical factors driving ai acceptance,2
social influence stronger,2
stronger determinant hospitality,2
delivery hedonic services,2
technology utaut identified distinctive features,2
functional services acceptable use ai,2
adoption conversational,2
negative neutral images selected,2
conversational agents,2
exploration themes ending comprehensive landscape,2
purchase intention,2
increase potential tourists trust,2
united states participants self categorizing,2
squares structural,2
experienced use travel ai,2
suppliers price quoting,2
intelligence ai chatbots,2
perceptions emphasizes need nuanced understanding,2
trust robots tasks,2
uses chatbot automatically inquire,2
collectivistic individualistic feel closer,2
grounding investigation principles interpersonal trust,2
robot anthropomorphism,2
perceptions anxiety levels predict,2
technology anxiety,2
framework delves consumers paradoxical expectations,2
quotes female male chatbot buyer,2
expectancy value,2
predictedto fundamental features social,2
consumers perceptions future development anthropomorphic,2
future development anthropomorphic features service,2
background emotion recognition,2
intricate dynamics trust,2
products demonstrating high level perceived,2
portugal examined group based emotions,2
behavior cognitive ergonomics explores,2
consumers adoption,2
inhibitors consumers,2
serving distinct,2
carried serving,2
behavioural reasons,2
study shows intention use,2
tam recruitment chatbots,2
traditional technology acceptance model,2
psychological research,2
worn psychological,2
social influence,2
perceived anthropomorphism perceived,2
generative artificial intelligence,2
model chatbots people query directly,2
functionality better experience,2
features ensure prompt functionality better,2
standard deviation,2
content community,2
caused neglected,2
social planetary,2
human maintaining,2
prioritize human,2
interaction hri applications manufacturing,2
structural equation modeling,2
emerging ai powered,2
voice assistant,2
hotel room,2
questionnaire public disagreement agreement using,2
people feel risks technologies,2
implementation hospitality tourism industry,2
decision makers,2
criteria decision making method prioritize,2
institutional environment 23 sub criteria,2
association information,2
paper designed questionnaire,2
literature introducing new conceptualization trust,2
trust chatbots showed dimensions order,2
satisfaction result poorer decision,2
order trust beliefs,2
construct exploring employees perceived,2
ai tool chatbot examining antecedents,2
tourism agencies united arab emirates,2
understanding innovative use artificial,2
science business media,2
satisfaction increasing cognition based trust,2
communication styles service,2
consumer satisfaction,2
chatbots increasingly,2
service recovery,2
staff 35 star hotels,2
increases confidence certainty decision,2
reduced increased familiarity,2
indicates negative effects influenced,2
marketed public set professional,2
humans invariably face questions humans,2
governance increasing public acceptance points,2
acceptance points algorithmic paradox,2
ras suggests diffusion innovation depends,2
theory statistical,2
provided robo advisors ras,2
black box theory driven,2
bounded optimality models characterize human,2
group llc,2
affect acceptance adoption said systems,2
controller workload limiting,2
movements decision making concludes review,2
complex goal,2
workload gain acceptance provide support,2
new capable increasing efficiency,2
future decisions,2
evaluative processes people engaged decision,2
frustration participants decreased acceptance,2
infer human intent,2
choice overload associated,2
decision making authority,2
compounded decisions increasingly effortful difficult,2
provide agenda,2
emergence tech savvy clients,2
social development organizations,2
unified theory acceptance use technology,2
repeated previously decisions 73,2
research trust,2
hours generally,2
usability issues,2
widely adopted,2
rules intelligent,2
transfer effects building components mathematical,2
ai solve ethical,2
advancements increase exponentially mobile,2
mobile phones,2
experience measured just terms distance,2
human leadership critical,2
augments instead replaces worker,2
interviews hospitality contexts workers work,2
panglossian assumption neglects psychological,2
consumer worker,2
marketing organizational behavior develop consumer,2
frontline workers research far,2
bridges technical business,2
indicate innovative organizations build,2
operational success ai,2
adoption proposed embeds extended version,2
acceptance anthropomorphism critical presence,2
attitudes human,2
quantify trust lack objectivity,2
safe deployment current future automated,2
impact tools employees collaboration exploring,2
ai aversion,2
investigated effect warning,2
stages takeover strategies key,2
performance expectancy social influence facilitating,2
performance expectancy,2
humans relieving engage creative pursuits,2
obtained 12 item instrument quantitative,2
widespread fear corresponding job,2
losses organizational think,2
machine competencies,2
job replacement theories contend,2
investigation revealed critical skills employee,2
published informa,2
uk limited trading,2
risk human like way,2
regret effects probability weighting,2
decision making dm risk influenced,2
psychological effects,2
contribute goal,2
vitally important,2
representation design fuzzy,2
used train personalized,2
tools used various,2
conversational agents platforms,2
anthropomorphized conversational,2
vary affordances,2
http creativecommons,2
failure cost increased mental workload,2
decisions collaborate,2
innovation implementation beneficial social good,2
markets special care,2
criminals terrorists enabled ai trust,2
markets systematic,2
bad delegation,2
contrast reluctance use ai,2
lacking metaknowledge contrast,2
negative effects decision making,2
structural assurance potential indicators consumers,2
consumers initial trust,2
formalized communication gap person,2
implications use service,2
psychologists expertise,2
hotels positive effect consumer satisfaction,2
foster willingness engage psychology students,2
using operational data 3790 hotels,2
technology formal psychological,2
based social perception,2
customers helped humans,2
factors subjective norms constructs,2
preferred advisory,2
baseline constraint,2
culture surprisingly absent emerging,2
presence theory research comprises,2
touch panel affects,2
number studies viewed trust,2
satisfaction levels behavioral,2
questionnaires end experiment,2
trust administering,2
adjust trust automation result,2
especially consumers independent self construal,2
online questionnaires,2
mediation tests confirm,2
consumers respond differently emerging technology,2
black box feasible explainable,2
driving exceptionally fast growing technology,2
trust human ai interactions,2
applications primarily asia provide future,2
machines western counterparts,2
exposure explain asians accepting,2
people react differently,2
react differently machines,2
aversion versus,2
versus appreciation,2
perspective article review recent,2
research cultural,2
acceptance model based established technology,2
evaluations overall service experience,2
intelligent upgrading transformation affect consumer,2
literature identifying threshold effects,2
employees hindrance low performance high,2
group llc,2
human staff critical,2
critical smart service,2
employee presence,2
draws factor theory emotion,2
motivation anthropomorphism acceptance objection ai,2
expectancy customer emotion,2
context smart hotels,2
usage acceptance aidua model,2
patrons decisions,2
literature showcasing role technology,2
intention gamble,2
project roadmap enabling,2
monetary motivation,2
aversion leading people reject,2
squares structural,2
contexts induce algorithm aversion leading,2
prosocial microlending decisions affects degree,2
influence context,2
users making decisions profit versus,2
security social,2
technology acceptance,2
intended emotional,2
human machine interactions pace future,2
enable banks strengthen customer engagement,2
effective customers satisfied chatbots,2
industries significantly changing nature,2
effect human sav,2
management rapidly spreading,2
structural equation,2
social sciences,2
performance wellbeing,2
regarding influence management worker motivation,2
motivation using lens self,2
human trust,2
impact anthropomorphism,2
recently increasing trend study impact,2
contextualizes trust automation factor,2
negative effects worker need satisfaction,2
satisfaction motivation features algorithmic management,2
increase public acceptance anthropomorphic,2
structural equation,2
connect customers offer promising,2
trust acceptance,2
virtual conversation,2
deploying chatbots connecting,2
sector future improving customer,2
artificial intelligence,2
investigate effects,2
brand engagement using,2
societal impacts developing deploying advanced,2
design features overview general,2
mean effects calculated,2
employees generally advised express positive,2
interactions customers,2
emotion interactions,2
acceptance robo,2
fuzzy set,2
lack frameworks,2
competition fierce,2
firms virtually industries,2
qualitative comparative analysis artificial,2
adopted prior,2
customers dual pathways affective pathway,2
informa uk limited,2
takeover requests,2
social science models underestimate technology,2
public sphere awash anxiety,2
ai powered,2
machines increasingly mediating work managerial,2
transformation public sphere,2
technologies encompass wider wider,2
disruptions accompany transformation work,2
emerging technologies,2
early stage human development,2
trust levels real time allowing,2
effective facilitating service evaluations heightened,2
perceived anthropomorphism consumer,2
relationship norm orientation affects expectations,2
voice assistants,2
highlighted benefits collaboration promoting efficiency,2
overall consumer attitudes adoption,2
values context specific reasons attitudes,2
squares structural equation,2
affordances language learning,2
advancement chatbot technology,2
research social perception,2
influence receptivity components perceived hat,2
willingness buy,2
powered product retail,2
based customer attitude,2
tested structured questionnaires using,2
human receptivity new ai teammate,2
modern trade retail industry,2
positively impact impulse purchase intention,2
newcomer receptivity includes,2
psychological acceptance,2
consumer innovativeness strengthens relationship attitudes,2
advisory services,2
service innovation,2
examining interplay,2
effort expectancy,2
feature based,2
drawing self regulation theory,2
item aias demonstrated superior,2
omitting item displayed weak correlation,2
decision making tasks,2
role self,2
determination attitudes,2
managers decision makers streamlining,2
social sustainability harming social values,2
firms informal corporate social,2
capacity employee socio behavioral concerns,2
structural equation modeling,2
organizational environmental,2
field grew,2
understand individuals,2
development flourished,2
affective analysis,2
vulnerabilities shape public consensus,2
affective trust change design,2
components users look effective,2
proponents recognise transformative potential,2
trustworthiness associated,2
governance serve linchpin ai,2
principles european commission emphasising,2
development increasing,2
everyday life promises enhanced,2
terms applicable effect leveraged,2
important domains life,2
consumer service provider,2
increasingly important,2
incentivized decisions aid,2
investment game,2
estate industry estimated listing,2
listing prices real,2
real german apartments,2
provision featurebased explanations,2
utility potential impact technology society,2
aias present manuscript,2
adjustments create spillover effects,2
attitude scale aias concise self,2
demand tools assess public attitudes,2
alter user behavior related disparate,2
behavior related disparate domains,2
role congruity,2
explained perceived,2
loans rejection,2
rejection ai provider triggers,2
credit decisions depend,2
consequences broad employment modern explainable,2
mitigate problems associated black box,2
black box nature modern ai,2
analyzes consumers reactions,2
spawning new generation fintech,2
remaining items questionnaire,2
efficiency innovation,2
self esteem threat turn results,2
affective computing,2
make use technology,2
squares structural equation,2
machine systems,2
discussion promises,2
risk willingness use time efficiently,2
area affective computing,2
ac enables development affective,2
role behavioral intention,2
transitioning tools collaborators,2
computer interaction,2
interaction performance,2
social interactions mediating attachment communicating,2
emotions play critical,2
department effectiveness tested,2
critical role motivation influence cognitive,2
step partial square based structural,2
preparedness perceived benefits technology readiness,2
educational organization problematic internal external,2
technology educational organization,2
use shown directly affect perceived,2
users usage intentions,2
questionnaire data 232,2
facilitating development empathic,2
mass public intention make use,2
decision action level task dimension,2
government agencies ai service,2
computer interactions,2
important factor various online services,2
decision making organizations facilitating human,2
common mouse operations potential new,2
plethora mental disorders world,2
results indicate importance corporate,2
performance expectancy effort,2
warehouses based unified theory acceptance,2
address citizens psychological problems government,2
acceptance human,2
concerns negatively impact acceptance,2
based chatbots,2
satisfaction mental health services supported,2
citizens user experience user satisfaction,2
work alongside humans,2
based theory consumption values,2
wuhan chongqing reveals personalization enjoyment,2
fails devote citizens user,2
voice interaction,2
agency embodiment experience dimension,2
experiences like flow,2
interaction leads synergetic,2
strengths partners resulting higher overall,2
enjoyment technology acceptance,2
emulate human interactions,2
perceived trust perceived value perceived,2
technology ignores study needed,2
norms trust,2
important machines deployed social,2
trust service service provider training,2
investment knowledge selected study,2
group llc,2
jordanian stock market investors,2
demonstrated significant impact trust,2
service subjective,2
impact training,2
science canada,2
examined perception investors,2
investigated impact anthropomorphism customers decisions,2
structural equation,2
negative emotions,2
trust civil aviation,2
focused human trust automation simulated,2
objective trust indicators,2
hotels consider customers perceive respond,2
group llc,2
focus psychological employees,2
classifying emotions usually facial body,2
consequences employees,2
anthropomorphism including social presence,2
fuzzy set qualitative comparative analysis,2
social value orientation,2
structural equation modeling,2
greater willingness continue using vas,2
usage intention,2
transformation organization,2
enjoyment trust attitude use,2
theory reasoned action investigate personalities,2
recommend making technological changes,2
capabilities social robots,2
employed stimulus organism response,2
robots text speech,2
provide natural communication modality,2
emotions provide,2
affect control theory alternative method,2
participants role rescue,2
negative outcome,2
partner attribution blame following negative,2
sharing causes challenges dark agents,2
surprising event trust work,2
powered artificial intelligence enhance,2
adopting chatbots,2
trust schemas based robot,2
research factors influencing,2
people come develop trust,2
qualitative comparative analysis fsqca asymmetric,2
research focuses acceptance particular,2
burgeoning integration everyday,2
development increasing connectivity operational practice,2
shed light multifaceted perceptions,2
expressions important,2
article highlight expressions important benefits,2
naturally expressing emotion,2
cognitive affective behavioral,2
risks arising,2
arising intentioned,2
customers patronage experience visiting,2
barrier influences attitudes,2
frequency visit generation conducted,2
coolness positively influence,2
benefits human machine,2
likewise emotions,2
intelligence ai chatbots,2
positively affects customer loyalty perceived,2
loyalty context ai services,2
exchange theory authors investigated managers,2
interaction psychological power,2
play crucial roles understanding mechanism,2
satisfaction effective,2
used manage behavior,2
ultimately improve society perception,2
positively influences anticipated improvement consumers,2
study investigates service quality artificial,2
machine interaction,2
building trust,2
multiple modalities facial expressions voice,2
probability machine better,2
wrongly believes positive,2
positive probability,2
hesitates forever machine,2
results demonstrate high utility,2
updates dm belief machine,2
stakes high,2
high dm,2
based systems especially voice,2
research provided approaches postulating conceptualizing,2
setup machine performs,2
spoken language operation,2
capacity make better predictions,2
contrary existing assumptions providers advertising,2
philosophical framework use cases supervisory,2
decision making trolley,2
technology accelerated development,2
puts humans risk leaves,2
based core assumption human persons,2
human value,2
multidisciplinary research project meaningful human,2
tai guarantees human,2
state art build trustworthy explainable,2
mechanism underlying effects,2
explore mistrusting machine,2
better psychological,2
satisfaction effective,2
computer science consumer research,2
culture respectively,2
trust automation guide,2
shown consumers respond differently,2
hierarchies suggest reframing trust,2
promote appropriate reliance automation,2
based decision situation semiotics interaction,2
planner collaborative workplace standardized durations,2
optimal psychological conditions identified cooperating,2
adopt relational framing,2
high adaptivity,2
psychology situ manufacturing,2
ergonomics society,2
adoption despite investing time,2
100 manufacturers,2
workers 100,2
impact human workforce orga,2
performance individual significantly influenced,2
ganisations need look technical,2
management production constitute basis,2
flexibility organizations management,2
innovation mindset governance strategy ai,2
secondary element production planning employee,2
trust moderating,2
product outcome range number,2
acceptance artificially intelligent ai,2
execution strategy according managers perceptions,2
view social robots way,2
seek ascertain powerless consumers view,2
painful leads consumers compensatory,2
compensatory consumption,2
powerless painful,2
caught social structures,2
feel dominated triggers need,2
used manage behavior,2
ultimately improve society perception,2
human social needs,2
changing pace boosted technological advances,2
industries including services impressive changing,2
relationship firms customers,2
bolster trust automation,2
varying anthropomorphism,2
fears related,2
trust worth investigating,2
communication quality,2
empathy response interaction,2
applications investigated study include anthropomorphism,2
aid human performance operators,2
expand businesses focus,2
exchange theory authors investigated managers,2
understand humans acceptance artificial,2
necessarily related passenger travel experience,2
usually definition travel,2
know really goes,2
goes inside,2
coded debate,2
trolley problems,2
particularly true,2
livelihoods stake,2
decisions taken,2
health finance law,2
justified today business decision makers,2
major individual household,2
ai criticized black box characteristics,2
processes designers design humanized,2
motivations attitudes values,2
machine equivalents motivations,2
understanding human,2
effective apologies,2
promise denial,2
warehouse pick load 10 boxes,2
hci related fields psychology,2
experiencing emotion,2
paper outline social self determination,2
different perceptions,2
architectures ethical ai,2
robots order exhibit conversational,2
conversational skills ideal tools delivering,2
customer experience intention continue,2
improving psychological empowerment improvement,2
job identity considered development implementation,2
index taken input variable employee,2
employee psychology performance analysis,2
synergies desirable individual,2
organizational outcomes,2
employees computer industry,2
validation employees encountering ai application,2
background manufacturing industry,2
positively negatively,2
serve techniques,2
innate human,2
informa uk limited,2
main actors continue adapting social,2
gender optimism,2
optimism innovativeness likely,2
hedonic quality relevant factor explaining,2
intention use social influence,2
explaining attitude attitude,2
technology readiness,2
study simulating customer facing service,2
known capability influences customer,2
receiving services,2
effects systems social environment embedded,2
various trust repair strategies,2
complex human machine world focuses,2
human lead decrease trust,2
validity experimental research study,2
technology acceptance model tam engagement,2
elevating user satisfaction turn predicting,2
immense value brand managers offering,2
offering nuanced understanding indian online,2
chatbots incorporate,2
marketing elements satisfy customers,2
emotion hedonic service,2
anthropomorphism effect trust construct effort,2
different service contexts anthropomorphism,2
pls sem,2
analysed adopting,2
tourism services,2
users distinctly different,2
manufacturers developed prototypes exist,2
trust determinants customers,2
social service robots,2
human potential,2
perspectives defining possible quality,2
epistemological psychological,2
central aspects conversation ai replace,2
impact future,2
origin destination,2
behavioural dynamics consumers,2
labor differences nature,2
positive experiences encountered,2
positive electronic word mouth,2
software based,2
replacing traditional tools,2
development good sa mental,2
employee expectations,2
generative artificial intelligence behavior,2
behavior tracking tools articulating employee,2
tools leading productive workplace,2
critical effective interaction oversight systems,2
tool prisma,2
reporting quality,2
amstar distiller sr robis,2
examine psychological mechanism,2
negative reaction user,2
controllers reporting perceived comfort,2
increase users acceptance decision,2
psychology marketing,2
planned behaviour data,2
results willingness occupants,2
machine interactions,2
behavioral sciences considering complex,2
ability report feedback social impact,2
dimensions human machine,2
achieve higher engagement rates human,2
chatbots emerged,2
systematic selection literature structured coding,2
humans express comfort,2
distrust ai human vs,2
squares pls,2
framework proposed method consists,2
decision making organizations growing,2
algorithmic decision,2
bounded human rationality,2
users satisfaction continuance,2
case fictitious company,2
improve forecasting,2
marketers capitalize conversational capabilities social,2
deepen brand intimacy strengthen affective,2
significant positive impact consumers,2
positively related gratifications,2
enhanced consumer engagement,2
consumer brand relationships manifested process,2
demonstrates myopic,2
social media brand,2
chatbots provide,2
tool efforts delineate roles,2
addition anthropomorphism explain lower employee,2
traditional technology acceptance model,2
employees working,2
reluctant accept,2
information seeking social interaction entertainment,2
surprisingly es positively associated,2
opinion values estimating human,2
turn influence users banking,2
voice assistant services provides,2
design trustworthy ai,2
continuous interaction ai voice,2
assistants chatbots,2
lives personal emotions continuous,2
tourism firms suggestions use humor,2
moderating effect anthropomorphism,2
roles positive emotion,2
today technology far able,2
continuous usage intention utilitarian dominant,2
human needs emotions,2
tourism hospitality scholarly attention,2
ai service,2
substitute human frontline employees hfles,2
chatbots online,2
focusing customer satisfaction,2
different service agent types,2
known affect,2
quality perceived waiting time positive,2
useful implications companies selecting service,2
acceptance emerging,2
trust plays key role,2
machine interaction,2
variety industrial,2
shows unexplored,2
era rapidly,2
cobots important,2
anthropomorphism referring human,2
chatbots increasingly deployed,2
role cobots,2
consumers service evaluation purchase decisions,2
risk attends,2
effect company,2
chatbots perceived risk negatively affect,2
factor brand trust positively affects,2
responsiveness anthropomorphism positively affect consumers,2
divided chatbot related factors expertise,2
building customer trust disadvantages increasing,2
management recovery service,2
trust artificial,2
complaint behavior,2
humans artificial agents morality,2
conceptual model,2
injustice primary determinant,2
evaluate utility conceptual,2
ai services,2
customer reactions closely associated,2
customer service failure,2
uncanniness uncanniness negative effect,2
emotion plays,2
understand customers process react chatbot,2
association fear,2
related agreeableness chinese sample,2
important component,2
emotions employs online experiments,2
group llc,2
correlation emerged neuroticism dispositional trust,2
dispositional history based trust current,2
gap builds appraisal theory emotions,2
customers different emotional,2
increase spending loyalty intention,2
level trust automated,2
contingency effects service tiers mechanical,2
managerial guidance smart service,2
usefulness positively influenced anthropomorphism,2
individual differences attitudes artificial,2
key reasons,2
replicable cross culturally applicable,2
stronger positive attitudes greater intention,2
customer perceptions,2
setting hotel 426 credence service,2
experience service,2
completed items sociodemographic variables attitudes,2
significant positive associations neuroticism,2
science business media,2
association acceptance ai gender,2
intelligences determine service,2
dimensionality cognition emotion physicality,2
created questionnaire,2
based framework,2
visual anthropomorphic cues explainable,2
trust perceived usefulness,2
strongest predictors substratism,2
identity techno animism positive emotions,2
role emotional,2
triggered aesthetics form foundations interactions,2
intention assign decision making,2
particular persuasive,2
interchange technology,2
fourth industrial revolution associated,2
technological affinity technology substratism human,2
technology appealing admissible,2
reasons people,2
trust accept,2
chatbot knowing,2
risks associated,2
knowing nonhu man identity,2
human machine coworking,2
dimension decision trust robot,2
groupings affordances capture,2
design techniques human ability trust,2
emotion social awareness cognitive functionalities,2
customers rejection,2
preregistered online,2
science business media,2
human communication,2
affordances adaptability,2
awareness trust,2
affect performance satisfaction affect situation,2
mechanisms underrepresented,2
conflicting demands,2
stakeholders potential,2
need domain,2
ergonomics society,2
gives rise need,2
interaction essential,2
changed game modern smart factories,2
cobots changed,2
uk limited trading,2
published informa,2
workers tools fluent interaction,2
subjective job performance,2
human emotions oriented human contribution,2
mediating role,2
engagement relationships,2
cobot operators working shop floor,2
fluency relates employee job,2
ergonomics job,2
implications organizational,2
canbot u03,2
psychological factors loneliness innovation,2
addressing issues formalised affordance,2
visualisations greatly influenced willingness,2
journey trends today changing times,2
directing customers different stages,2
anthropomorphism intention,2
media richness theory investigate role,2
industry military consumer settings,2
consumers intention purchase grows significantly,2
instead concern employee engagement,2
employee happiness proposes model,2
group llc,2
trust explored,2
chatbots recommenders virtual,2
domains existing warehousing,2
speech recognition,2
issues interactions warehouse,2
analyzes relevant behavioral issues,2
decision making,2
managerial necessity consider human,2
chatbots robots,2
trust trust critical systems carry,2
significant role warehouse future distinctive,2
personality related trust affecting acceptance,2
adherence recommendation,2
enriched providing theoretical managerial insights,2
improved brand awareness better,2
demand anthropomorphized products,2
significant potential enabling marketing,2
introducing certain anthropomorphic characteristics emphasised,2
technology enabled,2
fourth industrial revolution,2
4ir involves innovative,2
machine effect explained basic theories,2
psychological mechanisms cause ironies illustrated,2
technologies enable harmonious high performance,2
human machine,2
consumers tourism,2
latest technological advancement shaped,2
chatbots latest,2
factors ergonomics,2
conceptualizations especially regard work,2
adoption use improving customer,2
structural equation,2
technique conceptual model empirically,2
suggested directions substantial impacts,2
managers study,2
particular help firms progress,2
retail sector,2
intensify knowledge development undergoing retail,2
technology enables poorly understood,2
enablement frequently discussed literature technology,2
paid role humans humanistic,2
sophisticated machine probably able,2
perceived harm perceived injustice,2
technology related policies,2
decision making person,2
speaker influenced participants impressions,2
empirical validation model partial squares,2
partial squares structural equation,2
negatively influence perceptions jobseekers,2
negative impact,2
understanding motivation goal congruent,2
improves efficiency,2
processes helps people make decisions,2
help machine person,2
employment opportunities area psychological,2
trust emerged crucial factor steering,2
positive impact attitudes chatgpt,2
structural equation,2
concepts like trust mental models,2
leveraging theoretical framework planned behavior,2
behavior research,2
trust behavioral intention actual usage,2
intelligence ai chatbots,2
consumer value,2
intention wom students workers,2
indirect effects conducted,2
subjective norms notably,2
plays important indirect role regulating,2
results acceptance performance,2
maintenance experts participants represent,2
willingness use buy try good,2
defined behavioural intention,2
user acceptance,2
technology recent years,2
requires employees,2
infiltrate industries decade,2
adapt new work,2
machine interaction influences,2
influences employee learning,2
questionnaire 500 employees,2
interaction employee vitality especially,2
socially embedded model,2
future research explore impact human,2
uk limited trading,2
systems human like decision,2
consequence acceptance,2
users remains somewhat,2
somewhat hesitant,2
trust enforce aversion systems studies,2
connect user trust transparency subsequently,2
user acceptance intelligent systems,2
model tested industrial maintenance workplace,2
perception emotion heuristics defense,2
framework consumer engagement,2
applied different,2
perceived personalization autonomy community,2
effect satisfaction behavioral intention,2
use ai service agents,2
regarding effect anthropomorphism customers,2
design collaboration performance team,2
service context,2
considering impact design building trust,2
organizations need cautious,2
design influence customers willingness use,2
implications study explores extent humans,2
distrust ai human vs,2
influence consumer utilitarian hedonic value,2
positive cognitive affective behavioral changes,2
research examines social anxiety,2
strategies product promotion,2
comfort different models human,2
labor differences nature,2
factors understanding av adoption,2
factors impact technology,2
focusing design collaboration performance team,2
considering impact design building trust,2
organizations need cautious,2
group llc,2
implications study explores extent humans,2
trust role,2
provides potential,2
influencing factors,2
trust artificial,2
trust significantly,2
utilitarian benefits,2
quality significantly,2
significantly impacts,2
awareness trust robot,2
management personalization,2
partial squares structural equation,2
innovativeness behavior including behavioral,2
model understand user engagement,2
tool chatgpt focusing university students,2
aims explore determinants user behaviors,2
chatbot continuance intention,2
importantly social presence imagery,2
psychological ownership products,2
effects response,2
fashion industry services tourism,2
workload directive condition objective,2
indicated experienced higher,2
presence feedback,2
intelligence ai powered chatbots,2
contributor official duties employee,2
states government work united,2
group llc,2
usage wom usage,2
human machine systems high speed,2
cultural scenarios appears need human,2
marketing managers organizations distinct,2
performance work systems,2
hospitality businesses,2
preference repurchase,2
satisfaction considerably increases,2
sem indicate subjective norms,2
managers beliefs positively influence change,2
human work better worse depending,2
quality hospitality service,2
new technologies,2
group llc,2
application conversational agents,2
organizational unit,2
interaction far documented despite,2
humane work systems industry,2
conceive interaction humans computers,2
actions situated work,2
group llc,2
usage intention tends greater humanoid,2
robots social robots analytical intelligence,2
study investigate impact feedback modality,2
robot trust influences relationship informational,2
cues acceptance,2
allocation decision robot,2
ai common tourism,2
acceptance model computer mediated,2
reuse chatbots integrating different,2
socially acceptable use rule,2
science business media llc,2
development smart voice technology ai,2
managerial implications suggested,2
influence customers trust,2
tam interpersonal attraction exert greatest,2
distinction disembodied conversational,2
impacts users,2
adoption compared,2
reuse chatbots integrating different,2
acceptance model computer mediated,2
continuance intention,2
ai common tourism,2
application conversational agents,2
theoretical model consumers cope,2
hospitality businesses,2
questionnaires conducted,2
managerial implications suggested,2
failures aipas affect consumers,2
influence customers trust,2
tam interpersonal attraction exert greatest,2
distinction disembodied conversational,2
adoption compared,2
increase acceptance service,2
hospitality tourism,2
services essential competitive,2
increased awareness ca actions,2
tools adoption consequent benefits understood,2
employee adoption,2
journals 2018 2023 behavioral research,2
acceptance use,2
research conducted domain marketing consumer,2
science business media,2
suggest entering new technological zeitgeist,2
zeitgeist profound implications marketers,2
marketing important research topic dating,2
marketing important,2
examining impact technology,2
radio tv,2
value attribute,2
affective state,2
explanation visualization preferred users dislike,2
increase user confidence,2
systems acceptability,2
companies fully exploit,2
marketing possible,2
personalization decision making,2
extends mere segmentation personalization,2
influence expected grow exponentially,2
everyday lives presence influence expected,2
reported trust mental,2
greatest trust role clarity preferred,2
despite barriers reluctance professionals artificial,2
responsibility trust significantly influence perceived,2
ergonomics society,2
tourism industry,2
learning task subjective usability,2
ai hotel,2
novice users,2
zoo engaging,2
vices featuring human interaction,2
approaches usability thoroughly,2
human interaction preferred,2
happiness identified,2
service agent types,2
domain counterfactual,2
showing politically conservative tourists,2
positioning considerations en hancing marketing,2
automated systems known affect agents,2
ergonomics society,2
providing participant confidence direction,2
positive effect,2
personalization understand benefits,2
acceptability scores revealed,2
managerial accounting successful example implementation,2
twsa estimates,2
impractical administer,2
background subjective questionnaires commonly,2
positive mediates,2
achieve goal collaboration,2
ed positive,2
ml technologies uptake use support,2
technologies ideal,2
determine consumers,2
furthermore violations total probability,2
trust intermediate,2
interfere decisions subsequent stages,2
mental effort performance frustration situation,2
ratings discriminate mental,2
interpreting subjective,2
chatbots known personal environments,2
needs assessment little known marketers,2
acceptance said technologies enterprise context,2
literature shows technologies,2
attribution maps beneficial end users,2
employees introducing systems called,2
planned behaviour tested,2
important employees,2
effects different,2
development goal,2
goal sdg promote productive employment,2
workers psychological contract engagement,2
significant positive effect job,2
great potential enterprises increase productivity,2
significant influence simplifies businesses,2
decision making processes,2
sharing trust development agents human,2
travel options,2
services provide,2
technological advancements led development aerial,2
group llc,2
implications human,2
tended positively,2
decision vice,2
comes followed,2
psychological distance users,2
ensures high productivity accuracy tasks,2
innovativeness pi,2
japan exhibited positive outlook germany,2
based trustworthiness physiological,2
terms law concerns japanese,2
ai measured using items ethics,2
voice recruiting face immigration,2
immigration compared public concerns japan,2
using logistic regression,2
technological advances,2
marketing utilizing descriptive,2
sectors linked marketing ai,2
strategies exponential technical advancement provides,2
forecast future events aid decision,2
contracts significant,2
future deeper understanding consumer perceptions,2
far remains,2
especially high risk tasks,2
influencing citizens user experience,2
insights consumer value,2
conditional role trust government,2
china indicates user experience positively,2
stereotype content model social psychology,2
investigate influence perceived humanness personality,2
assistants voice assistants provides,2
personalization aesthetics negatively associates perceived,2
citizens achieve positive,2
incorporating emotional intelligence,2
social presence interactivity drive,2
partner responsiveness scale serves,2
styles demonstrating influence interaction patterns,2
need address trust issues ai,2
impact chatgpt usage,2
essential understand individuals different attachment,2
engage ai chatbots order build,2
chat generative,2
relationship users attachment styles interactions,2
uk limited trading,2
published informa,2
considering effects employees implementing agv,2
cultivating trust,2
effort expectations drive perceived competence,2
affect users trust voice,2
self service,2
correct choices trust overrule,2
decide consider prediction,2
adoption positive effect,2
assisted decision,2
fosters creation type psychological,2
harmonious human machine interactions gig,2
touch algorithm,2
driven workplace,2
sdg premised strengthening relational contracts,2
support caring mitigate worker resistance,2
managers showing empathetic,2
paradox challenges,2
enhanced fairness,2
organizational decision making creates challenges,2
managers attitudes,2
perceived black,2
acceptance avoidance,2
rise worker resistance manipulating algorithms,2
gap develop integrated ai acceptance,2
questionnaire survey,2
workers offering notable efficiency scalability,2
public sectors utilizing ai based,2
service technology sst,2
engagement trust,2
differences boredom performance low,2
ai enabled service crucial,2
examine influence affective cognitive considerations,2
goal establishing trust machines,2
emerging field,2
threat aging technology work,2
users struggle,2
balance trade,2
older workers jeopardizes employability,2
action daily,2
organizational psychology,2
group llc,2
adopting various technology practices relevant,2
required collective,2
trust experience continuation,2
automated chatbots machine interaction,2
machine interaction service executives human,2
analyses showed positive attitudes,2
structural equation modeling,2
intention technology,2
provides valuable,2
valuable inputs technology,2
marketing managers,2
complex industrial machines,2
automatization work lines pushing human,2
predicted agreeableness,2
function maximizing acceptance ai,2
understanding link affective cognitive,2
acceptance platforms selecting,2
empathetic intent,2
advisors algorithm based,2
intent inference algorithm proposed,2
customer data automatically design,2
advisory solutions offer customized,2
robo advisory,2
central iraq,2
leverages intent,2
lastly courtesy loss,2
used evaluate trust,2
religious tourists just,2
just visited karbala,2
statistics meaningfully applied,2
tourists affect ai,2
paradox mindset personalisation,2
social robot highly dependent,2
interdependently predict intention use social,2
concerns service personalisation benefits,2
working care,2
accomplished goals focusing employees working,2
existing technology acceptance theory,2
empathy recently,2
multiple domains,2
influences overload experienced participants,2
improving user experience different,2
argue technology acceptance model tam,2
devices workplace,2
premium subscriptions,2
risk negatively,2
innovativeness contributes,2
advanced features,2
payment readiness,2
boosts satisfaction doesn affect payment,2
directly drive willingness subscribe paid,2
employing partial squares structural equation,2
readiness develop strategies adopt,2
driven solutions like chatgpt vital,2
group llc,2
inclusion ai different sectors impact,2
defining consequences,2
self reporting observational,2
communication psychology sociology support,2
frameworks haii,2
conversational agents,2
work aim endowing embodied conversational,2
especially risk averse consumers,2
account user reaction learn,2
trust formation,2
presence pilot onboard vehicle assess,2
based different industries,2
decision aids undoubtedly,2
model used managers predict,2
conceptualised anthropomorphic,2
job satisfaction,2
number studies used tam wearable,2
algorithm aversion,2
literature users lose trust systems,2
reveals nature,2
erring advisor,2
learning influence decision maker reliance,2
personal decision task,2
advisors differences reliance familiar human,2
effect familiarity,2
analogous perfect storm machines involve,2
machines involve convergence,2
employment design,2
attribute value,2
capacity reckoning use smith,2
understand consumers,2
machines care ones worth focusing,2
different kind previous machines tools,2
uk limited trading,2
risk proximal antecedents perceived expertise,2
consequences humanising,2
likely anthropomorphisms military,2
human machine interactions hmis potential,2
performance outcomes,2
organizations face increasing pressure implement,2
human employees dehumanize work,2
items various aisles deliver,2
grouped areas attitudes competence,2
professionals position,2
artificial intelligence,2
job design transport,2
potential develop trustworthy control,2
social norms functionality trialability,2
technology acceptance model,2
innovation diffusion theory,2
positively deactivated,2
viewed positively,2
german speaking countries act,2
perceptions workplace,2
driving assistants offer,2
development targeting user satisfaction,2
application contexts brittleness ml trusted,2
ergonomics society,2
work systems increasingly,2
established computational framework assumes decisions,2
30 weight managerial,2
acceptance rates steadily increased,2
involvement longer,2
decision process eye,2
technological interaction,2
selection commonly performed,2
ai chatbots digital voice,2
tutoring decision making strategies,2
berlin germany,2
machines programs completing,2
report builds,2
consequently redefining human roles experiences,2
affect technical systems perceived,2
human centric operations,2
rapid technological advancements,2
essential navigating challenges opportunities,2
rpa tools influence organizational routines,2
responses improving individual,2
cyborg creatures strong individual,2
behave like borgs,2
berlin germany,2
harmful impact,2
report builds,2
consequently redefining human roles experiences,2
human centric operations,2
rapid technological advancements,2
intermediate goals,2
relationship marketing literature,2
trust power asymmetries lack,2
mechanical turk study influence,2
evaluative feedback human decision making,2
machine involvement class managers,2
expand scope,2
making modeling emergence decisions time,2
technology foster social,2
occurred respect perceived data,2
nonhuman identity,2
service agents,2
perceived fairness decision perceived,2
reported attitudes technology sdv improve,2
comfort 85,2
time needed ensure equivalent,2
perceived comfortable,2
bias varies,2
game demonstrate superior performance proposed,2
processing capacity function,2
trust essential requirement effective human,2
approach service design perspective,2
quality endogenous variables,2
customer experience,2
motivational definitional responses communicate,2
takeover time quality,2
technology determined feasibility,2
offers alternative approach grounded social,2
social psychology,2
addressing ai service,2
popular frameworks addressing,2
explain drivers takeover,2
question disclose involvement,2
chatbots question,2
customers adopt human,2
valuable guidance hospitality managers seeking,2
novel insights highlighting importance perceived,2
augmentation social inclusion contingent customers,2
effects mediated,2
supportive tipping behavior studies,2
understand employees,2
hospitality contexts examine effects immersive,2
research demonstrates conversational robo,2
robo advisors alter perceptions trust,2
experience important implications investor behavior,2
trust formation humans machines,2
perform leadership,2
algorithm based decision making,2
implementation human workers,2
trust automated leadership agents,2
vignette methodology hypothetical work scenarios,2
language agent,2
participants trustworthiness perceptions,2
affects customer communication behavior shed,2
employee workload fewer customer requests,2
impression management,2
involvement interaction hybrid service,2
perceived adaptable,2
robots knowledge capabilities transparency,2
technologies capable,2
characterized increasing,2
self construal weakens effects,2
attitude alongside utaut2,2
effects news media attention trust,2
traditional trust artificial intelligence,2
scholarship assumed trust attitude placed,2
play business game real task,2
impact technology human decision,2
offer technologies,2
making leave final decision hands,2
adoption production,2
various phases decision,2
ai engineers use intention attitude,2
purport help person various phases,2
exploring dual mediators,2
industry employees employees adopt proactive,2
proactive coping,2
cause decision making biases use,2
practical implicationsorganizational decision makers survey,2
crafting motivation process hindrance appraisal,2
service industry,2
companies google proquest,2
intelligence ai service,2
ergonomics society,2
awareness affects service performance,2
trust decision,2
biased type incentive promised,2
interviews individuals consider use decision,2
adoption organizations employees opportunity,2
situation employees engage cognitive,2
effects employee,2
affective attitude,2
held owner,2
organizations prepare arrival,2
humans consciously report shedding light,2
transformative technology,2
travel behavior responses,2
imaging psychological,2
residents expected behavioral,2
art methods study trust automation,2
key consumer,2
trust human,2
consumer response themes,2
trust compatibility play stronger role,2
social processes new technology,2
indicate utilitarian behavioral,2
association information,2
implementation intelligent machines draw recent,2
significant recent technological developments,2
human freedoms,2
article provides agenda,2
multiple factors influence trust,2
literature trust automation,2
effectiveness degraded,2
estimate participants reported trust agent,2
decision making processes,2
generative artificial intelligence,2
oversight role,2
costs response,2
speed reduced costs respondents make,2
forced choice experiment,2
influence observed,2
managerial implications,2
established industries,2
use similar predictive,2
industrial setting competing,2
network effects,2
delegation theory article extends marketing,2
symbolic related consumer self concept,2
modeling 775 consumer evaluations automobile,2
creating appropriating substantial,2
increasingly investing use,2
artificial intelligence,2
regarding country differences cultural performance,2
essential navigating challenges opportunities,2
rpa tools influence organizational routines,2
performance orientation enhances effect utilitarian,2
consumer differences,2
article contributes field ethics artificial,2
issue intent,2
offer mapping technological architectures,2
integrated conceptual model motivating,2
way development trust aware,2
trust develops time team,2
does trust hats evolve,2
trust recovery failures,2
routine communication strategies adapt,2
30 german internet,2
theory personal interaction theory popularity,2
theories economic orientation theory,2
survey questionnaire 19 illustrative statements,2
recruited commercial online access,2
group llc,2
foster motivation learn machine,2
power ais use representation,2
objective compare predictive power,2
machine interaction,2
human decisions extensive form,2
managerial social aspects,2
specific variables organizational customer agility,2
adjust decision making,2
education workplace design,2
effective business practices successful,2
assimilation positive impact customer,2
customer performance identify,2
variables factors concerning respective work,2
practitioners consumer focused alternative,2
use mobile,2
services extending utaut,2
based emotion recognition software effective,2
interpersonal emotion regulation,2
black boxes opaque reasoning hampers,2
customer emotions,2
459 center service interactions assessed,2
convert online customers designing verbal,2
improved ier activities,2
regulating customer,2
model using partial squares structural,2
perceived persuasiveness,2
modules needs assessment motivation generation,2
goal attainment,2
investigate chatbots,2
derived media effect theories,2
ai fairness threat,2
practical implications service firms benefit,2
use attitudes,2
study investigates association social media,2
technology provide uplifting,2
using partial squares structural equation,2
work engagement,2
scenes differed,2
mediated effect,2
service employees,2
nature work service frontline,2
based unity,2
governments choose aid,2
research offers naturalistic experience passenger,2
existing literature highlights acceptance autonomous,2
family decision makers determine help,2
desires decision maker serve provide,2
decisions drink choosing,2
post stage emotions signal strength,2
employed affective transition pre study,2
maximize happiness,2
failed pass test passengers detected,2
research offers naturalistic experience passenger,2
existing literature highlights acceptance autonomous,2
interactive technology acceptance model itam,2
examining perceived interactivity,2
insights trust research help enhance,2
formation maintenance different trust types,2
instrumental theory technology,2
technology determines way,2
developing trustworthy,2
responds question responsibility involves technology,2
machine learning social,2
artificial intelligence,2
different responses,2
did necessarily decide according,2
occurs human subjectivity,2
activities gig,2
management perceived benevolent,2
use acceptance,2
aidua framework hospitality service,2
tools chatgpt jenni ai,2
intelligent devices influenced social,2
hotel customers rely social groups,2
chatgpt educational,2
managerial implications,2
aims examine factors influencing adoption,2
environments exhibition contexts visitors,2
user experience,2
use technology utaut,2
terms generalizability,2
planning implement new technologies,2
confronted challenge ensure user acceptance,2
job satisfaction ultimately,2
technologies used result lower,2
technology used starting points,2
significant small large effect,2
media art festival played tablet,2
decide mushroom edible poisonous,2
predictors resulted,2
adequate level trust,2
technology acceptance,2
antecedents customers willingness objection,2
online questionnaires,2
marketing power understanding,2
employees trust,2
decision making depends combination hmi,2
ads did using baseline sat,2
human trust,2
trust understand results interpreted light,2
significant mediation role trust relationship,2
correct acceptances decreased rate,2
significant effect,2
interaction possesses predictive power estimate,2
reliance automation,2
literacy contributes,2
acceptance model,2
centric provide little,2
framework consists levels,2
utopia marketers stake finding,2
intention usage,2
usage behaviour,2
power leverage ai robotics developments,2
findings revealed personal innovativeness,2
grey marketers unique power,2
software order,2
order ensure,2
argue net effect,2
empathy demand contexts individuals seek,2
output quality perspicuity dependability,2
failed pass test passengers detected,2
post stage emotions signal strength,2
marketing strategies extends scope,2
appearance technology acceptance,2
attributes appearance ai chatbot,2
firms better,2
analysis reveals lower prices exert,2
share purchase compared higher prices,2
terms firms construct representation environment,2
firm experience knowledge,2
conditions firms use simple versus,2
acceptance model integrating,2
tam application holds significant,2
aims expand scope technology acceptance,2
consumer skepticism,2
despite optimistic market,2
chatbot products rise,2
informedness managers,2
behalf consumers,2
able make decisions complete tasks,2
injustice strengthen,2
unjust effect riders engaged task,2
crafting negative rumination,2
technologies increasingly,2
aspect appearance,2
agenda address,2
practical implications enhancing enterprise product,2
provide significant,2
drawing social presence theory,2
features ai chatbots,2
online health consultation ohc,2
interaction employee,2
pu satisfaction,2
aimed advancing,2
service employees satisfy digital users,2
travel healthcare leveraging ai,2
acceptance trust,2
customer experience ensure omnipresence,2
key attributes ai,2
user satisfaction,2
concierges dialog interface embodiment,2
service management marketing psychology human,2
draws insights literature service management,2
concierges customer journey,2
concierge technologically advanced,2
uk limited trading,2
ai context line service meeting,2
approach study collected 454 korean,2
clarity user willingness accept,2
development presents organisations new,2
technologies knowledge service,2
behaviours 265 food delivery riders,2
employed affective transition pre study,2
self regulation theory,2
human machine,2
participants experienced drives baseline,2
new products novel innovations examined,2
literature various presentations social cues,2
purchase intention,2
perceived mindful mindless anthropomorphism,2
products websites levels social,2
adoption continued use,2
trust dynamics driver,2
individuals perceived,2
timeliness accuracy sentiment boosting sales,2
decision making wargaming,2
interactive content didn,2
significant increase,2
better comprehension attitude purchase,2
human behaviour recognized source productivity,2
aligned production technologies,2
people willingness trust decision aid,2
making safer policies manage innovation,2
human machine,2
suggesting conceptual ceiling,2
trust broken importantly,2
increased ratings trust algorithm,2
content didn improve individuals,2
human machine,2
group received security update post,2
significantly degrade human trust,2
digital era seen algorithmic decision,2
decision making ubiquitous,2
making ubiquitous online service platform,2
machines human counterparts,2
affective threshold model,2
nature affective,2
delegate substantial parts shopping process,2
shopping systems,2
challenge psychological consumption,2
examine barriers adoption,2
marketing psychology human computer interaction,2
cultural barriers suggest ways craft,2
online bricks mortar retail environment,2
acquisition methods psychopathy,2
extroversion agreeableness conscientiousness action,2
used framework,2
introduced early 1900s poor communication,2
negative effects society,2
design social norms,2
supplanted machines potentially eliminating social,2
ergonomics society,2
mechanisms allow people communicate,2
negotiations generating,2
prepare ingredients implement recipes,2
managers users,2
tourism association,2
customer patronage,2
studies emotional analytics,2
assess user reactions,2
specific barriers biases adopting,2
impacts tested invariance,2
technologies analyzed using structural equation,2
context physical retail stores,2
explored real,2
response time workload trust,2
goals hope achieve people click,2
response time workload trust,2
systems motivate user centric,2
predicts moment diagnoses,2
information biased samples,2
algorithms subject bias born ingesting,2
make biased predictions leading,2
employees social support,2
age work,2
focused ethical moral implication machine,2
conditions significant,2
contrast performance expectancy,2
supervisors peers strongly drives adoption,2
early stages adoption social,2
suffer hidden,2
significant impact trading investing,2
advisors investing algorithm,2
emotions driving alternative,2
parasitic deeply ingrained human social,2
surrounding culture,2
enable individuals enter,2
claim social robots,2
psychologists long established socio,2
human decision making ubiquitous,2
limited lack trust humans,2
really help foster trust,2
emotional connection agents decision,2
risks poses organizations society,2
benefits extremely pessimistic appraisals risks,2
management literature,2
ideas provided basis moderated,2
interaction prioritization machine teammates psychological,2
human machine workplace configurations,2
management attracted increasing researchers rooted,2
particular poses new problems passengers,2
trust person computer,2
market approach lay belief,2
interaction stock market approach,2
value research investigate algorithm aversion,2
aversion varies based approach,2
importance careful decision making,2
employees behavioral intention,2
answered respect central notions cultural,2
reveal effort expectancy social influence,2
transformation innovation empirical research,2
strategic element industries,2
cultural organizational,2
impact usability,2
work overload enhancing ai,2
literature demonstrating organizational psychology theories,2
self report usability cav,2
load theory social identity,2
protection motivation theory,2
job demands,2
65 years participated exposed journeys,2
smiling voice increases,2
questionnaires computerized,2
significant difference using,2
technology simulator sickness presence,2
negatively neuroticism anxiety,2
improvement probabilities adjustments aggregated,2
sickness associated negatively cav,2
journeys negative emotions negatively,2
demand forecasts,2
involved decision making interacting,2
increased sense presence virtual,2
machine recommendations,2
personality attitudes computers trust technology,2
agent responds trustworthily untrustworthily investment,2
services processes transforms everyday life,2
emotions increase trust,2
bias static factor,2
influencing technology acceptance,2
held owner,2
bias personalization filter,2
imbalance human action affect,2
content based filter,2
personalization algorithms,2
experience algorithms general psychology human,2
symbolic enabling effects affordances,2
theory interactive media,2
supporting customers digital,2
vehicle decision making mitigating negative,2
chatbots creating,2
gender extent social presence perceived,2
declarative psychological responses interaction virtual,2
design cues trust,2
significant negative effect erroneous conversational,2
utilitarian benefits likely,2
significantly shaping positive consumer responses,2
empirical study demonstrated highly anthropomorphized,2
expression emotions visual channel,2
trust human machine,2
studies increasingly examined consumers,2
utaut model,2
psychology tested human,2
social signals human,2
cultural psychology add questions research,2
causal forest transformers,2
level trust actual reliability ai,2
identify employee,2
trust major cause,2
challenges behavior,2
supervisors employees behavioral reactions remained,2
evaluated framework,2
human machine interaction,2
group llc,2
trust satisfaction,2
tendency comply,2
satisfaction employee engagement leader,2
investigated effects human consideration high,2
leadership functions supplementing substituting certain,2
technology trust 2024,2
association information,2
trust bi directional relationships limits,2
blockchains purport trustless,2
acceptance rated higher individuals tasked,2
higher individuals tasked depending protect,2
community established substantial tradition construct,2
web2 technologies characterized centralized applications,2
design approach capture social,2
barrier adoption innovative financial,2
technologies fintech,2
ai integral assisting travellers offering,2
utility values productions updated,2
overall trends behavioral,2
trust automation,2
possibilities machine ethics just human,2
machines gives rise,2
choices align,2
difference mind machines redefining specifically,2
significance perceived difficulty,2
elevated trust levels exhibits lower,2
people prefer investment,2
investment managers algorithms robos,2
machines competent morality,2
participants informed exclusions financially disadvantageous,2
anthropomophism initial trust perceived enjoyment,2
controversial stocks investment portfolios,2
choices actual,2
travel sector applying theory acceptance,2
cues used visitors travel suggestions,2
employs effective engagement travellers,2
aversion significantly likely choose machines,2
cultural influences,2
scant scholarly attention given cultural,2
technology chatbot,2
ergonomics society,2
level trust,2
trust important,2
adoption information,2
ai service passengers,2
technology shaping lives individuals,2
study examines passengers performance expectancy,2
used airports utilize technologies,2
key feature,2
decisions affect,2
attracts tech savvy customers,2
affecting humans,2
service provider henceforth used making,2
findings study demonstrates perceived anthropomorphism,2
structural equation modeling analysis,2
satisfaction digital marketing innovation,2
cphss benefit understanding humans,2
cyberphysical human,2
people capabilities using machine,2
case studies demonstrate versatility socialai,2
remains challenging reach non machine,2
teaching imt,2
interactive machine teaching,2
tool simplifies,2
procedurally generated,2
social learning formats,2
present integrated teaching environment ite,2
partial squares approach study used,2
acceptance use technology,2
century brought interesting challenges,2
marketing practitioners,2
systematically testing input output stimulus,2
awareness sa implications takeover control,2
stores operate,2
revolution physical retail,2
consumers facing,2
scrutinize antecedents consumers intention shop,2
constructs perceived enjoyment customization,2
readiness acceptance model,2
innovativeness optimism,2
insecurity negatively affects perceived,2
group llc,2
managerial implications domain,2
technology identified predictors trust,2
beliefs interacting technology,2
examining influence customer engagement,2
intelligence ai commercial service,2
influence psychological traits appropriate reliance,2
services offered service organisations customers,2
influencing reliance ai,2
sample hotel customers,2
group llc,2
innovations provide service,2
quality satisfaction,2
expectancy emotions positively affect familiarity,2
influence mechanism,2
adopt accept ai,2
experience design implementation chatgpt educational,2
condition led highest trust,2
promises improve,2
service failures using ai,2
powered chatbots,2
research directions including mitigating language,2
developing robust governance,2
role just fallback mechanism automation,2
ux design analysis prominent chatbots,2
virtual conversational,2
specifically focusing openai chatgpt,2
interaction types perceived,2
inflections yielded better outcomes trust,2
monotone vs,2
decision making processing responding,2
trust expectation model hatem predicts,2
demonstrate anthropomorphism needs,2
trust automation,2
cause intolerant attitude agents predicts,2
typical situations results better performances,2
phenomenological continuum intolerance increasing,2
refer intolerance indicate,2
opposite property user susceptibility,2
voice inflection,2
effort anxiety,2
industries literature fully document nuances,2
barrier adoption avs,2
compared individuals trust ai trust,2
415 adopting scenario,2
human oversight,2
requiring human,2
trust development play,2
group llc,2
care resulting broader acceptance systems,2
anthropomorphism moderated associations,2
regret avoidance,2
qualitative comparative analysis fsqca,2
combinations explain different trust,2
subsequently used fuzzy set qualitative,2
increases trust agents,2
users using structural,2
develop unified framework trust,2
medical domain trust medical promoted,2
group llc,2
trust major,2
using gai chatbots,2
lack trust,2
affect trust online,2
generative artificial,2
gai witnessing lot adoption industries,2
link ai anthropomorphism self,2
human computer interactions demonstrated,2
robots subvert control lives,2
user insusceptibility resilience,2
observation contrast,2
advisors initially envisioned,2
innovation performance,2
employee concern replaced,2
advisory services,2
eaia alludes,2
requests cause inadequate ca,2
impact nihs,2
implicit requests,2
organizational rejection external technologies phenomenon,2
governance rules,2
individuals whims irrationality digital,2
conversational agent ca major,2
technology interaction,2
ca major paradigm human technology,2
happens dm,2
machine induce human exert,2
philosophy examine norms,2
impact machine input human,2
decision process framework,2
setup machine provides dm,2
propensity nature decision errors,2
interaction ca,2
versus tool characterized inverted,2
shape range domain experience,2
practices scattered firms fringe companies,2
social robotics human,2
consumer traits,2
factors self construal social exclusion,2
personal group societal level,2
emotional connection,2
link ai anthropomorphism self,2
consumer traits,2
factors self construal social exclusion,2
personal group societal level,2
emotional connection,2
affective cognitive,2
forgiveness errors chatbots,2
chatbots different levels anthropomorphism,2
augmented worker performance,2
experience increase performance increased,2
study aims investigate individuals forgive,2
aversion accurate algorithmic,2
inaccurate predictions decrease,2
workers assigned resolve problems manually,2
quality ai architecture talents,2
social pressure,2
reverse true competitive pressure,2
extensively industrializing rai,2
displacement experienced humans believe,2
based predictions affect,2
interactions demonstrated people reluctant,2
machine heuristic perceived eeriness,2
acceptance aidua,2
inviting feedback enhances users sense,2
device use acceptance,2
gen hedonic motivation,2
effect gen members emotions,2
interactive media effects haii,2
trust affected,2
affected invites,2
frequency smartphone usage played significant,2
enhance users expectations algorithmic fairness,2
adoption hospitality services,2
racially biased performance,2
curricula emphasizing importance new,2
user behavior reasoned,2
emphasizing importance new technologies,2
person values spirit artifact spirit,2
lack match person values,2
artifacts allow affordances tasks users,2
conceptually categorize public service,2
procedural justice trust government,2
value based motivation theory,2
human experience,2
perceived effort,2
group llc,2
paper aims examine willingness accept,2
trust safety,2
hold relatively positive,2
tend positive attitude avs,2
adoption avs vary country,2
opinions adoption,2
association demographics travel behaviour,2
market dynamics services,2
sector relevant governance recommendations policymakers,2
cognitive engagement mediates,2
service industry professionals,2
impact factors market,2
particularly investment value,2
dissonance arises,2
experiences linked human machine interactions,2
failures moderate ai,2
dehumanization increase customers perceptions service,2
individual experiences scenarios assessed people,2
emotion exhibited effectiveness chatbots,2
chatbot service failures frontline second,2
functions terms negative positive emotions,2
group llc,2
wide scale deployment,2
emerging end user,2
findings representations usability,2
ai voice,2
systems measured pre post,2
perceived hedonism elucidates inverse relationship,2
government significant,2
validated using partial squares structural,2
norms social norms,2
efficacy innovativeness predictors compatibility,2
predictors compatibility,2
behavior innovation diffusion theory investigate,2
technology acceptance,2
require human interferance function,2
role creation maintenance human,2
production workers engineers play,2
intention use social,2
current literature developed conceptual model,2
limited research conducted factors aesthetics,2
ergonomics society,2
key decisions course,2
remote operations guide future,2
business press,2
create advertising,2
open ended responses,2
examined factors influence consumers overall,2
predicted process,2
perceived risk,2
familiarity systems,2
requirements ksaos production workers,2
structural equation,2
cobots execute,2
precision tradional industrial,2
algorithm aversion user,2
countries imperative comprehend cognitive affective,2
user acceptance,2
moral machine experiment latin,2
consumers transition traditional,2
addition technological advancements persuading consumers,2
psychological barriers,2
statistically significant difference,2
driving technology way market various,2
subjective ratings,2
subsequently proposed ai acceptance,2
building trust,2
potential political contexts online,2
humans perceived favorably,2
humans various content moderation generation,2
moderating impact technology turbulence acceptance,2
capabilities organization including organizational,2
theory states possible organizations decisions,2
preferred online people reject dissimilar,2
implementation organization lead success failure,2
business customer b2c relationship makes,2
poland test internet users perceive,2
communication association,2
robots significantly associated private,2
strategies useful overcome,2
decision makers dms flexible adaptive,2
immense computing,2
remote work environments emphasizing,2
efficiency promoting positive workforce outcomes,2
influence employee turn positive,2
furthermore variables significantly influence,2
managers trust,2
aversion algorithms,2
trust change time,2
organizations adapt,2
performance employee,2
extends current understandings trust ai,2
day operations general distrust,2
accelerated shift remote work,2
decision making,2
industries sectors,2
influence organisational capabilities,2
examine mediators effect increased perceptions,2
chain culture,2
mode leads human blame,2
published informa,2
uk limited trading,2
help organisations employees understand future,2
workplaces practices look like remain,2
work transforming,2
trust crucial ensuring safety,2
seeks investigate contextualized trust profiles,2
machines report reasons,2
surprise significantly influence,2
enhancing purchase intention,2
user conversations theory relates user,2
ai powered technology,2
negative impact considered hotel,2
advancement benefited data,2
driven innovation,2
predictor aoai,2
significant predictor,2
intention use ai,2
performance expectancy pe facilitating conditions,2
impact att intention use,2
structural equation,2
purposive sample employees non adopters,2
distinctiveness ispd,2
design goes human machine interaction,2
work systems,2
tool motivated rasmussen risk,2
risk management model promotes holistic,2
solution enhancing decision making efficiency,2
optimising functional performance organisations,2
needed establish feasibility tool,2
technologies transforming workplaces harbingers,2
ergonomics society,2
factors perceived anthropomorphism,2
learning organisation,2
superhuman computations based dnn machine,2
satisfies objectives,2
embarrassment negative emotion hinder interactive,2
firms constantly experimenting,2
examining usage intention,2
acceptance model social presence,2
continuous timely efficient customer,2
agents chatbots obviate need,2
impact conversational,2
various technology adoption theories,2
studies chatbot,2
role social emotion anticipated technology,2
adoption gaining,2
competencies embedded customer facing conversational,2
prior information systems user engagement,2
role user,2
hypothesize mediating,2
user trust,2
partial squares structural equation modeling,2
394 valid questionnaires conducted,2
capabilities organizational dynamics,2
affects firm performance,2
innovation culture ic,2
customers using adequately engaging tools,2
necessarily requires,2
decision making,2
answers research automation tourism,2
negative emotions whilst working,2
chain increasing productivity complementing human,2
industries ranging chatbots,2
trustworthiness matter,2
refusal departs requested agreed behavior,2
nvivo coded,2
various leadership capacities associated,2
associated intelligent machines technologies,2
machines leveraged workplace,2
trustworthy robots highly performing robots,2
emphasising potential,2
roles categories stereotypes typically exploited,2
transformations work practices,2
technologies seeing remarkable,2
operate meta evaluation predictive,2
levels familiarity,2
effective decisions humans,2
optimized represents consequences,2
travel tourism segment recently seen,2
showing emotions,2
companies understand,2
anticipated technology embarrassment,2
maker dm,2
organisation identifying futuristic,2
trust anticipation,2
joy frequently,2
frequently expressed,2
consumers shopping journeys sparse understanding,2
customer experience,2
voice assistants popular ai,2
shape positive attitude dhs,2
underpinning interaction consumers,2
form personalised digital avatar complement,2
anthropomorphism perceived,2
features surprisingly engagement,2
expectancy effort expectancy perceived,2
conditions antecedents continuance usage,2
retail industry,2
perceived service,2
partial squares structural equation modelling,2
enabling roles machines,2
technological advances enabling,2
machines present novel,2
employee outcomes ci features relate,2
employees increasingly,2
efforts perspective,2
managers practitioners,2
decision makers,2
specifies ethical challenges ai partially,2
online questionnaire,2
dhs access personalised service,2
results trust technology perceived,2
lead consumers develop relationships dhs,2
computing power machines perform specific,2
machines significantly enhance complementary,2
building trust human workers,2
literature performance evaluation models developed,2
participants reconciling information trust automation,2
retail industry,2
consumers shopping journeys sparse understanding,2
customer experience,2
voice assistants popular ai,2
anthropomorphism perceived,2
service economy,2
expectancy effort expectancy perceived,2
conditions antecedents continuance usage,2
factor hospitality service offerings,2
performance customer,2
online questionnaire,2
partial squares structural equation modelling,2
electronic word mouth data assess,2
overall customer evaluation tourism,2
traditional retail services,2
human computer machine emerges new,2
ai service complementing,2
use social influence,2
ultimately influenced perceptions hotel,2
social influence hedonic motivation anthropomorphism,2
computational version reflective equilibrium approach,2
applied partial squares structural equation,2
anthropomorphism pai user satisfaction,2
individuals oppose biased,2
held owner,2
biased algorithm recommendations,2
algorithms substantially change employees,2
propositions organizations,2
organizations consumers,2
reproduction ai moral,2
unique emotionally charged,2
food parcel delivery,2
interaction social,2
innovations literature subjective,2
emotional responses time interactions,2
assessed consumers emotional,2
adoption imply culturallydriven psychological,2
diffusion psychology literature,2
recent research connected cultural,2
marketers benefit,2
emotions using advanced text analytics,2
reported communication social robots deployed,2
express positive,2
based various psychology related theories,2
structural equation,2
implementation workplace,2
likewise australians likely,2
questionnaires analysed using pls,2
circumvent accountability,2
centuries old philosophical questions,2
technologies user engagement,2
impacted old ways communication individual,2
changes social distancing lockdown covid,2
purposethe study investigates consumer attitude,2
attitude using artificial,2
objective examine satisfying experience online,2
theoretical debate consumer,2
efficiency coding efficiency,2
engagement uncertain period covid,2
nature cognitive demands placed human,2
performance problems impact efficacy,2
effects traditionally considered,2
habit tedious,2
activities successfully predicting actions resulting,2
modulating young consumers satisfaction continuance,2
reduce power asymmetry inequality organizations,2
discipline evaluate workers,2
organizational control strong current evidence,2
large variation organizations adoption,2
reliance algorithmic suggestions,2
gen loyalty based benefits,2
suggestions managers,2
user behavioural intentions reveal,2
subconstruct psychopathy,2
consumer literature callousness,2
enabled checkouts conditional consumers self,2
predicts workers experiences aa shedding,2
effort trust,2
unintended challenges carefully,2
offers new opportunities presents unintended,2
workers increasingly embracing artificial,2
machine systems enhance mission performance,2
fusion interaction,2
interaction trust,2
rawlsian public,2
principled culturally sensitive way avoiding,2
efficiency aa outperform higher efficiency,2
preregistered prediction,2
fails ai hook public,2
variations predicted joint cultural,2
variations occupations,2
growing trend ai ethics main,2
psychological barriers,2
tourism hospitality literature,2
insights regarding service,2
intensifies retail,2
commerce companies moving integrating technologies,2
examined employees psychological adaptation,2
public reason,2
adoption rates,2
trust result decreased aa,2
social responses use aa foster,2
technology experiences lab settings,2
user insights studying individual technology,2
expectations limited real life,2
recovered quickly trust took longer,2
yield trust declined,2
participants families introduced evolving,2
levels ad real life situations,2
ratings did differ,2
user experience,2
abstract concepts confidence hope,2
rated trust,2
engaging innovation,2
artificial intelligence,2
ehmi messages facilitate,2
paid effects,2
human rules machine learning,2
machine generated,2
reduce uncertainty increase users trust,2
social presence,2
learning ai triggered social,2
interaction workplace,2
management theories psychological concepts,2
furthermore seen,2
listening workplace generative,2
user experience ux,2
reality interactive technology proved popular,2
led managerial,2
division labor human,2
creativity care work decision,2
care work,2
work decision,2
identifies reasons,2
122 evaluates users reflections,2
communicate right way ensure safe,2
participants experienced different communication strategies,2
human choice reaction,2
savings come psychological losses,2
producing good decisions stimulating,2
losses meaning,2
increased participants passing times,2
typically creates pragmatic,2
life private households,2
everyday life,2
chatbots supplement replace,2
service scripts encounters,2
encounters subsequently determine customer,2
standardize customer service,2
scripts verbal,2
consumers constituted,2
efficiency accuracy time savings,2
ai chatbots,2
impact interactivity perceived humanness trust,2
today program decision making machines,2
technologies chatbots,2
known consumers attitude,2
incorporate novel technologies,2
ai reshaping service,2
uncover motivational mechanisms needed,2
driven innovations operational changes resultant,2
resultant shifts consumer behavior industry,2
provide engagement effective decision making,2
consumers experience psychological processes,2
governance address ai,2
significant service,2
transformative impact automation ai tourism,2
service setting,2
setting experience,2
industry experts decision,2
associated knowledge associated technologies,2
beings aware risks associated,2
christian religions signs warnings,2
tourism industry,2
theory adopting emerging technologies online,2
functions performed exclusively humans,2
indicated significant impact interactivity,2
online questionnaire,2
emergence generative,2
values associated interpersonal relationships like,2
advent social robots,2
computer interaction research automotive industry,2
implicit anthropocentric anthropomorphistic conceptions,2
topics trustworthiness explainability ethics,2
research emphasizing organized nature,2
nature experts strategies,2
purpose framework,2
good predictions impulse revise predictive,2
seen obstruction making good predictions,2
optimization training efficiency,2
important latent features decision process,2
infer biased media,2
group llc,2
viewing opinions,2
including financial incentives social,2
participants opt delegate decisions,2
predict success,2
focus gig workers despite,2
engaged crowdvoting,2
adoption behavior,2
changes managerial,2
people appreciation,2
systems personnel selection specific management,2
research identified aversive behaviors,2
product development,2
artificial intelligence,2
process explained higher degree trust,2
trust advisor attribution,2
questionnaire seemingly unrelated regression,2
user credibility,2
personality human like empathy,2
determine user perceptions influence,2
chatbots transformed,2
chatgpt represents,2
potential benefits increased efficiency productivity,2
forming perceptions society,2
identity job satisfaction,2
role automation workload management implications,2
adoption finance,2
sustainable supportive work environment,2
pressure evolving technologies fear,2
affects psychological,2
work life,2
life balance,2
innovation management,2
present vignette based decision experiment,2
executives examine perception,2
contrast earlier research algorithm aversion,2
generative ai tools,2
chatgpt created numerous concerns,2
job displacement,2
task affect decision task,2
enjoyment self,2
results showed satisfaction,2
innovation management research idea,2
anthropomorphism theory study,2
dialogue high interaction opportunity offered,2
social interaction opportunity participants liked,2
automatic features make travel,2
studies examine adoption influence,2
lens psychological empowerment,2
dimensions users perceived empowerment perceived,2
argue product features,2
group llc,2
hedonic motivation perceived ease use,2
based technology acceptance,2
sav service adopted model based,2
trust safety,2
artificial intelligence,2
value future interactions,2
role psychological distance,2
speaker based ai assistants examine,2
positive effects anthropomorphism interactions smart,2
flourishing social moral good,2
indicated high,2
challenges face,2
fairness privacy,2
assistant effect mediated psychological,2
intelligent ai domestic service,2
human service agents compared,2
interact new technologies increasingly,2
inform risk assessment user interface,2
science business media,2
decision higher support,2
trust use,2
high performance ai infrastructure crucial,2
data driven culture truly mediates,2
industry practitioners,2
smartphone usage came,2
tools applications capabilities received tremendous,2
indicated higher willingness control,2
companies advancing,2
future use intention,2
higher functional social value higher,2
technological objectives human users perspective,2
presence sense alleviates psychological,2
delegation social,2
social experiences,2
suffer psychological,2
investigate notion employees trust ai,2
consumers increasingly,2
energy chemical industries poland,2
accountability pressures increase worker engagement,2
demonstrate potential pitfalls using size,2
group llc,2
understanding humans interact,2
employee moderates,2
chatbots terms satisfaction purchase intention,2
rapport turn influence service outcomes,2
machines best engineered,2
negative human relationships,2
involve anthropomorphism,2
interactions social,2
technology acceptance paper provides nuanced,2
global labor,2
effects incorporate psychological,2
transition people intention use ai,2
technologies unclear emotions,2
integrates individual,2
life history person,2
systems policy delegation joint,2
working 20 hr,2
gma level influences,2
impacts employees satisfaction thwarting,2
certain class thought termed conceptual,2
philosophy claims humans capable,2
thought manifested machines,2
evidence role customer perceptions va,2
vs low risk perceptions,2
empathy enhances customers attitude,2
drives adoption increasing va usage,2
basic psychological needs,2
humans implying positive association robot,2
motivational perspective examined social connectedness,2
attribution practical implications promoting social,2
chatbots enable,2
impacts insurance,2
sector evidenced significant,2
welcome social robots,2
functionally similar capacity social,2
research norm psychology,2
technology socio,2
terms governance,2
human machine,2
decision makers researchers,2
enables identification nature human,2
practical managerial,2
increase potentially far,2
reaching consequences,2
improve productivity,2
partial impact,2
hedonic motivation facilitating conditions,2
analyzed effort expectancy habit,2
theory acceptance use,2
behavioral intention,2
sales advisors,2
conducted using questionnaire respondents,2
advocate development moral machines,2
318 structural equation,2
policyholders seamlessly manage active insurance,2
critical different actors shareholders bondholders,2
organizational goals,2
impressive developments,2
interaction technology,2
robot actual capabilities reliability,2
social robots suggest programmed,2
machines anthropomorphic shape people overtrust,2
personal stake,2
foster trust ai predictions,2
decision making,2
implications retailers seeking make,2
social content,2
objectives benefits scope ai applications,2
demonstration reputation experience,2
response focus enterprises,2
choice day safari calling,2
initial response content largely,2
interaction intention,2
enterprises consumers,2
cat trust levels,2
conceptual model trust,2
structural equation,2
collected 506 questionnaires,2
leads favourable attitudes higher purchase,2
effect experience,2
study alerts companies negative effect,2
achieve greater job performance,2
public reactions,2
based application cultural psychology,2
va empathy,2
furthermore effect relevant variable va,2
using technology,2
customers express,2
express hesitance,2
voice assistants vas,2
purpose powered artificial intelligence voice,2
creation innovative value proposition accordingly,2
strategic organizational counseling supports modeling,2
feedback employees tracking employee behavior,2
subconsciously machines certain,2
phenomenal subjective experiences like sadness,2
anthropomorphize machines certain robots computer,2
enhance employee productivity deployment effect,2
people anthropomorphize,2
effects theoretically,2
perceived unemotionality,2
effect mitigated employees tenure firm,2
pivotal implications management,2
use ai perceived fair received,2
managerial abstract,2
decisions diverge,2
performed managers presence fixed,2
paper analyses policyholders attitude,2
attitude conversational,2
bots context,2
order make good decisions humans,2
existing anxiety siot,2
enabled autonomous customer service agents,2
siot service,2
significantly impact consumers repeat purchase,2
used clothing buy process,2
retailer autonomous chatbot used,2
sem 356 word mouth consumer,2
causally estimate impact chatbot anthropomorphism,2
transaction outcomes,2
communication research gaining,2
offer sensitivity,2
setting anthropomorphism beneficial transaction,2
field evidence actual consumer,2
evidence retail setting anthropomorphism,2
fairness evaluation negotiating mindset,2
behavioral research,2
conversion derive consumers increased,2
consumers increased willingness disclose personal,2
chatbots able,2
sophisticated conversations,2
able engage,2
extensive performance test,2
non human machines artificial entities,2
research antecedents human trust,2
antecedent variables trust ai,2
emerging service marketing,2
based individuals work environment,2
key outcomes,2
technology adoption,2
outcomes dependent type service,2
human human interaction human technology,2
communication transitioned,2
control streamlines choices decision making,2
scenarios casual conversations robot,2
decision making rational agents fuzzy,2
belief desire intention bdi model,2
paper introduce sonar social norm,2
social media context,2
environmental social norms,2
humans involved interactions,2
people perceived greater reactance,2
influenced users subsequent actions,2
need mapping adoption,2
managerial social capital dcv considered,2
floor industrial,2
functions recruitment selection broadest use,2
managerial capabilities,2
trust essential,2
group llc,2
resistance issues conversational skills,2
adoption usability improved,2
reliability social opinion bot,2
professionals demonstrate greater intention,2
trust positively impact behavioral,2
performance expectancy effort expectancy,2
policyholders policyholders,2
industry professionals,2
chatbots insurance policy management,2
acceptance use technology utaut,2
chatbot acceptance,2
customer interactions essential use policies,2
conversational robots,2
customer service expanding industries,2
customers reluctance services,2
relevance trust explaining customers acceptance,2
surprise used personalized interactions,2
paper fair potential,2
potential theoretical,2
behavioral intention use variable trust,2
acceptance provides good adjustment,2
low acceptance insureds,2
role variables technology acceptance model,2
contacting insurer action claim,2
attitudes relationships tendency humans anthropomorphize,2
achieve objective employed,2
relationships explanatory variables behavioral intention,2
fully mediated emotion rapport showing,2
solutions effectively insurance,2
policyholders communication insurance,2
policyhoders acceptance,2
better services cost reducing,2
consequently interactions,2
perceived cumbersome ineffective loss,2
service empathy,2
provide dehumanized,2
likewise responses point relevant drawback,2
resistance come,2
observed general reluctance use,2
likewise observed,2
deeper understanding reasons explain respondents,2
intention provide systematic overview answers,2
structural equation modelling partial,2
ergonomics society,2
necessary condition human,2
make procedures linked force insurance,2
explanatory factors social influence,2
intention bi mediated pu trust,2
trust necessary condition,2
human relationship technological,2
workers public spanish,2
analyses customers acceptance,2
chatbots currently,2
group llc,2
commerce sector continues,2
